"Sample_Timestamp","Exec_Mask","Dispatch_Id","Instruction","Instruction_Comment","Correlation_Id"
310546911581541,4294967295,2,"v_add_f32_e32 v0, v0, v2","",2
310546911581541,4294967295,2,"s_and_saveexec_b32 s2, vcc_lo","",2
310546911581541,4294967295,2,"v_add_f32_e32 v0, v0, v2","",2
310546911581541,4294967295,2,"v_add_f32_e32 v0, v0, v2","",2
310546911585701,4294967295,2,"v_add_f32_e32 v0, v0, v2","",2
310546911585701,4294967295,2,"v_add_f32_e32 v0, v0, v2","",2
310546911585741,4294967295,2,"v_add_f32_e32 v0, v0, v2","",2
310546911585741,4294967295,2,"v_add_f32_e32 v0, v0, v2","",2
310546911585741,4294967295,2,"v_add_f32_e32 v0, v0, v2","",2
310546911585741,4294967295,2,"v_add_f32_e32 v0, v0, v2","",2
310546911585781,4294967295,2,"v_add_f32_e32 v0, v0, v2","",2
310546911585781,4294967295,2,"v_add_f32_e32 v0, v0, v2","",2
310546911585701,4294967295,2,"v_add_f32_e32 v0, v0, v2","",2
310546911585701,4294967295,2,"v_add_f32_e32 v0, v0, v2","",2
310546911585741,4294967295,2,"v_add_f32_e32 v0, v0, v2","",2
310546911585741,4294967295,2,"v_add_f32_e32 v0, v0, v2","",2
310546911586741,4294967295,2,"v_add_f32_e32 v0, v0, v2","",2
310546911586781,4294967295,2,"v_add_f32_e32 v0, v0, v2","",2
310546911586781,4294967295,2,"v_add_f32_e32 v0, v0, v2","",2
310546911586781,4294967295,2,"v_add_f32_e32 v0, v0, v2","",2
310546911586821,4294967295,2,"v_add_f32_e32 v0, v0, v2","",2
310546911586821,4294967295,2,"v_add_f32_e32 v0, v0, v2","",2
310546911586821,4294967295,2,"v_add_f32_e32 v0, v0, v2","",2
310546911586821,4294967295,2,"v_add_f32_e32 v0, v0, v2","",2
310546911586821,4294967295,2,"v_add_f32_e32 v0, v0, v2","",2
310546911586861,4294967295,2,"v_add_f32_e32 v0, v0, v2","",2
310546911586861,4294967295,2,"v_add_f32_e32 v0, v0, v2","",2
310546911586741,4294967295,2,"v_add_f32_e32 v0, v0, v2","",2
310546911586781,4294967295,2,"v_add_f32_e32 v0, v0, v2","",2
310546911586821,4294967295,2,"v_add_f32_e32 v0, v0, v2","",2
310546911585701,4294967295,2,"v_add_f32_e32 v0, v0, v2","",2
310546911585701,4294967295,2,"v_add_f32_e32 v0, v0, v2","",2
310546911585741,4294967295,2,"v_add_f32_e32 v0, v0, v2","",2
310546911585741,4294967295,2,"v_add_f32_e32 v0, v0, v2","",2
310546911585741,4294967295,2,"v_add_f32_e32 v0, v0, v2","",2
310546911585781,4294967295,2,"v_add_f32_e32 v0, v0, v2","",2
310546911585781,4294967295,2,"v_add_f32_e32 v0, v0, v2","",2
310546911585781,4294967295,2,"v_add_f32_e32 v0, v0, v2","",2
310546911586781,4294967295,2,"v_add_f32_e32 v0, v0, v2","",2
310546911586781,4294967295,2,"v_add_f32_e32 v0, v0, v2","",2
310546911586781,4294967295,2,"v_add_f32_e32 v0, v0, v2","",2
310546911586821,4294967295,2,"v_add_f32_e32 v0, v0, v2","",2
310546911586861,4294967295,2,"v_add_f32_e32 v0, v0, v2","",2
310546911586861,4294967295,2,"v_add_f32_e32 v0, v0, v2","",2
310546911586901,4294967295,2,"v_add_f32_e32 v0, v0, v2","",2
310546911586901,4294967295,2,"v_add_f32_e32 v0, v0, v2","",2
310546911586901,4294967295,2,"v_add_f32_e32 v0, v0, v2","",2
310546911586781,4294967295,2,"v_add_f32_e32 v0, v0, v2","",2
310546911586941,4294967295,2,"v_add_f32_e32 v0, v0, v2","",2
310546911586941,4294967295,2,"v_add_f32_e32 v0, v0, v2","",2
310546911586821,4294967295,2,"v_add_f32_e32 v0, v0, v2","",2
310546911586781,4294967295,2,"v_add_f32_e32 v0, v0, v2","",2
310546911586861,4294967295,2,"v_add_f32_e32 v0, v0, v2","",2
310546911586861,4294967295,2,"v_add_f32_e32 v0, v0, v2","",2
310546911586781,4294967295,2,"v_add_f32_e32 v0, v0, v2","",2
310546911586821,4294967295,2,"v_add_f32_e32 v0, v0, v2","",2
310546911586781,4294967295,2,"v_add_f32_e32 v0, v0, v2","",2
310546911586821,4294967295,2,"v_add_f32_e32 v0, v0, v2","",2
310546911586741,4294967295,2,"v_add_f32_e32 v0, v0, v2","",2
310546911586781,4294967295,2,"v_add_f32_e32 v0, v0, v2","",2
310546911586821,4294967295,2,"v_add_f32_e32 v0, v0, v2","",2
310546911586821,4294967295,2,"v_add_f32_e32 v0, v0, v2","",2
310546911586781,4294967295,2,"v_add_f32_e32 v0, v0, v2","",2
310546911586781,4294967295,2,"v_add_f32_e32 v0, v0, v2","",2
310546911586781,4294967295,2,"v_add_f32_e32 v0, v0, v2","",2
310546911586821,4294967295,2,"v_add_f32_e32 v0, v0, v2","",2
310546911586821,4294967295,2,"v_add_f32_e32 v0, v0, v2","",2
310546911586821,4294967295,2,"v_add_f32_e32 v0, v0, v2","",2
310546911586861,4294967295,2,"v_add_f32_e32 v0, v0, v2","",2
310546911586861,4294967295,2,"v_add_f32_e32 v0, v0, v2","",2
310546911586821,4294967295,2,"v_add_f32_e32 v0, v0, v2","",2
310546911586821,4294967295,2,"v_add_f32_e32 v0, v0, v2","",2
310546911586821,4294967295,2,"v_add_f32_e32 v0, v0, v2","",2
310546911586861,4294967295,2,"v_add_f32_e32 v0, v0, v2","",2
310546911586781,4294967295,2,"v_add_f32_e32 v0, v0, v2","",2
310546911586781,4294967295,2,"v_add_f32_e32 v0, v0, v2","",2
310546911586821,4294967295,2,"v_add_f32_e32 v0, v0, v2","",2
310546911586821,4294967295,2,"v_add_f32_e32 v0, v0, v2","",2
310546911586861,4294967295,2,"v_add_f32_e32 v0, v0, v2","",2
310546911586861,4294967295,2,"v_add_f32_e32 v0, v0, v2","",2
310546911586821,4294967295,2,"v_add_f32_e32 v0, v0, v2","",2
310546911586821,4294967295,2,"v_add_f32_e32 v0, v0, v2","",2
310546911586861,4294967295,2,"v_add_f32_e32 v0, v0, v2","",2
310546911586861,4294967295,2,"v_add_f32_e32 v0, v0, v2","",2
310546911586901,4294967295,2,"v_add_f32_e32 v0, v0, v2","",2
310546911586781,4294967295,2,"v_add_f32_e32 v0, v0, v2","",2
310546911586781,4294967295,2,"v_add_f32_e32 v0, v0, v2","",2
310546911586821,4294967295,2,"v_add_f32_e32 v0, v0, v2","",2
310546911586901,4294967295,2,"v_add_f32_e32 v0, v0, v2","",2
310546911586901,4294967295,2,"v_add_f32_e32 v0, v0, v2","",2
310546911586941,4294967295,2,"v_add_f32_e32 v0, v0, v2","",2
310546911586781,4294967295,2,"s_cbranch_execz 28","",2
310546911586781,4294967295,2,"v_add_f32_e32 v0, v0, v2","",2
310546911586781,4294967295,2,"v_add_f32_e32 v0, v0, v2","",2
310546911586821,4294967295,2,"v_add_f32_e32 v0, v0, v2","",2
310546911586861,4294967295,2,"v_add_f32_e32 v0, v0, v2","",2
310546911586861,4294967295,2,"v_add_f32_e32 v0, v0, v2","",2
310546911586901,4294967295,2,"v_add_f32_e32 v0, v0, v2","",2
310546911586901,4294967295,2,"v_add_f32_e32 v0, v0, v2","",2
310546911588221,4294967295,2,"v_add_f32_e32 v0, v0, v2","",2
310546911588221,4294967295,2,"v_add_f32_e32 v0, v0, v2","",2
310546911588221,4294967295,2,"v_add_f32_e32 v0, v0, v2","",2
310546911588261,4294967295,2,"v_add_f32_e32 v0, v0, v2","",2
310546911587901,4294967295,2,"v_add_f32_e32 v0, v0, v2","",2
310546911587941,4294967295,2,"v_add_f32_e32 v0, v0, v2","",2
310546911587941,4294967295,2,"v_add_f32_e32 v0, v0, v2","",2
310546911587941,4294967295,2,"v_add_f32_e32 v0, v0, v2","",2
310546911588381,4294967295,2,"v_add_f32_e32 v0, v0, v2","",2
310546911588381,4294967295,2,"v_add_f32_e32 v0, v0, v2","",2
310546911588421,4294967295,2,"v_add_f32_e32 v0, v0, v2","",2
310546911588421,4294967295,2,"v_add_f32_e32 v0, v0, v2","",2
310546911588781,4294967295,2,"v_add_f32_e32 v0, v0, v2","",2
310546911588821,4294967295,2,"v_add_f32_e32 v0, v0, v2","",2
310546911588821,4294967295,2,"v_add_f32_e32 v0, v0, v2","",2
310546911588821,4294967295,2,"v_add_f32_e32 v0, v0, v2","",2
310546911589261,4294967295,2,"v_add_f32_e32 v0, v0, v2","",2
310546911589301,4294967295,2,"v_add_f32_e32 v0, v0, v2","",2
310546911589301,4294967295,2,"v_add_f32_e32 v0, v0, v2","",2
310546911589301,4294967295,2,"v_add_f32_e32 v0, v0, v2","",2
310546911590101,4294967295,2,"v_add_f32_e32 v0, v0, v2","",2
310546911590101,4294967295,2,"v_add_f32_e32 v0, v0, v2","",2
310546911590141,4294967295,2,"v_add_f32_e32 v0, v0, v2","",2
310546911590141,4294967295,2,"v_add_f32_e32 v0, v0, v2","",2
310546912330868,4294967295,3,"v_add_co_u32 v0, vcc_lo, s0, v0","",3
310546912330908,4294967295,3,"v_add_co_u32 v0, vcc_lo, s0, v0","",3
310546912331348,4294967295,3,"v_add_co_u32 v0, vcc_lo, s0, v0","",3
310546912331348,4294967295,3,"v_add_co_u32 v0, vcc_lo, s0, v0","",3
310546912331348,4294967295,3,"v_add_co_u32 v0, vcc_lo, s0, v0","",3
310546912331388,4294967295,3,"v_add_co_u32 v0, vcc_lo, s0, v0","",3
310546912330908,4294967295,3,"v_add_co_u32 v0, vcc_lo, s0, v0","",3
310546912330908,4294967295,3,"v_add_co_u32 v0, vcc_lo, s0, v0","",3
310546912334428,4294967295,3,"v_add_f32_e32 v0, v0, v2","",3
310546912334428,4294967295,3,"v_add_f32_e32 v0, v0, v2","",3
310546912334428,4294967295,3,"v_add_f32_e32 v0, v0, v2","",3
310546912334468,4294967295,3,"v_add_f32_e32 v0, v0, v2","",3
310546912334428,4294967295,3,"v_add_f32_e32 v0, v0, v2","",3
310546912334428,4294967295,3,"v_add_f32_e32 v0, v0, v2","",3
310546912334428,4294967295,3,"v_add_f32_e32 v0, v0, v2","",3
310546912334428,4294967295,3,"v_add_f32_e32 v0, v0, v2","",3
310546912334868,4294967295,3,"v_add_f32_e32 v0, v0, v2","",3
310546912334868,4294967295,3,"v_add_f32_e32 v0, v0, v2","",3
310546912334908,4294967295,3,"v_add_f32_e32 v0, v0, v2","",3
310546912334908,4294967295,3,"v_add_f32_e32 v0, v0, v2","",3
310546912335428,4294967295,3,"v_add_f32_e32 v0, v0, v2","",3
310546912335428,4294967295,3,"v_add_f32_e32 v0, v0, v2","",3
310546912335428,4294967295,3,"v_add_f32_e32 v0, v0, v2","",3
310546912335428,4294967295,3,"v_add_f32_e32 v0, v0, v2","",3
310546912337708,4294967295,3,"v_add_f32_e32 v0, v0, v2","",3
310546912337708,4294967295,3,"v_add_f32_e32 v0, v0, v2","",3
310546912337708,4294967295,3,"v_add_f32_e32 v0, v0, v2","",3
310546912337708,4294967295,3,"v_add_f32_e32 v0, v0, v2","",3
310546912334868,4294967295,3,"v_add_f32_e32 v0, v0, v2","",3
310546912334868,4294967295,3,"v_add_f32_e32 v0, v0, v2","",3
310546912334908,4294967295,3,"v_add_f32_e32 v0, v0, v2","",3
310546912334908,4294967295,3,"v_add_f32_e32 v0, v0, v2","",3
310546912337308,4294967295,3,"v_add_f32_e32 v0, v0, v2","",3
310546912334428,4294967295,3,"v_add_f32_e32 v0, v0, v2","",3
310546912334428,4294967295,3,"v_add_f32_e32 v0, v0, v2","",3
310546912334428,4294967295,3,"v_add_f32_e32 v0, v0, v2","",3
310546912334468,4294967295,3,"v_add_f32_e32 v0, v0, v2","",3
310546912337348,4294967295,3,"v_add_f32_e32 v0, v0, v2","",3
310546912337348,4294967295,3,"v_add_f32_e32 v0, v0, v2","",3
310546912337348,4294967295,3,"v_add_f32_e32 v0, v0, v2","",3
310546912339668,4294967295,3,"v_add_f32_e32 v0, v0, v2","",3
310546912338468,4294967295,3,"v_add_f32_e32 v0, v0, v2","",3
310546912338508,4294967295,3,"v_add_f32_e32 v0, v0, v2","",3
310546912338508,4294967295,3,"v_add_f32_e32 v0, v0, v2","",3
310546912338508,4294967295,3,"v_add_f32_e32 v0, v0, v2","",3
310546912340108,4294967295,3,"v_add_f32_e32 v0, v0, v2","",3
310546912339708,4294967295,3,"v_add_f32_e32 v0, v0, v2","",3
310546912340148,4294967295,3,"v_add_f32_e32 v0, v0, v2","",3
310546912340148,4294967295,3,"v_add_f32_e32 v0, v0, v2","",3
310546912340108,4294967295,3,"v_add_f32_e32 v0, v0, v2","",3
310546912340148,4294967295,3,"v_add_f32_e32 v0, v0, v2","",3
310546912340148,4294967295,3,"v_add_f32_e32 v0, v0, v2","",3
310546912340148,4294967295,3,"v_add_f32_e32 v0, v0, v2","",3
310546912339708,4294967295,3,"v_add_f32_e32 v0, v0, v2","",3
310546912339708,4294967295,3,"v_add_f32_e32 v0, v0, v2","",3
310546912340148,4294967295,3,"v_add_f32_e32 v0, v0, v2","",3
310546912340148,4294967295,3,"v_add_f32_e32 v0, v0, v2","",3
310546912340148,4294967295,3,"v_add_f32_e32 v0, v0, v2","",3
310546912340148,4294967295,3,"v_add_f32_e32 v0, v0, v2","",3
310546912341628,4294967295,3,"v_add_f32_e32 v0, v0, v2","",3
310546912340148,4294967295,3,"v_add_f32_e32 v0, v0, v2","",3
310546912341388,4294967295,3,"v_add_f32_e32 v0, v0, v2","",3
310546912341388,4294967295,3,"v_add_f32_e32 v0, v0, v2","",3
310546912341388,4294967295,3,"v_add_f32_e32 v0, v0, v2","",3
310546912341388,4294967295,3,"v_add_f32_e32 v0, v0, v2","",3
310546912341628,4294967295,3,"v_add_f32_e32 v0, v0, v2","",3
310546912341628,4294967295,3,"v_add_f32_e32 v0, v0, v2","",3
310546912341628,4294967295,3,"v_add_f32_e32 v0, v0, v2","",3
310546912341668,4294967295,3,"v_add_f32_e32 v0, v0, v2","",3
310546912341668,4294967295,3,"v_add_f32_e32 v0, v0, v2","",3
310546912341628,4294967295,3,"v_add_f32_e32 v0, v0, v2","",3
310546912341668,4294967295,3,"v_add_f32_e32 v0, v0, v2","",3
310546912341628,4294967295,3,"v_add_f32_e32 v0, v0, v2","",3
310546912341668,4294967295,3,"v_add_f32_e32 v0, v0, v2","",3
310546912341948,4294967295,3,"v_add_f32_e32 v0, v0, v2","",3
310546912341948,4294967295,3,"v_add_f32_e32 v0, v0, v2","",3
310546912341948,4294967295,3,"v_add_f32_e32 v0, v0, v2","",3
310546912341948,4294967295,3,"v_add_f32_e32 v0, v0, v2","",3
310546912341628,4294967295,3,"v_add_f32_e32 v0, v0, v2","",3
310546912341628,4294967295,3,"v_add_f32_e32 v0, v0, v2","",3
310546912341668,4294967295,3,"v_add_f32_e32 v0, v0, v2","",3
310546912341668,4294967295,3,"v_add_f32_e32 v0, v0, v2","",3
310546912343748,4294967295,3,"v_add_f32_e32 v0, v0, v2","",3
310546912343748,4294967295,3,"v_add_f32_e32 v0, v0, v2","",3
310546912343748,4294967295,3,"v_add_f32_e32 v0, v0, v2","",3
310546912343788,4294967295,3,"v_add_f32_e32 v0, v0, v2","",3
310546912343908,4294967295,3,"v_add_f32_e32 v0, v0, v2","",3
310546912343948,4294967295,3,"v_add_f32_e32 v0, v0, v2","",3
310546912343948,4294967295,3,"v_add_f32_e32 v0, v0, v2","",3
310546912343948,4294967295,3,"v_add_f32_e32 v0, v0, v2","",3
310546912343908,4294967295,3,"v_add_f32_e32 v0, v0, v2","",3
310546912343948,4294967295,3,"v_add_f32_e32 v0, v0, v2","",3
310546912343948,4294967295,3,"v_add_f32_e32 v0, v0, v2","",3
310546912343948,4294967295,3,"v_add_f32_e32 v0, v0, v2","",3
310546912341668,4294967295,3,"v_add_f32_e32 v0, v0, v2","",3
310546912343908,4294967295,3,"v_add_f32_e32 v0, v0, v2","",3
310546912343948,4294967295,3,"v_add_f32_e32 v0, v0, v2","",3
310546912343948,4294967295,3,"v_add_f32_e32 v0, v0, v2","",3
310546912343948,4294967295,3,"v_add_f32_e32 v0, v0, v2","",3
310546912341668,4294967295,3,"v_add_f32_e32 v0, v0, v2","",3
310546912344508,4294967295,3,"v_add_f32_e32 v0, v0, v2","",3
310546912344548,4294967295,3,"v_add_f32_e32 v0, v0, v2","",3
310546912344548,4294967295,3,"v_add_f32_e32 v0, v0, v2","",3
310546912344548,4294967295,3,"v_add_f32_e32 v0, v0, v2","",3
310546912345148,4294967295,3,"v_add_f32_e32 v0, v0, v2","",3
310546912345148,4294967295,3,"v_add_f32_e32 v0, v0, v2","",3
310546912345188,4294967295,3,"v_add_f32_e32 v0, v0, v2","",3
310546912345188,4294967295,3,"v_add_f32_e32 v0, v0, v2","",3
310546912345188,4294967295,3,"v_add_f32_e32 v0, v0, v2","",3
310546912345188,4294967295,3,"v_add_f32_e32 v0, v0, v2","",3
310546912345188,4294967295,3,"v_add_f32_e32 v0, v0, v2","",3
310546912345188,4294967295,3,"v_add_f32_e32 v0, v0, v2","",3
310546912345468,4294967295,3,"v_add_f32_e32 v0, v0, v2","",3
310546912345508,4294967295,3,"v_add_f32_e32 v0, v0, v2","",3
310546912345508,4294967295,3,"v_add_f32_e32 v0, v0, v2","",3
310546912345508,4294967295,3,"v_add_f32_e32 v0, v0, v2","",3
310546912346028,4294967295,3,"v_add_f32_e32 v0, v0, v2","",3
310546912346028,4294967295,3,"v_add_f32_e32 v0, v0, v2","",3
310546912346028,4294967295,3,"v_add_f32_e32 v0, v0, v2","",3
310546912346068,4294967295,3,"v_add_f32_e32 v0, v0, v2","",3
310546912346628,4294967295,3,"v_add_f32_e32 v0, v0, v2","",3
310546912346628,4294967295,3,"v_add_f32_e32 v0, v0, v2","",3
310546912346628,4294967295,3,"v_add_f32_e32 v0, v0, v2","",3
310546912346668,4294967295,3,"v_add_f32_e32 v0, v0, v2","",3
310546913433718,4294967295,4,"v_add_f32_e32 v0, v0, v2","",4
310546913433718,4294967295,4,"v_add_f32_e32 v0, v0, v2","",4
310546913433758,4294967295,4,"v_add_f32_e32 v0, v0, v2","",4
310546913433758,4294967295,4,"v_add_f32_e32 v0, v0, v2","",4
310546913435358,4294967295,4,"v_add_f32_e32 v0, v0, v2","",4
310546913434478,4294967295,4,"v_add_f32_e32 v0, v0, v2","",4
310546913435038,4294967295,4,"v_add_f32_e32 v0, v0, v2","",4
310546913434518,4294967295,4,"v_add_f32_e32 v0, v0, v2","",4
310546913435478,4294967295,4,"v_add_f32_e32 v0, v0, v2","",4
310546913434518,4294967295,4,"v_add_f32_e32 v0, v0, v2","",4
310546913434518,4294967295,4,"v_add_f32_e32 v0, v0, v2","",4
310546913435078,4294967295,4,"v_add_f32_e32 v0, v0, v2","",4
310546913437318,4294967295,4,"v_add_f32_e32 v0, v0, v2","",4
310546913435398,4294967295,4,"v_add_f32_e32 v0, v0, v2","",4
310546913435838,4294967295,4,"v_add_f32_e32 v0, v0, v2","",4
310546913435398,4294967295,4,"v_add_f32_e32 v0, v0, v2","",4
310546913435998,4294967295,4,"v_add_f32_e32 v0, v0, v2","",4
310546913435998,4294967295,4,"v_add_f32_e32 v0, v0, v2","",4
310546913437318,4294967295,4,"v_add_f32_e32 v0, v0, v2","",4
310546913436198,4294967295,4,"v_add_f32_e32 v0, v0, v2","",4
310546913435078,4294967295,4,"v_add_f32_e32 v0, v0, v2","",4
310546913435078,4294967295,4,"v_add_f32_e32 v0, v0, v2","",4
310546913435838,4294967295,4,"v_add_f32_e32 v0, v0, v2","",4
310546913435838,4294967295,4,"v_add_f32_e32 v0, v0, v2","",4
310546913436278,4294967295,4,"v_add_f32_e32 v0, v0, v2","",4
310546913435838,4294967295,4,"v_add_f32_e32 v0, v0, v2","",4
310546913436198,4294967295,4,"v_add_f32_e32 v0, v0, v2","",4
310546913436238,4294967295,4,"v_add_f32_e32 v0, v0, v2","",4
310546913435478,4294967295,4,"v_add_f32_e32 v0, v0, v2","",4
310546913435518,4294967295,4,"v_add_f32_e32 v0, v0, v2","",4
310546913435518,4294967295,4,"v_add_f32_e32 v0, v0, v2","",4
310546913436238,4294967295,4,"v_add_f32_e32 v0, v0, v2","",4
310546913437358,4294967295,4,"v_add_f32_e32 v0, v0, v2","",4
310546913437358,4294967295,4,"v_add_f32_e32 v0, v0, v2","",4
310546913437358,4294967295,4,"v_add_f32_e32 v0, v0, v2","",4
310546913436318,4294967295,4,"v_add_f32_e32 v0, v0, v2","",4
310546913436318,4294967295,4,"v_add_f32_e32 v0, v0, v2","",4
310546913436318,4294967295,4,"v_add_f32_e32 v0, v0, v2","",4
310546913437878,4294967295,4,"v_add_f32_e32 v0, v0, v2","",4
310546913438118,4294967295,4,"v_add_f32_e32 v0, v0, v2","",4
310546913437918,4294967295,4,"v_add_f32_e32 v0, v0, v2","",4
310546913437918,4294967295,4,"v_add_f32_e32 v0, v0, v2","",4
310546913439518,4294967295,4,"v_add_f32_e32 v0, v0, v2","",4
310546913439518,4294967295,4,"v_add_f32_e32 v0, v0, v2","",4
310546913439518,4294967295,4,"v_add_f32_e32 v0, v0, v2","",4
310546913438118,4294967295,4,"v_add_f32_e32 v0, v0, v2","",4
310546913438118,4294967295,4,"v_add_f32_e32 v0, v0, v2","",4
310546913438158,4294967295,4,"v_add_f32_e32 v0, v0, v2","",4
310546913443038,4294967295,4,"v_add_f32_e32 v0, v0, v2","",4
310546913442998,4294967295,4,"v_add_f32_e32 v0, v0, v2","",4
310546913443038,4294967295,4,"v_add_f32_e32 v0, v0, v2","",4
310546913442998,4294967295,4,"v_add_f32_e32 v0, v0, v2","",4
310546913439518,4294967295,4,"v_add_f32_e32 v0, v0, v2","",4
310546913439518,4294967295,4,"v_add_f32_e32 v0, v0, v2","",4
310546913439518,4294967295,4,"v_add_f32_e32 v0, v0, v2","",4
310546913439558,4294967295,4,"v_add_f32_e32 v0, v0, v2","",4
310546913439558,4294967295,4,"v_add_f32_e32 v0, v0, v2","",4
310546913437558,4294967295,4,"v_add_f32_e32 v0, v0, v2","",4
310546913440718,4294967295,4,"v_add_f32_e32 v0, v0, v2","",4
310546913440718,4294967295,4,"v_add_f32_e32 v0, v0, v2","",4
310546913440718,4294967295,4,"v_add_f32_e32 v0, v0, v2","",4
310546913440758,4294967295,4,"v_add_f32_e32 v0, v0, v2","",4
310546913444478,4294967295,4,"v_add_f32_e32 v0, v0, v2","",4
310546913444478,4294967295,4,"v_add_f32_e32 v0, v0, v2","",4
310546913444478,4294967295,4,"v_add_f32_e32 v0, v0, v2","",4
310546913444478,4294967295,4,"v_add_f32_e32 v0, v0, v2","",4
310546913438238,4294967295,4,"v_add_f32_e32 v0, v0, v2","",4
310546913443678,4294967295,4,"v_add_f32_e32 v0, v0, v2","",4
310546913438398,4294967295,4,"v_add_f32_e32 v0, v0, v2","",4
310546913438438,4294967295,4,"v_add_f32_e32 v0, v0, v2","",4
310546913438518,4294967295,4,"v_add_f32_e32 v0, v0, v2","",4
310546913443918,4294967295,4,"v_add_f32_e32 v0, v0, v2","",4
310546913438638,4294967295,4,"v_add_f32_e32 v0, v0, v2","",4
310546913443678,4294967295,4,"v_add_f32_e32 v0, v0, v2","",4
310546913443678,4294967295,4,"v_add_f32_e32 v0, v0, v2","",4
310546913443718,4294967295,4,"v_add_f32_e32 v0, v0, v2","",4
310546913443918,4294967295,4,"v_add_f32_e32 v0, v0, v2","",4
310546913443918,4294967295,4,"v_add_f32_e32 v0, v0, v2","",4
310546913443918,4294967295,4,"v_add_f32_e32 v0, v0, v2","",4
310546913446398,4294967295,4,"v_add_f32_e32 v0, v0, v2","",4
310546913445958,4294967295,4,"v_add_f32_e32 v0, v0, v2","",4
310546913439798,4294967295,4,"v_add_f32_e32 v0, v0, v2","",4
310546913445958,4294967295,4,"v_add_f32_e32 v0, v0, v2","",4
310546913446438,4294967295,4,"v_add_f32_e32 v0, v0, v2","",4
310546913446438,4294967295,4,"v_add_f32_e32 v0, v0, v2","",4
310546913446438,4294967295,4,"v_add_f32_e32 v0, v0, v2","",4
310546913446158,4294967295,4,"v_add_f32_e32 v0, v0, v2","",4
310546913446158,4294967295,4,"v_add_f32_e32 v0, v0, v2","",4
310546913446198,4294967295,4,"v_add_f32_e32 v0, v0, v2","",4
310546913445958,4294967295,4,"v_add_f32_e32 v0, v0, v2","",4
310546913445958,4294967295,4,"v_add_f32_e32 v0, v0, v2","",4
310546913446838,4294967295,4,"v_add_f32_e32 v0, v0, v2","",4
310546913446198,4294967295,4,"v_add_f32_e32 v0, v0, v2","",4
310546913445998,4294967295,4,"v_add_f32_e32 v0, v0, v2","",4
310546913447078,4294967295,4,"v_add_f32_e32 v0, v0, v2","",4
310546913447078,4294967295,4,"v_add_f32_e32 v0, v0, v2","",4
310546913447118,4294967295,4,"v_add_f32_e32 v0, v0, v2","",4
310546913447118,4294967295,4,"v_add_f32_e32 v0, v0, v2","",4
310546913446878,4294967295,4,"v_add_f32_e32 v0, v0, v2","",4
310546913446878,4294967295,4,"v_add_f32_e32 v0, v0, v2","",4
310546913446878,4294967295,4,"v_add_f32_e32 v0, v0, v2","",4
310546913445958,4294967295,4,"v_add_f32_e32 v0, v0, v2","",4
310546913445958,4294967295,4,"v_add_f32_e32 v0, v0, v2","",4
310546913445998,4294967295,4,"v_add_f32_e32 v0, v0, v2","",4
310546913447078,4294967295,4,"v_add_f32_e32 v0, v0, v2","",4
310546913447078,4294967295,4,"v_add_f32_e32 v0, v0, v2","",4
310546913447118,4294967295,4,"v_add_f32_e32 v0, v0, v2","",4
310546913447278,4294967295,4,"v_add_f32_e32 v0, v0, v2","",4
310546913447118,4294967295,4,"v_add_f32_e32 v0, v0, v2","",4
310546913447318,4294967295,4,"v_add_f32_e32 v0, v0, v2","",4
310546913447318,4294967295,4,"v_add_f32_e32 v0, v0, v2","",4
310546913447318,4294967295,4,"v_add_f32_e32 v0, v0, v2","",4
310546913447318,4294967295,4,"v_add_f32_e32 v0, v0, v2","",4
310546913447318,4294967295,4,"v_add_f32_e32 v0, v0, v2","",4
310546913447318,4294967295,4,"v_add_f32_e32 v0, v0, v2","",4
310546913447358,4294967295,4,"v_add_f32_e32 v0, v0, v2","",4
310546913447758,4294967295,4,"v_add_f32_e32 v0, v0, v2","",4
310546913447758,4294967295,4,"v_add_f32_e32 v0, v0, v2","",4
310546913447798,4294967295,4,"v_add_f32_e32 v0, v0, v2","",4
310546913447958,4294967295,4,"v_add_f32_e32 v0, v0, v2","",4
310546913447958,4294967295,4,"v_add_f32_e32 v0, v0, v2","",4
310546913447958,4294967295,4,"v_add_f32_e32 v0, v0, v2","",4
310546913447998,4294967295,4,"v_add_f32_e32 v0, v0, v2","",4
310546913447798,4294967295,4,"v_add_f32_e32 v0, v0, v2","",4
310546913447958,4294967295,4,"v_add_f32_e32 v0, v0, v2","",4
310546913447958,4294967295,4,"v_add_f32_e32 v0, v0, v2","",4
310546913447958,4294967295,4,"v_add_f32_e32 v0, v0, v2","",4
310546913447998,4294967295,4,"v_add_f32_e32 v0, v0, v2","",4
310546914332606,4294967295,6,"v_mad_co_u64_u32 v[0:1], null, s4, ttmp9, v[0:1]","",6
310546914332606,4294967295,6,"v_mad_co_u64_u32 v[0:1], null, s4, ttmp9, v[0:1]","",6
310546914332646,4294967295,6,"v_mad_co_u64_u32 v[0:1], null, s4, ttmp9, v[0:1]","",6
310546914332646,4294967295,6,"v_mad_co_u64_u32 v[0:1], null, s4, ttmp9, v[0:1]","",6
310546914332606,4294967295,6,"v_add_f32_e32 v0, v0, v2","",6
310546914333046,0,6,"s_endpgm","",6
310546914333927,4294967295,6,"v_add_f32_e32 v0, v0, v2","",6
310546914333927,4294967295,6,"s_and_b32 exec_lo, exec_lo, vcc_lo","",6
310546914333927,4294967295,6,"v_add_f32_e32 v0, v0, v2","",6
310546914333967,4294967295,6,"v_add_f32_e32 v0, v0, v2","",6
310546914333967,4294967295,6,"v_add_f32_e32 v0, v0, v2","",6
310546914334727,4294967295,6,"v_add_f32_e32 v0, v0, v2","",6
310546914334727,4294967295,6,"v_add_f32_e32 v0, v0, v2","",6
310546914334767,4294967295,6,"v_add_f32_e32 v0, v0, v2","",6
310546914334767,4294967295,6,"v_add_f32_e32 v0, v0, v2","",6
310546914333927,4294967295,6,"v_cmp_eq_f32_e32 vcc_lo, 0x449a522b, v0","",6
310546914333967,4294967295,6,"v_add_f32_e32 v0, v0, v2","",6
310546914335727,4294967295,6,"v_add_f32_e32 v0, v0, v2","",6
310546914335767,4294967295,6,"v_add_f32_e32 v0, v0, v2","",6
310546914336327,4294967295,6,"v_add_f32_e32 v0, v0, v2","",6
310546914336367,4294967295,6,"v_add_f32_e32 v0, v0, v2","",6
310546914336367,4294967295,6,"v_add_f32_e32 v0, v0, v2","",6
310546914336367,4294967295,6,"v_add_f32_e32 v0, v0, v2","",6
310546914336327,4294967295,6,"v_add_f32_e32 v0, v0, v2","",6
310546914336367,4294967295,6,"v_add_f32_e32 v0, v0, v2","",6
310546914336367,4294967295,6,"v_add_f32_e32 v0, v0, v2","",6
310546914337807,4294967295,6,"v_add_f32_e32 v0, v0, v2","",6
310546914337807,4294967295,6,"v_add_f32_e32 v0, v0, v2","",6
310546914337807,4294967295,6,"v_add_f32_e32 v0, v0, v2","",6
310546914337847,4294967295,6,"v_add_f32_e32 v0, v0, v2","",6
310546914336367,4294967295,6,"v_add_f32_e32 v0, v0, v2","",6
310546914337207,4294967295,6,"v_add_f32_e32 v0, v0, v2","",6
310546914337247,4294967295,6,"v_add_f32_e32 v0, v0, v2","",6
310546914337247,4294967295,6,"v_add_f32_e32 v0, v0, v2","",6
310546914337247,4294967295,6,"v_add_f32_e32 v0, v0, v2","",6
310546914337527,4294967295,6,"v_add_f32_e32 v0, v0, v2","",6
310546914337527,4294967295,6,"v_add_f32_e32 v0, v0, v2","",6
310546914337527,4294967295,6,"v_add_f32_e32 v0, v0, v2","",6
310546914337527,4294967295,6,"v_add_f32_e32 v0, v0, v2","",6
310546914338127,4294967295,6,"v_add_f32_e32 v0, v0, v2","",6
310546914338167,4294967295,6,"v_cmp_eq_f32_e32 vcc_lo, 0x449a522b, v0","",6
310546914338167,4294967295,6,"v_add_f32_e32 v0, v0, v2","",6
310546914340807,4294967295,6,"v_add_f32_e32 v0, v0, v2","",6
310546914340847,4294967295,6,"v_add_f32_e32 v0, v0, v2","",6
310546914340847,4294967295,6,"v_add_f32_e32 v0, v0, v2","",6
310546914340847,4294967295,6,"v_add_f32_e32 v0, v0, v2","",6
310546914340007,4294967295,6,"v_add_f32_e32 v0, v0, v2","",6
310546914340007,4294967295,6,"v_add_f32_e32 v0, v0, v2","",6
310546914340047,4294967295,6,"v_add_f32_e32 v0, v0, v2","",6
310546914340047,4294967295,6,"v_add_f32_e32 v0, v0, v2","",6
310546914340807,4294967295,6,"v_add_f32_e32 v0, v0, v2","",6
310546914340847,4294967295,6,"v_add_f32_e32 v0, v0, v2","",6
310546914340847,4294967295,6,"v_add_f32_e32 v0, v0, v2","",6
310546914340847,4294967295,6,"v_add_f32_e32 v0, v0, v2","",6
310546914340567,4294967295,6,"v_add_f32_e32 v0, v0, v2","",6
310546914340607,4294967295,6,"v_add_f32_e32 v0, v0, v2","",6
310546914340607,4294967295,6,"v_add_f32_e32 v0, v0, v2","",6
310546914340607,4294967295,6,"v_add_f32_e32 v0, v0, v2","",6
310546914341167,4294967295,6,"v_add_f32_e32 v0, v0, v2","",6
310546914341167,4294967295,6,"v_add_f32_e32 v0, v0, v2","",6
310546914341167,4294967295,6,"v_add_f32_e32 v0, v0, v2","",6
310546914341207,4294967295,6,"v_add_f32_e32 v0, v0, v2","",6
310546914341167,4294967295,6,"v_add_f32_e32 v0, v0, v2","",6
310546914341167,4294967295,6,"v_add_f32_e32 v0, v0, v2","",6
310546914341207,4294967295,6,"v_add_f32_e32 v0, v0, v2","",6
310546914341207,4294967295,6,"v_add_f32_e32 v0, v0, v2","",6
310546914341447,4294967295,6,"v_add_f32_e32 v0, v0, v2","",6
310546914341487,4294967295,6,"v_add_f32_e32 v0, v0, v2","",6
310546914341487,4294967295,6,"v_add_f32_e32 v0, v0, v2","",6
310546914341487,4294967295,6,"v_add_f32_e32 v0, v0, v2","",6
310546914341487,4294967295,6,"v_add_f32_e32 v0, v0, v2","",6
310546914341487,4294967295,6,"v_add_f32_e32 v0, v0, v2","",6
310546914341487,4294967295,6,"v_add_f32_e32 v0, v0, v2","",6
310546914341487,4294967295,6,"v_add_f32_e32 v0, v0, v2","",6
310546914341687,4294967295,6,"v_add_f32_e32 v0, v0, v2","",6
310546914341687,4294967295,6,"v_add_f32_e32 v0, v0, v2","",6
310546914341687,4294967295,6,"v_add_f32_e32 v0, v0, v2","",6
310546914341727,4294967295,6,"v_add_f32_e32 v0, v0, v2","",6
310546914342407,4294967295,6,"v_add_f32_e32 v0, v0, v2","",6
310546914342407,4294967295,6,"v_add_f32_e32 v0, v0, v2","",6
310546914342407,4294967295,6,"v_add_f32_e32 v0, v0, v2","",6
310546914342447,4294967295,6,"v_add_f32_e32 v0, v0, v2","",6
310546914342407,4294967295,6,"v_add_f32_e32 v0, v0, v2","",6
310546914342407,4294967295,6,"v_add_f32_e32 v0, v0, v2","",6
310546914342407,4294967295,6,"v_add_f32_e32 v0, v0, v2","",6
310546914342447,4294967295,6,"v_add_f32_e32 v0, v0, v2","",6
310546914342567,4294967295,6,"v_add_f32_e32 v0, v0, v2","",6
310546914342567,4294967295,6,"v_add_f32_e32 v0, v0, v2","",6
310546914342567,4294967295,6,"v_add_f32_e32 v0, v0, v2","",6
310546914342607,4294967295,6,"v_add_f32_e32 v0, v0, v2","",6
310546914342647,4294967295,6,"v_add_f32_e32 v0, v0, v2","",6
310546914342687,4294967295,6,"v_add_f32_e32 v0, v0, v2","",6
310546914342687,4294967295,6,"v_add_f32_e32 v0, v0, v2","",6
310546914342687,4294967295,6,"v_add_f32_e32 v0, v0, v2","",6
310546914342967,4294967295,6,"v_add_f32_e32 v0, v0, v2","",6
310546914342967,4294967295,6,"v_add_f32_e32 v0, v0, v2","",6
310546914343007,4294967295,6,"v_add_f32_e32 v0, v0, v2","",6
310546914343007,4294967295,6,"v_add_f32_e32 v0, v0, v2","",6
310546914344007,4294967295,6,"v_add_f32_e32 v0, v0, v2","",6
310546914344047,4294967295,6,"v_add_f32_e32 v0, v0, v2","",6
310546914344047,4294967295,6,"v_add_f32_e32 v0, v0, v2","",6
310546914344047,4294967295,6,"v_add_f32_e32 v0, v0, v2","",6
310546914344047,4294967295,6,"v_add_f32_e32 v0, v0, v2","",6
310546914344047,4294967295,6,"v_add_f32_e32 v0, v0, v2","",6
310546914344047,4294967295,6,"v_add_f32_e32 v0, v0, v2","",6
310546914344047,4294967295,6,"v_add_f32_e32 v0, v0, v2","",6
310546914344527,4294967295,6,"v_add_f32_e32 v0, v0, v2","",6
310546914344567,4294967295,6,"v_add_f32_e32 v0, v0, v2","",6
310546914344567,4294967295,6,"v_add_f32_e32 v0, v0, v2","",6
310546914344567,4294967295,6,"v_add_f32_e32 v0, v0, v2","",6
310546915339296,4294967295,8,"v_add_co_u32 v0, vcc_lo, s0, v0","",8
310546915338616,0,8,"s_cbranch_execz 6","",8
310546915338656,4294967295,8,"v_cmp_eq_f32_e32 vcc_lo, 0x449a522b, v0","",8
310546915338656,4294967295,8,"v_add_f32_e32 v0, v0, v2","",8
310546915338656,4294967295,8,"v_add_f32_e32 v0, v0, v2","",8
310546915338936,4294967295,8,"v_add_f32_e32 v0, v0, v2","",8
310546915338936,4294967295,8,"v_add_f32_e32 v0, v0, v2","",8
310546915338936,4294967295,8,"v_add_f32_e32 v0, v0, v2","",8
310546915339136,4294967295,8,"v_add_f32_e32 v0, v0, v2","",8
310546915339136,4294967295,8,"v_add_f32_e32 v0, v0, v2","",8
310546915339136,4294967295,8,"v_add_f32_e32 v0, v0, v2","",8
310546915339176,4294967295,8,"v_add_f32_e32 v0, v0, v2","",8
310546915340536,4294967295,8,"v_add_f32_e32 v0, v0, v2","",8
310546915340496,4294967295,8,"v_add_f32_e32 v0, v0, v2","",8
310546915340536,4294967295,8,"v_add_f32_e32 v0, v0, v2","",8
310546915340536,4294967295,8,"v_add_f32_e32 v0, v0, v2","",8
310546915341696,4294967295,8,"v_add_f32_e32 v0, v0, v2","",8
310546915341696,4294967295,8,"v_add_f32_e32 v0, v0, v2","",8
310546915341696,4294967295,8,"v_add_f32_e32 v0, v0, v2","",8
310546915342136,4294967295,8,"v_add_f32_e32 v0, v0, v2","",8
310546915342176,4294967295,8,"v_add_f32_e32 v0, v0, v2","",8
310546915342176,4294967295,8,"v_add_f32_e32 v0, v0, v2","",8
310546915342176,4294967295,8,"v_add_f32_e32 v0, v0, v2","",8
310546915342136,4294967295,8,"v_add_f32_e32 v0, v0, v2","",8
310546915339896,4294967295,8,"v_add_f32_e32 v0, v0, v2","",8
310546915339936,4294967295,8,"v_add_f32_e32 v0, v0, v2","",8
310546915339936,4294967295,8,"v_add_f32_e32 v0, v0, v2","",8
310546915339936,4294967295,8,"v_add_f32_e32 v0, v0, v2","",8
310546915343096,4294967295,8,"v_add_f32_e32 v0, v0, v2","",8
310546915343096,4294967295,8,"v_add_f32_e32 v0, v0, v2","",8
310546915343136,4294967295,8,"v_add_f32_e32 v0, v0, v2","",8
310546915342456,4294967295,8,"v_add_f32_e32 v0, v0, v2","",8
310546915342456,4294967295,8,"v_add_f32_e32 v0, v0, v2","",8
310546915343136,4294967295,8,"v_add_f32_e32 v0, v0, v2","",8
310546915342136,4294967295,8,"v_add_f32_e32 v0, v0, v2","",8
310546915342176,4294967295,8,"v_add_f32_e32 v0, v0, v2","",8
310546915342176,4294967295,8,"v_add_f32_e32 v0, v0, v2","",8
310546915342496,4294967295,8,"v_add_f32_e32 v0, v0, v2","",8
310546915342496,4294967295,8,"v_add_f32_e32 v0, v0, v2","",8
310546915344696,4294967295,8,"v_add_f32_e32 v0, v0, v2","",8
310546915343696,4294967295,8,"v_add_f32_e32 v0, v0, v2","",8
310546915343696,4294967295,8,"v_add_f32_e32 v0, v0, v2","",8
310546915343696,4294967295,8,"v_add_f32_e32 v0, v0, v2","",8
310546915343696,4294967295,8,"v_add_f32_e32 v0, v0, v2","",8
310546915344696,4294967295,8,"v_add_f32_e32 v0, v0, v2","",8
310546915344696,4294967295,8,"v_add_f32_e32 v0, v0, v2","",8
310546915344736,4294967295,8,"v_add_f32_e32 v0, v0, v2","",8
310546915344856,4294967295,8,"v_add_f32_e32 v0, v0, v2","",8
310546915344696,4294967295,8,"v_add_f32_e32 v0, v0, v2","",8
310546915344856,4294967295,8,"v_add_f32_e32 v0, v0, v2","",8
310546915344896,4294967295,8,"v_add_f32_e32 v0, v0, v2","",8
310546915344896,4294967295,8,"v_add_f32_e32 v0, v0, v2","",8
310546915342896,4294967295,8,"v_add_f32_e32 v0, v0, v2","",8
310546915342896,4294967295,8,"v_add_f32_e32 v0, v0, v2","",8
310546915342896,4294967295,8,"v_add_f32_e32 v0, v0, v2","",8
310546915342936,4294967295,8,"v_add_f32_e32 v0, v0, v2","",8
310546915344696,4294967295,8,"v_add_f32_e32 v0, v0, v2","",8
310546915344696,4294967295,8,"v_add_f32_e32 v0, v0, v2","",8
310546915344736,4294967295,8,"v_add_f32_e32 v0, v0, v2","",8
310546915345336,4294967295,8,"v_add_f32_e32 v0, v0, v2","",8
310546915345336,4294967295,8,"v_add_f32_e32 v0, v0, v2","",8
310546915345336,4294967295,8,"v_add_f32_e32 v0, v0, v2","",8
310546915345376,4294967295,8,"v_add_f32_e32 v0, v0, v2","",8
310546915345336,4294967295,8,"v_add_f32_e32 v0, v0, v2","",8
310546915345336,4294967295,8,"v_add_f32_e32 v0, v0, v2","",8
310546915345336,4294967295,8,"v_add_f32_e32 v0, v0, v2","",8
310546915345376,4294967295,8,"v_add_f32_e32 v0, v0, v2","",8
310546915345776,4294967295,8,"v_add_f32_e32 v0, v0, v2","",8
310546915345776,4294967295,8,"v_add_f32_e32 v0, v0, v2","",8
310546915345776,4294967295,8,"v_add_f32_e32 v0, v0, v2","",8
310546915345816,4294967295,8,"v_add_f32_e32 v0, v0, v2","",8
310546915345896,4294967295,8,"v_add_f32_e32 v0, v0, v2","",8
310546915345936,4294967295,8,"v_add_f32_e32 v0, v0, v2","",8
310546915345936,4294967295,8,"v_add_f32_e32 v0, v0, v2","",8
310546915345936,4294967295,8,"v_add_f32_e32 v0, v0, v2","",8
310546915345936,4294967295,8,"v_add_f32_e32 v0, v0, v2","",8
310546915345936,4294967295,8,"v_add_f32_e32 v0, v0, v2","",8
310546915345936,4294967295,8,"v_add_f32_e32 v0, v0, v2","",8
310546915345976,4294967295,8,"v_add_f32_e32 v0, v0, v2","",8
310546915345496,4294967295,8,"v_add_f32_e32 v0, v0, v2","",8
310546915345496,4294967295,8,"v_add_f32_e32 v0, v0, v2","",8
310546915345536,4294967295,8,"v_add_f32_e32 v0, v0, v2","",8
310546915345536,4294967295,8,"v_add_f32_e32 v0, v0, v2","",8
310546915346496,4294967295,8,"v_add_f32_e32 v0, v0, v2","",8
310546915346496,4294967295,8,"v_add_f32_e32 v0, v0, v2","",8
310546915346696,4294967295,8,"v_add_f32_e32 v0, v0, v2","",8
310546915346736,4294967295,8,"v_add_f32_e32 v0, v0, v2","",8
310546915346736,4294967295,8,"v_add_f32_e32 v0, v0, v2","",8
310546915346736,4294967295,8,"v_add_f32_e32 v0, v0, v2","",8
310546915346696,4294967295,8,"v_add_f32_e32 v0, v0, v2","",8
310546915346736,4294967295,8,"v_add_f32_e32 v0, v0, v2","",8
310546915346736,4294967295,8,"v_add_f32_e32 v0, v0, v2","",8
310546915346736,4294967295,8,"v_add_f32_e32 v0, v0, v2","",8
310546915346496,4294967295,8,"v_mad_co_u64_u32 v[0:1], null, s4, ttmp9, v[0:1]","",8
310546915346496,4294967295,8,"v_mad_co_u64_u32 v[0:1], null, s4, ttmp9, v[0:1]","",8
310546915346496,4294967295,8,"v_mad_co_u64_u32 v[0:1], null, s4, ttmp9, v[0:1]","",8
310546915346536,4294967295,8,"v_add_f32_e32 v0, v0, v2","",8
310546915347016,4294967295,8,"v_add_f32_e32 v0, v0, v2","",8
310546915347016,4294967295,8,"v_add_f32_e32 v0, v0, v2","",8
310546915346496,4294967295,8,"v_add_co_u32 v0, vcc_lo, s0, v0","",8
310546915347016,4294967295,8,"v_add_f32_e32 v0, v0, v2","",8
310546915347016,4294967295,8,"v_add_f32_e32 v0, v0, v2","",8
310546915346496,4294967295,8,"v_add_f32_e32 v0, v0, v2","",8
310546915347016,4294967295,8,"v_add_f32_e32 v0, v0, v2","",8
310546915347016,4294967295,8,"v_add_f32_e32 v0, v0, v2","",8
310546915347016,4294967295,8,"v_add_f32_e32 v0, v0, v2","",8
310546915347016,4294967295,8,"v_add_f32_e32 v0, v0, v2","",8
310546915348816,4294967295,8,"v_add_f32_e32 v0, v0, v2","",8
310546915348856,4294967295,8,"v_add_f32_e32 v0, v0, v2","",8
310546915348856,4294967295,8,"v_add_f32_e32 v0, v0, v2","",8
310546915348856,4294967295,8,"v_add_f32_e32 v0, v0, v2","",8
310546915349496,4294967295,8,"v_add_f32_e32 v0, v0, v2","",8
310546915349496,4294967295,8,"v_add_f32_e32 v0, v0, v2","",8
310546915349496,4294967295,8,"v_add_f32_e32 v0, v0, v2","",8
310546915349536,4294967295,8,"v_add_f32_e32 v0, v0, v2","",8
310546915352056,4294967295,8,"v_add_f32_e32 v0, v0, v2","",8
310546915352096,4294967295,8,"v_add_f32_e32 v0, v0, v2","",8
310546915352096,4294967295,8,"v_add_f32_e32 v0, v0, v2","",8
310546915352096,4294967295,8,"v_add_f32_e32 v0, v0, v2","",8
310546916337105,4294967295,10,"v_add_f32_e32 v0, v0, v2","",10
310546916338185,4294967295,10,"s_clause 0x1","",10
310546916337905,4294967295,10,"v_add_f32_e32 v0, v0, v2","",10
310546916338505,4294967295,10,"v_add_f32_e32 v0, v0, v2","",10
310546916337905,4294967295,10,"v_add_f32_e32 v0, v0, v2","",10
310546916338665,4294967295,10,"v_add_f32_e32 v0, v0, v2","",10
310546916338545,4294967295,10,"v_add_f32_e32 v0, v0, v2","",10
310546916339025,4294967295,10,"v_add_f32_e32 v0, v0, v2","",10
310546916339065,4294967295,10,"v_add_f32_e32 v0, v0, v2","",10
310546916339065,4294967295,10,"v_add_f32_e32 v0, v0, v2","",10
310546916339425,4294967295,10,"v_add_f32_e32 v0, v0, v2","",10
310546916339625,4294967295,10,"v_add_f32_e32 v0, v0, v2","",10
310546916339665,4294967295,10,"v_add_f32_e32 v0, v0, v2","",10
310546916339665,4294967295,10,"v_add_f32_e32 v0, v0, v2","",10
310546916339065,4294967295,10,"v_add_f32_e32 v0, v0, v2","",10
310546916340505,4294967295,10,"v_add_f32_e32 v0, v0, v2","",10
310546916340705,4294967295,10,"v_add_f32_e32 v0, v0, v2","",10
310546916340105,4294967295,10,"v_add_f32_e32 v0, v0, v2","",10
310546916339465,4294967295,10,"v_add_f32_e32 v0, v0, v2","",10
310546916340505,4294967295,10,"v_add_f32_e32 v0, v0, v2","",10
310546916342265,4294967295,10,"v_add_f32_e32 v0, v0, v2","",10
310546916338625,0,10,"s_endpgm","",10
310546916338705,4294967295,10,"v_cmp_eq_f32_e32 vcc_lo, 0x449a522b, v0","",10
310546916340505,4294967295,10,"v_add_f32_e32 v0, v0, v2","",10
310546916338985,4294967295,10,"v_add_f32_e32 v0, v0, v2","",10
310546916340505,4294967295,10,"v_add_f32_e32 v0, v0, v2","",10
310546916342985,4294967295,10,"v_add_f32_e32 v0, v0, v2","",10
310546916342265,4294967295,10,"v_add_f32_e32 v0, v0, v2","",10
310546916339585,4294967295,10,"v_add_f32_e32 v0, v0, v2","",10
310546916343865,4294967295,10,"v_add_f32_e32 v0, v0, v2","",10
310546916339905,4294967295,10,"v_add_f32_e32 v0, v0, v2","",10
310546916340025,4294967295,10,"v_add_f32_e32 v0, v0, v2","",10
310546916343905,4294967295,10,"v_add_f32_e32 v0, v0, v2","",10
310546916340745,4294967295,10,"v_add_f32_e32 v0, v0, v2","",10
310546916343905,4294967295,10,"v_add_f32_e32 v0, v0, v2","",10
310546916343905,4294967295,10,"v_add_f32_e32 v0, v0, v2","",10
310546916340745,4294967295,10,"v_add_f32_e32 v0, v0, v2","",10
310546916340745,4294967295,10,"v_add_f32_e32 v0, v0, v2","",10
310546916344945,4294967295,10,"v_add_f32_e32 v0, v0, v2","",10
310546916340665,4294967295,10,"v_add_co_u32 v0, vcc_lo, s0, v0","",10
310546916340665,4294967295,10,"v_add_f32_e32 v0, v0, v2","",10
310546916340785,4294967295,10,"s_clause 0x1","",10
310546916347825,4294967295,10,"v_add_f32_e32 v0, v0, v2","",10
310546916347865,4294967295,10,"v_add_f32_e32 v0, v0, v2","",10
310546916347865,4294967295,10,"v_add_f32_e32 v0, v0, v2","",10
310546916347465,4294967295,10,"v_add_f32_e32 v0, v0, v2","",10
310546916341185,4294967295,10,"s_clause 0x1","",10
310546916341265,4294967295,10,"s_clause 0x1","",10
310546916347465,4294967295,10,"v_add_f32_e32 v0, v0, v2","",10
310546916347465,4294967295,10,"v_add_f32_e32 v0, v0, v2","",10
310546916341425,4294967295,10,"v_add_f32_e32 v0, v0, v2","",10
310546916341505,4294967295,10,"v_add_f32_e32 v0, v0, v2","",10
310546916347185,4294967295,10,"v_add_f32_e32 v0, v0, v2","",10
310546916341665,4294967295,10,"v_add_f32_e32 v0, v0, v2","",10
310546916341705,4294967295,10,"v_add_f32_e32 v0, v0, v2","",10
310546916341785,4294967295,10,"v_add_f32_e32 v0, v0, v2","",10
310546916347225,4294967295,10,"v_add_f32_e32 v0, v0, v2","",10
310546916347985,4294967295,10,"v_add_f32_e32 v0, v0, v2","",10
310546916341985,4294967295,10,"v_add_f32_e32 v0, v0, v2","",10
310546916347465,4294967295,10,"v_add_f32_e32 v0, v0, v2","",10
310546916347985,4294967295,10,"v_add_f32_e32 v0, v0, v2","",10
310546916348025,4294967295,10,"v_add_f32_e32 v0, v0, v2","",10
310546916347225,4294967295,10,"v_add_f32_e32 v0, v0, v2","",10
310546916349225,4294967295,10,"v_add_f32_e32 v0, v0, v2","",10
310546916348105,4294967295,10,"v_add_f32_e32 v0, v0, v2","",10
310546916347465,4294967295,10,"v_add_f32_e32 v0, v0, v2","",10
310546916344945,4294967295,10,"v_add_f32_e32 v0, v0, v2","",10
310546916347505,4294967295,10,"v_add_f32_e32 v0, v0, v2","",10
310546916347225,4294967295,10,"v_add_f32_e32 v0, v0, v2","",10
310546916348105,4294967295,10,"v_add_f32_e32 v0, v0, v2","",10
310546916348105,4294967295,10,"v_add_f32_e32 v0, v0, v2","",10
310546916349745,4294967295,10,"v_add_f32_e32 v0, v0, v2","",10
310546916349745,4294967295,10,"v_add_f32_e32 v0, v0, v2","",10
310546916349745,4294967295,10,"v_add_f32_e32 v0, v0, v2","",10
310546916343385,4294967295,10,"v_add_f32_e32 v0, v0, v2","",10
310546916349025,4294967295,10,"v_add_f32_e32 v0, v0, v2","",10
310546916348025,4294967295,10,"v_add_f32_e32 v0, v0, v2","",10
310546916349225,4294967295,10,"v_add_f32_e32 v0, v0, v2","",10
310546916349025,4294967295,10,"v_add_f32_e32 v0, v0, v2","",10
310546916349905,4294967295,10,"v_add_f32_e32 v0, v0, v2","",10
310546916343945,4294967295,10,"v_add_f32_e32 v0, v0, v2","",10
310546916344985,4294967295,10,"v_add_f32_e32 v0, v0, v2","",10
310546916344985,4294967295,10,"v_add_f32_e32 v0, v0, v2","",10
310546916349905,4294967295,10,"v_add_f32_e32 v0, v0, v2","",10
310546916349785,4294967295,10,"v_add_f32_e32 v0, v0, v2","",10
310546916349025,4294967295,10,"v_add_f32_e32 v0, v0, v2","",10
310546916344345,4294967295,10,"v_add_f32_e32 v0, v0, v2","",10
310546916348105,4294967295,10,"v_add_f32_e32 v0, v0, v2","",10
310546916349265,4294967295,10,"v_add_f32_e32 v0, v0, v2","",10
310546916349905,4294967295,10,"v_add_f32_e32 v0, v0, v2","",10
310546916349905,4294967295,10,"v_add_f32_e32 v0, v0, v2","",10
310546916350185,4294967295,10,"v_add_f32_e32 v0, v0, v2","",10
310546916350225,4294967295,10,"v_add_f32_e32 v0, v0, v2","",10
310546916350225,4294967295,10,"v_add_f32_e32 v0, v0, v2","",10
310546916350225,4294967295,10,"v_add_f32_e32 v0, v0, v2","",10
310546916350545,4294967295,10,"v_add_f32_e32 v0, v0, v2","",10
310546916345345,4294967295,10,"v_add_f32_e32 v0, v0, v2","",10
310546916345425,4294967295,10,"v_add_f32_e32 v0, v0, v2","",10
310546916350585,4294967295,10,"v_add_f32_e32 v0, v0, v2","",10
310546916350785,4294967295,10,"v_add_f32_e32 v0, v0, v2","",10
310546916350785,4294967295,10,"v_add_f32_e32 v0, v0, v2","",10
310546916350825,4294967295,10,"v_add_f32_e32 v0, v0, v2","",10
310546916350585,4294967295,10,"v_add_f32_e32 v0, v0, v2","",10
310546916349905,4294967295,10,"v_add_f32_e32 v0, v0, v2","",10
310546916350785,4294967295,10,"v_add_f32_e32 v0, v0, v2","",10
310546916349945,4294967295,10,"v_add_f32_e32 v0, v0, v2","",10
310546916349945,4294967295,10,"v_add_f32_e32 v0, v0, v2","",10
310546916349945,4294967295,10,"v_add_f32_e32 v0, v0, v2","",10
310546916350585,4294967295,10,"v_add_f32_e32 v0, v0, v2","",10
310546916349025,4294967295,10,"v_add_f32_e32 v0, v0, v2","",10
310546916350785,4294967295,10,"v_add_f32_e32 v0, v0, v2","",10
310546916350785,4294967295,10,"v_add_f32_e32 v0, v0, v2","",10
310546916350825,4294967295,10,"v_add_f32_e32 v0, v0, v2","",10
310546916351585,4294967295,10,"v_add_f32_e32 v0, v0, v2","",10
310546916351865,4294967295,10,"v_add_f32_e32 v0, v0, v2","",10
310546916351585,4294967295,10,"v_add_f32_e32 v0, v0, v2","",10
310546916351585,4294967295,10,"v_add_f32_e32 v0, v0, v2","",10
310546916351585,4294967295,10,"v_add_f32_e32 v0, v0, v2","",10
310546916351865,4294967295,10,"v_add_f32_e32 v0, v0, v2","",10
310546916351865,4294967295,10,"v_add_f32_e32 v0, v0, v2","",10
310546916351905,4294967295,10,"v_add_f32_e32 v0, v0, v2","",10
310546916349265,4294967295,10,"v_add_f32_e32 v0, v0, v2","",10
310546917344835,4294967295,12,"v_lshlrev_b64_e32 v[0:1], 4, v[0:1]","",12
310546917344995,4294967295,12,"v_add_f32_e32 v0, v0, v2","",12
310546917344995,4294967295,12,"v_add_f32_e32 v0, v0, v2","",12
310546917345675,4294967295,12,"v_add_f32_e32 v0, v0, v2","",12
310546917345675,4294967295,12,"v_add_f32_e32 v0, v0, v2","",12
310546917345675,4294967295,12,"v_add_f32_e32 v0, v0, v2","",12
310546917345675,4294967295,12,"v_add_f32_e32 v0, v0, v2","",12
310546917345675,4294967295,12,"v_add_f32_e32 v0, v0, v2","",12
310546917346835,4294967295,12,"v_add_f32_e32 v0, v0, v2","",12
310546917345675,4294967295,12,"v_add_f32_e32 v0, v0, v2","",12
310546917346915,4294967295,12,"v_add_f32_e32 v0, v0, v2","",12
310546917346915,4294967295,12,"v_add_f32_e32 v0, v0, v2","",12
310546917345675,4294967295,12,"v_add_f32_e32 v0, v0, v2","",12
310546917345715,4294967295,12,"v_add_f32_e32 v0, v0, v2","",12
310546917347315,4294967295,12,"v_add_f32_e32 v0, v0, v2","",12
310546917347315,4294967295,12,"v_add_f32_e32 v0, v0, v2","",12
310546917346835,4294967295,12,"v_add_f32_e32 v0, v0, v2","",12
310546917347875,4294967295,12,"v_add_f32_e32 v0, v0, v2","",12
310546917349795,4294967295,12,"v_add_f32_e32 v0, v0, v2","",12
310546917345675,4294967295,12,"v_add_f32_e32 v0, v0, v2","",12
310546917349315,4294967295,12,"v_add_f32_e32 v0, v0, v2","",12
310546917344995,4294967295,12,"s_cbranch_execz 28","",12
310546917345035,4294967295,12,"v_add_f32_e32 v0, v0, v2","",12
310546917347315,4294967295,12,"v_add_f32_e32 v0, v0, v2","",12
310546917346955,4294967295,12,"v_add_f32_e32 v0, v0, v2","",12
310546917349995,4294967295,12,"v_add_f32_e32 v0, v0, v2","",12
310546917346915,4294967295,12,"v_add_f32_e32 v0, v0, v2","",12
310546917349795,4294967295,12,"v_add_f32_e32 v0, v0, v2","",12
310546917349795,4294967295,12,"v_add_f32_e32 v0, v0, v2","",12
310546917345715,4294967295,12,"v_add_f32_e32 v0, v0, v2","",12
310546917349835,4294967295,12,"v_add_f32_e32 v0, v0, v2","",12
310546917349795,4294967295,12,"v_add_f32_e32 v0, v0, v2","",12
310546917349995,4294967295,12,"v_add_f32_e32 v0, v0, v2","",12
310546917350035,4294967295,12,"v_add_f32_e32 v0, v0, v2","",12
310546917350035,4294967295,12,"v_add_f32_e32 v0, v0, v2","",12
310546917350555,4294967295,12,"v_add_f32_e32 v0, v0, v2","",12
310546917347875,4294967295,12,"v_add_f32_e32 v0, v0, v2","",12
310546917346075,4294967295,12,"v_add_f32_e32 v0, v0, v2","",12
310546917346155,4294967295,12,"v_add_f32_e32 v0, v0, v2","",12
310546917347915,4294967295,12,"v_add_f32_e32 v0, v0, v2","",12
310546917347915,4294967295,12,"v_add_f32_e32 v0, v0, v2","",12
310546917347355,4294967295,12,"v_add_f32_e32 v0, v0, v2","",12
310546917350595,4294967295,12,"v_add_f32_e32 v0, v0, v2","",12
310546917347355,4294967295,12,"v_add_f32_e32 v0, v0, v2","",12
310546917346835,4294967295,12,"v_add_f32_e32 v0, v0, v2","",12
310546917346835,4294967295,12,"v_add_f32_e32 v0, v0, v2","",12
310546917349835,4294967295,12,"v_add_f32_e32 v0, v0, v2","",12
310546917349835,4294967295,12,"v_add_f32_e32 v0, v0, v2","",12
310546917352115,4294967295,12,"v_add_f32_e32 v0, v0, v2","",12
310546917350595,4294967295,12,"v_add_f32_e32 v0, v0, v2","",12
310546917352835,4294967295,12,"v_add_f32_e32 v0, v0, v2","",12
310546917352915,4294967295,12,"v_add_f32_e32 v0, v0, v2","",12
310546917350595,4294967295,12,"v_add_f32_e32 v0, v0, v2","",12
310546917347195,4294967295,12,"v_add_f32_e32 v0, v0, v2","",12
310546917352115,4294967295,12,"v_add_f32_e32 v0, v0, v2","",12
310546917349315,4294967295,12,"v_add_f32_e32 v0, v0, v2","",12
310546917353475,4294967295,12,"v_add_f32_e32 v0, v0, v2","",12
310546917349355,4294967295,12,"v_add_f32_e32 v0, v0, v2","",12
310546917349355,4294967295,12,"v_add_f32_e32 v0, v0, v2","",12
310546917352835,4294967295,12,"v_add_f32_e32 v0, v0, v2","",12
310546917352915,4294967295,12,"v_add_f32_e32 v0, v0, v2","",12
310546917352955,4294967295,12,"v_add_f32_e32 v0, v0, v2","",12
310546917352955,4294967295,12,"v_add_f32_e32 v0, v0, v2","",12
310546917352955,4294967295,12,"v_add_f32_e32 v0, v0, v2","",12
310546917352875,4294967295,12,"v_add_f32_e32 v0, v0, v2","",12
310546917352875,4294967295,12,"v_add_f32_e32 v0, v0, v2","",12
310546917352955,4294967295,12,"v_add_f32_e32 v0, v0, v2","",12
310546917353475,4294967295,12,"v_add_f32_e32 v0, v0, v2","",12
310546917350035,4294967295,12,"v_add_f32_e32 v0, v0, v2","",12
310546917353075,4294967295,12,"v_add_f32_e32 v0, v0, v2","",12
310546917353075,4294967295,12,"v_add_f32_e32 v0, v0, v2","",12
310546917352115,4294967295,12,"v_add_f32_e32 v0, v0, v2","",12
310546917352115,4294967295,12,"v_add_f32_e32 v0, v0, v2","",12
310546917348555,4294967295,12,"v_add_f32_e32 v0, v0, v2","",12
310546917350035,4294967295,12,"s_load_b128 s[0:3], s[0:1], 0x0","",12
310546917350035,4294967295,12,"v_add_f32_e32 v0, v0, v2","",12
310546917348755,4294967295,12,"v_add_f32_e32 v0, v0, v2","",12
310546917353475,4294967295,12,"v_add_f32_e32 v0, v0, v2","",12
310546917353515,4294967295,12,"v_add_f32_e32 v0, v0, v2","",12
310546917348955,4294967295,12,"v_add_f32_e32 v0, v0, v2","",12
310546917348995,4294967295,12,"v_add_f32_e32 v0, v0, v2","",12
310546917354555,4294967295,12,"v_add_f32_e32 v0, v0, v2","",12
310546917354555,4294967295,12,"v_add_f32_e32 v0, v0, v2","",12
310546917354555,4294967295,12,"v_add_f32_e32 v0, v0, v2","",12
310546917354595,4294967295,12,"v_add_f32_e32 v0, v0, v2","",12
310546917354915,4294967295,12,"v_add_f32_e32 v0, v0, v2","",12
310546917354915,4294967295,12,"v_add_f32_e32 v0, v0, v2","",12
310546917354915,4294967295,12,"v_add_f32_e32 v0, v0, v2","",12
310546917354955,4294967295,12,"v_add_f32_e32 v0, v0, v2","",12
310546917354915,4294967295,12,"v_add_f32_e32 v0, v0, v2","",12
310546917354915,4294967295,12,"v_add_f32_e32 v0, v0, v2","",12
310546917354915,4294967295,12,"v_add_f32_e32 v0, v0, v2","",12
310546917354755,4294967295,12,"v_add_f32_e32 v0, v0, v2","",12
310546917349955,4294967295,12,"v_add_co_u32 v0, vcc_lo, s0, v0","",12
310546917349995,4294967295,12,"v_add_f32_e32 v0, v0, v2","",12
310546917354915,4294967295,12,"v_add_f32_e32 v0, v0, v2","",12
310546917354915,4294967295,12,"v_add_f32_e32 v0, v0, v2","",12
310546917352955,4294967295,12,"v_add_f32_e32 v0, v0, v2","",12
310546917355155,4294967295,12,"v_add_f32_e32 v0, v0, v2","",12
310546917355155,4294967295,12,"v_add_f32_e32 v0, v0, v2","",12
310546917355155,4294967295,12,"v_add_f32_e32 v0, v0, v2","",12
310546917355195,4294967295,12,"v_add_f32_e32 v0, v0, v2","",12
310546917354955,4294967295,12,"v_add_f32_e32 v0, v0, v2","",12
310546917354955,4294967295,12,"v_add_f32_e32 v0, v0, v2","",12
310546917355155,4294967295,12,"v_add_f32_e32 v0, v0, v2","",12
310546917355155,4294967295,12,"v_add_f32_e32 v0, v0, v2","",12
310546917355155,4294967295,12,"v_add_f32_e32 v0, v0, v2","",12
310546917355195,4294967295,12,"v_add_f32_e32 v0, v0, v2","",12
310546917352955,4294967295,12,"v_add_f32_e32 v0, v0, v2","",12
310546917354755,4294967295,12,"v_add_f32_e32 v0, v0, v2","",12
310546917354795,4294967295,12,"v_add_f32_e32 v0, v0, v2","",12
310546917354795,4294967295,12,"v_add_f32_e32 v0, v0, v2","",12
310546917356075,4294967295,12,"v_add_f32_e32 v0, v0, v2","",12
310546917356115,4294967295,12,"v_add_f32_e32 v0, v0, v2","",12
310546917356115,4294967295,12,"v_add_f32_e32 v0, v0, v2","",12
310546917356115,4294967295,12,"v_add_f32_e32 v0, v0, v2","",12
310546917359115,4294967295,12,"v_add_f32_e32 v0, v0, v2","",12
310546917359115,4294967295,12,"v_add_f32_e32 v0, v0, v2","",12
310546917359155,4294967295,12,"v_add_f32_e32 v0, v0, v2","",12
310546917359155,4294967295,12,"v_add_f32_e32 v0, v0, v2","",12
310546918350644,4294967295,14,"v_add_f32_e32 v0, v0, v2","",14
310546918350684,4294967295,14,"v_add_f32_e32 v0, v0, v2","",14
310546918350684,4294967295,14,"v_add_f32_e32 v0, v0, v2","",14
310546918351204,4294967295,14,"v_add_f32_e32 v0, v0, v2","",14
310546918351564,4294967295,14,"v_add_f32_e32 v0, v0, v2","",14
310546918351204,4294967295,14,"v_add_f32_e32 v0, v0, v2","",14
310546918350884,4294967295,14,"v_add_f32_e32 v0, v0, v2","",14
310546918350964,4294967295,14,"v_add_f32_e32 v0, v0, v2","",14
310546918350964,4294967295,14,"v_add_f32_e32 v0, v0, v2","",14
310546918351564,4294967295,14,"v_add_f32_e32 v0, v0, v2","",14
310546918351204,4294967295,14,"v_add_co_u32 v0, vcc_lo, s0, v0","",14
310546918354164,4294967295,14,"v_add_f32_e32 v0, v0, v2","",14
310546918354164,4294967295,14,"v_add_f32_e32 v0, v0, v2","",14
310546918354204,4294967295,14,"v_add_f32_e32 v0, v0, v2","",14
310546918354204,4294967295,14,"v_add_f32_e32 v0, v0, v2","",14
310546918351244,4294967295,14,"s_wait_loadcnt 0x0","",14
310546918351564,4294967295,14,"v_add_co_u32 v0, vcc_lo, s0, v0","",14
310546918351604,4294967295,14,"v_add_f32_e32 v0, v0, v2","",14
310546918353804,4294967295,14,"v_add_f32_e32 v0, v0, v2","",14
310546918353804,4294967295,14,"v_add_f32_e32 v0, v0, v2","",14
310546918353844,4294967295,14,"v_add_f32_e32 v0, v0, v2","",14
310546918354204,4294967295,14,"v_add_f32_e32 v0, v0, v2","",14
310546918355644,4294967295,14,"v_add_f32_e32 v0, v0, v2","",14
310546918355644,4294967295,14,"v_add_f32_e32 v0, v0, v2","",14
310546918355644,4294967295,14,"v_add_f32_e32 v0, v0, v2","",14
310546918355684,4294967295,14,"v_add_f32_e32 v0, v0, v2","",14
310546918355684,4294967295,14,"v_add_f32_e32 v0, v0, v2","",14
310546918354204,4294967295,14,"v_add_f32_e32 v0, v0, v3","",14
310546918354204,4294967295,14,"v_add_f32_e32 v0, v0, v2","",14
310546918354884,4294967295,14,"v_add_f32_e32 v0, v0, v2","",14
310546918354884,4294967295,14,"v_add_f32_e32 v0, v0, v2","",14
310546918354924,4294967295,14,"v_add_f32_e32 v0, v0, v2","",14
310546918354924,4294967295,14,"v_add_f32_e32 v0, v0, v2","",14
310546918354204,4294967295,14,"v_add_f32_e32 v0, v0, v2","",14
310546918355604,4294967295,14,"v_add_f32_e32 v0, v0, v2","",14
310546918355644,4294967295,14,"v_add_f32_e32 v0, v0, v2","",14
310546918355644,4294967295,14,"v_add_f32_e32 v0, v0, v2","",14
310546918355884,4294967295,14,"v_add_f32_e32 v0, v0, v2","",14
310546918355884,4294967295,14,"v_add_f32_e32 v0, v0, v2","",14
310546918356204,4294967295,14,"global_load_b128 v[0:3], v[0:1], off","",14
310546918356204,4294967295,14,"v_add_f32_e32 v0, v0, v2","",14
310546918356244,4294967295,14,"global_load_b128 v[0:3], v[0:1], off","",14
310546918356244,4294967295,14,"v_add_f32_e32 v0, v0, v2","",14
310546918356204,4294967295,14,"v_add_f32_e32 v0, v0, v2","",14
310546918356204,4294967295,14,"v_add_f32_e32 v0, v0, v2","",14
310546918356204,4294967295,14,"v_add_f32_e32 v0, v0, v2","",14
310546918356204,4294967295,14,"v_add_f32_e32 v0, v0, v2","",14
310546918355644,4294967295,14,"v_add_f32_e32 v0, v0, v2","",14
310546918356244,4294967295,14,"s_wait_loadcnt 0x0","",14
310546918355884,4294967295,14,"v_add_f32_e32 v0, v0, v2","",14
310546918355924,4294967295,14,"v_add_f32_e32 v0, v0, v2","",14
310546918355884,4294967295,14,"v_add_f32_e32 v0, v0, v2","",14
310546918355924,4294967295,14,"v_add_f32_e32 v0, v0, v2","",14
310546918355924,4294967295,14,"v_add_f32_e32 v0, v0, v2","",14
310546918355644,4294967295,14,"v_add_f32_e32 v0, v0, v2","",14
310546918355644,4294967295,14,"v_add_f32_e32 v0, v0, v2","",14
310546918355924,4294967295,14,"v_add_f32_e32 v0, v0, v2","",14
310546918356244,4294967295,14,"v_add_f32_e32 v0, v0, v2","",14
310546918356204,4294967295,14,"v_add_f32_e32 v0, v0, v2","",14
310546918356204,4294967295,14,"v_add_f32_e32 v0, v0, v2","",14
310546918356204,4294967295,14,"v_add_f32_e32 v0, v0, v2","",14
310546918356204,4294967295,14,"v_add_f32_e32 v0, v0, v2","",14
310546918356204,4294967295,14,"v_add_f32_e32 v0, v0, v2","",14
310546918356244,4294967295,14,"v_add_f32_e32 v0, v0, v2","",14
310546918356644,4294967295,14,"v_add_f32_e32 v0, v0, v2","",14
310546918356684,4294967295,14,"v_add_f32_e32 v0, v0, v2","",14
310546918356684,4294967295,14,"v_add_f32_e32 v0, v0, v2","",14
310546918356684,4294967295,14,"v_add_f32_e32 v0, v0, v2","",14
310546918356204,4294967295,14,"v_add_f32_e32 v0, v0, v2","",14
310546918356204,4294967295,14,"v_add_f32_e32 v0, v0, v2","",14
310546918356844,4294967295,14,"v_add_f32_e32 v0, v0, v2","",14
310546918356844,4294967295,14,"v_add_f32_e32 v0, v0, v2","",14
310546918356844,4294967295,14,"v_add_f32_e32 v0, v0, v2","",14
310546918356244,4294967295,14,"v_add_f32_e32 v0, v0, v2","",14
310546918353404,4294967295,14,"v_add_f32_e32 v0, v0, v2","",14
310546918356244,4294967295,14,"v_add_f32_e32 v0, v0, v2","",14
310546918358124,4294967295,14,"v_add_f32_e32 v0, v0, v2","",14
310546918358124,4294967295,14,"v_add_f32_e32 v0, v0, v2","",14
310546918358124,4294967295,14,"v_add_f32_e32 v0, v0, v2","",14
310546918358164,4294967295,14,"v_add_f32_e32 v0, v0, v2","",14
310546918353804,4294967295,14,"v_add_f32_e32 v0, v0, v2","",14
310546918358124,4294967295,14,"v_add_f32_e32 v0, v0, v2","",14
310546918358124,4294967295,14,"v_add_f32_e32 v0, v0, v2","",14
310546918358124,4294967295,14,"v_add_f32_e32 v0, v0, v2","",14
310546918358164,4294967295,14,"v_add_f32_e32 v0, v0, v2","",14
310546918360124,4294967295,14,"v_add_f32_e32 v0, v0, v2","",14
310546918360124,4294967295,14,"v_add_f32_e32 v0, v0, v2","",14
310546918360124,4294967295,14,"v_add_f32_e32 v0, v0, v2","",14
310546918359324,4294967295,14,"v_add_f32_e32 v0, v0, v2","",14
310546918359364,4294967295,14,"v_add_f32_e32 v0, v0, v2","",14
310546918359364,4294967295,14,"v_add_f32_e32 v0, v0, v2","",14
310546918359364,4294967295,14,"v_add_f32_e32 v0, v0, v2","",14
310546918360124,4294967295,14,"v_add_f32_e32 v0, v0, v2","",14
310546918360124,4294967295,14,"v_add_f32_e32 v0, v0, v2","",14
310546918360524,4294967295,14,"v_add_f32_e32 v0, v0, v2","",14
310546918360564,4294967295,14,"v_add_f32_e32 v0, v0, v2","",14
310546918360564,4294967295,14,"v_add_f32_e32 v0, v0, v2","",14
310546918360564,4294967295,14,"v_add_f32_e32 v0, v0, v2","",14
310546918362564,4294967295,14,"v_add_f32_e32 v0, v0, v2","",14
310546918362604,4294967295,14,"v_add_f32_e32 v0, v0, v2","",14
310546918362604,4294967295,14,"v_add_f32_e32 v0, v0, v2","",14
310546918362604,4294967295,14,"v_add_f32_e32 v0, v0, v2","",14
310546918364204,4294967295,14,"v_add_f32_e32 v0, v0, v2","",14
310546918364204,4294967295,14,"v_add_f32_e32 v0, v0, v2","",14
310546918364244,4294967295,14,"v_add_f32_e32 v0, v0, v2","",14
310546918364364,4294967295,14,"v_add_f32_e32 v0, v0, v2","",14
310546918364364,4294967295,14,"v_add_f32_e32 v0, v0, v2","",14
310546918364364,4294967295,14,"v_add_f32_e32 v0, v0, v2","",14
310546918364404,4294967295,14,"v_add_f32_e32 v0, v0, v2","",14
310546919353213,4294967295,16,"v_add_f32_e32 v0, v0, v2","",16
310546919353213,4294967295,16,"v_add_f32_e32 v0, v0, v2","",16
310546919353693,4294967295,16,"v_add_f32_e32 v0, v0, v2","",16
310546919353693,4294967295,16,"v_mad_co_u64_u32 v[0:1], null, s4, ttmp9, v[0:1]","",16
310546919353973,4294967295,16,"v_add_f32_e32 v0, v0, v2","",16
310546919355613,4294967295,16,"v_add_f32_e32 v0, v0, v2","",16
310546919354933,4294967295,16,"v_add_f32_e32 v0, v0, v2","",16
310546919354893,4294967295,16,"v_add_f32_e32 v0, v0, v2","",16
310546919354933,4294967295,16,"v_add_f32_e32 v0, v0, v2","",16
310546919354933,4294967295,16,"v_add_f32_e32 v0, v0, v2","",16
310546919356093,4294967295,16,"v_add_f32_e32 v0, v0, v2","",16
310546919356093,4294967295,16,"v_add_f32_e32 v0, v0, v2","",16
310546919353973,4294967295,16,"v_add_f32_e32 v0, v0, v2","",16
310546919356613,4294967295,16,"v_add_f32_e32 v0, v0, v2","",16
310546919356533,4294967295,16,"v_add_f32_e32 v0, v0, v2","",16
310546919356533,4294967295,16,"v_add_f32_e32 v0, v0, v2","",16
310546919353973,4294967295,16,"v_add_co_u32 v0, vcc_lo, s0, v0","",16
310546919356533,4294967295,16,"v_add_f32_e32 v0, v0, v2","",16
310546919354013,4294967295,16,"v_add_f32_e32 v0, v0, v2","",16
310546919358893,4294967295,16,"v_add_f32_e32 v0, v0, v2","",16
310546919356093,4294967295,16,"v_add_f32_e32 v0, v0, v2","",16
310546919356133,4294967295,16,"v_add_f32_e32 v0, v0, v2","",16
310546919355653,4294967295,16,"v_add_f32_e32 v0, v0, v2","",16
310546919355653,4294967295,16,"v_add_f32_e32 v0, v0, v2","",16
310546919358093,4294967295,16,"v_add_f32_e32 v0, v0, v2","",16
310546919358093,4294967295,16,"v_add_f32_e32 v0, v0, v2","",16
310546919358133,4294967295,16,"v_add_f32_e32 v0, v0, v2","",16
310546919355653,4294967295,16,"v_add_f32_e32 v0, v0, v2","",16
310546919358133,4294967295,16,"v_add_f32_e32 v0, v0, v2","",16
310546919358133,4294967295,16,"v_add_f32_e32 v0, v0, v2","",16
310546919358893,4294967295,16,"v_add_f32_e32 v0, v0, v2","",16
310546919358893,4294967295,16,"v_add_f32_e32 v0, v0, v2","",16
310546919358893,4294967295,16,"v_add_f32_e32 v0, v0, v2","",16
310546919358133,4294967295,16,"v_add_f32_e32 v0, v0, v2","",16
310546919358933,4294967295,16,"v_add_f32_e32 v0, v0, v2","",16
310546919358693,4294967295,16,"v_add_f32_e32 v0, v0, v2","",16
310546919358693,4294967295,16,"v_add_f32_e32 v0, v0, v2","",16
310546919358733,4294967295,16,"v_add_f32_e32 v0, v0, v2","",16
310546919358733,4294967295,16,"v_add_f32_e32 v0, v0, v2","",16
310546919359373,4294967295,16,"v_add_f32_e32 v0, v0, v2","",16
310546919359413,4294967295,16,"v_add_f32_e32 v0, v0, v2","",16
310546919359413,4294967295,16,"v_add_f32_e32 v0, v0, v2","",16
310546919360333,4294967295,16,"v_add_f32_e32 v0, v0, v2","",16
310546919360333,4294967295,16,"v_add_f32_e32 v0, v0, v2","",16
310546919360333,4294967295,16,"v_add_f32_e32 v0, v0, v2","",16
310546919359413,4294967295,16,"v_add_f32_e32 v0, v0, v2","",16
310546919356613,4294967295,16,"v_add_f32_e32 v0, v0, v2","",16
310546919360293,4294967295,16,"v_add_f32_e32 v0, v0, v2","",16
310546919359373,4294967295,16,"v_add_f32_e32 v0, v0, v2","",16
310546919359373,4294967295,16,"v_add_f32_e32 v0, v0, v2","",16
310546919359413,4294967295,16,"v_add_f32_e32 v0, v0, v2","",16
310546919359773,4294967295,16,"v_add_f32_e32 v0, v0, v2","",16
310546919359773,4294967295,16,"v_add_f32_e32 v0, v0, v2","",16
310546919359813,4294967295,16,"v_add_f32_e32 v0, v0, v2","",16
310546919359813,4294967295,16,"v_add_f32_e32 v0, v0, v2","",16
310546919360053,4294967295,16,"v_add_f32_e32 v0, v0, v2","",16
310546919360053,4294967295,16,"v_add_f32_e32 v0, v0, v2","",16
310546919360053,4294967295,16,"v_add_f32_e32 v0, v0, v2","",16
310546919360773,4294967295,16,"v_add_f32_e32 v0, v0, v2","",16
310546919360813,4294967295,16,"v_add_f32_e32 v0, v0, v2","",16
310546919360813,4294967295,16,"v_add_f32_e32 v0, v0, v2","",16
310546919360813,4294967295,16,"v_add_f32_e32 v0, v0, v2","",16
310546919361173,4294967295,16,"v_add_f32_e32 v0, v0, v2","",16
310546919356613,4294967295,16,"v_add_f32_e32 v0, v0, v2","",16
310546919356653,4294967295,16,"v_add_f32_e32 v0, v0, v2","",16
310546919361173,4294967295,16,"v_add_f32_e32 v0, v0, v2","",16
310546919361173,4294967295,16,"v_add_f32_e32 v0, v0, v2","",16
310546919361213,4294967295,16,"v_add_f32_e32 v0, v0, v2","",16
310546919361173,4294967295,16,"v_add_f32_e32 v0, v0, v2","",16
310546919361453,4294967295,16,"v_add_f32_e32 v0, v0, v2","",16
310546919361453,4294967295,16,"v_add_f32_e32 v0, v0, v2","",16
310546919361453,4294967295,16,"v_add_f32_e32 v0, v0, v2","",16
310546919361493,4294967295,16,"v_add_f32_e32 v0, v0, v2","",16
310546919361893,4294967295,16,"v_add_f32_e32 v0, v0, v2","",16
310546919361173,4294967295,16,"v_add_f32_e32 v0, v0, v2","",16
310546919361173,4294967295,16,"v_add_f32_e32 v0, v0, v2","",16
310546919360333,4294967295,16,"v_add_f32_e32 v0, v0, v2","",16
310546919361893,4294967295,16,"v_add_f32_e32 v0, v0, v2","",16
310546919361933,4294967295,16,"v_add_f32_e32 v0, v0, v2","",16
310546919361933,4294967295,16,"v_add_f32_e32 v0, v0, v2","",16
310546919360333,4294967295,16,"v_add_f32_e32 v0, v0, v2","",16
310546919358893,4294967295,16,"v_add_f32_e32 v0, v0, v2","",16
310546919362373,4294967295,16,"v_add_f32_e32 v0, v0, v2","",16
310546919362413,4294967295,16,"v_add_f32_e32 v0, v0, v2","",16
310546919362293,4294967295,16,"v_add_f32_e32 v0, v0, v2","",16
310546919362293,4294967295,16,"v_add_f32_e32 v0, v0, v2","",16
310546919362333,4294967295,16,"v_add_f32_e32 v0, v0, v2","",16
310546919362333,4294967295,16,"v_add_f32_e32 v0, v0, v2","",16
310546919358933,4294967295,16,"v_mad_co_u64_u32 v[0:1], null, s4, ttmp9, v[0:1]","",16
310546919358933,4294967295,16,"v_add_f32_e32 v0, v0, v2","",16
310546919363013,4294967295,16,"v_add_f32_e32 v0, v0, v2","",16
310546919363053,4294967295,16,"v_add_f32_e32 v0, v0, v2","",16
310546919363053,4294967295,16,"v_add_f32_e32 v0, v0, v2","",16
310546919363053,4294967295,16,"v_add_f32_e32 v0, v0, v2","",16
310546919362773,4294967295,16,"v_add_f32_e32 v0, v0, v2","",16
310546919362773,4294967295,16,"v_add_f32_e32 v0, v0, v2","",16
310546919362773,4294967295,16,"v_add_f32_e32 v0, v0, v2","",16
310546919363293,4294967295,16,"v_add_f32_e32 v0, v0, v2","",16
310546919363293,4294967295,16,"v_add_f32_e32 v0, v0, v2","",16
310546919363293,4294967295,16,"v_add_f32_e32 v0, v0, v2","",16
310546919363333,4294967295,16,"v_add_f32_e32 v0, v0, v2","",16
310546919363493,4294967295,16,"v_add_f32_e32 v0, v0, v2","",16
310546919363293,4294967295,16,"v_add_f32_e32 v0, v0, v2","",16
310546919363293,4294967295,16,"v_add_f32_e32 v0, v0, v2","",16
310546919363293,4294967295,16,"v_add_f32_e32 v0, v0, v2","",16
310546919363333,4294967295,16,"v_add_f32_e32 v0, v0, v2","",16
310546919363493,4294967295,16,"v_add_f32_e32 v0, v0, v2","",16
310546919363493,4294967295,16,"v_add_f32_e32 v0, v0, v2","",16
310546919363493,4294967295,16,"v_add_f32_e32 v0, v0, v2","",16
310546919366813,4294967295,16,"v_add_f32_e32 v0, v0, v2","",16
310546919366853,4294967295,16,"v_add_f32_e32 v0, v0, v2","",16
310546919366853,4294967295,16,"v_add_f32_e32 v0, v0, v2","",16
310546919366853,4294967295,16,"v_add_f32_e32 v0, v0, v2","",16
310546920356623,4294967295,19,"v_add_f32_e32 v0, v0, v2","",19
310546920356663,4294967295,19,"v_add_f32_e32 v0, v0, v2","",19
310546920358343,4294967295,19,"v_add_f32_e32 v0, v0, v2","",19
310546920356663,4294967295,19,"v_add_f32_e32 v0, v0, v2","",19
310546920357303,4294967295,19,"v_add_f32_e32 v0, v0, v2","",19
310546920357543,4294967295,19,"v_add_f32_e32 v0, v0, v2","",19
310546920357543,4294967295,19,"v_add_f32_e32 v0, v0, v2","",19
310546920357663,4294967295,19,"v_add_f32_e32 v0, v0, v2","",19
310546920358143,4294967295,19,"v_add_f32_e32 v0, v0, v2","",19
310546920358383,4294967295,19,"v_add_f32_e32 v0, v0, v2","",19
310546920358183,4294967295,19,"v_add_f32_e32 v0, v0, v2","",19
310546920358183,4294967295,19,"v_add_f32_e32 v0, v0, v2","",19
310546920358383,4294967295,19,"v_add_f32_e32 v0, v0, v2","",19
310546920357543,4294967295,19,"v_add_f32_e32 v0, v0, v2","",19
310546920358183,4294967295,19,"v_add_f32_e32 v0, v0, v2","",19
310546920357583,4294967295,19,"v_add_f32_e32 v0, v0, v2","",19
310546920360023,4294967295,19,"v_add_f32_e32 v0, v0, v2","",19
310546920358423,4294967295,19,"v_add_f32_e32 v0, v0, v2","",19
310546920359903,4294967295,19,"v_add_f32_e32 v0, v0, v2","",19
310546920358423,4294967295,19,"v_add_f32_e32 v0, v0, v2","",19
310546920360103,4294967295,19,"v_add_f32_e32 v0, v0, v2","",19
310546920360023,4294967295,19,"v_add_f32_e32 v0, v0, v2","",19
310546920360023,4294967295,19,"v_add_f32_e32 v0, v0, v2","",19
310546920360023,4294967295,19,"v_add_f32_e32 v0, v0, v2","",19
310546920360103,4294967295,19,"v_add_f32_e32 v0, v0, v2","",19
310546920358303,4294967295,19,"v_add_f32_e32 v0, v0, v2","",19
310546920360103,4294967295,19,"v_add_f32_e32 v0, v0, v2","",19
310546920360583,4294967295,19,"v_add_f32_e32 v0, v0, v2","",19
310546920360263,4294967295,19,"v_add_f32_e32 v0, v0, v2","",19
310546920358143,4294967295,19,"v_add_f32_e32 v0, v0, v2","",19
310546920361543,4294967295,19,"v_add_f32_e32 v0, v0, v2","",19
310546920358303,4294967295,19,"v_add_f32_e32 v0, v0, v2","",19
310546920362023,4294967295,19,"v_add_f32_e32 v0, v0, v2","",19
310546920360583,4294967295,19,"v_add_f32_e32 v0, v0, v2","",19
310546920360583,4294967295,19,"v_add_f32_e32 v0, v0, v2","",19
310546920360863,4294967295,19,"v_add_f32_e32 v0, v0, v2","",19
310546920362063,4294967295,19,"v_add_f32_e32 v0, v0, v2","",19
310546920361303,4294967295,19,"v_add_f32_e32 v0, v0, v2","",19
310546920361343,4294967295,19,"v_add_f32_e32 v0, v0, v2","",19
310546920361343,4294967295,19,"v_add_f32_e32 v0, v0, v2","",19
310546920361343,4294967295,19,"v_add_f32_e32 v0, v0, v2","",19
310546920360583,4294967295,19,"v_add_f32_e32 v0, v0, v2","",19
310546920362023,4294967295,19,"v_add_f32_e32 v0, v0, v2","",19
310546920359943,4294967295,19,"v_add_f32_e32 v0, v0, v2","",19
310546920362023,4294967295,19,"v_add_f32_e32 v0, v0, v2","",19
310546920363783,4294967295,19,"v_add_f32_e32 v0, v0, v2","",19
310546920359903,4294967295,19,"v_add_f32_e32 v0, v0, v2","",19
310546920359943,4294967295,19,"v_add_f32_e32 v0, v0, v2","",19
310546920359503,4294967295,19,"v_add_f32_e32 v0, v0, v2","",19
310546920359583,4294967295,19,"v_add_f32_e32 v0, v0, v2","",19
310546920359623,4294967295,19,"v_add_f32_e32 v0, v0, v2","",19
310546920363823,4294967295,19,"v_add_f32_e32 v0, v0, v2","",19
310546920363823,4294967295,19,"v_add_f32_e32 v0, v0, v2","",19
310546920361543,4294967295,19,"v_add_f32_e32 v0, v0, v2","",19
310546920361543,4294967295,19,"v_add_f32_e32 v0, v0, v2","",19
310546920363823,4294967295,19,"v_add_f32_e32 v0, v0, v2","",19
310546920361583,4294967295,19,"v_add_f32_e32 v0, v0, v2","",19
310546920365383,4294967295,19,"v_add_f32_e32 v0, v0, v2","",19
310546920365783,4294967295,19,"v_add_f32_e32 v0, v0, v2","",19
310546920365383,4294967295,19,"v_add_f32_e32 v0, v0, v2","",19
310546920366143,4294967295,19,"v_add_f32_e32 v0, v0, v2","",19
310546920366183,4294967295,19,"v_add_f32_e32 v0, v0, v2","",19
310546920366183,4294967295,19,"v_add_f32_e32 v0, v0, v2","",19
310546920366183,4294967295,19,"v_add_f32_e32 v0, v0, v2","",19
310546920365423,4294967295,19,"v_add_f32_e32 v0, v0, v2","",19
310546920365423,4294967295,19,"v_add_f32_e32 v0, v0, v2","",19
310546920365783,4294967295,19,"v_add_f32_e32 v0, v0, v2","",19
310546920365823,4294967295,19,"v_add_f32_e32 v0, v0, v2","",19
310546920365823,4294967295,19,"v_add_f32_e32 v0, v0, v2","",19
310546920365823,4294967295,19,"v_add_f32_e32 v0, v0, v2","",19
310546920365823,4294967295,19,"v_add_f32_e32 v0, v0, v2","",19
310546920365823,4294967295,19,"v_add_f32_e32 v0, v0, v2","",19
310546920365823,4294967295,19,"v_add_f32_e32 v0, v0, v2","",19
310546920367503,4294967295,19,"v_add_f32_e32 v0, v0, v2","",19
310546920366863,4294967295,19,"v_add_f32_e32 v0, v0, v2","",19
310546920366903,4294967295,19,"v_add_f32_e32 v0, v0, v2","",19
310546920366903,4294967295,19,"v_add_f32_e32 v0, v0, v2","",19
310546920366903,4294967295,19,"v_add_f32_e32 v0, v0, v2","",19
310546920367943,4294967295,19,"v_add_f32_e32 v0, v0, v2","",19
310546920367943,4294967295,19,"v_add_f32_e32 v0, v0, v2","",19
310546920367943,4294967295,19,"v_add_f32_e32 v0, v0, v2","",19
310546920367983,4294967295,19,"v_add_f32_e32 v0, v0, v2","",19
310546920367423,4294967295,19,"v_add_f32_e32 v0, v0, v2","",19
310546920367423,4294967295,19,"v_add_f32_e32 v0, v0, v2","",19
310546920367423,4294967295,19,"v_add_f32_e32 v0, v0, v2","",19
310546920367463,4294967295,19,"v_add_f32_e32 v0, v0, v2","",19
310546920368423,4294967295,19,"v_add_f32_e32 v0, v0, v2","",19
310546920368223,4294967295,19,"v_add_f32_e32 v0, v0, v2","",19
310546920368263,4294967295,19,"v_add_f32_e32 v0, v0, v2","",19
310546920368263,4294967295,19,"v_add_f32_e32 v0, v0, v2","",19
310546920368263,4294967295,19,"v_add_f32_e32 v0, v0, v2","",19
310546920363263,4294967295,19,"v_add_f32_e32 v0, v0, v2","",19
310546920363343,4294967295,19,"v_add_f32_e32 v0, v0, v2","",19
310546920363383,4294967295,19,"v_add_f32_e32 v0, v0, v2","",19
310546920368383,4294967295,19,"v_add_f32_e32 v0, v0, v2","",19
310546920368423,4294967295,19,"v_add_f32_e32 v0, v0, v2","",19
310546920368423,4294967295,19,"v_add_f32_e32 v0, v0, v2","",19
310546920368423,4294967295,19,"v_add_f32_e32 v0, v0, v2","",19
310546920368423,4294967295,19,"v_add_f32_e32 v0, v0, v2","",19
310546920369423,4294967295,19,"v_add_f32_e32 v0, v0, v2","",19
310546920369423,4294967295,19,"v_add_f32_e32 v0, v0, v2","",19
310546920369423,4294967295,19,"v_add_f32_e32 v0, v0, v2","",19
310546920369463,4294967295,19,"v_add_f32_e32 v0, v0, v2","",19
310546920367503,4294967295,19,"v_add_f32_e32 v0, v0, v2","",19
310546920367543,4294967295,19,"v_add_f32_e32 v0, v0, v2","",19
310546920367543,4294967295,19,"v_add_f32_e32 v0, v0, v2","",19
310546920369223,4294967295,19,"v_add_f32_e32 v0, v0, v2","",19
310546920369183,4294967295,19,"v_add_f32_e32 v0, v0, v2","",19
310546920369223,4294967295,19,"v_add_f32_e32 v0, v0, v2","",19
310546920369223,4294967295,19,"v_add_f32_e32 v0, v0, v2","",19
310546920368423,4294967295,19,"v_add_f32_e32 v0, v0, v2","",19
310546920368423,4294967295,19,"v_add_f32_e32 v0, v0, v2","",19
310546920369983,4294967295,19,"v_add_f32_e32 v0, v0, v2","",19
310546920369983,4294967295,19,"v_add_f32_e32 v0, v0, v2","",19
310546920369983,4294967295,19,"v_add_f32_e32 v0, v0, v2","",19
310546920369983,4294967295,19,"v_add_f32_e32 v0, v0, v2","",19
310546920370023,4294967295,19,"v_add_f32_e32 v0, v0, v2","",19
310546920370023,4294967295,19,"v_add_f32_e32 v0, v0, v2","",19
310546920369983,4294967295,19,"v_add_f32_e32 v0, v0, v2","",19
310546920370023,4294967295,19,"v_add_f32_e32 v0, v0, v2","",19
310546920370503,4294967295,19,"v_add_f32_e32 v0, v0, v2","",19
310546920370503,4294967295,19,"v_add_f32_e32 v0, v0, v2","",19
310546920370543,4294967295,19,"v_add_f32_e32 v0, v0, v2","",19
310546920370543,4294967295,19,"v_add_f32_e32 v0, v0, v2","",19
310546920373863,4294967295,19,"v_add_f32_e32 v0, v0, v2","",19
310546920373863,4294967295,19,"v_add_f32_e32 v0, v0, v2","",19
310546920373903,4294967295,19,"v_add_f32_e32 v0, v0, v2","",19
310546920373903,4294967295,19,"v_add_f32_e32 v0, v0, v2","",19
310546921362952,4294967295,21,"s_load_b128 s[0:3], s[0:1], 0x0","",21
310546921362952,4294967295,21,"s_cbranch_execz 28","",21
310546921362992,4294967295,21,"s_load_b128 s[0:3], s[0:1], 0x0","",21
310546921362992,4294967295,21,"s_cbranch_execz 28","",21
310546921362952,4294967295,21,"v_add_f32_e32 v0, v0, v2","",21
310546921362992,4294967295,21,"v_add_f32_e32 v0, v0, v2","",21
310546921362952,4294967295,21,"v_add_f32_e32 v0, v0, v2","",21
310546921362952,4294967295,21,"v_add_f32_e32 v0, v0, v2","",21
310546921362992,4294967295,21,"v_add_f32_e32 v0, v0, v2","",21
310546921362992,4294967295,21,"v_add_f32_e32 v0, v0, v2","",21
310546921362992,4294967295,21,"v_add_f32_e32 v0, v0, v2","",21
310546921362992,4294967295,21,"v_add_f32_e32 v0, v0, v2","",21
310546921364152,4294967295,21,"v_add_f32_e32 v0, v0, v2","",21
310546921364152,4294967295,21,"v_add_f32_e32 v0, v0, v2","",21
310546921364152,4294967295,21,"v_add_f32_e32 v0, v0, v2","",21
310546921364152,4294967295,21,"v_add_f32_e32 v0, v0, v2","",21
310546921363872,4294967295,21,"v_add_f32_e32 v0, v0, v2","",21
310546921363872,4294967295,21,"v_add_f32_e32 v0, v0, v2","",21
310546921363872,4294967295,21,"v_add_f32_e32 v0, v0, v2","",21
310546921363912,4294967295,21,"v_add_f32_e32 v0, v0, v2","",21
310546921365792,4294967295,21,"v_add_f32_e32 v0, v0, v2","",21
310546921365792,4294967295,21,"v_add_f32_e32 v0, v0, v2","",21
310546921365792,4294967295,21,"v_add_f32_e32 v0, v0, v2","",21
310546921365832,4294967295,21,"v_add_f32_e32 v0, v0, v2","",21
310546921364432,4294967295,21,"v_add_f32_e32 v0, v0, v2","",21
310546921364432,4294967295,21,"v_add_f32_e32 v0, v0, v2","",21
310546921364432,4294967295,21,"v_add_f32_e32 v0, v0, v2","",21
310546921364472,4294967295,21,"v_add_f32_e32 v0, v0, v2","",21
310546921364952,4294967295,21,"v_add_f32_e32 v0, v0, v2","",21
310546921364952,4294967295,21,"v_add_f32_e32 v0, v0, v2","",21
310546921364992,4294967295,21,"v_add_f32_e32 v0, v0, v2","",21
310546921364992,4294967295,21,"v_add_f32_e32 v0, v0, v2","",21
310546921366592,4294967295,21,"v_add_f32_e32 v0, v0, v2","",21
310546921366592,4294967295,21,"v_add_f32_e32 v0, v0, v2","",21
310546921366592,4294967295,21,"v_add_f32_e32 v0, v0, v2","",21
310546921366592,4294967295,21,"v_add_f32_e32 v0, v0, v2","",21
310546921367552,4294967295,21,"v_add_f32_e32 v0, v0, v2","",21
310546921367552,4294967295,21,"v_add_f32_e32 v0, v0, v2","",21
310546921367592,4294967295,21,"v_add_f32_e32 v0, v0, v2","",21
310546921367592,4294967295,21,"v_add_f32_e32 v0, v0, v2","",21
310546921367832,4294967295,21,"v_add_f32_e32 v0, v0, v2","",21
310546921367832,4294967295,21,"v_add_f32_e32 v0, v0, v2","",21
310546921367832,4294967295,21,"v_add_f32_e32 v0, v0, v2","",21
310546921367832,4294967295,21,"v_add_f32_e32 v0, v0, v2","",21
310546921368672,4294967295,21,"v_add_f32_e32 v0, v0, v2","",21
310546921368672,4294967295,21,"v_add_f32_e32 v0, v0, v2","",21
310546921368672,4294967295,21,"v_add_f32_e32 v0, v0, v2","",21
310546921368672,4294967295,21,"v_add_f32_e32 v0, v0, v2","",21
310546921368952,4294967295,21,"v_add_f32_e32 v0, v0, v2","",21
310546921368952,4294967295,21,"v_add_f32_e32 v0, v0, v2","",21
310546921368952,4294967295,21,"v_add_f32_e32 v0, v0, v2","",21
310546921368992,4294967295,21,"v_add_f32_e32 v0, v0, v2","",21
310546921368672,4294967295,21,"v_add_f32_e32 v0, v0, v2","",21
310546921368672,4294967295,21,"v_add_f32_e32 v0, v0, v2","",21
310546921368672,4294967295,21,"v_add_f32_e32 v0, v0, v2","",21
310546921368672,4294967295,21,"v_add_f32_e32 v0, v0, v2","",21
310546921369032,4294967295,21,"v_add_f32_e32 v0, v0, v2","",21
310546921369032,4294967295,21,"v_add_f32_e32 v0, v0, v2","",21
310546921369072,4294967295,21,"v_add_f32_e32 v0, v0, v2","",21
310546921369072,4294967295,21,"v_add_f32_e32 v0, v0, v2","",21
310546921369712,4294967295,21,"v_add_f32_e32 v0, v0, v2","",21
310546921369752,4294967295,21,"v_add_f32_e32 v0, v0, v2","",21
310546921369752,4294967295,21,"v_add_f32_e32 v0, v0, v2","",21
310546921369752,4294967295,21,"v_add_f32_e32 v0, v0, v2","",21
310546921369032,4294967295,21,"v_add_f32_e32 v0, v0, v2","",21
310546921369032,4294967295,21,"v_add_f32_e32 v0, v0, v2","",21
310546921369072,4294967295,21,"v_add_f32_e32 v0, v0, v2","",21
310546921369072,4294967295,21,"v_add_f32_e32 v0, v0, v2","",21
310546921370392,4294967295,21,"v_add_f32_e32 v0, v0, v2","",21
310546921370392,4294967295,21,"v_add_f32_e32 v0, v0, v2","",21
310546921370392,4294967295,21,"v_add_f32_e32 v0, v0, v2","",21
310546921370392,4294967295,21,"v_add_f32_e32 v0, v0, v2","",21
310546921369912,4294967295,21,"v_add_f32_e32 v0, v0, v2","",21
310546921369912,4294967295,21,"v_add_f32_e32 v0, v0, v2","",21
310546921369912,4294967295,21,"v_add_f32_e32 v0, v0, v2","",21
310546921369952,4294967295,21,"v_add_f32_e32 v0, v0, v2","",21
310546921370512,4294967295,21,"v_add_f32_e32 v0, v0, v2","",21
310546921370552,4294967295,21,"v_add_f32_e32 v0, v0, v2","",21
310546921370552,4294967295,21,"v_add_f32_e32 v0, v0, v2","",21
310546921370552,4294967295,21,"v_add_f32_e32 v0, v0, v2","",21
310546921370752,4294967295,21,"v_add_f32_e32 v0, v0, v2","",21
310546921370792,4294967295,21,"v_add_f32_e32 v0, v0, v2","",21
310546921370792,4294967295,21,"v_add_f32_e32 v0, v0, v2","",21
310546921370792,4294967295,21,"v_add_f32_e32 v0, v0, v2","",21
310546921370392,4294967295,21,"v_add_f32_e32 v0, v0, v2","",21
310546921370392,4294967295,21,"v_add_f32_e32 v0, v0, v2","",21
310546921370392,4294967295,21,"v_add_f32_e32 v0, v0, v2","",21
310546921370392,4294967295,21,"v_add_f32_e32 v0, v0, v2","",21
310546921371152,4294967295,21,"v_add_f32_e32 v0, v0, v2","",21
310546921371152,4294967295,21,"v_add_f32_e32 v0, v0, v2","",21
310546921371152,4294967295,21,"v_add_f32_e32 v0, v0, v2","",21
310546921371152,4294967295,21,"v_add_f32_e32 v0, v0, v2","",21
310546921371152,4294967295,21,"v_add_f32_e32 v0, v0, v2","",21
310546921371152,4294967295,21,"v_add_f32_e32 v0, v0, v2","",21
310546921371152,4294967295,21,"v_add_f32_e32 v0, v0, v2","",21
310546921371152,4294967295,21,"v_add_f32_e32 v0, v0, v2","",21
310546921371792,4294967295,21,"v_add_f32_e32 v0, v0, v2","",21
310546921371832,4294967295,21,"v_add_f32_e32 v0, v0, v2","",21
310546921371832,4294967295,21,"v_add_f32_e32 v0, v0, v2","",21
310546921371832,4294967295,21,"v_add_f32_e32 v0, v0, v2","",21
310546921371952,4294967295,21,"v_add_f32_e32 v0, v0, v2","",21
310546921371992,4294967295,21,"v_add_f32_e32 v0, v0, v2","",21
310546921371992,4294967295,21,"v_add_f32_e32 v0, v0, v2","",21
310546921371992,4294967295,21,"v_add_f32_e32 v0, v0, v2","",21
310546921371992,4294967295,21,"v_add_f32_e32 v0, v0, v2","",21
310546921371992,4294967295,21,"v_add_f32_e32 v0, v0, v2","",21
310546921371992,4294967295,21,"v_add_f32_e32 v0, v0, v2","",21
310546921371992,4294967295,21,"v_add_f32_e32 v0, v0, v2","",21
310546921372032,4294967295,21,"v_add_f32_e32 v0, v0, v2","",21
310546921371992,4294967295,21,"v_add_f32_e32 v0, v0, v2","",21
310546921371992,4294967295,21,"v_add_f32_e32 v0, v0, v2","",21
310546921371992,4294967295,21,"v_add_f32_e32 v0, v0, v2","",21
310546921372872,4294967295,21,"v_add_f32_e32 v0, v0, v2","",21
310546921372872,4294967295,21,"v_add_f32_e32 v0, v0, v2","",21
310546921372872,4294967295,21,"v_add_f32_e32 v0, v0, v2","",21
310546921372912,4294967295,21,"v_add_f32_e32 v0, v0, v2","",21
310546921373112,4294967295,21,"v_add_f32_e32 v0, v0, v2","",21
310546921373152,4294967295,21,"v_add_f32_e32 v0, v0, v2","",21
310546921373152,4294967295,21,"v_add_f32_e32 v0, v0, v2","",21
310546921373152,4294967295,21,"v_add_f32_e32 v0, v0, v2","",21
310546921375192,4294967295,21,"v_add_f32_e32 v0, v0, v2","",21
310546921375192,4294967295,21,"v_add_f32_e32 v0, v0, v2","",21
310546921375232,4294967295,21,"v_add_f32_e32 v0, v0, v2","",21
310546921375232,4294967295,21,"v_add_f32_e32 v0, v0, v2","",21
310546921375792,4294967295,21,"v_add_f32_e32 v0, v0, v2","",21
310546921375792,4294967295,21,"v_add_f32_e32 v0, v0, v2","",21
310546921375832,4294967295,21,"v_add_f32_e32 v0, v0, v2","",21
310546921375832,4294967295,21,"v_add_f32_e32 v0, v0, v2","",21
310546922362681,0,23,"s_endpgm","",23
310546922365001,4294967295,23,"v_add_f32_e32 v0, v0, v2","",23
310546922365401,4294967295,23,"v_add_f32_e32 v0, v0, v2","",23
310546922365401,4294967295,23,"v_add_f32_e32 v0, v0, v2","",23
310546922365441,4294967295,23,"v_add_f32_e32 v0, v0, v2","",23
310546922365441,4294967295,23,"v_add_f32_e32 v0, v0, v2","",23
310546922366161,4294967295,23,"v_add_f32_e32 v0, v0, v2","",23
310546922366161,4294967295,23,"v_add_f32_e32 v0, v0, v2","",23
310546922366161,4294967295,23,"v_add_f32_e32 v0, v0, v2","",23
310546922366161,4294967295,23,"v_add_f32_e32 v0, v0, v2","",23
310546922367201,4294967295,23,"v_add_f32_e32 v0, v0, v2","",23
310546922367241,4294967295,23,"v_add_f32_e32 v0, v0, v2","",23
310546922367241,4294967295,23,"v_add_f32_e32 v0, v0, v2","",23
310546922367241,4294967295,23,"v_add_f32_e32 v0, v0, v2","",23
310546922367241,4294967295,23,"v_add_f32_e32 v0, v0, v2","",23
310546922367442,4294967295,23,"v_add_f32_e32 v0, v0, v2","",23
310546922367442,4294967295,23,"v_add_f32_e32 v0, v0, v2","",23
310546922367482,4294967295,23,"v_add_f32_e32 v0, v0, v2","",23
310546922367482,4294967295,23,"v_add_f32_e32 v0, v0, v2","",23
310546922368482,4294967295,23,"v_add_f32_e32 v0, v0, v2","",23
310546922368482,4294967295,23,"v_add_f32_e32 v0, v0, v2","",23
310546922368802,4294967295,23,"v_add_f32_e32 v0, v0, v2","",23
310546922367522,4294967295,23,"v_add_f32_e32 v0, v0, v2","",23
310546922367562,4294967295,23,"v_add_f32_e32 v0, v0, v2","",23
310546922367562,4294967295,23,"v_add_f32_e32 v0, v0, v2","",23
310546922367562,4294967295,23,"v_add_f32_e32 v0, v0, v2","",23
310546922370922,4294967295,23,"v_add_f32_e32 v0, v0, v2","",23
310546922370922,4294967295,23,"v_add_f32_e32 v0, v0, v2","",23
310546922370922,4294967295,23,"v_add_f32_e32 v0, v0, v2","",23
310546922368482,4294967295,23,"v_add_f32_e32 v0, v0, v2","",23
310546922368482,4294967295,23,"v_add_f32_e32 v0, v0, v2","",23
310546922368482,4294967295,23,"v_add_f32_e32 v0, v0, v2","",23
310546922368482,4294967295,23,"v_add_f32_e32 v0, v0, v2","",23
310546922368482,4294967295,23,"v_add_f32_e32 v0, v0, v2","",23
310546922368522,4294967295,23,"v_add_f32_e32 v0, v0, v2","",23
310546922368802,4294967295,23,"v_add_f32_e32 v0, v0, v2","",23
310546922370882,4294967295,23,"v_add_f32_e32 v0, v0, v2","",23
310546922370882,4294967295,23,"v_add_f32_e32 v0, v0, v2","",23
310546922370882,4294967295,23,"v_add_f32_e32 v0, v0, v2","",23
310546922370882,4294967295,23,"v_add_f32_e32 v0, v0, v2","",23
310546922368802,4294967295,23,"v_add_f32_e32 v0, v0, v2","",23
310546922368842,4294967295,23,"s_clause 0x1","",23
310546922370882,4294967295,23,"v_add_f32_e32 v0, v0, v2","",23
310546922370882,4294967295,23,"v_add_f32_e32 v0, v0, v2","",23
310546922370882,4294967295,23,"v_add_f32_e32 v0, v0, v2","",23
310546922370882,4294967295,23,"v_add_f32_e32 v0, v0, v2","",23
310546922370882,4294967295,23,"v_add_f32_e32 v0, v0, v2","",23
310546922370882,4294967295,23,"v_add_f32_e32 v0, v0, v2","",23
310546922368842,4294967295,23,"v_add_f32_e32 v0, v0, v2","",23
310546922370842,4294967295,23,"v_add_f32_e32 v0, v0, v2","",23
310546922370882,4294967295,23,"v_add_f32_e32 v0, v0, v2","",23
310546922370882,4294967295,23,"v_add_f32_e32 v0, v0, v2","",23
310546922370882,4294967295,23,"v_add_f32_e32 v0, v0, v2","",23
310546922371642,4294967295,23,"v_add_f32_e32 v0, v0, v2","",23
310546922370882,4294967295,23,"v_add_f32_e32 v0, v0, v2","",23
310546922370882,4294967295,23,"v_add_f32_e32 v0, v0, v2","",23
310546922370882,4294967295,23,"v_add_f32_e32 v0, v0, v2","",23
310546922370882,4294967295,23,"v_add_f32_e32 v0, v0, v2","",23
310546922371642,4294967295,23,"v_add_f32_e32 v0, v0, v2","",23
310546922372082,4294967295,23,"v_add_f32_e32 v0, v0, v2","",23
310546922372082,4294967295,23,"v_add_f32_e32 v0, v0, v2","",23
310546922372082,4294967295,23,"v_add_f32_e32 v0, v0, v2","",23
310546922372082,4294967295,23,"v_add_f32_e32 v0, v0, v2","",23
310546922371642,4294967295,23,"v_add_f32_e32 v0, v0, v2","",23
310546922367241,4294967295,23,"v_add_co_u32 v0, vcc_lo, s0, v0","",23
310546922367241,0,23,"s_endpgm","",23
310546922367241,4294967295,23,"v_add_f32_e32 v0, v0, v2","",23
310546922368802,4294967295,23,"v_add_f32_e32 v0, v0, v2","",23
310546922372362,4294967295,23,"v_add_f32_e32 v0, v0, v2","",23
310546922370882,4294967295,23,"s_load_b128 s[0:3], s[0:1], 0x0","",23
310546922372402,4294967295,23,"v_add_f32_e32 v0, v0, v2","",23
310546922370882,4294967295,23,"v_add_f32_e32 v0, v0, v2","",23
310546922372362,4294967295,23,"v_add_f32_e32 v0, v0, v2","",23
310546922372402,4294967295,23,"v_add_f32_e32 v0, v0, v2","",23
310546922372402,4294967295,23,"v_add_f32_e32 v0, v0, v2","",23
310546922372362,4294967295,23,"v_add_f32_e32 v0, v0, v2","",23
310546922372362,4294967295,23,"v_add_f32_e32 v0, v0, v2","",23
310546922372402,4294967295,23,"v_add_f32_e32 v0, v0, v2","",23
310546922372402,4294967295,23,"v_add_f32_e32 v0, v0, v2","",23
310546922372402,4294967295,23,"v_add_f32_e32 v0, v0, v2","",23
310546922372402,4294967295,23,"v_add_f32_e32 v0, v0, v2","",23
310546922372762,4294967295,23,"v_add_f32_e32 v0, v0, v2","",23
310546922372402,4294967295,23,"v_add_f32_e32 v0, v0, v2","",23
310546922372802,4294967295,23,"v_add_f32_e32 v0, v0, v2","",23
310546922372802,4294967295,23,"v_add_f32_e32 v0, v0, v2","",23
310546922372802,4294967295,23,"v_add_f32_e32 v0, v0, v2","",23
310546922373362,4294967295,23,"v_add_f32_e32 v0, v0, v2","",23
310546922373362,4294967295,23,"v_add_f32_e32 v0, v0, v2","",23
310546922373402,4294967295,23,"v_add_f32_e32 v0, v0, v2","",23
310546922373402,4294967295,23,"v_add_f32_e32 v0, v0, v2","",23
310546922372762,4294967295,23,"v_add_f32_e32 v0, v0, v2","",23
310546922372762,4294967295,23,"v_add_f32_e32 v0, v0, v2","",23
310546922372802,4294967295,23,"v_add_f32_e32 v0, v0, v2","",23
310546922372802,4294967295,23,"v_add_f32_e32 v0, v0, v2","",23
310546922373922,4294967295,23,"v_add_f32_e32 v0, v0, v2","",23
310546922373922,4294967295,23,"v_add_f32_e32 v0, v0, v2","",23
310546922373922,4294967295,23,"v_add_f32_e32 v0, v0, v2","",23
310546922373962,4294967295,23,"v_add_f32_e32 v0, v0, v2","",23
310546922374322,4294967295,23,"v_add_f32_e32 v0, v0, v2","",23
310546922374322,4294967295,23,"v_add_f32_e32 v0, v0, v2","",23
310546922374362,4294967295,23,"v_add_f32_e32 v0, v0, v2","",23
310546922374362,4294967295,23,"v_add_f32_e32 v0, v0, v2","",23
310546922369722,4294967295,23,"v_add_f32_e32 v0, v0, v2","",23
310546922369802,4294967295,23,"v_add_f32_e32 v0, v0, v2","",23
310546922375322,4294967295,23,"v_add_f32_e32 v0, v0, v2","",23
310546922375322,4294967295,23,"v_add_f32_e32 v0, v0, v2","",23
310546922375322,4294967295,23,"v_add_f32_e32 v0, v0, v2","",23
310546922375362,4294967295,23,"v_add_f32_e32 v0, v0, v2","",23
310546922375522,4294967295,23,"v_add_f32_e32 v0, v0, v2","",23
310546922375522,4294967295,23,"v_add_f32_e32 v0, v0, v2","",23
310546922375522,4294967295,23,"v_add_f32_e32 v0, v0, v2","",23
310546922375562,4294967295,23,"v_add_f32_e32 v0, v0, v2","",23
310546922375882,4294967295,23,"v_add_f32_e32 v0, v0, v2","",23
310546922375882,4294967295,23,"v_add_f32_e32 v0, v0, v2","",23
310546922375922,4294967295,23,"v_add_f32_e32 v0, v0, v2","",23
310546922375922,4294967295,23,"v_add_f32_e32 v0, v0, v2","",23
310546922377402,4294967295,23,"v_add_f32_e32 v0, v0, v2","",23
310546923368811,4294967295,25,"v_add_f32_e32 v0, v0, v2","",25
310546923368771,4294967295,25,"v_add_f32_e32 v0, v0, v2","",25
310546923368131,4294967295,25,"v_add_f32_e32 v0, v0, v2","",25
310546923368131,4294967295,25,"v_add_f32_e32 v0, v0, v2","",25
310546923368131,4294967295,25,"v_add_f32_e32 v0, v0, v2","",25
310546923368811,4294967295,25,"v_add_f32_e32 v0, v0, v2","",25
310546923368811,4294967295,25,"v_add_f32_e32 v0, v0, v2","",25
310546923370171,4294967295,25,"v_add_f32_e32 v0, v0, v2","",25
310546923370771,4294967295,25,"v_add_f32_e32 v0, v0, v2","",25
310546923370771,4294967295,25,"v_add_f32_e32 v0, v0, v2","",25
310546923371451,4294967295,25,"v_add_f32_e32 v0, v0, v2","",25
310546923371451,4294967295,25,"v_add_f32_e32 v0, v0, v2","",25
310546923371451,4294967295,25,"v_add_f32_e32 v0, v0, v2","",25
310546923370811,4294967295,25,"v_add_f32_e32 v0, v0, v2","",25
310546923372611,4294967295,25,"v_add_f32_e32 v0, v0, v2","",25
310546923372411,4294967295,25,"v_add_f32_e32 v0, v0, v2","",25
310546923372411,4294967295,25,"v_add_f32_e32 v0, v0, v2","",25
310546923372411,4294967295,25,"v_add_f32_e32 v0, v0, v2","",25
310546923372451,4294967295,25,"v_add_f32_e32 v0, v0, v2","",25
310546923372611,4294967295,25,"v_add_f32_e32 v0, v0, v2","",25
310546923373171,4294967295,25,"v_add_f32_e32 v0, v0, v2","",25
310546923373931,4294967295,25,"v_add_f32_e32 v0, v0, v2","",25
310546923372651,4294967295,25,"v_mad_co_u64_u32 v[0:1], null, s4, ttmp9, v[0:1]","",25
310546923373211,4294967295,25,"v_add_f32_e32 v0, v0, v2","",25
310546923373211,4294967295,25,"v_add_f32_e32 v0, v0, v2","",25
310546923372651,4294967295,25,"v_add_f32_e32 v0, v0, v2","",25
310546923373211,4294967295,25,"v_add_f32_e32 v0, v0, v2","",25
310546923373931,4294967295,25,"v_add_f32_e32 v0, v0, v2","",25
310546923373931,4294967295,25,"v_add_f32_e32 v0, v0, v2","",25
310546923373931,4294967295,25,"v_add_f32_e32 v0, v0, v2","",25
310546923373971,4294967295,25,"v_add_f32_e32 v0, v0, v2","",25
310546923373971,4294967295,25,"v_add_f32_e32 v0, v0, v2","",25
310546923373971,4294967295,25,"v_add_f32_e32 v0, v0, v2","",25
310546923374531,4294967295,25,"v_add_f32_e32 v0, v0, v2","",25
310546923373971,4294967295,25,"v_add_f32_e32 v0, v0, v2","",25
310546923373971,4294967295,25,"v_add_f32_e32 v0, v0, v2","",25
310546923373931,4294967295,25,"v_add_f32_e32 v0, v0, v2","",25
310546923373931,4294967295,25,"v_add_f32_e32 v0, v0, v2","",25
310546923373971,4294967295,25,"v_add_f32_e32 v0, v0, v2","",25
310546923373971,4294967295,25,"v_add_f32_e32 v0, v0, v2","",25
310546923373971,4294967295,25,"v_add_f32_e32 v0, v0, v2","",25
310546923374531,4294967295,25,"v_add_f32_e32 v0, v0, v2","",25
310546923373971,4294967295,25,"v_add_f32_e32 v0, v0, v2","",25
310546923374571,4294967295,25,"v_add_f32_e32 v0, v0, v2","",25
310546923373971,4294967295,25,"v_add_f32_e32 v0, v0, v2","",25
310546923370171,0,25,"s_cbranch_execz 6","",25
310546923370171,4294967295,25,"v_add_f32_e32 v0, v0, v2","",25
310546923370211,4294967295,25,"v_add_f32_e32 v0, v0, v2","",25
310546923373971,4294967295,25,"v_add_f32_e32 v0, v0, v2","",25
310546923374571,4294967295,25,"v_add_f32_e32 v0, v0, v2","",25
310546923374571,4294967295,25,"v_add_f32_e32 v0, v0, v2","",25
310546923374571,4294967295,25,"v_add_f32_e32 v0, v0, v2","",25
310546923374571,4294967295,25,"v_add_f32_e32 v0, v0, v2","",25
310546923374571,4294967295,25,"v_add_f32_e32 v0, v0, v2","",25
310546923374571,4294967295,25,"v_add_f32_e32 v0, v0, v2","",25
310546923374571,4294967295,25,"v_add_f32_e32 v0, v0, v2","",25
310546923374531,4294967295,25,"v_add_f32_e32 v0, v0, v2","",25
310546923374571,4294967295,25,"v_add_f32_e32 v0, v0, v2","",25
310546923374531,4294967295,25,"v_add_f32_e32 v0, v0, v2","",25
310546923374571,4294967295,25,"v_add_f32_e32 v0, v0, v2","",25
310546923374571,4294967295,25,"v_add_f32_e32 v0, v0, v2","",25
310546923374571,4294967295,25,"v_add_f32_e32 v0, v0, v2","",25
310546923374571,4294967295,25,"v_add_f32_e32 v0, v0, v2","",25
310546923374571,4294967295,25,"v_add_f32_e32 v0, v0, v2","",25
310546923374531,4294967295,25,"v_add_f32_e32 v0, v0, v2","",25
310546923374611,4294967295,25,"v_add_f32_e32 v0, v0, v2","",25
310546923374611,4294967295,25,"v_add_f32_e32 v0, v0, v2","",25
310546923374611,4294967295,25,"v_add_f32_e32 v0, v0, v2","",25
310546923374531,4294967295,25,"v_add_f32_e32 v0, v0, v2","",25
310546923374571,4294967295,25,"v_add_f32_e32 v0, v0, v2","",25
310546923373971,4294967295,25,"v_cmp_eq_f32_e32 vcc_lo, 0x449a522b, v0","",25
310546923374851,4294967295,25,"v_add_f32_e32 v0, v0, v2","",25
310546923374571,4294967295,25,"v_add_f32_e32 v0, v0, v2","",25
310546923374851,4294967295,25,"v_add_f32_e32 v0, v0, v2","",25
310546923374851,4294967295,25,"v_add_f32_e32 v0, v0, v2","",25
310546923374891,4294967295,25,"v_add_f32_e32 v0, v0, v2","",25
310546923373971,4294967295,25,"v_add_f32_e32 v0, v0, v2","",25
310546923374851,4294967295,25,"v_add_f32_e32 v0, v0, v2","",25
310546923374571,4294967295,25,"v_add_f32_e32 v0, v0, v2","",25
310546923375371,4294967295,25,"v_add_f32_e32 v0, v0, v2","",25
310546923375371,4294967295,25,"v_add_f32_e32 v0, v0, v2","",25
310546923375371,4294967295,25,"v_add_f32_e32 v0, v0, v2","",25
310546923374891,4294967295,25,"v_add_f32_e32 v0, v0, v2","",25
310546923374571,4294967295,25,"v_add_f32_e32 v0, v0, v2","",25
310546923374571,4294967295,25,"v_add_f32_e32 v0, v0, v2","",25
310546923375411,4294967295,25,"v_add_f32_e32 v0, v0, v2","",25
310546923374571,4294967295,25,"v_add_f32_e32 v0, v0, v2","",25
310546923374571,4294967295,25,"v_add_f32_e32 v0, v0, v2","",25
310546923375611,4294967295,25,"v_add_f32_e32 v0, v0, v2","",25
310546923375571,4294967295,25,"v_add_f32_e32 v0, v0, v2","",25
310546923375571,4294967295,25,"v_add_f32_e32 v0, v0, v2","",25
310546923374851,4294967295,25,"v_add_f32_e32 v0, v0, v2","",25
310546923375651,4294967295,25,"v_add_f32_e32 v0, v0, v2","",25
310546923375651,4294967295,25,"v_add_f32_e32 v0, v0, v2","",25
310546923374571,4294967295,25,"v_add_f32_e32 v0, v0, v2","",25
310546923375611,4294967295,25,"v_add_f32_e32 v0, v0, v2","",25
310546923374891,4294967295,25,"v_add_f32_e32 v0, v0, v2","",25
310546923373971,4294967295,25,"v_add_f32_e32 v0, v0, v2","",25
310546923374011,4294967295,25,"v_add_f32_e32 v0, v0, v2","",25
310546923374011,4294967295,25,"s_wait_loadcnt 0x0","",25
310546923374571,4294967295,25,"v_add_f32_e32 v0, v0, v2","",25
310546923374571,4294967295,25,"v_add_f32_e32 v0, v0, v2","",25
310546923374611,4294967295,25,"v_add_f32_e32 v0, v0, v2","",25
310546923374611,4294967295,25,"v_add_f32_e32 v0, v0, v2","",25
310546923374611,4294967295,25,"v_add_f32_e32 v0, v0, v2","",25
310546923378091,4294967295,25,"v_add_f32_e32 v0, v0, v2","",25
310546923378091,4294967295,25,"v_add_f32_e32 v0, v0, v2","",25
310546923378131,4294967295,25,"v_add_f32_e32 v0, v0, v2","",25
310546923374571,4294967295,25,"v_add_f32_e32 v0, v0, v2","",25
310546923374571,4294967295,25,"v_add_f32_e32 v0, v0, v2","",25
310546923378131,4294967295,25,"v_add_f32_e32 v0, v0, v2","",25
310546923379051,4294967295,25,"v_add_f32_e32 v0, v0, v2","",25
310546923379091,4294967295,25,"v_add_f32_e32 v0, v0, v2","",25
310546923379091,4294967295,25,"v_add_f32_e32 v0, v0, v2","",25
310546923379091,4294967295,25,"v_add_f32_e32 v0, v0, v2","",25
310546924370220,4294967295,27,"v_add_f32_e32 v0, v0, v2","",27
310546924370220,4294967295,27,"v_add_f32_e32 v0, v0, v2","",27
310546924370220,0,27,"s_endpgm","",27
310546924370220,4294967295,27,"v_add_f32_e32 v0, v0, v2","",27
310546924370620,4294967295,27,"v_add_f32_e32 v0, v0, v2","",27
310546924370620,4294967295,27,"v_add_f32_e32 v0, v0, v2","",27
310546924370620,4294967295,27,"v_add_f32_e32 v0, v0, v2","",27
310546924371900,4294967295,27,"v_add_f32_e32 v0, v0, v2","",27
310546924371900,4294967295,27,"v_add_f32_e32 v0, v0, v2","",27
310546924371900,4294967295,27,"v_add_f32_e32 v0, v0, v2","",27
310546924371900,4294967295,27,"v_add_f32_e32 v0, v0, v2","",27
310546924373140,4294967295,27,"v_add_f32_e32 v0, v0, v2","",27
310546924372980,4294967295,27,"v_add_f32_e32 v0, v0, v2","",27
310546924373140,4294967295,27,"v_cmp_gt_u64_e32 vcc_lo, s[2:3], v[0:1]","",27
310546924373180,4294967295,27,"v_cmp_gt_u64_e32 vcc_lo, s[2:3], v[0:1]","",27
310546924373180,4294967295,27,"v_add_f32_e32 v0, v0, v2","",27
310546924376460,4294967295,27,"v_add_f32_e32 v0, v0, v2","",27
310546924376460,4294967295,27,"v_add_f32_e32 v0, v0, v2","",27
310546924376460,4294967295,27,"v_add_f32_e32 v0, v0, v2","",27
310546924376460,4294967295,27,"v_add_f32_e32 v0, v0, v2","",27
310546924375300,4294967295,27,"v_add_f32_e32 v0, v0, v2","",27
310546924375220,4294967295,27,"v_add_f32_e32 v0, v0, v2","",27
310546924375700,4294967295,27,"v_add_f32_e32 v0, v0, v2","",27
310546924377340,4294967295,27,"v_add_f32_e32 v0, v0, v2","",27
310546924376820,4294967295,27,"v_add_f32_e32 v0, v0, v2","",27
310546924376860,4294967295,27,"v_add_f32_e32 v0, v0, v2","",27
310546924376860,4294967295,27,"v_add_f32_e32 v0, v0, v2","",27
310546924376860,4294967295,27,"v_add_f32_e32 v0, v0, v2","",27
310546924375460,4294967295,27,"v_add_f32_e32 v0, v0, v2","",27
310546924375460,4294967295,27,"v_add_f32_e32 v0, v0, v2","",27
310546924375500,4294967295,27,"v_add_f32_e32 v0, v0, v2","",27
310546924377340,4294967295,27,"v_add_f32_e32 v0, v0, v2","",27
310546924377340,4294967295,27,"v_add_f32_e32 v0, v0, v2","",27
310546924375500,4294967295,27,"v_add_f32_e32 v0, v0, v2","",27
310546924377380,4294967295,27,"v_add_f32_e32 v0, v0, v2","",27
310546924377380,4294967295,27,"v_add_f32_e32 v0, v0, v2","",27
310546924373020,4294967295,27,"v_add_f32_e32 v0, v0, v2","",27
310546924373020,4294967295,27,"v_add_f32_e32 v0, v0, v2","",27
310546924377740,4294967295,27,"v_add_f32_e32 v0, v0, v2","",27
310546924377780,4294967295,27,"v_add_f32_e32 v0, v0, v2","",27
310546924373020,4294967295,27,"v_add_f32_e32 v0, v0, v2","",27
310546924375300,4294967295,27,"v_add_f32_e32 v0, v0, v2","",27
310546924375340,4294967295,27,"v_add_f32_e32 v0, v0, v2","",27
310546924377860,4294967295,27,"v_add_f32_e32 v0, v0, v2","",27
310546924375340,4294967295,27,"v_add_f32_e32 v0, v0, v2","",27
310546924375700,4294967295,27,"v_add_f32_e32 v0, v0, v2","",27
310546924375700,4294967295,27,"v_add_f32_e32 v0, v0, v2","",27
310546924375700,4294967295,27,"v_add_f32_e32 v0, v0, v2","",27
310546924378620,4294967295,27,"v_add_f32_e32 v0, v0, v2","",27
310546924378620,4294967295,27,"v_add_f32_e32 v0, v0, v2","",27
310546924378060,4294967295,27,"v_add_f32_e32 v0, v0, v2","",27
310546924378060,4294967295,27,"v_add_f32_e32 v0, v0, v2","",27
310546924378100,4294967295,27,"v_add_f32_e32 v0, v0, v2","",27
310546924378580,4294967295,27,"v_add_f32_e32 v0, v0, v2","",27
310546924378580,4294967295,27,"v_add_f32_e32 v0, v0, v2","",27
310546924378620,4294967295,27,"v_add_f32_e32 v0, v0, v2","",27
310546924378620,4294967295,27,"v_add_f32_e32 v0, v0, v2","",27
310546924377380,4294967295,27,"v_add_f32_e32 v0, v0, v2","",27
310546924377860,4294967295,27,"v_add_f32_e32 v0, v0, v2","",27
310546924377860,4294967295,27,"v_add_f32_e32 v0, v0, v2","",27
310546924378580,4294967295,27,"v_add_f32_e32 v0, v0, v2","",27
310546924378740,4294967295,27,"v_add_f32_e32 v0, v0, v2","",27
310546924378740,4294967295,27,"v_add_f32_e32 v0, v0, v2","",27
310546924378780,4294967295,27,"v_add_f32_e32 v0, v0, v2","",27
310546924378780,4294967295,27,"v_add_f32_e32 v0, v0, v2","",27
310546924378740,4294967295,27,"v_add_f32_e32 v0, v0, v2","",27
310546924378740,4294967295,27,"v_add_f32_e32 v0, v0, v2","",27
310546924378740,4294967295,27,"v_add_f32_e32 v0, v0, v2","",27
310546924378780,4294967295,27,"v_add_f32_e32 v0, v0, v2","",27
310546924379100,4294967295,27,"v_add_f32_e32 v0, v0, v2","",27
310546924379100,4294967295,27,"v_add_f32_e32 v0, v0, v2","",27
310546924378580,4294967295,27,"v_add_f32_e32 v0, v0, v2","",27
310546924379100,4294967295,27,"v_add_f32_e32 v0, v0, v2","",27
310546924379100,4294967295,27,"v_add_f32_e32 v0, v0, v2","",27
310546924379140,4294967295,27,"v_add_f32_e32 v0, v0, v2","",27
310546924379140,4294967295,27,"v_add_f32_e32 v0, v0, v2","",27
310546924378620,4294967295,27,"v_add_f32_e32 v0, v0, v2","",27
310546924379380,4294967295,27,"v_add_f32_e32 v0, v0, v2","",27
310546924379380,4294967295,27,"v_add_f32_e32 v0, v0, v2","",27
310546924375220,4294967295,27,"v_add_f32_e32 v0, v0, v2","",27
310546924375260,4294967295,27,"v_add_f32_e32 v0, v0, v2","",27
310546924375260,4294967295,27,"v_add_f32_e32 v0, v0, v2","",27
310546924378620,4294967295,27,"v_add_f32_e32 v0, v0, v2","",27
310546924379380,4294967295,27,"v_add_f32_e32 v0, v0, v2","",27
310546924377380,4294967295,27,"v_add_f32_e32 v0, v0, v2","",27
310546924377380,4294967295,27,"v_add_f32_e32 v0, v0, v2","",27
310546924379380,4294967295,27,"v_add_f32_e32 v0, v0, v2","",27
310546924379380,4294967295,27,"v_add_f32_e32 v0, v0, v2","",27
310546924379380,4294967295,27,"v_add_f32_e32 v0, v0, v2","",27
310546924379260,4294967295,27,"v_add_f32_e32 v0, v0, v2","",27
310546924379300,4294967295,27,"v_add_f32_e32 v0, v0, v2","",27
310546924380100,4294967295,27,"v_add_f32_e32 v0, v0, v2","",27
310546924379700,4294967295,27,"v_add_f32_e32 v0, v0, v2","",27
310546924379700,4294967295,27,"v_add_f32_e32 v0, v0, v2","",27
310546924379700,4294967295,27,"v_add_f32_e32 v0, v0, v2","",27
310546924379380,4294967295,27,"v_add_f32_e32 v0, v0, v2","",27
310546924379380,4294967295,27,"v_add_f32_e32 v0, v0, v2","",27
310546924379380,4294967295,27,"v_add_f32_e32 v0, v0, v2","",27
310546924379420,4294967295,27,"v_add_f32_e32 v0, v0, v2","",27
310546924380100,4294967295,27,"v_add_f32_e32 v0, v0, v2","",27
310546924380100,4294967295,27,"v_add_f32_e32 v0, v0, v2","",27
310546924379700,4294967295,27,"v_add_f32_e32 v0, v0, v2","",27
310546924380580,4294967295,27,"v_add_f32_e32 v0, v0, v2","",27
310546924380580,4294967295,27,"v_add_f32_e32 v0, v0, v2","",27
310546924380580,4294967295,27,"v_add_f32_e32 v0, v0, v2","",27
310546924380580,4294967295,27,"v_add_f32_e32 v0, v0, v2","",27
310546924379300,4294967295,27,"v_add_f32_e32 v0, v0, v2","",27
310546924379300,4294967295,27,"v_add_f32_e32 v0, v0, v2","",27
310546924382500,4294967295,27,"v_add_f32_e32 v0, v0, v2","",27
310546924382500,4294967295,27,"v_add_f32_e32 v0, v0, v2","",27
310546924382500,4294967295,27,"v_add_f32_e32 v0, v0, v2","",27
310546924382540,4294967295,27,"v_add_f32_e32 v0, v0, v2","",27
310546924384540,4294967295,27,"v_add_f32_e32 v0, v0, v2","",27
310546924384540,4294967295,27,"v_add_f32_e32 v0, v0, v2","",27
310546924384540,4294967295,27,"v_add_f32_e32 v0, v0, v2","",27
310546924384540,4294967295,27,"v_add_f32_e32 v0, v0, v2","",27
310546925397830,4294967295,29,"v_add_f32_e32 v0, v0, v2","",29
310546925397870,4294967295,29,"v_add_f32_e32 v0, v0, v2","",29
310546925397470,4294967295,29,"v_add_co_u32 v0, vcc_lo, s0, v0","",29
310546925397510,4294967295,29,"v_add_f32_e32 v0, v0, v2","",29
310546925397510,4294967295,29,"v_add_f32_e32 v0, v0, v2","",29
310546925397510,4294967295,29,"v_add_f32_e32 v0, v0, v2","",29
310546925400110,4294967295,29,"v_add_f32_e32 v0, v0, v2","",29
310546925400110,4294967295,29,"v_add_f32_e32 v0, v0, v2","",29
310546925400110,4294967295,29,"v_add_f32_e32 v0, v0, v2","",29
310546925399670,4294967295,29,"s_cbranch_execz 28","",29
310546925399670,4294967295,29,"v_cmp_gt_u64_e32 vcc_lo, s[2:3], v[0:1]","",29
310546925399670,4294967295,29,"v_add_f32_e32 v0, v0, v2","",29
310546925399710,4294967295,29,"v_cmp_gt_u64_e32 vcc_lo, s[2:3], v[0:1]","",29
310546925399430,4294967295,29,"v_add_f32_e32 v0, v0, v2","",29
310546925399430,4294967295,29,"v_add_f32_e32 v0, v0, v2","",29
310546925399470,4294967295,29,"v_add_f32_e32 v0, v0, v2","",29
310546925399470,4294967295,29,"v_add_f32_e32 v0, v0, v2","",29
310546925400950,4294967295,29,"v_add_f32_e32 v0, v0, v2","",29
310546925400950,4294967295,29,"v_add_f32_e32 v0, v0, v2","",29
310546925400950,4294967295,29,"v_add_f32_e32 v0, v0, v2","",29
310546925400550,4294967295,29,"v_add_co_u32 v0, vcc_lo, s0, v0","",29
310546925400550,4294967295,29,"v_add_co_u32 v0, vcc_lo, s0, v0","",29
310546925400590,4294967295,29,"v_add_f32_e32 v0, v0, v2","",29
310546925400590,4294967295,29,"v_add_f32_e32 v0, v0, v2","",29
310546925401350,4294967295,29,"v_add_f32_e32 v0, v0, v2","",29
310546925401350,4294967295,29,"v_add_f32_e32 v0, v0, v2","",29
310546925401350,4294967295,29,"v_add_f32_e32 v0, v0, v2","",29
310546925401350,4294967295,29,"v_add_f32_e32 v0, v0, v2","",29
310546925401390,4294967295,29,"v_add_f32_e32 v0, v0, v2","",29
310546925401390,4294967295,29,"v_add_f32_e32 v0, v0, v2","",29
310546925401350,4294967295,29,"v_add_f32_e32 v0, v0, v2","",29
310546925401350,4294967295,29,"v_add_f32_e32 v0, v0, v2","",29
310546925401350,4294967295,29,"v_add_f32_e32 v0, v0, v2","",29
310546925401350,4294967295,29,"v_add_f32_e32 v0, v0, v2","",29
310546925401350,4294967295,29,"v_add_f32_e32 v0, v0, v2","",29
310546925401430,4294967295,29,"v_add_f32_e32 v0, v0, v2","",29
310546925401390,4294967295,29,"v_add_f32_e32 v0, v0, v2","",29
310546925401910,4294967295,29,"v_add_f32_e32 v0, v0, v2","",29
310546925401910,4294967295,29,"v_add_f32_e32 v0, v0, v2","",29
310546925401910,4294967295,29,"v_add_f32_e32 v0, v0, v2","",29
310546925401910,4294967295,29,"v_add_f32_e32 v0, v0, v2","",29
310546925401390,4294967295,29,"v_add_f32_e32 v0, v0, v2","",29
310546925401910,4294967295,29,"v_add_f32_e32 v0, v0, v2","",29
310546925401910,4294967295,29,"v_add_f32_e32 v0, v0, v2","",29
310546925401910,4294967295,29,"v_add_f32_e32 v0, v0, v2","",29
310546925401910,4294967295,29,"v_add_f32_e32 v0, v0, v2","",29
310546925401910,4294967295,29,"v_add_f32_e32 v0, v0, v2","",29
310546925401910,4294967295,29,"v_add_f32_e32 v0, v0, v2","",29
310546925401910,4294967295,29,"v_add_f32_e32 v0, v0, v2","",29
310546925401910,0,29,"s_cbranch_execz 6","",29
310546925401910,4294967295,29,"v_add_f32_e32 v0, v0, v2","",29
310546925401910,4294967295,29,"v_add_f32_e32 v0, v0, v2","",29
310546925401950,4294967295,29,"v_add_f32_e32 v0, v0, v2","",29
310546925402150,4294967295,29,"v_add_f32_e32 v0, v0, v2","",29
310546925403230,4294967295,29,"v_add_f32_e32 v0, v0, v2","",29
310546925403230,4294967295,29,"v_add_f32_e32 v0, v0, v2","",29
310546925403230,4294967295,29,"v_add_f32_e32 v0, v0, v2","",29
310546925403270,4294967295,29,"v_add_f32_e32 v0, v0, v2","",29
310546925402150,4294967295,29,"v_add_f32_e32 v0, v0, v2","",29
310546925402150,4294967295,29,"v_add_f32_e32 v0, v0, v2","",29
310546925402190,4294967295,29,"v_add_f32_e32 v0, v0, v2","",29
310546925403430,4294967295,29,"v_add_f32_e32 v0, v0, v2","",29
310546925403470,4294967295,29,"v_add_f32_e32 v0, v0, v2","",29
310546925403470,4294967295,29,"v_add_f32_e32 v0, v0, v2","",29
310546925403470,4294967295,29,"v_add_f32_e32 v0, v0, v2","",29
310546925403230,4294967295,29,"v_add_f32_e32 v0, v0, v2","",29
310546925403230,4294967295,29,"v_add_f32_e32 v0, v0, v2","",29
310546925403230,4294967295,29,"v_add_f32_e32 v0, v0, v2","",29
310546925404150,4294967295,29,"v_add_f32_e32 v0, v0, v2","",29
310546925404150,4294967295,29,"v_add_f32_e32 v0, v0, v2","",29
310546925404150,4294967295,29,"v_add_f32_e32 v0, v0, v2","",29
310546925404150,4294967295,29,"v_add_f32_e32 v0, v0, v2","",29
310546925404150,4294967295,29,"v_add_f32_e32 v0, v0, v2","",29
310546925404150,4294967295,29,"v_add_f32_e32 v0, v0, v2","",29
310546925404750,4294967295,29,"v_add_f32_e32 v0, v0, v2","",29
310546925404750,4294967295,29,"v_add_f32_e32 v0, v0, v2","",29
310546925404750,4294967295,29,"v_add_f32_e32 v0, v0, v2","",29
310546925404790,4294967295,29,"v_add_f32_e32 v0, v0, v2","",29
310546925404750,4294967295,29,"v_add_f32_e32 v0, v0, v2","",29
310546925404750,4294967295,29,"v_add_f32_e32 v0, v0, v2","",29
310546925404750,4294967295,29,"v_add_f32_e32 v0, v0, v2","",29
310546925404790,4294967295,29,"v_add_f32_e32 v0, v0, v2","",29
310546925405830,4294967295,29,"v_add_f32_e32 v0, v0, v2","",29
310546925405830,4294967295,29,"v_add_f32_e32 v0, v0, v2","",29
310546925405870,4294967295,29,"v_add_f32_e32 v0, v0, v2","",29
310546925405870,4294967295,29,"v_add_f32_e32 v0, v0, v2","",29
310546925405430,4294967295,29,"v_add_f32_e32 v0, v0, v2","",29
310546925405430,4294967295,29,"v_add_f32_e32 v0, v0, v2","",29
310546925405470,4294967295,29,"v_add_f32_e32 v0, v0, v2","",29
310546925405470,4294967295,29,"v_add_f32_e32 v0, v0, v2","",29
310546925406430,4294967295,29,"v_add_f32_e32 v0, v0, v2","",29
310546925406430,4294967295,29,"v_add_f32_e32 v0, v0, v2","",29
310546925406470,4294967295,29,"v_add_f32_e32 v0, v0, v2","",29
310546925406470,4294967295,29,"v_add_f32_e32 v0, v0, v2","",29
310546925406950,4294967295,29,"v_add_f32_e32 v0, v0, v2","",29
310546925406950,4294967295,29,"v_add_f32_e32 v0, v0, v2","",29
310546925406630,4294967295,29,"v_add_f32_e32 v0, v0, v2","",29
310546925406670,4294967295,29,"v_add_f32_e32 v0, v0, v2","",29
310546925406670,4294967295,29,"v_add_f32_e32 v0, v0, v2","",29
310546925406670,4294967295,29,"v_add_f32_e32 v0, v0, v2","",29
310546925407950,4294967295,29,"v_add_f32_e32 v0, v0, v2","",29
310546925407950,4294967295,29,"v_add_f32_e32 v0, v0, v2","",29
310546925407990,4294967295,29,"v_add_f32_e32 v0, v0, v2","",29
310546925407990,4294967295,29,"v_add_f32_e32 v0, v0, v2","",29
310546925408830,4294967295,29,"v_add_f32_e32 v0, v0, v2","",29
310546925408830,4294967295,29,"v_add_f32_e32 v0, v0, v2","",29
310546925408830,4294967295,29,"v_add_f32_e32 v0, v0, v2","",29
310546925409150,4294967295,29,"v_add_f32_e32 v0, v0, v2","",29
310546925409190,4294967295,29,"v_add_f32_e32 v0, v0, v2","",29
310546925409190,4294967295,29,"v_add_f32_e32 v0, v0, v2","",29
310546925409190,4294967295,29,"v_add_f32_e32 v0, v0, v2","",29
310546925409590,4294967295,29,"v_add_f32_e32 v0, v0, v2","",29
310546925409630,4294967295,29,"v_add_f32_e32 v0, v0, v2","",29
310546926397199,4294967295,31,"v_add_f32_e32 v0, v0, v2","",31
310546926396079,4294967295,31,"v_add_f32_e32 v0, v0, v2","",31
310546926396959,4294967295,31,"v_add_f32_e32 v0, v0, v2","",31
310546926397159,4294967295,31,"v_add_f32_e32 v0, v0, v2","",31
310546926397279,4294967295,31,"v_add_f32_e32 v0, v0, v2","",31
310546926397479,4294967295,31,"v_add_f32_e32 v0, v0, v2","",31
310546926396959,4294967295,31,"v_add_f32_e32 v0, v0, v2","",31
310546926397719,4294967295,31,"v_add_f32_e32 v0, v0, v2","",31
310546926397719,4294967295,31,"v_add_f32_e32 v0, v0, v2","",31
310546926397719,4294967295,31,"v_add_f32_e32 v0, v0, v2","",31
310546926398359,4294967295,31,"v_add_f32_e32 v0, v0, v2","",31
310546926398359,4294967295,31,"v_add_f32_e32 v0, v0, v2","",31
310546926398359,4294967295,31,"v_add_f32_e32 v0, v0, v2","",31
310546926398919,4294967295,31,"v_add_f32_e32 v0, v0, v2","",31
310546926398919,4294967295,31,"v_add_f32_e32 v0, v0, v2","",31
310546926398919,4294967295,31,"v_add_f32_e32 v0, v0, v2","",31
310546926399039,4294967295,31,"v_add_f32_e32 v0, v0, v2","",31
310546926396079,4294967295,31,"v_add_f32_e32 v0, v0, v2","",31
310546926396159,4294967295,31,"v_add_f32_e32 v0, v0, v2","",31
310546926397199,4294967295,31,"v_add_f32_e32 v0, v0, v2","",31
310546926400919,4294967295,31,"v_add_f32_e32 v0, v0, v2","",31
310546926400919,4294967295,31,"v_add_f32_e32 v0, v0, v2","",31
310546926400959,4294967295,31,"v_add_f32_e32 v0, v0, v2","",31
310546926400959,4294967295,31,"v_add_f32_e32 v0, v0, v2","",31
310546926397199,4294967295,31,"v_add_f32_e32 v0, v0, v2","",31
310546926403679,4294967295,31,"v_add_f32_e32 v0, v0, v2","",31
310546926403679,4294967295,31,"v_add_f32_e32 v0, v0, v2","",31
310546926403719,4294967295,31,"v_add_f32_e32 v0, v0, v2","",31
310546926403719,4294967295,31,"v_add_f32_e32 v0, v0, v2","",31
310546926400639,4294967295,31,"v_add_f32_e32 v0, v0, v2","",31
310546926400639,4294967295,31,"v_add_f32_e32 v0, v0, v2","",31
310546926402639,4294967295,31,"v_add_f32_e32 v0, v0, v2","",31
310546926403119,4294967295,31,"v_add_f32_e32 v0, v0, v2","",31
310546926401679,4294967295,31,"v_add_f32_e32 v0, v0, v2","",31
310546926400999,4294967295,31,"v_add_f32_e32 v0, v0, v2","",31
310546926399079,4294967295,31,"v_add_f32_e32 v0, v0, v2","",31
310546926402639,0,31,"s_cbranch_execz 6","",31
310546926399079,4294967295,31,"v_add_f32_e32 v0, v0, v2","",31
310546926402679,4294967295,31,"v_add_f32_e32 v0, v0, v2","",31
310546926397639,4294967295,31,"v_add_f32_e32 v0, v0, v2","",31
310546926403519,4294967295,31,"v_add_f32_e32 v0, v0, v2","",31
310546926397799,4294967295,31,"v_add_f32_e32 v0, v0, v2","",31
310546926397839,4294967295,31,"v_add_f32_e32 v0, v0, v2","",31
310546926403679,4294967295,31,"v_add_f32_e32 v0, v0, v2","",31
310546926403719,4294967295,31,"v_add_f32_e32 v0, v0, v2","",31
310546926403719,4294967295,31,"v_add_f32_e32 v0, v0, v2","",31
310546926403719,4294967295,31,"v_add_f32_e32 v0, v0, v2","",31
310546926403159,4294967295,31,"v_add_f32_e32 v0, v0, v2","",31
310546926403119,4294967295,31,"v_add_f32_e32 v0, v0, v2","",31
310546926403159,4294967295,31,"v_add_f32_e32 v0, v0, v2","",31
310546926400999,4294967295,31,"v_add_f32_e32 v0, v0, v2","",31
310546926401039,4294967295,31,"v_add_f32_e32 v0, v0, v2","",31
310546926401679,4294967295,31,"v_add_f32_e32 v0, v0, v2","",31
310546926401679,4294967295,31,"v_add_f32_e32 v0, v0, v2","",31
310546926401719,4294967295,31,"v_add_f32_e32 v0, v0, v2","",31
310546926403519,4294967295,31,"v_add_f32_e32 v0, v0, v2","",31
310546926398839,4294967295,31,"v_add_f32_e32 v0, v0, v2","",31
310546926398879,4294967295,31,"v_add_f32_e32 v0, v0, v2","",31
310546926405039,4294967295,31,"v_add_f32_e32 v0, v0, v2","",31
310546926405279,4294967295,31,"v_add_f32_e32 v0, v0, v2","",31
310546926405479,4294967295,31,"v_add_f32_e32 v0, v0, v2","",31
310546926405279,4294967295,31,"v_add_f32_e32 v0, v0, v2","",31
310546926405279,4294967295,31,"v_add_f32_e32 v0, v0, v2","",31
310546926405279,4294967295,31,"v_add_f32_e32 v0, v0, v2","",31
310546926405119,4294967295,31,"v_add_f32_e32 v0, v0, v2","",31
310546926405159,4294967295,31,"v_add_f32_e32 v0, v0, v2","",31
310546926405279,4294967295,31,"v_add_f32_e32 v0, v0, v2","",31
310546926403519,4294967295,31,"v_add_f32_e32 v0, v0, v2","",31
310546926405159,4294967295,31,"v_add_f32_e32 v0, v0, v2","",31
310546926403559,4294967295,31,"v_add_f32_e32 v0, v0, v2","",31
310546926405479,4294967295,31,"v_add_f32_e32 v0, v0, v2","",31
310546926405519,4294967295,31,"v_add_f32_e32 v0, v0, v2","",31
310546926405039,4294967295,31,"v_add_f32_e32 v0, v0, v2","",31
310546926405519,4294967295,31,"v_add_f32_e32 v0, v0, v2","",31
310546926405039,4294967295,31,"v_add_f32_e32 v0, v0, v2","",31
310546926405479,4294967295,31,"v_add_f32_e32 v0, v0, v2","",31
310546926405479,4294967295,31,"v_add_f32_e32 v0, v0, v2","",31
310546926405519,4294967295,31,"v_add_f32_e32 v0, v0, v2","",31
310546926405519,4294967295,31,"v_add_f32_e32 v0, v0, v2","",31
310546926405479,4294967295,31,"v_add_f32_e32 v0, v0, v2","",31
310546926405479,4294967295,31,"v_add_f32_e32 v0, v0, v2","",31
310546926405519,4294967295,31,"v_add_f32_e32 v0, v0, v2","",31
310546926405519,4294967295,31,"v_add_f32_e32 v0, v0, v2","",31
310546926405079,4294967295,31,"v_add_f32_e32 v0, v0, v2","",31
310546926405879,4294967295,31,"v_add_f32_e32 v0, v0, v2","",31
310546926405919,4294967295,31,"v_add_f32_e32 v0, v0, v2","",31
310546926405919,4294967295,31,"v_add_f32_e32 v0, v0, v2","",31
310546926405919,4294967295,31,"v_add_f32_e32 v0, v0, v2","",31
310546926402679,4294967295,31,"v_add_f32_e32 v0, v0, v2","",31
310546926406039,4294967295,31,"v_add_f32_e32 v0, v0, v2","",31
310546926405879,4294967295,31,"v_add_f32_e32 v0, v0, v2","",31
310546926405879,4294967295,31,"v_add_f32_e32 v0, v0, v2","",31
310546926405919,4294967295,31,"s_wait_loadcnt 0x0","",31
310546926405919,4294967295,31,"s_wait_loadcnt 0x0","",31
310546926406039,4294967295,31,"v_add_f32_e32 v0, v0, v2","",31
310546926406039,4294967295,31,"v_add_f32_e32 v0, v0, v2","",31
310546926406079,4294967295,31,"v_add_f32_e32 v0, v0, v2","",31
310546926406199,4294967295,31,"v_add_f32_e32 v0, v0, v2","",31
310546926406239,4294967295,31,"v_add_f32_e32 v0, v0, v2","",31
310546926406239,4294967295,31,"v_add_f32_e32 v0, v0, v2","",31
310546926406239,4294967295,31,"v_add_f32_e32 v0, v0, v2","",31
310546926406799,4294967295,31,"v_add_f32_e32 v0, v0, v2","",31
310546926406799,4294967295,31,"v_add_f32_e32 v0, v0, v2","",31
310546926406799,4294967295,31,"v_add_f32_e32 v0, v0, v2","",31
310546926406839,4294967295,31,"v_add_f32_e32 v0, v0, v2","",31
310546926407639,4294967295,31,"v_add_f32_e32 v0, v0, v2","",31
310546926407639,4294967295,31,"v_add_f32_e32 v0, v0, v2","",31
310546926407639,4294967295,31,"v_add_f32_e32 v0, v0, v2","",31
310546926407679,4294967295,31,"v_add_f32_e32 v0, v0, v2","",31
310546926405319,4294967295,31,"v_add_f32_e32 v0, v0, v2","",31
310546926409159,4294967295,31,"v_add_f32_e32 v0, v0, v2","",31
310546926409159,4294967295,31,"v_add_f32_e32 v0, v0, v2","",31
310546926409159,4294967295,31,"v_add_f32_e32 v0, v0, v2","",31
310546927401609,4294967295,34,"v_add_f32_e32 v0, v0, v2","",34
310546927401649,4294967295,34,"v_add_f32_e32 v0, v0, v2","",34
310546927403329,4294967295,34,"v_add_f32_e32 v0, v0, v2","",34
310546927401649,4294967295,34,"v_add_f32_e32 v0, v0, v2","",34
310546927403089,4294967295,34,"v_add_f32_e32 v0, v0, v2","",34
310546927403489,4294967295,34,"v_add_f32_e32 v0, v0, v2","",34
310546927403489,4294967295,34,"v_add_f32_e32 v0, v0, v2","",34
310546927403529,4294967295,34,"v_add_f32_e32 v0, v0, v2","",34
310546927403529,4294967295,34,"v_add_f32_e32 v0, v0, v2","",34
310546927404169,4294967295,34,"v_add_f32_e32 v0, v0, v2","",34
310546927403769,4294967295,34,"v_add_f32_e32 v0, v0, v2","",34
310546927403809,4294967295,34,"v_add_f32_e32 v0, v0, v2","",34
310546927403809,4294967295,34,"v_add_f32_e32 v0, v0, v2","",34
310546927403809,4294967295,34,"v_add_f32_e32 v0, v0, v2","",34
310546927404209,4294967295,34,"v_add_f32_e32 v0, v0, v2","",34
310546927405129,4294967295,34,"v_add_f32_e32 v0, v0, v2","",34
310546927403929,4294967295,34,"v_add_f32_e32 v0, v0, v2","",34
310546927404089,4294967295,34,"v_add_f32_e32 v0, v0, v2","",34
310546927403969,4294967295,34,"v_add_f32_e32 v0, v0, v2","",34
310546927403969,4294967295,34,"v_add_f32_e32 v0, v0, v2","",34
310546927403969,4294967295,34,"v_add_f32_e32 v0, v0, v2","",34
310546927408809,4294967295,34,"v_add_f32_e32 v0, v0, v2","",34
310546927408849,4294967295,34,"v_add_f32_e32 v0, v0, v2","",34
310546927408849,4294967295,34,"v_add_f32_e32 v0, v0, v2","",34
310546927408849,4294967295,34,"v_add_f32_e32 v0, v0, v2","",34
310546927405529,4294967295,34,"v_add_f32_e32 v0, v0, v2","",34
310546927405529,4294967295,34,"v_add_f32_e32 v0, v0, v2","",34
310546927406209,4294967295,34,"v_add_f32_e32 v0, v0, v2","",34
310546927405529,4294967295,34,"v_add_f32_e32 v0, v0, v2","",34
310546927405569,4294967295,34,"v_add_f32_e32 v0, v0, v2","",34
310546927406209,4294967295,34,"v_add_f32_e32 v0, v0, v2","",34
310546927406209,4294967295,34,"v_add_f32_e32 v0, v0, v2","",34
310546927406249,4294967295,34,"v_add_f32_e32 v0, v0, v2","",34
310546927406409,4294967295,34,"v_add_f32_e32 v0, v0, v2","",34
310546927406409,4294967295,34,"v_add_f32_e32 v0, v0, v2","",34
310546927406449,4294967295,34,"v_add_f32_e32 v0, v0, v2","",34
310546927406449,4294967295,34,"v_add_f32_e32 v0, v0, v2","",34
310546927405129,4294967295,34,"v_add_f32_e32 v0, v0, v2","",34
310546927405129,4294967295,34,"v_add_f32_e32 v0, v0, v2","",34
310546927404129,4294967295,34,"v_add_f32_e32 v0, v0, v2","",34
310546927405129,4294967295,34,"v_add_f32_e32 v0, v0, v2","",34
310546927408809,4294967295,34,"v_add_f32_e32 v0, v0, v2","",34
310546927408849,4294967295,34,"v_add_f32_e32 v0, v0, v2","",34
310546927408849,4294967295,34,"v_add_f32_e32 v0, v0, v2","",34
310546927408849,4294967295,34,"v_add_f32_e32 v0, v0, v2","",34
310546927408809,4294967295,34,"v_add_f32_e32 v0, v0, v2","",34
310546927408809,4294967295,34,"v_add_f32_e32 v0, v0, v2","",34
310546927410009,4294967295,34,"v_add_f32_e32 v0, v0, v2","",34
310546927409849,4294967295,34,"v_add_f32_e32 v0, v0, v2","",34
310546927404209,4294967295,34,"v_add_f32_e32 v0, v0, v2","",34
310546927408849,4294967295,34,"v_add_f32_e32 v0, v0, v2","",34
310546927410009,4294967295,34,"v_add_f32_e32 v0, v0, v2","",34
310546927404009,4294967295,34,"v_add_f32_e32 v0, v0, v2","",34
310546927404089,4294967295,34,"v_add_f32_e32 v0, v0, v2","",34
310546927404169,4294967295,34,"v_add_f32_e32 v0, v0, v2","",34
310546927404249,4294967295,34,"v_add_f32_e32 v0, v0, v2","",34
310546927410009,4294967295,34,"v_add_f32_e32 v0, v0, v2","",34
310546927408809,4294967295,34,"v_add_f32_e32 v0, v0, v2","",34
310546927408849,4294967295,34,"v_add_f32_e32 v0, v0, v2","",34
310546927408849,4294967295,34,"v_add_f32_e32 v0, v0, v2","",34
310546927411089,4294967295,34,"v_add_f32_e32 v0, v0, v2","",34
310546927411049,4294967295,34,"v_add_f32_e32 v0, v0, v2","",34
310546927411049,4294967295,34,"v_add_f32_e32 v0, v0, v2","",34
310546927411049,4294967295,34,"v_add_f32_e32 v0, v0, v2","",34
310546927410009,4294967295,34,"v_add_f32_e32 v0, v0, v2","",34
310546927410329,4294967295,34,"v_add_f32_e32 v0, v0, v2","",34
310546927410369,4294967295,34,"v_add_f32_e32 v0, v0, v2","",34
310546927410369,4294967295,34,"v_add_f32_e32 v0, v0, v2","",34
310546927410369,4294967295,34,"v_add_f32_e32 v0, v0, v2","",34
310546927410009,4294967295,34,"v_add_f32_e32 v0, v0, v2","",34
310546927410009,4294967295,34,"v_add_f32_e32 v0, v0, v2","",34
310546927410009,4294967295,34,"v_add_f32_e32 v0, v0, v2","",34
310546927409849,4294967295,34,"v_add_f32_e32 v0, v0, v2","",34
310546927409849,4294967295,34,"v_add_f32_e32 v0, v0, v2","",34
310546927409889,4294967295,34,"v_add_f32_e32 v0, v0, v2","",34
310546927405609,4294967295,34,"v_add_f32_e32 v0, v0, v2","",34
310546927405649,4294967295,34,"v_add_f32_e32 v0, v0, v2","",34
310546927411649,4294967295,34,"v_add_f32_e32 v0, v0, v2","",34
310546927411649,4294967295,34,"v_add_f32_e32 v0, v0, v2","",34
310546927411649,4294967295,34,"v_add_f32_e32 v0, v0, v2","",34
310546927410009,4294967295,34,"v_add_f32_e32 v0, v0, v2","",34
310546927410009,4294967295,34,"v_add_f32_e32 v0, v0, v2","",34
310546927410009,4294967295,34,"v_add_f32_e32 v0, v0, v2","",34
310546927410049,4294967295,34,"v_add_f32_e32 v0, v0, v2","",34
310546927411689,4294967295,34,"v_add_f32_e32 v0, v0, v2","",34
310546927411729,4294967295,34,"v_add_f32_e32 v0, v0, v2","",34
310546927411729,4294967295,34,"v_add_f32_e32 v0, v0, v2","",34
310546927411769,4294967295,34,"v_add_f32_e32 v0, v0, v2","",34
310546927411769,4294967295,34,"v_add_f32_e32 v0, v0, v2","",34
310546927410009,4294967295,34,"v_add_f32_e32 v0, v0, v2","",34
310546927412049,4294967295,34,"v_add_f32_e32 v0, v0, v2","",34
310546927412089,4294967295,34,"v_add_f32_e32 v0, v0, v2","",34
310546927412089,4294967295,34,"v_add_f32_e32 v0, v0, v2","",34
310546927412089,4294967295,34,"v_add_f32_e32 v0, v0, v2","",34
310546927408849,4294967295,34,"v_add_f32_e32 v0, v0, v2","",34
310546927408849,4294967295,34,"v_add_f32_e32 v0, v0, v2","",34
310546927412369,4294967295,34,"v_add_f32_e32 v0, v0, v2","",34
310546927412369,4294967295,34,"v_add_f32_e32 v0, v0, v2","",34
310546927412409,4294967295,34,"v_add_f32_e32 v0, v0, v2","",34
310546927412409,4294967295,34,"v_add_f32_e32 v0, v0, v2","",34
310546927410009,4294967295,34,"v_add_f32_e32 v0, v0, v2","",34
310546927413049,4294967295,34,"v_add_f32_e32 v0, v0, v2","",34
310546927413049,4294967295,34,"v_add_f32_e32 v0, v0, v2","",34
310546927413049,4294967295,34,"v_add_f32_e32 v0, v0, v2","",34
310546927413049,4294967295,34,"v_add_f32_e32 v0, v0, v2","",34
310546927413049,4294967295,34,"v_add_f32_e32 v0, v0, v2","",34
310546927413049,4294967295,34,"v_add_f32_e32 v0, v0, v2","",34
310546927413089,4294967295,34,"v_add_f32_e32 v0, v0, v2","",34
310546927413169,4294967295,34,"v_add_f32_e32 v0, v0, v2","",34
310546927413209,4294967295,34,"v_add_f32_e32 v0, v0, v2","",34
310546927413209,4294967295,34,"v_add_f32_e32 v0, v0, v2","",34
310546927413209,4294967295,34,"v_add_f32_e32 v0, v0, v2","",34
310546927410009,4294967295,34,"v_add_f32_e32 v0, v0, v2","",34
310546927413089,4294967295,34,"v_add_f32_e32 v0, v0, v2","",34
310546927410009,4294967295,34,"v_add_f32_e32 v0, v0, v2","",34
310546927410049,4294967295,34,"v_add_f32_e32 v0, v0, v2","",34
310546927413409,4294967295,34,"v_add_f32_e32 v0, v0, v2","",34
310546927413409,4294967295,34,"v_add_f32_e32 v0, v0, v2","",34
310546927413449,4294967295,34,"v_add_f32_e32 v0, v0, v2","",34
310546927413449,4294967295,34,"v_add_f32_e32 v0, v0, v2","",34
310546927413809,4294967295,34,"v_add_f32_e32 v0, v0, v2","",34
310546927413809,4294967295,34,"v_add_f32_e32 v0, v0, v2","",34
310546927413809,4294967295,34,"v_add_f32_e32 v0, v0, v2","",34
310546927413849,4294967295,34,"v_add_f32_e32 v0, v0, v2","",34
310546927415569,4294967295,34,"v_add_f32_e32 v0, v0, v2","",34
310546927415569,4294967295,34,"v_add_f32_e32 v0, v0, v2","",34
310546927415609,4294967295,34,"v_add_f32_e32 v0, v0, v2","",34
310546927415609,4294967295,34,"v_add_f32_e32 v0, v0, v2","",34
310546928402818,4294967295,36,"v_add_f32_e32 v0, v0, v2","",36
310546928403218,4294967295,36,"v_add_f32_e32 v0, v0, v2","",36
310546928403218,4294967295,36,"v_add_f32_e32 v0, v0, v2","",36
310546928405658,4294967295,36,"v_add_f32_e32 v0, v0, v2","",36
310546928405618,4294967295,36,"v_add_f32_e32 v0, v0, v2","",36
310546928405618,4294967295,36,"v_add_f32_e32 v0, v0, v2","",36
310546928405618,4294967295,36,"v_add_f32_e32 v0, v0, v2","",36
310546928406178,4294967295,36,"v_add_f32_e32 v0, v0, v2","",36
310546928406178,4294967295,36,"v_add_f32_e32 v0, v0, v2","",36
310546928406178,4294967295,36,"v_add_f32_e32 v0, v0, v2","",36
310546928406178,4294967295,36,"v_add_f32_e32 v0, v0, v2","",36
310546928403698,4294967295,36,"v_add_f32_e32 v0, v0, v2","",36
310546928403858,4294967295,36,"v_add_f32_e32 v0, v0, v2","",36
310546928408258,4294967295,36,"v_add_f32_e32 v0, v0, v2","",36
310546928408258,4294967295,36,"v_add_f32_e32 v0, v0, v2","",36
310546928408778,4294967295,36,"v_add_f32_e32 v0, v0, v2","",36
310546928408778,4294967295,36,"v_add_f32_e32 v0, v0, v2","",36
310546928408778,4294967295,36,"v_add_f32_e32 v0, v0, v2","",36
310546928408778,4294967295,36,"v_add_f32_e32 v0, v0, v2","",36
310546928408778,4294967295,36,"v_add_f32_e32 v0, v0, v2","",36
310546928408818,4294967295,36,"v_add_f32_e32 v0, v0, v2","",36
310546928408298,0,36,"s_endpgm","",36
310546928408618,4294967295,36,"v_add_f32_e32 v0, v0, v2","",36
310546928408778,4294967295,36,"v_add_f32_e32 v0, v0, v2","",36
310546928408818,4294967295,36,"v_add_f32_e32 v0, v0, v2","",36
310546928408818,4294967295,36,"v_add_f32_e32 v0, v0, v2","",36
310546928408818,4294967295,36,"v_add_f32_e32 v0, v0, v2","",36
310546928408298,4294967295,36,"v_add_f32_e32 v0, v0, v2","",36
310546928408778,4294967295,36,"v_add_f32_e32 v0, v0, v2","",36
310546928409578,4294967295,36,"v_add_f32_e32 v0, v0, v2","",36
310546928409578,4294967295,36,"v_add_f32_e32 v0, v0, v2","",36
310546928409618,4294967295,36,"v_add_f32_e32 v0, v0, v2","",36
310546928409618,4294967295,36,"v_add_f32_e32 v0, v0, v2","",36
310546928410578,4294967295,36,"v_add_f32_e32 v0, v0, v2","",36
310546928408778,4294967295,36,"v_add_f32_e32 v0, v0, v2","",36
310546928410658,4294967295,36,"v_add_f32_e32 v0, v0, v2","",36
310546928410658,4294967295,36,"v_add_f32_e32 v0, v0, v2","",36
310546928410738,4294967295,36,"v_add_f32_e32 v0, v0, v2","",36
310546928410738,4294967295,36,"v_add_f32_e32 v0, v0, v2","",36
310546928411018,4294967295,36,"v_add_f32_e32 v0, v0, v2","",36
310546928411018,4294967295,36,"v_add_f32_e32 v0, v0, v2","",36
310546928411018,4294967295,36,"v_add_f32_e32 v0, v0, v2","",36
310546928411018,4294967295,36,"v_add_f32_e32 v0, v0, v2","",36
310546928411298,4294967295,36,"v_add_f32_e32 v0, v0, v2","",36
310546928411338,4294967295,36,"v_add_f32_e32 v0, v0, v2","",36
310546928411338,4294967295,36,"v_add_f32_e32 v0, v0, v2","",36
310546928411338,4294967295,36,"v_add_f32_e32 v0, v0, v2","",36
310546928408658,4294967295,36,"v_add_f32_e32 v0, v0, v2","",36
310546928408658,4294967295,36,"v_add_f32_e32 v0, v0, v2","",36
310546928408658,4294967295,36,"v_add_f32_e32 v0, v0, v2","",36
310546928411578,4294967295,36,"v_add_f32_e32 v0, v0, v2","",36
310546928411578,4294967295,36,"v_add_f32_e32 v0, v0, v2","",36
310546928411578,4294967295,36,"v_add_f32_e32 v0, v0, v2","",36
310546928411618,4294967295,36,"v_add_f32_e32 v0, v0, v2","",36
310546928411578,4294967295,36,"v_add_f32_e32 v0, v0, v2","",36
310546928412058,4294967295,36,"v_add_f32_e32 v0, v0, v2","",36
310546928412058,4294967295,36,"v_add_f32_e32 v0, v0, v2","",36
310546928412098,4294967295,36,"v_add_f32_e32 v0, v0, v2","",36
310546928412098,4294967295,36,"v_add_f32_e32 v0, v0, v2","",36
310546928412618,4294967295,36,"v_add_f32_e32 v0, v0, v2","",36
310546928412618,4294967295,36,"v_add_f32_e32 v0, v0, v2","",36
310546928412618,4294967295,36,"v_add_f32_e32 v0, v0, v2","",36
310546928412298,4294967295,36,"v_add_f32_e32 v0, v0, v2","",36
310546928412298,4294967295,36,"v_add_f32_e32 v0, v0, v2","",36
310546928412338,4294967295,36,"v_add_f32_e32 v0, v0, v2","",36
310546928410578,4294967295,36,"v_add_f32_e32 v0, v0, v2","",36
310546928412618,4294967295,36,"v_add_f32_e32 v0, v0, v2","",36
310546928410618,4294967295,36,"v_add_f32_e32 v0, v0, v2","",36
310546928410618,4294967295,36,"v_add_f32_e32 v0, v0, v2","",36
310546928412338,4294967295,36,"v_add_f32_e32 v0, v0, v2","",36
310546928408818,4294967295,36,"v_add_f32_e32 v0, v0, v2","",36
310546928408818,4294967295,36,"v_add_f32_e32 v0, v0, v2","",36
310546928413258,4294967295,36,"v_add_f32_e32 v0, v0, v2","",36
310546928413298,4294967295,36,"v_add_f32_e32 v0, v0, v2","",36
310546928413298,4294967295,36,"v_add_f32_e32 v0, v0, v2","",36
310546928413298,4294967295,36,"v_add_f32_e32 v0, v0, v2","",36
310546928412938,4294967295,36,"v_add_f32_e32 v0, v0, v2","",36
310546928412938,4294967295,36,"v_add_f32_e32 v0, v0, v2","",36
310546928412938,4294967295,36,"v_add_f32_e32 v0, v0, v2","",36
310546928412938,4294967295,36,"v_add_f32_e32 v0, v0, v2","",36
310546928413378,4294967295,36,"v_add_f32_e32 v0, v0, v2","",36
310546928413378,4294967295,36,"v_add_f32_e32 v0, v0, v2","",36
310546928413378,4294967295,36,"v_add_f32_e32 v0, v0, v2","",36
310546928413378,4294967295,36,"v_add_f32_e32 v0, v0, v2","",36
310546928411578,4294967295,36,"v_add_f32_e32 v0, v0, v2","",36
310546928411578,4294967295,36,"v_add_f32_e32 v0, v0, v2","",36
310546928411618,4294967295,36,"v_add_f32_e32 v0, v0, v2","",36
310546928414218,4294967295,36,"v_add_f32_e32 v0, v0, v2","",36
310546928414218,4294967295,36,"v_add_f32_e32 v0, v0, v2","",36
310546928414218,4294967295,36,"v_add_f32_e32 v0, v0, v2","",36
310546928414258,4294967295,36,"v_add_f32_e32 v0, v0, v2","",36
310546928414618,4294967295,36,"v_add_f32_e32 v0, v0, v2","",36
310546928414618,4294967295,36,"v_add_f32_e32 v0, v0, v2","",36
310546928414618,4294967295,36,"v_add_f32_e32 v0, v0, v2","",36
310546928414618,4294967295,36,"v_add_f32_e32 v0, v0, v2","",36
310546928414218,4294967295,36,"v_add_f32_e32 v0, v0, v2","",36
310546928414218,4294967295,36,"v_add_f32_e32 v0, v0, v2","",36
310546928414218,4294967295,36,"v_add_f32_e32 v0, v0, v2","",36
310546928414258,4294967295,36,"v_add_f32_e32 v0, v0, v2","",36
310546928414618,4294967295,36,"v_add_f32_e32 v0, v0, v2","",36
310546928414618,4294967295,36,"v_add_f32_e32 v0, v0, v2","",36
310546928414618,4294967295,36,"v_add_f32_e32 v0, v0, v2","",36
310546928414658,4294967295,36,"v_add_f32_e32 v0, v0, v2","",36
310546928416298,4294967295,36,"v_add_f32_e32 v0, v0, v2","",36
310546928416298,4294967295,36,"v_add_f32_e32 v0, v0, v2","",36
310546928416298,4294967295,36,"v_add_f32_e32 v0, v0, v2","",36
310546928416298,4294967295,36,"v_add_f32_e32 v0, v0, v2","",36
310546928417298,4294967295,36,"v_add_f32_e32 v0, v0, v2","",36
310546928417298,4294967295,36,"v_add_f32_e32 v0, v0, v2","",36
310546928417298,4294967295,36,"v_add_f32_e32 v0, v0, v2","",36
310546928417778,4294967295,36,"v_add_f32_e32 v0, v0, v2","",36
310546928417778,4294967295,36,"v_add_f32_e32 v0, v0, v2","",36
310546928417778,4294967295,36,"v_add_f32_e32 v0, v0, v2","",36
310546928418938,4294967295,36,"v_add_f32_e32 v0, v0, v2","",36
310546928418938,4294967295,36,"v_add_f32_e32 v0, v0, v2","",36
310546928418938,4294967295,36,"v_add_f32_e32 v0, v0, v2","",36
310546928418458,4294967295,36,"v_add_f32_e32 v0, v0, v2","",36
310546928418458,4294967295,36,"v_add_f32_e32 v0, v0, v2","",36
310546928418458,4294967295,36,"v_add_f32_e32 v0, v0, v2","",36
310546928418498,4294967295,36,"v_add_f32_e32 v0, v0, v2","",36
310546929409427,4294967295,38,"v_add_co_u32 v0, vcc_lo, s0, v0","",38
310546929409427,4294967295,38,"v_add_f32_e32 v0, v0, v2","",38
310546929409547,4294967295,38,"v_add_f32_e32 v0, v0, v2","",38
310546929411067,4294967295,38,"v_add_f32_e32 v0, v0, v2","",38
310546929411067,4294967295,38,"s_and_saveexec_b32 s2, vcc_lo","",38
310546929411107,4294967295,38,"v_add_f32_e32 v0, v0, v2","",38
310546929410547,4294967295,38,"v_add_f32_e32 v0, v0, v2","",38
310546929410587,4294967295,38,"v_add_f32_e32 v0, v0, v2","",38
310546929410587,4294967295,38,"v_add_f32_e32 v0, v0, v2","",38
310546929410587,4294967295,38,"v_add_f32_e32 v0, v0, v2","",38
310546929411067,4294967295,38,"v_add_f32_e32 v0, v0, v2","",38
310546929411147,0,38,"s_endpgm","",38
310546929411147,4294967295,38,"s_load_b128 s[0:3], s[0:1], 0x0","",38
310546929411187,4294967295,38,"v_add_f32_e32 v0, v0, v2","",38
310546929411187,4294967295,38,"v_add_f32_e32 v0, v0, v2","",38
310546929411307,4294967295,38,"v_add_f32_e32 v0, v0, v2","",38
310546929411347,4294967295,38,"v_add_f32_e32 v0, v0, v2","",38
310546929411347,4294967295,38,"v_add_f32_e32 v0, v0, v2","",38
310546929412067,4294967295,38,"v_add_f32_e32 v0, v0, v2","",38
310546929411347,4294967295,38,"v_add_f32_e32 v0, v0, v2","",38
310546929411147,4294967295,38,"v_add_f32_e32 v0, v0, v2","",38
310546929411187,4294967295,38,"v_add_f32_e32 v0, v0, v2","",38
310546929411187,4294967295,38,"v_add_f32_e32 v0, v0, v2","",38
310546929411187,4294967295,38,"v_add_f32_e32 v0, v0, v2","",38
310546929411187,4294967295,38,"v_add_f32_e32 v0, v0, v2","",38
310546929411227,4294967295,38,"v_add_f32_e32 v0, v0, v2","",38
310546929411227,4294967295,38,"v_add_f32_e32 v0, v0, v2","",38
310546929411227,4294967295,38,"v_add_f32_e32 v0, v0, v2","",38
310546929413147,4294967295,38,"v_add_f32_e32 v0, v0, v2","",38
310546929411067,0,38,"s_endpgm","",38
310546929411107,4294967295,38,"v_add_f32_e32 v0, v0, v2","",38
310546929411107,4294967295,38,"v_add_f32_e32 v0, v0, v2","",38
310546929412067,4294967295,38,"v_add_f32_e32 v0, v0, v2","",38
310546929413147,4294967295,38,"v_add_f32_e32 v0, v0, v2","",38
310546929413227,4294967295,38,"v_add_co_u32 v0, vcc_lo, s0, v0","",38
310546929413267,4294967295,38,"v_add_co_u32 v0, vcc_lo, s0, v0","",38
310546929413347,4294967295,38,"v_add_co_u32 v0, vcc_lo, s0, v0","",38
310546929413347,4294967295,38,"v_add_f32_e32 v0, v0, v2","",38
310546929413147,4294967295,38,"v_add_f32_e32 v0, v0, v2","",38
310546929413187,4294967295,38,"v_add_f32_e32 v0, v0, v2","",38
310546929413187,4294967295,38,"v_add_f32_e32 v0, v0, v2","",38
310546929413187,4294967295,38,"v_add_f32_e32 v0, v0, v2","",38
310546929413227,4294967295,38,"v_add_f32_e32 v0, v0, v2","",38
310546929413227,4294967295,38,"v_add_f32_e32 v0, v0, v2","",38
310546929413227,4294967295,38,"v_add_f32_e32 v0, v0, v2","",38
310546929413667,4294967295,38,"v_add_f32_e32 v0, v0, v2","",38
310546929413707,4294967295,38,"v_add_f32_e32 v0, v0, v2","",38
310546929413707,4294967295,38,"v_add_f32_e32 v0, v0, v2","",38
310546929413707,4294967295,38,"v_add_f32_e32 v0, v0, v2","",38
310546929413707,4294967295,38,"v_add_f32_e32 v0, v0, v2","",38
310546929413707,4294967295,38,"v_add_f32_e32 v0, v0, v2","",38
310546929413707,4294967295,38,"v_add_f32_e32 v0, v0, v2","",38
310546929413187,4294967295,38,"v_add_f32_e32 v0, v0, v2","",38
310546929413187,4294967295,38,"v_add_f32_e32 v0, v0, v2","",38
310546929413707,4294967295,38,"v_add_f32_e32 v0, v0, v2","",38
310546929413707,4294967295,38,"v_add_f32_e32 v0, v0, v2","",38
310546929413707,4294967295,38,"v_add_f32_e32 v0, v0, v2","",38
310546929413707,4294967295,38,"v_add_f32_e32 v0, v0, v2","",38
310546929413707,4294967295,38,"v_add_f32_e32 v0, v0, v2","",38
310546929412067,4294967295,38,"v_add_f32_e32 v0, v0, v2","",38
310546929414947,4294967295,38,"v_add_f32_e32 v0, v0, v2","",38
310546929414947,4294967295,38,"v_add_f32_e32 v0, v0, v2","",38
310546929413187,4294967295,38,"v_add_f32_e32 v0, v0, v2","",38
310546929413187,4294967295,38,"v_add_f32_e32 v0, v0, v2","",38
310546929413187,4294967295,38,"v_add_f32_e32 v0, v0, v2","",38
310546929412107,4294967295,38,"v_add_f32_e32 v0, v0, v2","",38
310546929414947,4294967295,38,"v_add_f32_e32 v0, v0, v2","",38
310546929415547,4294967295,38,"s_load_b128 s[0:3], s[0:1], 0x0","",38
310546929415547,4294967295,38,"v_add_f32_e32 v0, v0, v2","",38
310546929415547,0,38,"s_cbranch_execz 6","",38
310546929414987,4294967295,38,"v_add_f32_e32 v0, v0, v2","",38
310546929415587,4294967295,38,"v_add_f32_e32 v0, v0, v2","",38
310546929415547,4294967295,38,"v_add_f32_e32 v0, v0, v2","",38
310546929415547,4294967295,38,"v_add_f32_e32 v0, v0, v2","",38
310546929415547,4294967295,38,"v_add_f32_e32 v0, v0, v2","",38
310546929415547,4294967295,38,"v_add_f32_e32 v0, v0, v2","",38
310546929415547,4294967295,38,"v_add_f32_e32 v0, v0, v2","",38
310546929415547,4294967295,38,"v_add_f32_e32 v0, v0, v2","",38
310546929415547,4294967295,38,"v_add_f32_e32 v0, v0, v2","",38
310546929416667,4294967295,38,"v_add_f32_e32 v0, v0, v2","",38
310546929416707,4294967295,38,"v_add_f32_e32 v0, v0, v2","",38
310546929416707,4294967295,38,"v_add_f32_e32 v0, v0, v2","",38
310546929416707,4294967295,38,"v_add_f32_e32 v0, v0, v2","",38
310546929416827,4294967295,38,"v_add_f32_e32 v0, v0, v2","",38
310546929416827,4294967295,38,"v_add_f32_e32 v0, v0, v2","",38
310546929416867,4294967295,38,"v_add_f32_e32 v0, v0, v2","",38
310546929416867,4294967295,38,"v_add_f32_e32 v0, v0, v2","",38
310546929413187,4294967295,38,"v_add_f32_e32 v0, v0, v2","",38
310546929413187,4294967295,38,"v_add_f32_e32 v0, v0, v2","",38
310546929418667,4294967295,38,"v_add_f32_e32 v0, v0, v2","",38
310546929418667,4294967295,38,"v_add_f32_e32 v0, v0, v2","",38
310546929418667,4294967295,38,"v_add_f32_e32 v0, v0, v2","",38
310546929418707,4294967295,38,"v_add_f32_e32 v0, v0, v2","",38
310546929417547,4294967295,38,"v_add_f32_e32 v0, v0, v2","",38
310546929417547,4294967295,38,"v_add_f32_e32 v0, v0, v2","",38
310546929417547,4294967295,38,"v_add_f32_e32 v0, v0, v2","",38
310546929417547,4294967295,38,"v_add_f32_e32 v0, v0, v2","",38
310546929419067,4294967295,38,"v_add_f32_e32 v0, v0, v2","",38
310546929419067,4294967295,38,"v_add_f32_e32 v0, v0, v2","",38
310546929418667,4294967295,38,"v_add_f32_e32 v0, v0, v2","",38
310546929418667,4294967295,38,"v_add_f32_e32 v0, v0, v2","",38
310546929418707,4294967295,38,"v_add_f32_e32 v0, v0, v2","",38
310546929418707,4294967295,38,"v_add_f32_e32 v0, v0, v2","",38
310546929419107,4294967295,38,"v_add_f32_e32 v0, v0, v2","",38
310546929419107,4294967295,38,"v_add_f32_e32 v0, v0, v2","",38
310546929420947,4294967295,38,"v_add_f32_e32 v0, v0, v2","",38
310546929420947,4294967295,38,"v_add_f32_e32 v0, v0, v2","",38
310546929420947,4294967295,38,"v_add_f32_e32 v0, v0, v2","",38
310546929420987,4294967295,38,"v_add_f32_e32 v0, v0, v2","",38
310546929420307,4294967295,38,"v_add_f32_e32 v0, v0, v2","",38
310546929420307,4294967295,38,"v_add_f32_e32 v0, v0, v2","",38
310546929420307,4294967295,38,"v_add_f32_e32 v0, v0, v2","",38
310546929420347,4294967295,38,"v_add_f32_e32 v0, v0, v2","",38
310546929421627,4294967295,38,"v_add_f32_e32 v0, v0, v2","",38
310546929421627,4294967295,38,"v_add_f32_e32 v0, v0, v2","",38
310546929421627,4294967295,38,"v_add_f32_e32 v0, v0, v2","",38
310546929421667,4294967295,38,"v_add_f32_e32 v0, v0, v2","",38
310546930411077,4294967295,40,"v_add_co_u32 v0, vcc_lo, s0, v0","",40
310546930411077,4294967295,40,"v_add_f32_e32 v0, v0, v2","",40
310546930411797,4294967295,40,"v_add_f32_e32 v0, v0, v2","",40
310546930412597,4294967295,40,"v_add_f32_e32 v0, v0, v2","",40
310546930413037,4294967295,40,"v_add_f32_e32 v0, v0, v2","",40
310546930415357,4294967295,40,"v_add_f32_e32 v0, v0, v2","",40
310546930414957,4294967295,40,"v_add_f32_e32 v0, v0, v2","",40
310546930414997,4294967295,40,"v_add_f32_e32 v0, v0, v2","",40
310546930414997,4294967295,40,"v_add_f32_e32 v0, v0, v2","",40
310546930415397,4294967295,40,"v_add_f32_e32 v0, v0, v2","",40
310546930412637,4294967295,40,"v_add_f32_e32 v0, v0, v2","",40
310546930412637,0,40,"s_endpgm","",40
310546930414997,4294967295,40,"v_add_f32_e32 v0, v0, v2","",40
310546930412637,4294967295,40,"v_add_f32_e32 v0, v0, v2","",40
310546930411837,4294967295,40,"v_add_f32_e32 v0, v0, v2","",40
310546930411837,4294967295,40,"v_add_f32_e32 v0, v0, v2","",40
310546930416237,4294967295,40,"v_add_f32_e32 v0, v0, v2","",40
310546930418077,4294967295,40,"v_add_f32_e32 v0, v0, v2","",40
310546930416237,4294967295,40,"v_add_f32_e32 v0, v0, v2","",40
310546930416237,4294967295,40,"v_add_f32_e32 v0, v0, v2","",40
310546930416277,4294967295,40,"v_add_f32_e32 v0, v0, v2","",40
310546930416677,4294967295,40,"v_add_f32_e32 v0, v0, v2","",40
310546930417517,4294967295,40,"v_add_f32_e32 v0, v0, v2","",40
310546930417517,4294967295,40,"v_add_f32_e32 v0, v0, v2","",40
310546930417557,4294967295,40,"v_add_f32_e32 v0, v0, v2","",40
310546930417557,4294967295,40,"v_add_f32_e32 v0, v0, v2","",40
310546930416477,4294967295,40,"v_add_f32_e32 v0, v0, v2","",40
310546930417117,4294967295,40,"v_add_f32_e32 v0, v0, v2","",40
310546930418117,4294967295,40,"v_add_f32_e32 v0, v0, v2","",40
310546930418117,4294967295,40,"v_add_f32_e32 v0, v0, v2","",40
310546930418117,4294967295,40,"v_add_f32_e32 v0, v0, v2","",40
310546930418397,4294967295,40,"v_add_f32_e32 v0, v0, v2","",40
310546930418397,4294967295,40,"v_add_f32_e32 v0, v0, v2","",40
310546930418397,4294967295,40,"v_add_f32_e32 v0, v0, v2","",40
310546930418437,4294967295,40,"v_add_f32_e32 v0, v0, v2","",40
310546930418717,4294967295,40,"v_add_f32_e32 v0, v0, v2","",40
310546930418717,4294967295,40,"v_add_f32_e32 v0, v0, v2","",40
310546930418717,4294967295,40,"v_add_f32_e32 v0, v0, v2","",40
310546930418757,4294967295,40,"v_add_f32_e32 v0, v0, v2","",40
310546930417117,4294967295,40,"v_add_f32_e32 v0, v0, v2","",40
310546930418877,4294967295,40,"v_add_f32_e32 v0, v0, v2","",40
310546930418877,4294967295,40,"v_add_f32_e32 v0, v0, v2","",40
310546930418917,4294967295,40,"v_add_f32_e32 v0, v0, v2","",40
310546930416477,4294967295,40,"v_add_f32_e32 v0, v0, v2","",40
310546930417837,4294967295,40,"v_add_f32_e32 v0, v0, v2","",40
310546930418877,4294967295,40,"v_add_f32_e32 v0, v0, v2","",40
310546930415397,4294967295,40,"v_add_f32_e32 v0, v0, v2","",40
310546930415397,4294967295,40,"v_add_f32_e32 v0, v0, v2","",40
310546930415397,0,40,"s_cbranch_execz 6","",40
310546930418877,4294967295,40,"v_add_f32_e32 v0, v0, v2","",40
310546930417117,4294967295,40,"v_add_f32_e32 v0, v0, v2","",40
310546930415397,4294967295,40,"v_add_f32_e32 v0, v0, v2","",40
310546930417157,4294967295,40,"v_add_f32_e32 v0, v0, v2","",40
310546930418877,4294967295,40,"v_add_f32_e32 v0, v0, v2","",40
310546930418877,4294967295,40,"v_add_f32_e32 v0, v0, v2","",40
310546930418917,4294967295,40,"v_add_f32_e32 v0, v0, v2","",40
310546930419077,4294967295,40,"v_add_f32_e32 v0, v0, v2","",40
310546930415397,4294967295,40,"v_add_f32_e32 v0, v0, v2","",40
310546930417877,4294967295,40,"v_add_f32_e32 v0, v0, v2","",40
310546930417877,4294967295,40,"v_add_f32_e32 v0, v0, v2","",40
310546930417877,4294967295,40,"v_add_f32_e32 v0, v0, v2","",40
310546930419077,4294967295,40,"v_add_f32_e32 v0, v0, v2","",40
310546930419077,4294967295,40,"v_add_f32_e32 v0, v0, v2","",40
310546930419077,4294967295,40,"v_add_f32_e32 v0, v0, v2","",40
310546930419077,4294967295,40,"v_add_f32_e32 v0, v0, v2","",40
310546930419117,4294967295,40,"v_add_f32_e32 v0, v0, v2","",40
310546930414437,4294967295,40,"v_add_co_u32 v0, vcc_lo, s0, v0","",40
310546930414517,4294967295,40,"v_add_co_u32 v0, vcc_lo, s0, v0","",40
310546930414557,4294967295,40,"v_add_f32_e32 v0, v0, v2","",40
310546930419277,4294967295,40,"v_add_f32_e32 v0, v0, v2","",40
310546930416477,4294967295,40,"v_add_f32_e32 v0, v0, v2","",40
310546930416517,4294967295,40,"v_add_f32_e32 v0, v0, v2","",40
310546930419077,4294967295,40,"v_mad_co_u64_u32 v[0:1], null, s4, ttmp9, v[0:1]","",40
310546930419077,4294967295,40,"v_cmp_gt_u64_e32 vcc_lo, s[2:3], v[0:1]","",40
310546930419557,4294967295,40,"v_add_f32_e32 v0, v0, v2","",40
310546930419117,4294967295,40,"v_add_f32_e32 v0, v0, v2","",40
310546930419557,4294967295,40,"v_add_f32_e32 v0, v0, v2","",40
310546930419557,4294967295,40,"v_add_f32_e32 v0, v0, v2","",40
310546930419597,4294967295,40,"v_add_f32_e32 v0, v0, v2","",40
310546930419597,4294967295,40,"v_add_f32_e32 v0, v0, v2","",40
310546930416717,4294967295,40,"v_add_f32_e32 v0, v0, v2","",40
310546930416717,4294967295,40,"v_add_f32_e32 v0, v0, v2","",40
310546930416717,4294967295,40,"v_add_f32_e32 v0, v0, v2","",40
310546930418877,4294967295,40,"v_add_f32_e32 v0, v0, v2","",40
310546930418917,4294967295,40,"v_add_f32_e32 v0, v0, v2","",40
310546930419277,4294967295,40,"v_add_f32_e32 v0, v0, v2","",40
310546930419277,4294967295,40,"v_add_f32_e32 v0, v0, v2","",40
310546930419317,4294967295,40,"v_add_f32_e32 v0, v0, v2","",40
310546930420477,4294967295,40,"v_add_f32_e32 v0, v0, v2","",40
310546930420517,4294967295,40,"v_add_f32_e32 v0, v0, v2","",40
310546930420517,4294967295,40,"v_add_f32_e32 v0, v0, v2","",40
310546930420517,4294967295,40,"v_add_f32_e32 v0, v0, v2","",40
310546930419557,4294967295,40,"v_add_f32_e32 v0, v0, v2","",40
310546930419557,4294967295,40,"v_add_f32_e32 v0, v0, v2","",40
310546930419597,4294967295,40,"v_add_f32_e32 v0, v0, v2","",40
310546930418877,4294967295,40,"v_add_f32_e32 v0, v0, v2","",40
310546930418917,4294967295,40,"v_add_f32_e32 v0, v0, v2","",40
310546930418917,4294967295,40,"v_add_f32_e32 v0, v0, v2","",40
310546930421157,4294967295,40,"v_add_f32_e32 v0, v0, v2","",40
310546930421037,4294967295,40,"v_add_f32_e32 v0, v0, v2","",40
310546930421077,4294967295,40,"v_add_f32_e32 v0, v0, v2","",40
310546930421077,4294967295,40,"v_add_f32_e32 v0, v0, v2","",40
310546930421077,4294967295,40,"v_add_f32_e32 v0, v0, v2","",40
310546930419077,4294967295,40,"v_add_f32_e32 v0, v0, v2","",40
310546930419077,4294967295,40,"v_add_f32_e32 v0, v0, v2","",40
310546930419117,4294967295,40,"v_add_f32_e32 v0, v0, v2","",40
310546930421157,4294967295,40,"v_add_f32_e32 v0, v0, v2","",40
310546930421157,4294967295,40,"v_add_f32_e32 v0, v0, v2","",40
310546930421157,4294967295,40,"v_add_f32_e32 v0, v0, v2","",40
310546930422077,4294967295,40,"v_add_f32_e32 v0, v0, v2","",40
310546930422117,4294967295,40,"v_add_f32_e32 v0, v0, v2","",40
310546930422117,4294967295,40,"v_add_f32_e32 v0, v0, v2","",40
310546930423557,4294967295,40,"v_add_f32_e32 v0, v0, v2","",40
310546930423597,4294967295,40,"v_add_f32_e32 v0, v0, v2","",40
310546930423597,4294967295,40,"v_add_f32_e32 v0, v0, v2","",40
310546930423597,4294967295,40,"v_add_f32_e32 v0, v0, v2","",40
310546930424797,4294967295,40,"v_add_f32_e32 v0, v0, v2","",40
310546930424837,4294967295,40,"v_add_f32_e32 v0, v0, v2","",40
310546930424837,4294967295,40,"v_add_f32_e32 v0, v0, v2","",40
310546930424837,4294967295,40,"v_add_f32_e32 v0, v0, v2","",40
310546931414326,4294967295,42,"v_add_f32_e32 v0, v0, v2","",42
310546931414686,4294967295,42,"v_add_f32_e32 v0, v0, v2","",42
310546931414966,4294967295,42,"v_add_f32_e32 v0, v0, v2","",42
310546931415086,4294967295,42,"v_add_f32_e32 v0, v0, v2","",42
310546931415206,4294967295,42,"v_add_f32_e32 v0, v0, v2","",42
310546931415566,4294967295,42,"v_add_f32_e32 v0, v0, v2","",42
310546931415086,4294967295,42,"v_add_f32_e32 v0, v0, v2","",42
310546931415086,4294967295,42,"v_add_f32_e32 v0, v0, v2","",42
310546931415086,4294967295,42,"v_add_f32_e32 v0, v0, v2","",42
310546931416446,4294967295,42,"v_add_f32_e32 v0, v0, v2","",42
310546931416366,4294967295,42,"v_add_f32_e32 v0, v0, v2","",42
310546931414966,4294967295,42,"v_add_f32_e32 v0, v0, v2","",42
310546931416526,4294967295,42,"v_add_f32_e32 v0, v0, v2","",42
310546931415566,4294967295,42,"v_add_f32_e32 v0, v0, v2","",42
310546931414366,4294967295,42,"v_add_f32_e32 v0, v0, v2","",42
310546931419646,4294967295,42,"v_add_f32_e32 v0, v0, v2","",42
310546931415006,4294967295,42,"v_add_f32_e32 v0, v0, v2","",42
310546931420406,4294967295,42,"v_add_f32_e32 v0, v0, v2","",42
310546931415006,4294967295,42,"v_add_f32_e32 v0, v0, v2","",42
310546931420406,4294967295,42,"v_add_f32_e32 v0, v0, v3","",42
310546931420406,4294967295,42,"v_mad_co_u64_u32 v[0:1], null, s4, ttmp9, v[0:1]","",42
310546931420406,4294967295,42,"v_add_f32_e32 v0, v0, v2","",42
310546931420806,4294967295,42,"v_add_f32_e32 v0, v0, v2","",42
310546931421086,4294967295,42,"v_add_f32_e32 v0, v0, v2","",42
310546931420606,4294967295,42,"v_add_f32_e32 v0, v0, v2","",42
310546931415246,4294967295,42,"v_add_f32_e32 v0, v0, v2","",42
310546931421326,4294967295,42,"v_add_f32_e32 v0, v0, v2","",42
310546931415206,4294967295,42,"v_add_f32_e32 v0, v0, v2","",42
310546931415286,4294967295,42,"v_add_f32_e32 v0, v0, v2","",42
310546931421886,4294967295,42,"v_add_f32_e32 v0, v0, v2","",42
310546931420406,4294967295,42,"v_add_f32_e32 v0, v0, v2","",42
310546931419646,4294967295,42,"v_add_f32_e32 v0, v0, v2","",42
310546931421286,4294967295,42,"v_add_f32_e32 v0, v0, v2","",42
310546931420966,4294967295,42,"v_add_f32_e32 v0, v0, v2","",42
310546931416446,4294967295,42,"v_add_f32_e32 v0, v0, v2","",42
310546931421326,4294967295,42,"v_add_f32_e32 v0, v0, v2","",42
310546931419686,4294967295,42,"v_add_f32_e32 v0, v0, v2","",42
310546931420406,4294967295,42,"v_add_f32_e32 v0, v0, v2","",42
310546931419686,4294967295,42,"v_add_f32_e32 v0, v0, v2","",42
310546931416006,4294967295,42,"v_add_f32_e32 v0, v0, v2","",42
310546931416486,4294967295,42,"v_add_f32_e32 v0, v0, v2","",42
310546931416486,4294967295,42,"v_add_f32_e32 v0, v0, v2","",42
310546931420446,4294967295,42,"v_add_f32_e32 v0, v0, v2","",42
310546931416286,4294967295,42,"v_add_f32_e32 v0, v0, v2","",42
310546931421326,4294967295,42,"v_add_f32_e32 v0, v0, v2","",42
310546931421086,4294967295,42,"v_add_f32_e32 v0, v0, v2","",42
310546931416526,4294967295,42,"v_add_f32_e32 v0, v0, v2","",42
310546931423206,4294967295,42,"v_add_f32_e32 v0, v0, v2","",42
310546931423246,4294967295,42,"v_add_f32_e32 v0, v0, v2","",42
310546931423246,4294967295,42,"v_add_f32_e32 v0, v0, v2","",42
310546931423246,4294967295,42,"v_add_f32_e32 v0, v0, v2","",42
310546931416846,4294967295,42,"v_add_f32_e32 v0, v0, v2","",42
310546931421326,4294967295,42,"v_add_f32_e32 v0, v0, v2","",42
310546931421326,4294967295,42,"v_add_f32_e32 v0, v0, v2","",42
310546931422766,4294967295,42,"v_add_f32_e32 v0, v0, v2","",42
310546931422526,4294967295,42,"v_add_f32_e32 v0, v0, v2","",42
310546931417206,4294967295,42,"v_add_f32_e32 v0, v0, v2","",42
310546931421326,4294967295,42,"v_add_f32_e32 v0, v0, v2","",42
310546931421326,4294967295,42,"v_add_f32_e32 v0, v0, v2","",42
310546931423206,4294967295,42,"v_add_f32_e32 v0, v0, v2","",42
310546931423206,4294967295,42,"v_add_f32_e32 v0, v0, v2","",42
310546931423246,4294967295,42,"v_add_f32_e32 v0, v0, v2","",42
310546931423286,4294967295,42,"v_add_f32_e32 v0, v0, v2","",42
310546931422766,4294967295,42,"v_add_f32_e32 v0, v0, v2","",42
310546931421326,4294967295,42,"v_add_f32_e32 v0, v0, v2","",42
310546931423246,4294967295,42,"v_add_f32_e32 v0, v0, v2","",42
310546931417846,4294967295,42,"v_add_f32_e32 v0, v0, v2","",42
310546931422526,4294967295,42,"v_add_f32_e32 v0, v0, v2","",42
310546931422566,4294967295,42,"v_add_f32_e32 v0, v0, v2","",42
310546931422566,4294967295,42,"v_add_f32_e32 v0, v0, v2","",42
310546931422806,4294967295,42,"v_add_f32_e32 v0, v0, v2","",42
310546931418166,4294967295,42,"v_add_f32_e32 v0, v0, v2","",42
310546931418206,4294967295,42,"v_add_f32_e32 v0, v0, v2","",42
310546931418286,4294967295,42,"v_add_f32_e32 v0, v0, v2","",42
310546931424646,4294967295,42,"v_add_f32_e32 v0, v0, v2","",42
310546931418406,4294967295,42,"v_add_f32_e32 v0, v0, v2","",42
310546931418486,4294967295,42,"v_add_f32_e32 v0, v0, v2","",42
310546931421126,4294967295,42,"v_add_f32_e32 v0, v0, v2","",42
310546931420606,4294967295,42,"v_add_f32_e32 v0, v0, v2","",42
310546931423246,4294967295,42,"v_add_f32_e32 v0, v0, v2","",42
310546931423246,4294967295,42,"v_add_f32_e32 v0, v0, v2","",42
310546931420846,4294967295,42,"v_add_f32_e32 v0, v0, v2","",42
310546931421126,4294967295,42,"v_add_f32_e32 v0, v0, v2","",42
310546931424646,4294967295,42,"v_add_f32_e32 v0, v0, v2","",42
310546931421886,4294967295,42,"v_add_f32_e32 v0, v0, v2","",42
310546931420606,4294967295,42,"v_add_f32_e32 v0, v0, v2","",42
310546931420646,4294967295,42,"v_add_f32_e32 v0, v0, v2","",42
310546931424286,4294967295,42,"v_add_f32_e32 v0, v0, v2","",42
310546931424286,4294967295,42,"v_add_f32_e32 v0, v0, v2","",42
310546931424286,4294967295,42,"v_add_f32_e32 v0, v0, v2","",42
310546931421006,4294967295,42,"v_add_f32_e32 v0, v0, v2","",42
310546931420846,4294967295,42,"v_add_f32_e32 v0, v0, v2","",42
310546931420846,4294967295,42,"v_add_f32_e32 v0, v0, v2","",42
310546931424326,4294967295,42,"v_add_f32_e32 v0, v0, v2","",42
310546931424686,4294967295,42,"v_add_f32_e32 v0, v0, v2","",42
310546931424686,4294967295,42,"v_add_f32_e32 v0, v0, v2","",42
310546931424646,4294967295,42,"v_add_f32_e32 v0, v0, v2","",42
310546931424646,4294967295,42,"v_add_f32_e32 v0, v0, v2","",42
310546931424686,4294967295,42,"v_add_f32_e32 v0, v0, v2","",42
310546931421326,4294967295,42,"v_add_f32_e32 v0, v0, v2","",42
310546931421326,4294967295,42,"v_add_f32_e32 v0, v0, v2","",42
310546931425126,4294967295,42,"v_add_f32_e32 v0, v0, v2","",42
310546931421006,4294967295,42,"v_add_f32_e32 v0, v0, v2","",42
310546931421006,4294967295,42,"v_add_f32_e32 v0, v0, v2","",42
310546931421926,4294967295,42,"v_add_f32_e32 v0, v0, v2","",42
310546931420526,4294967295,42,"v_add_co_u32 v0, vcc_lo, s0, v0","",42
310546931421926,4294967295,42,"v_add_f32_e32 v0, v0, v2","",42
310546931420766,4294967295,42,"s_wait_loadcnt 0x0","",42
310546931425126,4294967295,42,"v_add_f32_e32 v0, v0, v2","",42
310546931424686,4294967295,42,"v_add_f32_e32 v0, v0, v2","",42
310546931425126,4294967295,42,"s_load_b128 s[0:3], s[0:1], 0x0","",42
310546931425126,4294967295,42,"v_add_f32_e32 v0, v0, v2","",42
310546931424686,4294967295,42,"v_add_f32_e32 v0, v0, v2","",42
310546931424686,4294967295,42,"v_add_f32_e32 v0, v0, v2","",42
310546931426246,4294967295,42,"v_add_f32_e32 v0, v0, v2","",42
310546931426246,4294967295,42,"v_add_f32_e32 v0, v0, v2","",42
310546931426246,4294967295,42,"v_add_f32_e32 v0, v0, v2","",42
310546931426246,4294967295,42,"v_add_f32_e32 v0, v0, v2","",42
310546931428726,4294967295,42,"v_add_f32_e32 v0, v0, v2","",42
310546931428726,4294967295,42,"v_add_f32_e32 v0, v0, v2","",42
310546932415655,4294967295,44,"v_add_f32_e32 v0, v0, v2","",44
310546932415695,4294967295,44,"v_add_f32_e32 v0, v0, v2","",44
310546932415695,4294967295,44,"v_add_f32_e32 v0, v0, v2","",44
310546932416615,4294967295,44,"v_add_f32_e32 v0, v0, v2","",44
310546932416615,4294967295,44,"v_add_f32_e32 v0, v0, v2","",44
310546932416655,4294967295,44,"v_add_f32_e32 v0, v0, v2","",44
310546932416415,4294967295,44,"v_add_f32_e32 v0, v0, v2","",44
310546932416415,4294967295,44,"v_add_f32_e32 v0, v0, v2","",44
310546932416415,4294967295,44,"v_add_f32_e32 v0, v0, v2","",44
310546932416415,4294967295,44,"v_add_f32_e32 v0, v0, v2","",44
310546932417895,4294967295,44,"v_add_f32_e32 v0, v0, v2","",44
310546932417895,4294967295,44,"v_add_f32_e32 v0, v0, v2","",44
310546932417895,4294967295,44,"v_add_f32_e32 v0, v0, v2","",44
310546932417895,4294967295,44,"v_add_f32_e32 v0, v0, v2","",44
310546932418895,4294967295,44,"v_add_f32_e32 v0, v0, v2","",44
310546932419335,4294967295,44,"v_add_f32_e32 v0, v0, v2","",44
310546932418295,4294967295,44,"v_add_f32_e32 v0, v0, v2","",44
310546932419975,4294967295,44,"v_add_f32_e32 v0, v0, v2","",44
310546932419935,4294967295,44,"v_add_f32_e32 v0, v0, v2","",44
310546932419975,4294967295,44,"v_add_f32_e32 v0, v0, v2","",44
310546932419335,4294967295,44,"v_add_f32_e32 v0, v0, v2","",44
310546932419455,4294967295,44,"s_and_b32 exec_lo, exec_lo, vcc_lo","",44
310546932419455,4294967295,44,"v_add_co_u32 v0, vcc_lo, s0, v0","",44
310546932419335,4294967295,44,"v_add_f32_e32 v0, v0, v2","",44
310546932419455,4294967295,44,"v_add_f32_e32 v0, v0, v2","",44
310546932421055,4294967295,44,"v_add_f32_e32 v0, v0, v2","",44
310546932418935,4294967295,44,"v_add_f32_e32 v0, v0, v2","",44
310546932420095,4294967295,44,"v_add_f32_e32 v0, v0, v2","",44
310546932420095,4294967295,44,"v_add_f32_e32 v0, v0, v2","",44
310546932420095,4294967295,44,"v_add_f32_e32 v0, v0, v2","",44
310546932420095,4294967295,44,"v_add_f32_e32 v0, v0, v2","",44
310546932420135,4294967295,44,"v_add_f32_e32 v0, v0, v2","",44
310546932420135,4294967295,44,"v_add_f32_e32 v0, v0, v2","",44
310546932420135,4294967295,44,"v_add_f32_e32 v0, v0, v2","",44
310546932420135,4294967295,44,"v_add_f32_e32 v0, v0, v2","",44
310546932420095,4294967295,44,"v_add_f32_e32 v0, v0, v2","",44
310546932420175,4294967295,44,"v_add_f32_e32 v0, v0, v2","",44
310546932421015,4294967295,44,"v_add_f32_e32 v0, v0, v2","",44
310546932420295,4294967295,44,"v_add_f32_e32 v0, v0, v2","",44
310546932421015,4294967295,44,"v_add_f32_e32 v0, v0, v2","",44
310546932421055,4294967295,44,"v_add_f32_e32 v0, v0, v2","",44
310546932418295,4294967295,44,"v_add_f32_e32 v0, v0, v2","",44
310546932418295,4294967295,44,"v_add_f32_e32 v0, v0, v2","",44
310546932418295,4294967295,44,"v_add_f32_e32 v0, v0, v2","",44
310546932421015,4294967295,44,"v_add_f32_e32 v0, v0, v2","",44
310546932421015,4294967295,44,"v_add_f32_e32 v0, v0, v2","",44
310546932421055,4294967295,44,"v_add_f32_e32 v0, v0, v2","",44
310546932421055,4294967295,44,"v_add_f32_e32 v0, v0, v2","",44
310546932421095,4294967295,44,"v_add_f32_e32 v0, v0, v2","",44
310546932421095,4294967295,44,"v_add_f32_e32 v0, v0, v2","",44
310546932421015,4294967295,44,"v_add_f32_e32 v0, v0, v2","",44
310546932418935,4294967295,44,"v_add_f32_e32 v0, v0, v2","",44
310546932418935,4294967295,44,"v_add_f32_e32 v0, v0, v2","",44
310546932421015,4294967295,44,"v_add_f32_e32 v0, v0, v2","",44
310546932421015,4294967295,44,"v_add_f32_e32 v0, v0, v2","",44
310546932421015,4294967295,44,"v_add_f32_e32 v0, v0, v2","",44
310546932421015,4294967295,44,"v_add_f32_e32 v0, v0, v2","",44
310546932421015,4294967295,44,"v_add_f32_e32 v0, v0, v2","",44
310546932421015,4294967295,44,"v_add_f32_e32 v0, v0, v2","",44
310546932421015,4294967295,44,"v_add_f32_e32 v0, v0, v2","",44
310546932421015,4294967295,44,"v_add_f32_e32 v0, v0, v2","",44
310546932421015,4294967295,44,"v_add_f32_e32 v0, v0, v2","",44
310546932421015,4294967295,44,"v_add_f32_e32 v0, v0, v2","",44
310546932421015,4294967295,44,"v_add_f32_e32 v0, v0, v2","",44
310546932421055,4294967295,44,"v_add_f32_e32 v0, v0, v2","",44
310546932421055,4294967295,44,"v_add_f32_e32 v0, v0, v2","",44
310546932419335,4294967295,44,"v_add_f32_e32 v0, v0, v2","",44
310546932420295,4294967295,44,"v_add_f32_e32 v0, v0, v2","",44
310546932420295,4294967295,44,"v_add_f32_e32 v0, v0, v2","",44
310546932420295,4294967295,44,"v_add_f32_e32 v0, v0, v2","",44
310546932421895,4294967295,44,"v_add_f32_e32 v0, v0, v2","",44
310546932421575,4294967295,44,"v_add_f32_e32 v0, v0, v2","",44
310546932421775,4294967295,44,"v_add_f32_e32 v0, v0, v2","",44
310546932421775,4294967295,44,"v_add_f32_e32 v0, v0, v2","",44
310546932421775,4294967295,44,"v_add_f32_e32 v0, v0, v2","",44
310546932421055,4294967295,44,"v_add_f32_e32 v0, v0, v2","",44
310546932422015,4294967295,44,"v_add_f32_e32 v0, v0, v2","",44
310546932421775,4294967295,44,"v_add_f32_e32 v0, v0, v2","",44
310546932421015,4294967295,44,"v_add_f32_e32 v0, v0, v2","",44
310546932421055,4294967295,44,"v_add_f32_e32 v0, v0, v2","",44
310546932421895,4294967295,44,"v_add_f32_e32 v0, v0, v2","",44
310546932421895,4294967295,44,"v_add_f32_e32 v0, v0, v2","",44
310546932421895,4294967295,44,"v_add_f32_e32 v0, v0, v2","",44
310546932421055,4294967295,44,"v_add_f32_e32 v0, v0, v2","",44
310546932422535,4294967295,44,"v_add_f32_e32 v0, v0, v2","",44
310546932422575,4294967295,44,"v_add_f32_e32 v0, v0, v2","",44
310546932422575,4294967295,44,"v_add_f32_e32 v0, v0, v2","",44
310546932422575,4294967295,44,"v_add_f32_e32 v0, v0, v2","",44
310546932422015,4294967295,44,"v_add_f32_e32 v0, v0, v2","",44
310546932422015,4294967295,44,"v_add_f32_e32 v0, v0, v2","",44
310546932421055,4294967295,44,"s_load_b128 s[0:3], s[0:1], 0x0","",44
310546932421055,4294967295,44,"v_add_f32_e32 v0, v0, v2","",44
310546932422055,4294967295,44,"v_add_f32_e32 v0, v0, v2","",44
310546932423175,4294967295,44,"v_add_f32_e32 v0, v0, v2","",44
310546932423215,4294967295,44,"v_add_f32_e32 v0, v0, v2","",44
310546932423215,4294967295,44,"v_add_f32_e32 v0, v0, v2","",44
310546932421575,4294967295,44,"v_add_f32_e32 v0, v0, v2","",44
310546932419535,4294967295,44,"v_add_f32_e32 v0, v0, v2","",44
310546932421575,4294967295,44,"v_add_co_u32 v0, vcc_lo, s0, v0","",44
310546932421575,4294967295,44,"v_add_f32_e32 v0, v0, v2","",44
310546932421095,4294967295,44,"v_add_f32_e32 v0, v0, v2","",44
310546932420055,4294967295,44,"v_add_f32_e32 v0, v0, v2","",44
310546932424095,4294967295,44,"v_add_f32_e32 v0, v0, v2","",44
310546932424815,4294967295,44,"v_add_f32_e32 v0, v0, v2","",44
310546932424815,4294967295,44,"v_add_f32_e32 v0, v0, v2","",44
310546932424815,4294967295,44,"v_add_f32_e32 v0, v0, v2","",44
310546932424815,4294967295,44,"v_add_f32_e32 v0, v0, v2","",44
310546932424095,4294967295,44,"v_add_f32_e32 v0, v0, v2","",44
310546933414785,4294967295,46,"v_add_f32_e32 v0, v0, v2","",46
310546933414825,4294967295,46,"v_add_f32_e32 v0, v0, v2","",46
310546933414825,4294967295,46,"v_add_f32_e32 v0, v0, v2","",46
310546933416065,4294967295,46,"v_mad_co_u64_u32 v[0:1], null, s4, ttmp9, v[0:1]","",46
310546933416225,4294967295,46,"v_add_f32_e32 v0, v0, v2","",46
310546933416225,4294967295,46,"v_add_f32_e32 v0, v0, v2","",46
310546933416265,4294967295,46,"v_add_f32_e32 v0, v0, v2","",46
310546933416265,4294967295,46,"v_add_f32_e32 v0, v0, v2","",46
310546933418465,4294967295,46,"v_add_f32_e32 v0, v0, v2","",46
310546933418705,4294967295,46,"v_add_f32_e32 v0, v0, v2","",46
310546933419665,4294967295,46,"v_add_f32_e32 v0, v0, v2","",46
310546933418465,4294967295,46,"v_add_f32_e32 v0, v0, v2","",46
310546933419745,4294967295,46,"v_add_f32_e32 v0, v0, v2","",46
310546933419785,4294967295,46,"v_add_f32_e32 v0, v0, v2","",46
310546933419785,4294967295,46,"v_add_f32_e32 v0, v0, v2","",46
310546933419585,4294967295,46,"v_add_f32_e32 v0, v0, v2","",46
310546933418825,4294967295,46,"v_add_f32_e32 v0, v0, v2","",46
310546933419665,4294967295,46,"v_add_f32_e32 v0, v0, v2","",46
310546933420585,4294967295,46,"v_add_f32_e32 v0, v0, v2","",46
310546933419585,4294967295,46,"v_add_f32_e32 v0, v0, v2","",46
310546933420585,4294967295,46,"v_add_f32_e32 v0, v0, v2","",46
310546933421225,4294967295,46,"v_add_f32_e32 v0, v0, v2","",46
310546933420585,4294967295,46,"v_add_f32_e32 v0, v0, v2","",46
310546933418505,0,46,"s_cbranch_execz 6","",46
310546933418505,4294967295,46,"v_add_f32_e32 v0, v0, v2","",46
310546933422265,4294967295,46,"v_add_f32_e32 v0, v0, v2","",46
310546933422745,4294967295,46,"v_add_f32_e32 v0, v0, v2","",46
310546933419905,4294967295,46,"v_add_f32_e32 v0, v0, v2","",46
310546933420585,4294967295,46,"v_add_f32_e32 v0, v0, v2","",46
310546933420625,4294967295,46,"v_add_f32_e32 v0, v0, v2","",46
310546933418825,4294967295,46,"v_add_f32_e32 v0, v0, v2","",46
310546933419945,4294967295,46,"v_add_f32_e32 v0, v0, v2","",46
310546933421505,4294967295,46,"v_add_f32_e32 v0, v0, v2","",46
310546933419625,4294967295,46,"v_add_f32_e32 v0, v0, v2","",46
310546933419945,4294967295,46,"v_add_f32_e32 v0, v0, v2","",46
310546933419945,4294967295,46,"v_add_f32_e32 v0, v0, v2","",46
310546933419625,4294967295,46,"v_add_f32_e32 v0, v0, v2","",46
310546933419705,4294967295,46,"v_add_f32_e32 v0, v0, v2","",46
310546933422265,4294967295,46,"v_add_f32_e32 v0, v0, v2","",46
310546933420585,4294967295,46,"v_add_f32_e32 v0, v0, v2","",46
310546933420585,4294967295,46,"v_add_f32_e32 v0, v0, v2","",46
310546933419705,4294967295,46,"v_add_f32_e32 v0, v0, v2","",46
310546933422745,4294967295,46,"v_add_f32_e32 v0, v0, v2","",46
310546933418865,4294967295,46,"v_add_f32_e32 v0, v0, v2","",46
310546933418865,4294967295,46,"v_add_f32_e32 v0, v0, v2","",46
310546933422265,4294967295,46,"v_add_f32_e32 v0, v0, v2","",46
310546933421545,4294967295,46,"v_add_f32_e32 v0, v0, v2","",46
310546933422745,4294967295,46,"v_add_f32_e32 v0, v0, v2","",46
310546933418705,4294967295,46,"v_add_f32_e32 v0, v0, v2","",46
310546933418705,4294967295,46,"s_wait_loadcnt 0x0","",46
310546933422785,4294967295,46,"v_add_f32_e32 v0, v0, v2","",46
310546933421545,4294967295,46,"v_add_f32_e32 v0, v0, v2","",46
310546933421545,4294967295,46,"v_add_f32_e32 v0, v0, v2","",46
310546933421265,4294967295,46,"v_add_f32_e32 v0, v0, v2","",46
310546933422945,4294967295,46,"v_add_f32_e32 v0, v0, v2","",46
310546933422945,4294967295,46,"v_add_f32_e32 v0, v0, v2","",46
310546933422945,4294967295,46,"v_add_f32_e32 v0, v0, v2","",46
310546933422945,4294967295,46,"v_add_f32_e32 v0, v0, v2","",46
310546933422265,4294967295,46,"v_add_f32_e32 v0, v0, v2","",46
310546933422265,4294967295,46,"v_add_f32_e32 v0, v0, v2","",46
310546933422305,4294967295,46,"v_add_f32_e32 v0, v0, v2","",46
310546933421265,4294967295,46,"v_add_f32_e32 v0, v0, v2","",46
310546933418585,4294967295,46,"v_add_f32_e32 v0, v0, v2","",46
310546933421265,4294967295,46,"v_add_f32_e32 v0, v0, v2","",46
310546933424465,4294967295,46,"v_add_f32_e32 v0, v0, v2","",46
310546933424465,4294967295,46,"v_add_f32_e32 v0, v0, v2","",46
310546933424025,4294967295,46,"v_add_f32_e32 v0, v0, v2","",46
310546933424025,4294967295,46,"v_add_f32_e32 v0, v0, v2","",46
310546933424065,4294967295,46,"v_add_f32_e32 v0, v0, v2","",46
310546933424065,4294967295,46,"v_add_f32_e32 v0, v0, v2","",46
310546933424065,4294967295,46,"v_add_f32_e32 v0, v0, v2","",46
310546933424465,4294967295,46,"v_add_f32_e32 v0, v0, v2","",46
310546933424465,4294967295,46,"v_add_f32_e32 v0, v0, v2","",46
310546933425145,4294967295,46,"v_add_f32_e32 v0, v0, v2","",46
310546933425145,4294967295,46,"v_add_f32_e32 v0, v0, v2","",46
310546933425145,4294967295,46,"v_add_f32_e32 v0, v0, v2","",46
310546933425185,4294967295,46,"v_add_f32_e32 v0, v0, v2","",46
310546933424505,4294967295,46,"v_add_f32_e32 v0, v0, v2","",46
310546933422305,4294967295,46,"v_add_f32_e32 v0, v0, v2","",46
310546933422305,4294967295,46,"v_add_f32_e32 v0, v0, v2","",46
310546933424065,4294967295,46,"v_add_f32_e32 v0, v0, v2","",46
310546933425145,4294967295,46,"v_add_f32_e32 v0, v0, v2","",46
310546933425145,4294967295,46,"v_add_f32_e32 v0, v0, v2","",46
310546933425185,4294967295,46,"v_add_f32_e32 v0, v0, v2","",46
310546933425185,4294967295,46,"v_add_f32_e32 v0, v0, v2","",46
310546933420225,4294967295,46,"v_mad_co_u64_u32 v[0:1], null, s4, ttmp9, v[0:1]","",46
310546933420305,4294967295,46,"v_add_f32_e32 v0, v0, v2","",46
310546933425145,4294967295,46,"v_add_f32_e32 v0, v0, v2","",46
310546933425145,4294967295,46,"v_add_f32_e32 v0, v0, v2","",46
310546933425145,4294967295,46,"v_add_f32_e32 v0, v0, v2","",46
310546933425185,4294967295,46,"v_add_f32_e32 v0, v0, v2","",46
310546933425305,4294967295,46,"v_add_f32_e32 v0, v0, v2","",46
310546933424065,4294967295,46,"v_add_f32_e32 v0, v0, v2","",46
310546933425305,4294967295,46,"v_add_f32_e32 v0, v0, v2","",46
310546933425305,4294967295,46,"v_add_f32_e32 v0, v0, v2","",46
310546933425345,4294967295,46,"v_add_f32_e32 v0, v0, v2","",46
310546933425345,4294967295,46,"v_add_f32_e32 v0, v0, v2","",46
310546933424065,4294967295,46,"v_add_f32_e32 v0, v0, v2","",46
310546933425625,4294967295,46,"v_add_f32_e32 v0, v0, v2","",46
310546933425665,4294967295,46,"v_add_f32_e32 v0, v0, v2","",46
310546933424465,4294967295,46,"v_add_f32_e32 v0, v0, v2","",46
310546933426465,4294967295,46,"v_add_f32_e32 v0, v0, v2","",46
310546933426465,4294967295,46,"v_add_f32_e32 v0, v0, v2","",46
310546933426465,4294967295,46,"v_add_f32_e32 v0, v0, v2","",46
310546933426465,4294967295,46,"v_add_f32_e32 v0, v0, v2","",46
310546933426625,4294967295,46,"v_add_f32_e32 v0, v0, v2","",46
310546933426625,4294967295,46,"v_add_f32_e32 v0, v0, v2","",46
310546933426625,4294967295,46,"v_add_f32_e32 v0, v0, v2","",46
310546933424465,4294967295,46,"v_add_f32_e32 v0, v0, v2","",46
310546933424465,4294967295,46,"v_add_f32_e32 v0, v0, v2","",46
310546933425305,4294967295,46,"v_add_f32_e32 v0, v0, v2","",46
310546933427345,4294967295,46,"v_add_f32_e32 v0, v0, v2","",46
310546933427385,4294967295,46,"v_add_f32_e32 v0, v0, v2","",46
310546933427385,4294967295,46,"v_add_f32_e32 v0, v0, v2","",46
310546933427385,4294967295,46,"v_add_f32_e32 v0, v0, v2","",46
310546933425345,4294967295,46,"v_add_f32_e32 v0, v0, v2","",46
310546933425345,4294967295,46,"v_add_f32_e32 v0, v0, v2","",46
310546933428745,4294967295,46,"v_add_f32_e32 v0, v0, v2","",46
310546933428745,4294967295,46,"v_add_f32_e32 v0, v0, v2","",46
310546933428745,4294967295,46,"v_add_f32_e32 v0, v0, v2","",46
310546933428745,4294967295,46,"v_add_f32_e32 v0, v0, v2","",46
310546934420114,4294967295,49,"s_and_b32 exec_lo, exec_lo, vcc_lo","",49
310546934420114,4294967295,49,"v_add_f32_e32 v0, v0, v2","",49
310546934420114,4294967295,49,"v_add_f32_e32 v0, v0, v2","",49
310546934420634,4294967295,49,"s_clause 0x1","",49
310546934420634,4294967295,49,"s_load_b32 s4, s[0:1], 0x24","",49
310546934420674,4294967295,49,"s_clause 0x1","",49
310546934420674,4294967295,49,"s_load_b64 s[2:3], s[0:1], 0x10","",49
310546934422034,4294967295,49,"v_add_f32_e32 v0, v0, v2","",49
310546934422034,4294967295,49,"v_add_f32_e32 v0, v0, v2","",49
310546934422034,4294967295,49,"v_add_f32_e32 v0, v0, v2","",49
310546934422034,4294967295,49,"v_add_f32_e32 v0, v0, v2","",49
310546934422314,4294967295,49,"v_add_f32_e32 v0, v0, v2","",49
310546934423154,4294967295,49,"v_add_f32_e32 v0, v0, v2","",49
310546934423154,4294967295,49,"v_add_f32_e32 v0, v0, v2","",49
310546934423154,4294967295,49,"v_add_f32_e32 v0, v0, v2","",49
310546934423154,4294967295,49,"v_add_f32_e32 v0, v0, v2","",49
310546934424194,0,49,"s_endpgm","",49
310546934424154,4294967295,49,"v_add_f32_e32 v0, v0, v2","",49
310546934424154,4294967295,49,"v_add_f32_e32 v0, v0, v2","",49
310546934424154,4294967295,49,"v_add_f32_e32 v0, v0, v2","",49
310546934424154,4294967295,49,"v_add_f32_e32 v0, v0, v2","",49
310546934424154,4294967295,49,"v_add_f32_e32 v0, v0, v2","",49
310546934424194,4294967295,49,"v_add_f32_e32 v0, v0, v2","",49
310546934424154,4294967295,49,"v_add_f32_e32 v0, v0, v2","",49
310546934424154,4294967295,49,"v_add_f32_e32 v0, v0, v2","",49
310546934424154,4294967295,49,"v_add_f32_e32 v0, v0, v2","",49
310546934424194,4294967295,49,"v_add_f32_e32 v0, v0, v2","",49
310546934424154,4294967295,49,"v_add_f32_e32 v0, v0, v2","",49
310546934424154,4294967295,49,"v_add_f32_e32 v0, v0, v3","",49
310546934424154,4294967295,49,"v_add_f32_e32 v0, v0, v2","",49
310546934424154,4294967295,49,"v_add_f32_e32 v0, v0, v2","",49
310546934424154,4294967295,49,"v_add_f32_e32 v0, v0, v2","",49
310546934424194,4294967295,49,"v_add_f32_e32 v0, v0, v2","",49
310546934424154,4294967295,49,"v_add_f32_e32 v0, v0, v2","",49
310546934424194,4294967295,49,"v_add_f32_e32 v0, v0, v2","",49
310546934424194,4294967295,49,"v_add_f32_e32 v0, v0, v2","",49
310546934425794,4294967295,49,"v_add_f32_e32 v0, v0, v2","",49
310546934425794,4294967295,49,"v_add_f32_e32 v0, v0, v2","",49
310546934425794,4294967295,49,"v_add_f32_e32 v0, v0, v2","",49
310546934425794,4294967295,49,"v_add_f32_e32 v0, v0, v2","",49
310546934426314,4294967295,49,"v_add_f32_e32 v0, v0, v2","",49
310546934424314,4294967295,49,"v_add_f32_e32 v0, v0, v2","",49
310546934424314,4294967295,49,"v_add_f32_e32 v0, v0, v2","",49
310546934424354,4294967295,49,"v_add_f32_e32 v0, v0, v2","",49
310546934424354,4294967295,49,"v_add_f32_e32 v0, v0, v2","",49
310546934424154,4294967295,49,"v_add_f32_e32 v0, v0, v2","",49
310546934424194,4294967295,49,"v_add_f32_e32 v0, v0, v2","",49
310546934424194,4294967295,49,"v_add_f32_e32 v0, v0, v2","",49
310546934425794,4294967295,49,"v_add_f32_e32 v0, v0, v2","",49
310546934425794,4294967295,49,"v_add_f32_e32 v0, v0, v2","",49
310546934425794,4294967295,49,"v_add_f32_e32 v0, v0, v2","",49
310546934425794,4294967295,49,"v_add_f32_e32 v0, v0, v2","",49
310546934426314,4294967295,49,"v_add_f32_e32 v0, v0, v2","",49
310546934426354,4294967295,49,"v_add_f32_e32 v0, v0, v2","",49
310546934426354,4294967295,49,"v_add_f32_e32 v0, v0, v2","",49
310546934426354,4294967295,49,"v_add_f32_e32 v0, v0, v2","",49
310546934426354,4294967295,49,"v_add_f32_e32 v0, v0, v2","",49
310546934426314,4294967295,49,"v_add_f32_e32 v0, v0, v2","",49
310546934426354,4294967295,49,"v_add_f32_e32 v0, v0, v2","",49
310546934426354,4294967295,49,"v_add_f32_e32 v0, v0, v2","",49
310546934426354,4294967295,49,"v_add_f32_e32 v0, v0, v2","",49
310546934426794,4294967295,49,"v_add_f32_e32 v0, v0, v2","",49
310546934426834,4294967295,49,"v_add_f32_e32 v0, v0, v2","",49
310546934426834,4294967295,49,"v_add_f32_e32 v0, v0, v2","",49
310546934426834,4294967295,49,"v_add_f32_e32 v0, v0, v2","",49
310546934426354,4294967295,49,"v_add_f32_e32 v0, v0, v2","",49
310546934426354,4294967295,49,"v_add_f32_e32 v0, v0, v2","",49
310546934426354,4294967295,49,"v_add_f32_e32 v0, v0, v2","",49
310546934426354,4294967295,49,"v_add_f32_e32 v0, v0, v2","",49
310546934428754,4294967295,49,"v_add_f32_e32 v0, v0, v2","",49
310546934428794,4294967295,49,"v_add_f32_e32 v0, v0, v2","",49
310546934428794,4294967295,49,"v_add_f32_e32 v0, v0, v2","",49
310546934428794,4294967295,49,"v_add_f32_e32 v0, v0, v2","",49
310546934428034,4294967295,49,"s_wait_loadcnt 0x0","",49
310546934428034,4294967295,49,"s_wait_loadcnt 0x0","",49
310546934428074,4294967295,49,"s_wait_loadcnt 0x0","",49
310546934428074,4294967295,49,"s_wait_loadcnt 0x0","",49
310546934429154,4294967295,49,"v_add_f32_e32 v0, v0, v2","",49
310546934429154,4294967295,49,"v_add_f32_e32 v0, v0, v2","",49
310546934429154,4294967295,49,"v_add_f32_e32 v0, v0, v2","",49
310546934429154,4294967295,49,"v_add_f32_e32 v0, v0, v2","",49
310546934431234,4294967295,49,"v_add_f32_e32 v0, v0, v2","",49
310546934431234,4294967295,49,"v_add_f32_e32 v0, v0, v2","",49
310546934431234,4294967295,49,"v_add_f32_e32 v0, v0, v2","",49
310546934431274,4294967295,49,"v_add_f32_e32 v0, v0, v2","",49
310546934430514,4294967295,49,"v_add_f32_e32 v0, v0, v2","",49
310546934430514,4294967295,49,"v_add_f32_e32 v0, v0, v2","",49
310546934430514,4294967295,49,"v_add_f32_e32 v0, v0, v2","",49
310546934430514,4294967295,49,"v_add_f32_e32 v0, v0, v2","",49
310546934431314,4294967295,49,"v_add_f32_e32 v0, v0, v2","",49
310546934431314,4294967295,49,"v_add_f32_e32 v0, v0, v2","",49
310546934431354,4294967295,49,"v_add_f32_e32 v0, v0, v2","",49
310546934431354,4294967295,49,"v_add_f32_e32 v0, v0, v2","",49
310546934431394,4294967295,49,"v_add_f32_e32 v0, v0, v2","",49
310546934431434,4294967295,49,"v_add_f32_e32 v0, v0, v2","",49
310546934432274,4294967295,49,"v_add_f32_e32 v0, v0, v2","",49
310546934432274,4294967295,49,"v_add_f32_e32 v0, v0, v2","",49
310546934432274,4294967295,49,"v_add_f32_e32 v0, v0, v2","",49
310546934432274,4294967295,49,"v_add_f32_e32 v0, v0, v2","",49
310546934431394,4294967295,49,"v_add_f32_e32 v0, v0, v2","",49
310546934431434,4294967295,49,"v_add_f32_e32 v0, v0, v2","",49
310546934431434,4294967295,49,"v_add_f32_e32 v0, v0, v2","",49
310546934431434,4294967295,49,"v_add_f32_e32 v0, v0, v2","",49
310546934431434,4294967295,49,"v_add_f32_e32 v0, v0, v2","",49
310546935421363,4294967295,51,"v_add_f32_e32 v0, v0, v2","",51
310546935421363,4294967295,51,"v_add_f32_e32 v0, v0, v2","",51
310546935422163,4294967295,51,"v_add_f32_e32 v0, v0, v2","",51
310546935422123,4294967295,51,"v_add_f32_e32 v0, v0, v2","",51
310546935422163,4294967295,51,"v_add_f32_e32 v0, v0, v2","",51
310546935423963,4294967295,51,"v_add_f32_e32 v0, v0, v2","",51
310546935424563,4294967295,51,"v_add_f32_e32 v0, v0, v2","",51
310546935424363,4294967295,51,"v_add_f32_e32 v0, v0, v2","",51
310546935424363,4294967295,51,"v_add_f32_e32 v0, v0, v2","",51
310546935424363,4294967295,51,"v_add_f32_e32 v0, v0, v2","",51
310546935424403,4294967295,51,"v_add_f32_e32 v0, v0, v2","",51
310546935425123,4294967295,51,"v_add_f32_e32 v0, v0, v2","",51
310546935426843,4294967295,51,"v_add_f32_e32 v0, v0, v2","",51
310546935426443,4294967295,51,"v_add_f32_e32 v0, v0, v2","",51
310546935426443,4294967295,51,"v_add_f32_e32 v0, v0, v2","",51
310546935424563,0,51,"s_endpgm","",51
310546935424603,4294967295,51,"v_add_f32_e32 v0, v0, v2","",51
310546935426963,4294967295,51,"v_add_f32_e32 v0, v0, v2","",51
310546935426963,4294967295,51,"v_add_f32_e32 v0, v0, v2","",51
310546935426963,4294967295,51,"v_add_f32_e32 v0, v0, v2","",51
310546935426963,4294967295,51,"v_add_f32_e32 v0, v0, v2","",51
310546935428403,4294967295,51,"v_add_f32_e32 v0, v0, v2","",51
310546935427163,4294967295,51,"v_add_f32_e32 v0, v0, v2","",51
310546935427163,4294967295,51,"v_add_f32_e32 v0, v0, v2","",51
310546935427163,4294967295,51,"v_add_f32_e32 v0, v0, v2","",51
310546935427163,4294967295,51,"v_add_f32_e32 v0, v0, v2","",51
310546935427163,4294967295,51,"v_add_f32_e32 v0, v0, v2","",51
310546935427163,4294967295,51,"v_add_f32_e32 v0, v0, v2","",51
310546935427163,4294967295,51,"v_add_f32_e32 v0, v0, v2","",51
310546935427163,4294967295,51,"v_add_f32_e32 v0, v0, v2","",51
310546935427163,4294967295,51,"v_add_f32_e32 v0, v0, v2","",51
310546935427203,4294967295,51,"v_add_f32_e32 v0, v0, v2","",51
310546935427323,4294967295,51,"v_add_f32_e32 v0, v0, v2","",51
310546935427363,4294967295,51,"v_add_f32_e32 v0, v0, v2","",51
310546935427363,4294967295,51,"v_add_f32_e32 v0, v0, v2","",51
310546935427363,4294967295,51,"v_add_f32_e32 v0, v0, v2","",51
310546935428403,4294967295,51,"v_add_f32_e32 v0, v0, v2","",51
310546935428403,4294967295,51,"v_add_f32_e32 v0, v0, v2","",51
310546935428403,4294967295,51,"v_add_f32_e32 v0, v0, v2","",51
310546935428403,4294967295,51,"v_add_f32_e32 v0, v0, v2","",51
310546935428403,4294967295,51,"v_add_f32_e32 v0, v0, v2","",51
310546935428403,4294967295,51,"v_add_f32_e32 v0, v0, v2","",51
310546935428403,4294967295,51,"v_add_f32_e32 v0, v0, v2","",51
310546935428403,4294967295,51,"v_add_f32_e32 v0, v0, v2","",51
310546935428403,4294967295,51,"v_add_f32_e32 v0, v0, v2","",51
310546935428403,4294967295,51,"v_add_f32_e32 v0, v0, v2","",51
310546935428403,4294967295,51,"v_add_f32_e32 v0, v0, v2","",51
310546935428403,4294967295,51,"v_add_f32_e32 v0, v0, v2","",51
310546935428403,4294967295,51,"v_add_f32_e32 v0, v0, v2","",51
310546935428443,4294967295,51,"v_add_f32_e32 v0, v0, v2","",51
310546935428443,4294967295,51,"v_add_f32_e32 v0, v0, v2","",51
310546935428443,4294967295,51,"v_add_f32_e32 v0, v0, v2","",51
310546935428443,4294967295,51,"v_add_f32_e32 v0, v0, v2","",51
310546935428443,4294967295,51,"v_add_f32_e32 v0, v0, v2","",51
310546935428443,4294967295,51,"v_add_f32_e32 v0, v0, v2","",51
310546935428403,4294967295,51,"v_add_f32_e32 v0, v0, v2","",51
310546935428403,4294967295,51,"v_add_f32_e32 v0, v0, v2","",51
310546935428403,4294967295,51,"v_add_f32_e32 v0, v0, v2","",51
310546935428883,4294967295,51,"v_add_f32_e32 v0, v0, v2","",51
310546935428883,4294967295,51,"v_add_f32_e32 v0, v0, v2","",51
310546935428923,4294967295,51,"v_add_f32_e32 v0, v0, v2","",51
310546935428923,4294967295,51,"v_add_f32_e32 v0, v0, v2","",51
310546935429523,4294967295,51,"v_add_f32_e32 v0, v0, v2","",51
310546935429523,4294967295,51,"v_add_f32_e32 v0, v0, v2","",51
310546935429523,4294967295,51,"v_add_f32_e32 v0, v0, v2","",51
310546935429523,4294967295,51,"v_add_f32_e32 v0, v0, v2","",51
310546935429523,0,51,"s_endpgm","",51
310546935429523,4294967295,51,"v_add_f32_e32 v0, v0, v2","",51
310546935429523,4294967295,51,"v_add_f32_e32 v0, v0, v2","",51
310546935429843,4294967295,51,"v_add_f32_e32 v0, v0, v2","",51
310546935429923,4294967295,51,"v_add_f32_e32 v0, v0, v2","",51
310546935429963,4294967295,51,"v_add_f32_e32 v0, v0, v2","",51
310546935429963,4294967295,51,"v_add_f32_e32 v0, v0, v2","",51
310546935430003,4294967295,51,"v_add_f32_e32 v0, v0, v2","",51
310546935429843,4294967295,51,"v_add_f32_e32 v0, v0, v2","",51
310546935429843,4294967295,51,"v_add_f32_e32 v0, v0, v2","",51
310546935429923,4294967295,51,"v_add_f32_e32 v0, v0, v2","",51
310546935429923,4294967295,51,"v_add_f32_e32 v0, v0, v2","",51
310546935429923,4294967295,51,"v_add_f32_e32 v0, v0, v2","",51
310546935429963,4294967295,51,"v_add_f32_e32 v0, v0, v2","",51
310546935430243,4294967295,51,"v_add_f32_e32 v0, v0, v2","",51
310546935430243,4294967295,51,"v_add_f32_e32 v0, v0, v2","",51
310546935429843,4294967295,51,"v_add_f32_e32 v0, v0, v2","",51
310546935430243,4294967295,51,"v_add_f32_e32 v0, v0, v2","",51
310546935426483,4294967295,51,"v_add_f32_e32 v0, v0, v2","",51
310546935426563,4294967295,51,"v_add_f32_e32 v0, v0, v2","",51
310546935426723,4294967295,51,"v_add_f32_e32 v0, v0, v2","",51
310546935431283,4294967295,51,"v_add_f32_e32 v0, v0, v2","",51
310546935431283,4294967295,51,"v_add_f32_e32 v0, v0, v2","",51
310546935431283,4294967295,51,"v_add_f32_e32 v0, v0, v2","",51
310546935431323,4294967295,51,"v_add_f32_e32 v0, v0, v2","",51
310546935432963,4294967295,51,"v_add_f32_e32 v0, v0, v2","",51
310546935432963,4294967295,51,"v_add_f32_e32 v0, v0, v2","",51
310546935433003,4294967295,51,"v_add_f32_e32 v0, v0, v2","",51
310546935433003,4294967295,51,"v_add_f32_e32 v0, v0, v2","",51
310546935433923,4294967295,51,"v_add_f32_e32 v0, v0, v2","",51
310546935433963,4294967295,51,"v_add_f32_e32 v0, v0, v2","",51
310546935433963,4294967295,51,"v_add_f32_e32 v0, v0, v2","",51
310546935433963,4294967295,51,"v_add_f32_e32 v0, v0, v2","",51
310546935434763,4294967295,51,"v_add_f32_e32 v0, v0, v2","",51
310546935434763,4294967295,51,"v_add_f32_e32 v0, v0, v2","",51
310546935434803,4294967295,51,"v_add_f32_e32 v0, v0, v2","",51
310546935434803,4294967295,51,"v_add_f32_e32 v0, v0, v2","",51
310546935435564,4294967295,51,"v_add_f32_e32 v0, v0, v2","",51
310546936429453,4294967295,53,"v_add_f32_e32 v0, v0, v2","",53
310546936430693,4294967295,53,"v_add_f32_e32 v0, v0, v2","",53
310546936430733,4294967295,53,"v_add_f32_e32 v0, v0, v2","",53
310546936430733,4294967295,53,"v_add_f32_e32 v0, v0, v2","",53
310546936430733,4294967295,53,"v_add_f32_e32 v0, v0, v2","",53
310546936431173,4294967295,53,"v_add_f32_e32 v0, v0, v2","",53
310546936431173,4294967295,53,"v_add_f32_e32 v0, v0, v2","",53
310546936432973,4294967295,53,"v_add_f32_e32 v0, v0, v2","",53
310546936433013,4294967295,53,"v_add_f32_e32 v0, v0, v2","",53
310546936433013,4294967295,53,"v_add_f32_e32 v0, v0, v2","",53
310546936433013,4294967295,53,"v_add_f32_e32 v0, v0, v2","",53
310546936431213,4294967295,53,"v_add_f32_e32 v0, v0, v2","",53
310546936432253,4294967295,53,"v_add_f32_e32 v0, v0, v2","",53
310546936432973,4294967295,53,"v_add_f32_e32 v0, v0, v2","",53
310546936433013,4294967295,53,"v_add_f32_e32 v0, v0, v2","",53
310546936433013,4294967295,53,"v_add_f32_e32 v0, v0, v2","",53
310546936433853,4294967295,53,"v_add_f32_e32 v0, v0, v2","",53
310546936433893,4294967295,53,"v_add_f32_e32 v0, v0, v2","",53
310546936433893,4294967295,53,"v_add_f32_e32 v0, v0, v2","",53
310546936433893,4294967295,53,"v_add_f32_e32 v0, v0, v2","",53
310546936434533,4294967295,53,"v_add_f32_e32 v0, v0, v2","",53
310546936434533,4294967295,53,"v_add_f32_e32 v0, v0, v2","",53
310546936435093,4294967295,53,"v_add_f32_e32 v0, v0, v2","",53
310546936435093,4294967295,53,"v_add_f32_e32 v0, v0, v2","",53
310546936435093,4294967295,53,"v_add_f32_e32 v0, v0, v2","",53
310546936435093,4294967295,53,"v_add_f32_e32 v0, v0, v2","",53
310546936435093,4294967295,53,"v_add_f32_e32 v0, v0, v2","",53
310546936435133,4294967295,53,"v_add_f32_e32 v0, v0, v2","",53
310546936432253,4294967295,53,"v_mad_co_u64_u32 v[0:1], null, s4, ttmp9, v[0:1]","",53
310546936432253,4294967295,53,"v_add_f32_e32 v0, v0, v2","",53
310546936435813,4294967295,53,"v_add_f32_e32 v0, v0, v2","",53
310546936435813,4294967295,53,"v_add_f32_e32 v0, v0, v2","",53
310546936435853,4294967295,53,"v_add_f32_e32 v0, v0, v2","",53
310546936435853,4294967295,53,"v_add_f32_e32 v0, v0, v2","",53
310546936432293,4294967295,53,"v_add_f32_e32 v0, v0, v2","",53
310546936435853,4294967295,53,"v_add_f32_e32 v0, v0, v2","",53
310546936435093,4294967295,53,"v_add_f32_e32 v0, v0, v2","",53
310546936435093,4294967295,53,"v_add_f32_e32 v0, v0, v2","",53
310546936435093,4294967295,53,"v_add_f32_e32 v0, v0, v2","",53
310546936435133,4294967295,53,"v_add_f32_e32 v0, v0, v2","",53
310546936435853,4294967295,53,"v_add_f32_e32 v0, v0, v2","",53
310546936436493,4294967295,53,"v_add_f32_e32 v0, v0, v2","",53
310546936436493,4294967295,53,"v_add_f32_e32 v0, v0, v2","",53
310546936436493,4294967295,53,"v_add_f32_e32 v0, v0, v2","",53
310546936436533,4294967295,53,"v_add_f32_e32 v0, v0, v2","",53
310546936435133,4294967295,53,"v_add_f32_e32 v0, v0, v2","",53
310546936435133,4294967295,53,"v_add_f32_e32 v0, v0, v2","",53
310546936435133,4294967295,53,"v_add_f32_e32 v0, v0, v2","",53
310546936435813,4294967295,53,"v_add_f32_e32 v0, v0, v2","",53
310546936435853,4294967295,53,"v_add_f32_e32 v0, v0, v2","",53
310546936435853,4294967295,53,"v_add_f32_e32 v0, v0, v2","",53
310546936435853,4294967295,53,"v_add_f32_e32 v0, v0, v2","",53
310546936436853,4294967295,53,"v_add_f32_e32 v0, v0, v2","",53
310546936436893,4294967295,53,"v_add_f32_e32 v0, v0, v2","",53
310546936436933,4294967295,53,"v_add_f32_e32 v0, v0, v2","",53
310546936436933,4294967295,53,"v_add_f32_e32 v0, v0, v2","",53
310546936436853,4294967295,53,"v_add_f32_e32 v0, v0, v2","",53
310546936436893,4294967295,53,"v_add_f32_e32 v0, v0, v2","",53
310546936436893,4294967295,53,"v_add_f32_e32 v0, v0, v2","",53
310546936436893,4294967295,53,"v_add_f32_e32 v0, v0, v2","",53
310546936436853,4294967295,53,"v_add_f32_e32 v0, v0, v2","",53
310546936436853,4294967295,53,"v_add_f32_e32 v0, v0, v2","",53
310546936436853,4294967295,53,"v_add_f32_e32 v0, v0, v2","",53
310546936436893,4294967295,53,"v_add_f32_e32 v0, v0, v2","",53
310546936436853,4294967295,53,"s_and_saveexec_b32 s2, vcc_lo","",53
310546936436893,4294967295,53,"s_and_saveexec_b32 s2, vcc_lo","",53
310546936436893,4294967295,53,"s_and_saveexec_b32 s2, vcc_lo","",53
310546936436893,4294967295,53,"v_add_f32_e32 v0, v0, v2","",53
310546936436853,4294967295,53,"v_add_f32_e32 v0, v0, v2","",53
310546936436853,4294967295,53,"v_add_f32_e32 v0, v0, v2","",53
310546936436893,4294967295,53,"v_add_f32_e32 v0, v0, v2","",53
310546936436853,4294967295,53,"v_add_f32_e32 v0, v0, v2","",53
310546936436853,4294967295,53,"s_wait_loadcnt 0x0","",53
310546936436853,4294967295,53,"v_add_f32_e32 v0, v0, v2","",53
310546936436893,4294967295,53,"v_add_f32_e32 v0, v0, v2","",53
310546936435853,4294967295,53,"v_add_f32_e32 v0, v0, v2","",53
310546936436893,4294967295,53,"v_add_f32_e32 v0, v0, v2","",53
310546936436893,4294967295,53,"v_add_f32_e32 v0, v0, v2","",53
310546936436893,4294967295,53,"v_add_f32_e32 v0, v0, v2","",53
310546936437293,4294967295,53,"v_add_f32_e32 v0, v0, v2","",53
310546936437293,4294967295,53,"v_add_f32_e32 v0, v0, v2","",53
310546936437333,4294967295,53,"v_add_f32_e32 v0, v0, v2","",53
310546936435853,4294967295,53,"v_add_f32_e32 v0, v0, v2","",53
310546936437933,4294967295,53,"v_add_f32_e32 v0, v0, v2","",53
310546936437933,4294967295,53,"v_add_f32_e32 v0, v0, v2","",53
310546936437933,4294967295,53,"v_add_f32_e32 v0, v0, v2","",53
310546936437933,4294967295,53,"v_add_f32_e32 v0, v0, v2","",53
310546936437333,4294967295,53,"v_add_f32_e32 v0, v0, v2","",53
310546936438053,4294967295,53,"v_add_f32_e32 v0, v0, v2","",53
310546936438053,4294967295,53,"v_add_co_u32 v0, vcc_lo, s0, v0","",53
310546936438053,4294967295,53,"v_add_f32_e32 v0, v0, v2","",53
310546936438053,4294967295,53,"v_add_co_u32 v0, vcc_lo, s0, v0","",53
310546936438093,4294967295,53,"v_add_f32_e32 v0, v0, v2","",53
310546936438053,4294967295,53,"v_add_f32_e32 v0, v0, v2","",53
310546936438653,4294967295,53,"v_add_f32_e32 v0, v0, v2","",53
310546936438653,4294967295,53,"v_add_f32_e32 v0, v0, v2","",53
310546936438693,4294967295,53,"v_add_f32_e32 v0, v0, v2","",53
310546936438693,4294967295,53,"v_add_f32_e32 v0, v0, v2","",53
310546936438053,4294967295,53,"v_add_f32_e32 v0, v0, v2","",53
310546936438093,4294967295,53,"v_add_f32_e32 v0, v0, v2","",53
310546936439773,4294967295,53,"v_add_f32_e32 v0, v0, v2","",53
310546936439813,4294967295,53,"v_add_f32_e32 v0, v0, v2","",53
310546936439813,4294967295,53,"v_add_f32_e32 v0, v0, v2","",53
310546936439813,4294967295,53,"v_add_f32_e32 v0, v0, v2","",53
310546936440173,4294967295,53,"v_add_f32_e32 v0, v0, v2","",53
310546936440173,4294967295,53,"v_add_f32_e32 v0, v0, v2","",53
310546936440173,4294967295,53,"v_add_f32_e32 v0, v0, v2","",53
310546936440213,4294967295,53,"v_add_f32_e32 v0, v0, v2","",53
310546936440173,4294967295,53,"v_add_f32_e32 v0, v0, v2","",53
310546936440173,4294967295,53,"v_add_f32_e32 v0, v0, v2","",53
310546936440173,4294967295,53,"v_add_f32_e32 v0, v0, v2","",53
310546936440213,4294967295,53,"v_add_f32_e32 v0, v0, v2","",53
310546936442133,4294967295,53,"v_add_f32_e32 v0, v0, v2","",53
310546936442133,4294967295,53,"v_add_f32_e32 v0, v0, v2","",53
310546936442133,4294967295,53,"v_add_f32_e32 v0, v0, v2","",53
310546936442133,4294967295,53,"v_add_f32_e32 v0, v0, v2","",53
310546937430702,4294967295,55,"v_add_f32_e32 v0, v0, v2","",55
310546937430702,0,55,"s_endpgm","",55
310546937430742,4294967295,55,"v_add_f32_e32 v0, v0, v2","",55
310546937432422,4294967295,55,"v_add_f32_e32 v0, v0, v2","",55
310546937431862,4294967295,55,"v_add_f32_e32 v0, v0, v2","",55
310546937432582,4294967295,55,"v_add_f32_e32 v0, v0, v2","",55
310546937432582,4294967295,55,"v_add_f32_e32 v0, v0, v2","",55
310546937432582,4294967295,55,"v_add_f32_e32 v0, v0, v2","",55
310546937433542,4294967295,55,"v_add_f32_e32 v0, v0, v2","",55
310546937433302,4294967295,55,"v_add_f32_e32 v0, v0, v2","",55
310546937433542,4294967295,55,"v_add_f32_e32 v0, v0, v2","",55
310546937434382,4294967295,55,"v_add_f32_e32 v0, v0, v2","",55
310546937434422,4294967295,55,"v_add_f32_e32 v0, v0, v2","",55
310546937434422,4294967295,55,"v_add_f32_e32 v0, v0, v2","",55
310546937434422,4294967295,55,"v_add_f32_e32 v0, v0, v2","",55
310546937433342,4294967295,55,"v_mad_co_u64_u32 v[0:1], null, s4, ttmp9, v[0:1]","",55
310546937433342,4294967295,55,"v_mad_co_u64_u32 v[0:1], null, s4, ttmp9, v[0:1]","",55
310546937435742,4294967295,55,"v_add_f32_e32 v0, v0, v2","",55
310546937433542,4294967295,55,"v_add_f32_e32 v0, v0, v2","",55
310546937433542,4294967295,55,"v_add_f32_e32 v0, v0, v2","",55
310546937433342,4294967295,55,"v_add_f32_e32 v0, v0, v2","",55
310546937433542,4294967295,55,"v_add_f32_e32 v0, v0, v2","",55
310546937436262,4294967295,55,"v_add_f32_e32 v0, v0, v2","",55
310546937432422,4294967295,55,"v_add_f32_e32 v0, v0, v2","",55
310546937436262,4294967295,55,"v_add_f32_e32 v0, v0, v2","",55
310546937436262,4294967295,55,"v_add_f32_e32 v0, v0, v2","",55
310546937436862,4294967295,55,"v_add_f32_e32 v0, v0, v2","",55
310546937436262,4294967295,55,"v_add_f32_e32 v0, v0, v2","",55
310546937437822,4294967295,55,"v_add_f32_e32 v0, v0, v2","",55
310546937437822,4294967295,55,"v_add_f32_e32 v0, v0, v2","",55
310546937437862,4294967295,55,"v_add_f32_e32 v0, v0, v2","",55
310546937437862,4294967295,55,"v_add_f32_e32 v0, v0, v2","",55
310546937437822,4294967295,55,"v_add_f32_e32 v0, v0, v2","",55
310546937437822,4294967295,55,"v_add_f32_e32 v0, v0, v2","",55
310546937437862,4294967295,55,"v_add_f32_e32 v0, v0, v2","",55
310546937437862,4294967295,55,"v_add_f32_e32 v0, v0, v2","",55
310546937437862,4294967295,55,"v_add_f32_e32 v0, v0, v2","",55
310546937437862,4294967295,55,"v_add_f32_e32 v0, v0, v2","",55
310546937437982,4294967295,55,"v_add_f32_e32 v0, v0, v2","",55
310546937437822,4294967295,55,"v_add_f32_e32 v0, v0, v2","",55
310546937437862,4294967295,55,"v_add_f32_e32 v0, v0, v2","",55
310546937437862,4294967295,55,"v_add_f32_e32 v0, v0, v2","",55
310546937437862,4294967295,55,"v_add_f32_e32 v0, v0, v2","",55
310546937438182,4294967295,55,"v_add_f32_e32 v0, v0, v2","",55
310546937437822,4294967295,55,"v_add_f32_e32 v0, v0, v2","",55
310546937437862,4294967295,55,"v_add_f32_e32 v0, v0, v2","",55
310546937437862,4294967295,55,"v_add_f32_e32 v0, v0, v2","",55
310546937437862,4294967295,55,"v_add_f32_e32 v0, v0, v2","",55
310546937437982,4294967295,55,"v_add_f32_e32 v0, v0, v2","",55
310546937438182,4294967295,55,"v_add_f32_e32 v0, v0, v2","",55
310546937438182,4294967295,55,"v_add_f32_e32 v0, v0, v2","",55
310546937438182,4294967295,55,"v_add_f32_e32 v0, v0, v2","",55
310546937438182,4294967295,55,"v_add_f32_e32 v0, v0, v2","",55
310546937435782,4294967295,55,"v_add_f32_e32 v0, v0, v2","",55
310546937438822,4294967295,55,"v_add_f32_e32 v0, v0, v2","",55
310546937438542,4294967295,55,"v_add_f32_e32 v0, v0, v2","",55
310546937438182,4294967295,55,"v_add_f32_e32 v0, v0, v2","",55
310546937438542,4294967295,55,"v_mad_co_u64_u32 v[0:1], null, s4, ttmp9, v[0:1]","",55
310546937438582,4294967295,55,"v_add_f32_e32 v0, v0, v2","",55
310546937438582,4294967295,55,"v_add_f32_e32 v0, v0, v2","",55
310546937437982,4294967295,55,"v_add_f32_e32 v0, v0, v2","",55
310546937437862,4294967295,55,"v_add_f32_e32 v0, v0, v2","",55
310546937437862,4294967295,55,"s_cbranch_execz 28","",55
310546937438822,4294967295,55,"v_add_f32_e32 v0, v0, v2","",55
310546937438822,4294967295,55,"v_add_f32_e32 v0, v0, v2","",55
310546937438822,4294967295,55,"v_add_f32_e32 v0, v0, v2","",55
310546937437982,4294967295,55,"v_add_f32_e32 v0, v0, v2","",55
310546937437862,4294967295,55,"v_add_f32_e32 v0, v0, v2","",55
310546937438942,4294967295,55,"v_add_f32_e32 v0, v0, v2","",55
310546937438942,4294967295,55,"v_add_f32_e32 v0, v0, v2","",55
310546937438942,4294967295,55,"v_add_f32_e32 v0, v0, v2","",55
310546937438022,4294967295,55,"v_add_f32_e32 v0, v0, v2","",55
310546937438022,4294967295,55,"v_add_f32_e32 v0, v0, v2","",55
310546937438822,4294967295,55,"v_add_f32_e32 v0, v0, v2","",55
310546937438822,4294967295,55,"v_add_f32_e32 v0, v0, v2","",55
310546937438822,4294967295,55,"v_add_f32_e32 v0, v0, v2","",55
310546937438982,4294967295,55,"v_add_f32_e32 v0, v0, v2","",55
310546937438822,4294967295,55,"v_add_f32_e32 v0, v0, v2","",55
310546937438822,4294967295,55,"v_add_f32_e32 v0, v0, v2","",55
310546937438862,4294967295,55,"v_add_f32_e32 v0, v0, v2","",55
310546937438862,4294967295,55,"v_add_f32_e32 v0, v0, v2","",55
310546937439342,4294967295,55,"v_add_f32_e32 v0, v0, v2","",55
310546937438022,4294967295,55,"v_add_f32_e32 v0, v0, v2","",55
310546937434462,4294967295,55,"s_wait_loadcnt 0x0","",55
310546937434502,4294967295,55,"global_load_b128 v[0:3], v[0:1], off","",55
310546937436862,4294967295,55,"v_add_co_u32 v0, vcc_lo, s0, v0","",55
310546937436862,4294967295,55,"v_add_f32_e32 v0, v0, v2","",55
310546937436902,4294967295,55,"v_add_f32_e32 v0, v0, v2","",55
310546937439302,4294967295,55,"v_add_f32_e32 v0, v0, v2","",55
310546937438022,4294967295,55,"v_add_f32_e32 v0, v0, v2","",55
310546937439302,4294967295,55,"v_add_f32_e32 v0, v0, v2","",55
310546937439302,4294967295,55,"v_add_f32_e32 v0, v0, v2","",55
310546937439342,4294967295,55,"v_add_f32_e32 v0, v0, v2","",55
310546937439342,4294967295,55,"v_add_f32_e32 v0, v0, v2","",55
310546937435142,4294967295,55,"s_wait_loadcnt 0x0","",55
310546937439302,4294967295,55,"v_add_f32_e32 v0, v0, v2","",55
310546937437862,4294967295,55,"v_add_f32_e32 v0, v0, v2","",55
310546937437862,4294967295,55,"v_add_f32_e32 v0, v0, v2","",55
310546937437862,4294967295,55,"v_add_f32_e32 v0, v0, v2","",55
310546937439302,4294967295,55,"v_add_f32_e32 v0, v0, v2","",55
310546937439342,4294967295,55,"v_add_f32_e32 v0, v0, v2","",55
310546937439342,4294967295,55,"v_add_f32_e32 v0, v0, v2","",55
310546937439342,4294967295,55,"v_add_f32_e32 v0, v0, v2","",55
310546937435742,4294967295,55,"v_add_f32_e32 v0, v0, v2","",55
310546937435822,4294967295,55,"v_add_f32_e32 v0, v0, v2","",55
310546937439342,4294967295,55,"v_add_f32_e32 v0, v0, v2","",55
310546937439382,4294967295,55,"v_add_f32_e32 v0, v0, v2","",55
310546937439302,4294967295,55,"v_add_f32_e32 v0, v0, v2","",55
310546937439302,4294967295,55,"v_add_f32_e32 v0, v0, v2","",55
310546937439342,4294967295,55,"v_add_f32_e32 v0, v0, v2","",55
310546937438182,4294967295,55,"v_add_f32_e32 v0, v0, v2","",55
310546937438182,4294967295,55,"v_add_f32_e32 v0, v0, v2","",55
310546937436542,4294967295,55,"v_add_f32_e32 v0, v0, v2","",55
310546937436662,4294967295,55,"v_add_f32_e32 v0, v0, v2","",55
310546937436782,4294967295,55,"v_add_f32_e32 v0, v0, v2","",55
310546937436942,4294967295,55,"v_add_f32_e32 v0, v0, v2","",55
310546937437022,4294967295,55,"v_add_f32_e32 v0, v0, v2","",55
310546937441302,4294967295,55,"v_add_f32_e32 v0, v0, v2","",55
310546937441302,4294967295,55,"v_add_f32_e32 v0, v0, v2","",55
310546937441342,4294967295,55,"v_add_f32_e32 v0, v0, v2","",55
310546937441342,4294967295,55,"v_add_f32_e32 v0, v0, v2","",55
310546937442462,4294967295,55,"v_add_f32_e32 v0, v0, v2","",55
310546937442502,4294967295,55,"v_add_f32_e32 v0, v0, v2","",55
310546937442502,4294967295,55,"v_add_f32_e32 v0, v0, v2","",55
310546937442502,4294967295,55,"v_add_f32_e32 v0, v0, v2","",55
310546938430191,4294967295,57,"v_add_f32_e32 v0, v0, v2","",57
310546938430191,4294967295,57,"v_add_f32_e32 v0, v0, v2","",57
310546938431191,4294967295,57,"v_add_f32_e32 v0, v0, v2","",57
310546938431951,4294967295,57,"v_add_f32_e32 v0, v0, v2","",57
310546938431951,4294967295,57,"v_add_f32_e32 v0, v0, v2","",57
310546938431951,4294967295,57,"v_add_f32_e32 v0, v0, v2","",57
310546938432231,4294967295,57,"v_add_f32_e32 v0, v0, v2","",57
310546938432231,4294967295,57,"v_add_f32_e32 v0, v0, v2","",57
310546938432231,4294967295,57,"v_add_f32_e32 v0, v0, v2","",57
310546938431951,4294967295,57,"v_add_f32_e32 v0, v0, v2","",57
310546938432631,4294967295,57,"v_add_f32_e32 v0, v0, v2","",57
310546938430231,4294967295,57,"v_cmp_eq_f32_e32 vcc_lo, 0x449a522b, v0","",57
310546938430231,4294967295,57,"v_add_f32_e32 v0, v0, v2","",57
310546938434152,4294967295,57,"v_add_f32_e32 v0, v0, v2","",57
310546938434152,4294967295,57,"v_add_f32_e32 v0, v0, v2","",57
310546938433831,4294967295,57,"v_add_f32_e32 v0, v0, v2","",57
310546938433831,4294967295,57,"v_add_f32_e32 v0, v0, v2","",57
310546938434432,4294967295,57,"v_add_f32_e32 v0, v0, v2","",57
310546938434432,4294967295,57,"v_add_f32_e32 v0, v0, v2","",57
310546938434472,4294967295,57,"v_add_f32_e32 v0, v0, v2","",57
310546938434472,4294967295,57,"v_add_f32_e32 v0, v0, v2","",57
310546938434432,4294967295,57,"v_add_f32_e32 v0, v0, v2","",57
310546938434432,4294967295,57,"v_add_f32_e32 v0, v0, v2","",57
310546938434472,4294967295,57,"v_add_f32_e32 v0, v0, v2","",57
310546938433831,4294967295,57,"v_add_f32_e32 v0, v0, v2","",57
310546938433831,4294967295,57,"v_add_f32_e32 v0, v0, v2","",57
310546938435552,4294967295,57,"v_add_f32_e32 v0, v0, v2","",57
310546938435592,4294967295,57,"v_add_f32_e32 v0, v0, v2","",57
310546938435672,4294967295,57,"v_add_f32_e32 v0, v0, v2","",57
310546938435592,4294967295,57,"v_add_f32_e32 v0, v0, v2","",57
310546938435672,4294967295,57,"v_add_f32_e32 v0, v0, v2","",57
310546938435672,4294967295,57,"v_add_f32_e32 v0, v0, v2","",57
310546938435672,4294967295,57,"v_add_f32_e32 v0, v0, v2","",57
310546938436872,4294967295,57,"v_add_f32_e32 v0, v0, v2","",57
310546938438032,4294967295,57,"v_add_f32_e32 v0, v0, v2","",57
310546938431471,4294967295,57,"v_add_f32_e32 v0, v0, v2","",57
310546938431511,0,57,"s_cbranch_execz 6","",57
310546938437072,4294967295,57,"v_add_f32_e32 v0, v0, v2","",57
310546938436872,4294967295,57,"v_add_f32_e32 v0, v0, v2","",57
310546938431711,4294967295,57,"v_add_f32_e32 v0, v0, v2","",57
310546938437552,4294967295,57,"v_add_f32_e32 v0, v0, v2","",57
310546938438032,4294967295,57,"v_add_f32_e32 v0, v0, v2","",57
310546938437992,4294967295,57,"v_add_f32_e32 v0, v0, v2","",57
310546938437552,4294967295,57,"v_add_f32_e32 v0, v0, v2","",57
310546938437552,4294967295,57,"v_add_f32_e32 v0, v0, v2","",57
310546938437592,4294967295,57,"v_add_f32_e32 v0, v0, v2","",57
310546938437592,4294967295,57,"v_add_f32_e32 v0, v0, v2","",57
310546938436872,4294967295,57,"v_add_f32_e32 v0, v0, v2","",57
310546938436872,4294967295,57,"v_add_f32_e32 v0, v0, v2","",57
310546938437992,4294967295,57,"v_add_f32_e32 v0, v0, v2","",57
310546938438032,4294967295,57,"v_add_f32_e32 v0, v0, v2","",57
310546938438032,4294967295,57,"v_add_f32_e32 v0, v0, v2","",57
310546938437552,4294967295,57,"v_add_f32_e32 v0, v0, v2","",57
310546938437992,4294967295,57,"s_wait_loadcnt 0x0","",57
310546938437992,4294967295,57,"v_add_f32_e32 v0, v0, v2","",57
310546938437992,4294967295,57,"v_add_f32_e32 v0, v0, v2","",57
310546938438032,4294967295,57,"v_add_f32_e32 v0, v0, v2","",57
310546938438032,4294967295,57,"v_add_f32_e32 v0, v0, v2","",57
310546938438112,4294967295,57,"v_add_f32_e32 v0, v0, v2","",57
310546938438112,4294967295,57,"v_add_f32_e32 v0, v0, v2","",57
310546938438152,4294967295,57,"v_add_f32_e32 v0, v0, v2","",57
310546938437992,4294967295,57,"v_add_f32_e32 v0, v0, v2","",57
310546938438032,4294967295,57,"v_add_f32_e32 v0, v0, v2","",57
310546938438032,4294967295,57,"v_add_f32_e32 v0, v0, v2","",57
310546938439032,4294967295,57,"v_add_f32_e32 v0, v0, v2","",57
310546938439072,4294967295,57,"v_add_f32_e32 v0, v0, v2","",57
310546938439072,4294967295,57,"v_add_f32_e32 v0, v0, v2","",57
310546938438592,4294967295,57,"v_add_f32_e32 v0, v0, v2","",57
310546938437992,4294967295,57,"v_add_f32_e32 v0, v0, v2","",57
310546938439032,4294967295,57,"v_add_f32_e32 v0, v0, v2","",57
310546938438152,4294967295,57,"v_add_f32_e32 v0, v0, v2","",57
310546938438032,4294967295,57,"v_add_f32_e32 v0, v0, v2","",57
310546938438072,4294967295,57,"v_add_f32_e32 v0, v0, v2","",57
310546938438072,4294967295,57,"v_add_f32_e32 v0, v0, v2","",57
310546938439072,4294967295,57,"v_add_f32_e32 v0, v0, v2","",57
310546938439632,4294967295,57,"v_add_f32_e32 v0, v0, v2","",57
310546938439632,4294967295,57,"v_add_f32_e32 v0, v0, v2","",57
310546938437592,4294967295,57,"v_add_f32_e32 v0, v0, v2","",57
310546938437592,4294967295,57,"v_add_f32_e32 v0, v0, v2","",57
310546938437992,4294967295,57,"v_add_f32_e32 v0, v0, v2","",57
310546938438032,4294967295,57,"v_add_f32_e32 v0, v0, v2","",57
310546938438072,4294967295,57,"v_add_f32_e32 v0, v0, v2","",57
310546938439632,4294967295,57,"v_add_f32_e32 v0, v0, v2","",57
310546938439632,4294967295,57,"v_add_f32_e32 v0, v0, v2","",57
310546938439672,4294967295,57,"v_add_f32_e32 v0, v0, v2","",57
310546938439672,4294967295,57,"v_add_f32_e32 v0, v0, v2","",57
310546938439672,4294967295,57,"v_add_f32_e32 v0, v0, v2","",57
310546938438072,4294967295,57,"v_add_f32_e32 v0, v0, v2","",57
310546938439632,4294967295,57,"v_add_f32_e32 v0, v0, v2","",57
310546938439672,4294967295,57,"v_add_f32_e32 v0, v0, v2","",57
310546938439672,4294967295,57,"v_add_f32_e32 v0, v0, v2","",57
310546938439832,4294967295,57,"v_add_f32_e32 v0, v0, v2","",57
310546938439832,4294967295,57,"v_add_f32_e32 v0, v0, v2","",57
310546938439832,4294967295,57,"v_add_f32_e32 v0, v0, v2","",57
310546938439832,4294967295,57,"v_add_f32_e32 v0, v0, v2","",57
310546938435472,4294967295,57,"v_add_f32_e32 v0, v0, v2","",57
310546938439672,4294967295,57,"v_add_f32_e32 v0, v0, v2","",57
310546938437072,4294967295,57,"v_add_f32_e32 v0, v0, v2","",57
310546938439072,4294967295,57,"v_add_f32_e32 v0, v0, v2","",57
310546938440272,4294967295,57,"v_add_f32_e32 v0, v0, v2","",57
310546938440312,4294967295,57,"v_add_f32_e32 v0, v0, v2","",57
310546938440312,4294967295,57,"v_add_f32_e32 v0, v0, v2","",57
310546938440312,4294967295,57,"v_add_f32_e32 v0, v0, v2","",57
310546938437072,4294967295,57,"v_add_f32_e32 v0, v0, v2","",57
310546938437072,4294967295,57,"v_add_f32_e32 v0, v0, v2","",57
310546938438032,4294967295,57,"v_add_f32_e32 v0, v0, v2","",57
310546938438032,4294967295,57,"v_add_f32_e32 v0, v0, v2","",57
310546938438632,4294967295,57,"v_add_f32_e32 v0, v0, v2","",57
310546938438632,4294967295,57,"v_add_f32_e32 v0, v0, v2","",57
310546938438632,4294967295,57,"v_add_f32_e32 v0, v0, v2","",57
310546938439072,4294967295,57,"v_add_f32_e32 v0, v0, v2","",57
310546938439072,4294967295,57,"v_add_f32_e32 v0, v0, v2","",57
310546938441952,4294967295,57,"v_add_f32_e32 v0, v0, v2","",57
310546938442512,4294967295,57,"v_add_f32_e32 v0, v0, v2","",57
310546938442552,4294967295,57,"v_add_f32_e32 v0, v0, v2","",57
310546938442552,4294967295,57,"s_wait_loadcnt 0x0","",57
310546938442552,4294967295,57,"v_add_f32_e32 v0, v0, v2","",57
310546938441952,0,57,"s_cbranch_execz 6","",57
310546938441992,4294967295,57,"v_add_f32_e32 v0, v0, v2","",57
310546938437792,4294967295,57,"v_mad_co_u64_u32 v[0:1], null, s4, ttmp9, v[0:1]","",57
310546938437912,4294967295,57,"v_add_f32_e32 v0, v0, v2","",57
310546939444561,4294967295,59,"v_add_f32_e32 v0, v0, v2","",59
310546939445401,4294967295,59,"v_add_f32_e32 v0, v0, v2","",59
310546939445881,4294967295,59,"v_add_f32_e32 v0, v0, v2","",59
310546939446001,4294967295,59,"v_add_f32_e32 v0, v0, v2","",59
310546939445921,4294967295,59,"v_add_f32_e32 v0, v0, v2","",59
310546939447681,4294967295,59,"v_add_f32_e32 v0, v0, v2","",59
310546939447321,4294967295,59,"v_add_f32_e32 v0, v0, v2","",59
310546939449761,4294967295,59,"v_add_f32_e32 v0, v0, v2","",59
310546939448041,4294967295,59,"v_add_f32_e32 v0, v0, v2","",59
310546939446001,4294967295,59,"v_add_f32_e32 v0, v0, v2","",59
310546939447321,4294967295,59,"v_add_f32_e32 v0, v0, v2","",59
310546939449761,4294967295,59,"v_add_f32_e32 v0, v0, v2","",59
310546939449761,4294967295,59,"v_add_f32_e32 v0, v0, v2","",59
310546939449761,4294967295,59,"v_add_f32_e32 v0, v0, v2","",59
310546939452161,4294967295,59,"v_add_f32_e32 v0, v0, v2","",59
310546939451121,4294967295,59,"v_add_f32_e32 v0, v0, v2","",59
310546939451121,4294967295,59,"v_add_f32_e32 v0, v0, v2","",59
310546939451121,4294967295,59,"v_add_f32_e32 v0, v0, v2","",59
310546939451161,4294967295,59,"v_add_f32_e32 v0, v0, v2","",59
310546939450761,4294967295,59,"v_add_f32_e32 v0, v0, v2","",59
310546939445601,4294967295,59,"v_add_f32_e32 v0, v0, v2","",59
310546939445681,4294967295,59,"v_add_f32_e32 v0, v0, v2","",59
310546939445761,4294967295,59,"v_add_f32_e32 v0, v0, v2","",59
310546939445921,4294967295,59,"v_add_f32_e32 v0, v0, v2","",59
310546939452161,4294967295,59,"v_add_f32_e32 v0, v0, v2","",59
310546939445961,4294967295,59,"v_add_f32_e32 v0, v0, v2","",59
310546939451841,4294967295,59,"v_add_f32_e32 v0, v0, v2","",59
310546939451881,4294967295,59,"v_add_f32_e32 v0, v0, v2","",59
310546939451881,4294967295,59,"v_add_f32_e32 v0, v0, v2","",59
310546939453561,4294967295,59,"v_add_f32_e32 v0, v0, v2","",59
310546939451881,4294967295,59,"v_add_f32_e32 v0, v0, v2","",59
310546939453641,4294967295,59,"v_add_f32_e32 v0, v0, v2","",59
310546939446441,4294967295,59,"v_add_f32_e32 v0, v0, v2","",59
310546939452801,4294967295,59,"v_add_f32_e32 v0, v0, v2","",59
310546939446601,4294967295,59,"v_add_f32_e32 v0, v0, v2","",59
310546939446641,4294967295,59,"v_add_f32_e32 v0, v0, v2","",59
310546939452801,4294967295,59,"v_add_f32_e32 v0, v0, v2","",59
310546939452801,4294967295,59,"v_add_f32_e32 v0, v0, v2","",59
310546939447681,4294967295,59,"v_add_f32_e32 v0, v0, v2","",59
310546939447681,4294967295,59,"v_add_f32_e32 v0, v0, v2","",59
310546939453641,4294967295,59,"v_add_f32_e32 v0, v0, v2","",59
310546939453681,4294967295,59,"v_add_f32_e32 v0, v0, v2","",59
310546939453681,4294967295,59,"v_add_f32_e32 v0, v0, v2","",59
310546939453681,4294967295,59,"v_add_f32_e32 v0, v0, v2","",59
310546939453121,4294967295,59,"v_add_f32_e32 v0, v0, v2","",59
310546939452801,4294967295,59,"v_add_f32_e32 v0, v0, v2","",59
310546939447401,4294967295,59,"v_add_f32_e32 v0, v0, v2","",59
310546939452841,4294967295,59,"v_add_f32_e32 v0, v0, v2","",59
310546939453681,4294967295,59,"v_add_f32_e32 v0, v0, v2","",59
310546939447601,4294967295,59,"v_add_f32_e32 v0, v0, v2","",59
310546939447721,4294967295,59,"v_add_f32_e32 v0, v0, v2","",59
310546939452841,4294967295,59,"v_add_f32_e32 v0, v0, v2","",59
310546939453961,4294967295,59,"s_and_saveexec_b32 s2, vcc_lo","",59
310546939453961,4294967295,59,"s_and_saveexec_b32 s2, vcc_lo","",59
310546939453961,4294967295,59,"v_add_f32_e32 v0, v0, v2","",59
310546939454001,4294967295,59,"v_add_f32_e32 v0, v0, v2","",59
310546939448081,4294967295,59,"v_add_f32_e32 v0, v0, v2","",59
310546939453121,4294967295,59,"v_add_f32_e32 v0, v0, v2","",59
310546939454481,4294967295,59,"v_add_f32_e32 v0, v0, v2","",59
310546939454481,4294967295,59,"v_add_f32_e32 v0, v0, v2","",59
310546939454481,4294967295,59,"v_add_f32_e32 v0, v0, v2","",59
310546939454481,4294967295,59,"v_add_f32_e32 v0, v0, v2","",59
310546939448481,4294967295,59,"v_add_f32_e32 v0, v0, v2","",59
310546939452841,4294967295,59,"v_add_f32_e32 v0, v0, v2","",59
310546939452841,4294967295,59,"v_add_f32_e32 v0, v0, v2","",59
310546939452841,4294967295,59,"v_add_f32_e32 v0, v0, v2","",59
310546939454481,4294967295,59,"v_add_f32_e32 v0, v0, v2","",59
310546939454361,4294967295,59,"v_add_f32_e32 v0, v0, v2","",59
310546939452841,4294967295,59,"v_add_f32_e32 v0, v0, v2","",59
310546939452841,4294967295,59,"v_add_f32_e32 v0, v0, v2","",59
310546939454241,4294967295,59,"v_add_co_u32 v0, vcc_lo, s0, v0","",59
310546939454281,4294967295,59,"v_add_f32_e32 v0, v0, v2","",59
310546939454281,4294967295,59,"v_add_f32_e32 v0, v0, v2","",59
310546939454721,4294967295,59,"v_add_f32_e32 v0, v0, v2","",59
310546939454721,4294967295,59,"v_add_f32_e32 v0, v0, v2","",59
310546939454721,4294967295,59,"v_add_f32_e32 v0, v0, v2","",59
310546939454761,4294967295,59,"v_add_f32_e32 v0, v0, v2","",59
310546939453121,4294967295,59,"v_add_f32_e32 v0, v0, v2","",59
310546939454281,4294967295,59,"v_add_f32_e32 v0, v0, v2","",59
310546939453161,4294967295,59,"v_add_f32_e32 v0, v0, v2","",59
310546939453601,4294967295,59,"v_add_f32_e32 v0, v0, v2","",59
310546939453601,4294967295,59,"v_add_f32_e32 v0, v0, v2","",59
310546939453601,4294967295,59,"s_wait_loadcnt 0x0","",59
310546939454921,4294967295,59,"v_add_f32_e32 v0, v0, v2","",59
310546939454721,4294967295,59,"v_add_f32_e32 v0, v0, v2","",59
310546939450001,4294967295,59,"v_add_f32_e32 v0, v0, v2","",59
310546939450081,4294967295,59,"v_add_f32_e32 v0, v0, v2","",59
310546939450161,4294967295,59,"v_add_f32_e32 v0, v0, v2","",59
310546939454721,4294967295,59,"v_add_f32_e32 v0, v0, v2","",59
310546939454481,4294967295,59,"v_add_f32_e32 v0, v0, v2","",59
310546939454921,4294967295,59,"v_add_f32_e32 v0, v0, v2","",59
310546939454921,4294967295,59,"v_add_f32_e32 v0, v0, v2","",59
310546939454921,4294967295,59,"v_add_f32_e32 v0, v0, v2","",59
310546939454921,4294967295,59,"v_add_f32_e32 v0, v0, v2","",59
310546939455201,4294967295,59,"v_add_f32_e32 v0, v0, v2","",59
310546939454921,4294967295,59,"v_add_f32_e32 v0, v0, v2","",59
310546939454361,4294967295,59,"v_add_f32_e32 v0, v0, v2","",59
310546939454921,4294967295,59,"v_add_f32_e32 v0, v0, v2","",59
310546939454481,4294967295,59,"v_add_f32_e32 v0, v0, v2","",59
310546939454481,4294967295,59,"v_add_f32_e32 v0, v0, v2","",59
310546939454361,4294967295,59,"v_add_f32_e32 v0, v0, v2","",59
310546939455321,4294967295,59,"v_add_f32_e32 v0, v0, v2","",59
310546939451241,4294967295,59,"v_add_f32_e32 v0, v0, v2","",59
310546939451321,4294967295,59,"v_add_f32_e32 v0, v0, v2","",59
310546939454921,4294967295,59,"v_add_f32_e32 v0, v0, v2","",59
310546939452161,4294967295,59,"v_add_f32_e32 v0, v0, v2","",59
310546939453681,4294967295,59,"v_add_f32_e32 v0, v0, v2","",59
310546939453681,4294967295,59,"v_add_f32_e32 v0, v0, v2","",59
310546939452161,4294967295,59,"v_add_f32_e32 v0, v0, v2","",59
310546939455361,4294967295,59,"v_add_f32_e32 v0, v0, v2","",59
310546939456161,4294967295,59,"v_add_f32_e32 v0, v0, v2","",59
310546939456161,4294967295,59,"v_add_f32_e32 v0, v0, v2","",59
310546939456161,4294967295,59,"v_add_f32_e32 v0, v0, v2","",59
310546939456201,4294967295,59,"v_add_f32_e32 v0, v0, v2","",59
310546939455361,4294967295,59,"v_add_f32_e32 v0, v0, v2","",59
310546939455361,4294967295,59,"v_add_f32_e32 v0, v0, v2","",59
310546939455201,4294967295,59,"v_add_f32_e32 v0, v0, v2","",59
310546939455241,4294967295,59,"v_add_f32_e32 v0, v0, v2","",59
310546939455241,4294967295,59,"v_add_f32_e32 v0, v0, v2","",59
310546939456721,4294967295,59,"v_add_f32_e32 v0, v0, v2","",59
310546939456721,4294967295,59,"v_add_f32_e32 v0, v0, v2","",59
310546939456721,4294967295,59,"v_add_f32_e32 v0, v0, v2","",59
310546939456721,4294967295,59,"v_add_f32_e32 v0, v0, v2","",59
310546940447850,4294967295,61,"v_add_f32_e32 v0, v0, v2","",61
310546940448090,4294967295,61,"v_add_f32_e32 v0, v0, v2","",61
310546940448690,4294967295,61,"v_add_f32_e32 v0, v0, v2","",61
310546940447850,4294967295,61,"v_add_f32_e32 v0, v0, v2","",61
310546940449290,4294967295,61,"v_add_f32_e32 v0, v0, v2","",61
310546940450490,4294967295,61,"v_add_f32_e32 v0, v0, v2","",61
310546940447850,4294967295,61,"v_add_f32_e32 v0, v0, v2","",61
310546940448090,4294967295,61,"v_add_f32_e32 v0, v0, v2","",61
310546940447890,4294967295,61,"v_add_f32_e32 v0, v0, v2","",61
310546940448730,4294967295,61,"v_add_f32_e32 v0, v0, v2","",61
310546940448730,4294967295,61,"v_add_f32_e32 v0, v0, v2","",61
310546940450490,4294967295,61,"v_add_f32_e32 v0, v0, v2","",61
310546940450530,4294967295,61,"v_add_f32_e32 v0, v0, v2","",61
310546940448730,4294967295,61,"v_add_f32_e32 v0, v0, v2","",61
310546940450530,4294967295,61,"v_add_f32_e32 v0, v0, v2","",61
310546940453450,4294967295,61,"v_add_f32_e32 v0, v0, v2","",61
310546940449330,0,61,"s_cbranch_execz 6","",61
310546940454010,4294967295,61,"v_add_f32_e32 v0, v0, v2","",61
310546940449330,4294967295,61,"v_add_f32_e32 v0, v0, v2","",61
310546940454930,4294967295,61,"v_add_f32_e32 v0, v0, v2","",61
310546940454930,4294967295,61,"v_add_f32_e32 v0, v0, v2","",61
310546940454970,4294967295,61,"v_add_f32_e32 v0, v0, v2","",61
310546940454250,4294967295,61,"v_add_f32_e32 v0, v0, v2","",61
310546940454970,4294967295,61,"v_add_f32_e32 v0, v0, v2","",61
310546940455810,4294967295,61,"v_add_f32_e32 v0, v0, v2","",61
310546940455810,4294967295,61,"v_add_f32_e32 v0, v0, v2","",61
310546940455850,4294967295,61,"v_add_f32_e32 v0, v0, v2","",61
310546940455850,4294967295,61,"v_add_f32_e32 v0, v0, v2","",61
310546940454250,4294967295,61,"v_add_f32_e32 v0, v0, v2","",61
310546940454250,4294967295,61,"v_add_f32_e32 v0, v0, v2","",61
310546940454290,4294967295,61,"v_add_f32_e32 v0, v0, v2","",61
310546940452970,4294967295,61,"v_add_f32_e32 v0, v0, v2","",61
310546940453010,4294967295,61,"v_add_f32_e32 v0, v0, v2","",61
310546940453010,4294967295,61,"v_add_f32_e32 v0, v0, v2","",61
310546940453010,4294967295,61,"v_add_f32_e32 v0, v0, v2","",61
310546940454010,4294967295,61,"v_add_f32_e32 v0, v0, v2","",61
310546940454410,4294967295,61,"v_add_f32_e32 v0, v0, v2","",61
310546940456050,4294967295,61,"v_add_f32_e32 v0, v0, v2","",61
310546940456530,4294967295,61,"v_add_f32_e32 v0, v0, v2","",61
310546940456050,4294967295,61,"v_add_f32_e32 v0, v0, v2","",61
310546940456050,4294967295,61,"v_add_f32_e32 v0, v0, v2","",61
310546940454010,4294967295,61,"v_add_f32_e32 v0, v0, v2","",61
310546940449690,4294967295,61,"v_add_f32_e32 v0, v0, v2","",61
310546940449770,4294967295,61,"v_add_f32_e32 v0, v0, v2","",61
310546940454050,4294967295,61,"v_add_f32_e32 v0, v0, v2","",61
310546940454090,4294967295,61,"v_add_f32_e32 v0, v0, v2","",61
310546940454410,4294967295,61,"v_add_f32_e32 v0, v0, v2","",61
310546940452970,4294967295,61,"v_add_f32_e32 v0, v0, v2","",61
310546940457810,4294967295,61,"v_add_f32_e32 v0, v0, v2","",61
310546940453450,4294967295,61,"v_add_f32_e32 v0, v0, v2","",61
310546940456090,4294967295,61,"v_add_f32_e32 v0, v0, v2","",61
310546940454050,4294967295,61,"v_add_f32_e32 v0, v0, v2","",61
310546940454090,4294967295,61,"v_add_f32_e32 v0, v0, v2","",61
310546940454090,4294967295,61,"v_add_f32_e32 v0, v0, v2","",61
310546940454410,4294967295,61,"s_and_saveexec_b32 s2, vcc_lo","",61
310546940454410,4294967295,61,"v_add_f32_e32 v0, v0, v2","",61
310546940455010,4294967295,61,"v_add_f32_e32 v0, v0, v2","",61
310546940454250,4294967295,61,"v_add_f32_e32 v0, v0, v2","",61
310546940452970,4294967295,61,"v_add_f32_e32 v0, v0, v2","",61
310546940453450,4294967295,61,"v_add_f32_e32 v0, v0, v2","",61
310546940455010,4294967295,61,"v_add_f32_e32 v0, v0, v2","",61
310546940455130,4294967295,61,"v_add_f32_e32 v0, v0, v2","",61
310546940456250,4294967295,61,"v_add_f32_e32 v0, v0, v2","",61
310546940456290,4294967295,61,"v_add_f32_e32 v0, v0, v2","",61
310546940456570,4294967295,61,"v_add_f32_e32 v0, v0, v2","",61
310546940456610,4294967295,61,"v_add_f32_e32 v0, v0, v2","",61
310546940455130,4294967295,61,"v_add_f32_e32 v0, v0, v2","",61
310546940456290,4294967295,61,"v_add_f32_e32 v0, v0, v2","",61
310546940457850,4294967295,61,"v_add_f32_e32 v0, v0, v2","",61
310546940453850,4294967295,61,"v_add_f32_e32 v0, v0, v2","",61
310546940456610,4294967295,61,"v_add_f32_e32 v0, v0, v2","",61
310546940454090,4294967295,61,"v_add_f32_e32 v0, v0, v2","",61
310546940457210,4294967295,61,"v_add_f32_e32 v0, v0, v2","",61
310546940457250,4294967295,61,"v_add_f32_e32 v0, v0, v2","",61
310546940457250,4294967295,61,"v_add_f32_e32 v0, v0, v2","",61
310546940457850,4294967295,61,"v_add_f32_e32 v0, v0, v2","",61
310546940454210,4294967295,61,"v_add_f32_e32 v0, v0, v2","",61
310546940454210,4294967295,61,"v_add_f32_e32 v0, v0, v2","",61
310546940457290,4294967295,61,"v_add_f32_e32 v0, v0, v2","",61
310546940457210,4294967295,61,"v_add_f32_e32 v0, v0, v2","",61
310546940454050,4294967295,61,"v_add_f32_e32 v0, v0, v2","",61
310546940454050,4294967295,61,"v_add_f32_e32 v0, v0, v2","",61
310546940454970,4294967295,61,"v_add_f32_e32 v0, v0, v2","",61
310546940452970,4294967295,61,"v_add_f32_e32 v0, v0, v2","",61
310546940453010,4294967295,61,"v_add_f32_e32 v0, v0, v2","",61
310546940454250,4294967295,61,"v_add_f32_e32 v0, v0, v2","",61
310546940454010,4294967295,61,"v_add_f32_e32 v0, v0, v2","",61
310546940457210,4294967295,61,"v_add_f32_e32 v0, v0, v2","",61
310546940454250,4294967295,61,"v_add_f32_e32 v0, v0, v2","",61
310546940454970,4294967295,61,"v_add_f32_e32 v0, v0, v2","",61
310546940453890,4294967295,61,"v_add_f32_e32 v0, v0, v2","",61
310546940453890,4294967295,61,"v_add_f32_e32 v0, v0, v2","",61
310546940453890,4294967295,61,"v_add_f32_e32 v0, v0, v2","",61
310546940455010,4294967295,61,"v_add_f32_e32 v0, v0, v2","",61
310546940455010,4294967295,61,"v_add_f32_e32 v0, v0, v2","",61
310546940455050,4294967295,61,"v_add_f32_e32 v0, v0, v2","",61
310546940457810,4294967295,61,"v_add_f32_e32 v0, v0, v2","",61
310546940457810,4294967295,61,"v_add_f32_e32 v0, v0, v2","",61
310546940457850,4294967295,61,"v_add_f32_e32 v0, v0, v2","",61
310546940457850,4294967295,61,"v_add_f32_e32 v0, v0, v2","",61
310546940454250,4294967295,61,"v_add_f32_e32 v0, v0, v2","",61
310546940455050,4294967295,61,"v_add_f32_e32 v0, v0, v2","",61
310546940456530,4294967295,61,"v_add_f32_e32 v0, v0, v2","",61
310546940456570,4294967295,61,"v_add_f32_e32 v0, v0, v2","",61
310546940456570,4294967295,61,"v_add_f32_e32 v0, v0, v2","",61
310546940456570,4294967295,61,"v_add_f32_e32 v0, v0, v2","",61
310546940454050,4294967295,61,"v_add_f32_e32 v0, v0, v2","",61
310546940454050,4294967295,61,"v_add_f32_e32 v0, v0, v2","",61
310546940455010,4294967295,61,"v_add_f32_e32 v0, v0, v2","",61
310546940457250,4294967295,61,"v_add_f32_e32 v0, v0, v2","",61
310546940457250,4294967295,61,"v_add_f32_e32 v0, v0, v2","",61
310546940455010,4294967295,61,"v_add_f32_e32 v0, v0, v2","",61
310546940457890,4294967295,61,"v_add_f32_e32 v0, v0, v2","",61
310546940460290,4294967295,61,"v_add_f32_e32 v0, v0, v2","",61
310546940460290,4294967295,61,"v_add_f32_e32 v0, v0, v2","",61
310546940460290,4294967295,61,"v_add_f32_e32 v0, v0, v2","",61
310546940460290,4294967295,61,"v_add_f32_e32 v0, v0, v2","",61
310546940460290,4294967295,61,"v_add_f32_e32 v0, v0, v2","",61
310546940460290,4294967295,61,"v_add_f32_e32 v0, v0, v2","",61
310546940460290,4294967295,61,"v_add_f32_e32 v0, v0, v2","",61
310546940460570,4294967295,61,"v_add_f32_e32 v0, v0, v2","",61
310546940460570,4294967295,61,"v_add_f32_e32 v0, v0, v2","",61
310546940460570,4294967295,61,"v_add_f32_e32 v0, v0, v2","",61
310546941452380,4294967295,64,"v_add_f32_e32 v0, v0, v2","",64
310546941452380,4294967295,64,"v_add_f32_e32 v0, v0, v2","",64
310546941452380,4294967295,64,"v_add_f32_e32 v0, v0, v2","",64
310546941452420,4294967295,64,"v_add_f32_e32 v0, v0, v2","",64
310546941453860,4294967295,64,"v_add_f32_e32 v0, v0, v2","",64
310546941453860,4294967295,64,"v_add_f32_e32 v0, v0, v2","",64
310546941453860,4294967295,64,"v_add_f32_e32 v0, v0, v2","",64
310546941453860,4294967295,64,"v_add_f32_e32 v0, v0, v2","",64
310546941455140,4294967295,64,"v_add_f32_e32 v0, v0, v2","",64
310546941455100,4294967295,64,"v_add_f32_e32 v0, v0, v2","",64
310546941455140,4294967295,64,"v_add_f32_e32 v0, v0, v2","",64
310546941455140,4294967295,64,"v_add_f32_e32 v0, v0, v2","",64
310546941455660,4294967295,64,"v_add_f32_e32 v0, v0, v2","",64
310546941455660,4294967295,64,"v_add_f32_e32 v0, v0, v2","",64
310546941455660,0,64,"s_cbranch_execz 6","",64
310546941455700,4294967295,64,"v_add_f32_e32 v0, v0, v2","",64
310546941456780,4294967295,64,"v_add_f32_e32 v0, v0, v2","",64
310546941456860,4294967295,64,"v_add_f32_e32 v0, v0, v2","",64
310546941456900,4294967295,64,"v_add_f32_e32 v0, v0, v2","",64
310546941456860,4294967295,64,"v_add_f32_e32 v0, v0, v2","",64
310546941456900,4294967295,64,"v_add_f32_e32 v0, v0, v2","",64
310546941457580,4294967295,64,"v_add_f32_e32 v0, v0, v2","",64
310546941457580,4294967295,64,"v_add_f32_e32 v0, v0, v2","",64
310546941457620,4294967295,64,"v_add_f32_e32 v0, v0, v2","",64
310546941457620,4294967295,64,"v_add_f32_e32 v0, v0, v2","",64
310546941458180,4294967295,64,"v_add_f32_e32 v0, v0, v2","",64
310546941458180,4294967295,64,"v_add_f32_e32 v0, v0, v2","",64
310546941458220,4294967295,64,"v_add_f32_e32 v0, v0, v2","",64
310546941458100,4294967295,64,"v_add_f32_e32 v0, v0, v2","",64
310546941458220,4294967295,64,"v_add_f32_e32 v0, v0, v2","",64
310546941457660,4294967295,64,"v_add_f32_e32 v0, v0, v2","",64
310546941457700,4294967295,64,"v_add_f32_e32 v0, v0, v2","",64
310546941457700,4294967295,64,"v_add_f32_e32 v0, v0, v2","",64
310546941458220,4294967295,64,"v_add_f32_e32 v0, v0, v2","",64
310546941458220,4294967295,64,"v_add_f32_e32 v0, v0, v2","",64
310546941458260,4294967295,64,"v_add_f32_e32 v0, v0, v2","",64
310546941457700,4294967295,64,"v_add_f32_e32 v0, v0, v2","",64
310546941458180,4294967295,64,"v_add_f32_e32 v0, v0, v2","",64
310546941456780,4294967295,64,"v_add_f32_e32 v0, v0, v2","",64
310546941457660,4294967295,64,"v_add_f32_e32 v0, v0, v2","",64
310546941457700,4294967295,64,"v_add_f32_e32 v0, v0, v2","",64
310546941458100,4294967295,64,"v_add_f32_e32 v0, v0, v2","",64
310546941458140,4294967295,64,"v_add_f32_e32 v0, v0, v2","",64
310546941458140,4294967295,64,"v_add_f32_e32 v0, v0, v2","",64
310546941459820,4294967295,64,"v_add_f32_e32 v0, v0, v2","",64
310546941459820,4294967295,64,"v_add_f32_e32 v0, v0, v2","",64
310546941459820,4294967295,64,"v_add_f32_e32 v0, v0, v2","",64
310546941459860,4294967295,64,"v_add_f32_e32 v0, v0, v2","",64
310546941459860,4294967295,64,"v_add_f32_e32 v0, v0, v2","",64
310546941459820,4294967295,64,"v_add_f32_e32 v0, v0, v2","",64
310546941459860,4294967295,64,"v_add_f32_e32 v0, v0, v2","",64
310546941459860,4294967295,64,"v_add_f32_e32 v0, v0, v2","",64
310546941459860,4294967295,64,"v_add_f32_e32 v0, v0, v2","",64
310546941457700,4294967295,64,"v_add_f32_e32 v0, v0, v2","",64
310546941459820,4294967295,64,"v_add_f32_e32 v0, v0, v2","",64
310546941459860,4294967295,64,"v_add_f32_e32 v0, v0, v2","",64
310546941459860,4294967295,64,"v_add_f32_e32 v0, v0, v2","",64
310546941457700,4294967295,64,"v_add_f32_e32 v0, v0, v2","",64
310546941456820,4294967295,64,"v_add_f32_e32 v0, v0, v2","",64
310546941456820,4294967295,64,"v_add_f32_e32 v0, v0, v2","",64
310546941459860,4294967295,64,"v_add_f32_e32 v0, v0, v2","",64
310546941459820,4294967295,64,"v_add_f32_e32 v0, v0, v2","",64
310546941458220,4294967295,64,"s_clause 0x1","",64
310546941458220,4294967295,64,"s_clause 0x1","",64
310546941458220,4294967295,64,"v_add_f32_e32 v0, v0, v2","",64
310546941459860,4294967295,64,"v_add_f32_e32 v0, v0, v2","",64
310546941461020,4294967295,64,"v_add_f32_e32 v0, v0, v2","",64
310546941459860,4294967295,64,"v_add_f32_e32 v0, v0, v2","",64
310546941461020,4294967295,64,"v_add_f32_e32 v0, v0, v2","",64
310546941461060,4294967295,64,"v_add_f32_e32 v0, v0, v2","",64
310546941460620,4294967295,64,"v_add_f32_e32 v0, v0, v2","",64
310546941460620,4294967295,64,"v_add_f32_e32 v0, v0, v2","",64
310546941460660,4294967295,64,"v_add_f32_e32 v0, v0, v2","",64
310546941461060,4294967295,64,"v_add_f32_e32 v0, v0, v2","",64
310546941461700,4294967295,64,"v_add_f32_e32 v0, v0, v2","",64
310546941461700,4294967295,64,"v_add_f32_e32 v0, v0, v2","",64
310546941461700,4294967295,64,"v_add_f32_e32 v0, v0, v2","",64
310546941461700,4294967295,64,"v_add_f32_e32 v0, v0, v2","",64
310546941460660,4294967295,64,"v_add_f32_e32 v0, v0, v2","",64
310546941461900,4294967295,64,"v_add_f32_e32 v0, v0, v2","",64
310546941461900,4294967295,64,"v_add_f32_e32 v0, v0, v2","",64
310546941461900,4294967295,64,"v_add_f32_e32 v0, v0, v2","",64
310546941461940,4294967295,64,"v_add_f32_e32 v0, v0, v2","",64
310546941461940,4294967295,64,"v_add_f32_e32 v0, v0, v2","",64
310546941462260,4294967295,64,"v_add_f32_e32 v0, v0, v2","",64
310546941462260,4294967295,64,"v_add_f32_e32 v0, v0, v2","",64
310546941462260,4294967295,64,"v_add_f32_e32 v0, v0, v2","",64
310546941462300,4294967295,64,"v_add_f32_e32 v0, v0, v2","",64
310546941461900,4294967295,64,"v_add_f32_e32 v0, v0, v2","",64
310546941461940,4294967295,64,"v_add_f32_e32 v0, v0, v2","",64
310546941461940,4294967295,64,"v_add_f32_e32 v0, v0, v2","",64
310546941463100,4294967295,64,"v_add_f32_e32 v0, v0, v2","",64
310546941463140,4294967295,64,"v_add_f32_e32 v0, v0, v2","",64
310546941463140,4294967295,64,"v_add_f32_e32 v0, v0, v2","",64
310546941463140,4294967295,64,"v_add_f32_e32 v0, v0, v2","",64
310546941463100,4294967295,64,"v_add_f32_e32 v0, v0, v2","",64
310546941463140,4294967295,64,"v_add_f32_e32 v0, v0, v2","",64
310546941463140,4294967295,64,"v_add_f32_e32 v0, v0, v2","",64
310546941463140,4294967295,64,"v_add_f32_e32 v0, v0, v2","",64
310546941464380,4294967295,64,"v_add_f32_e32 v0, v0, v2","",64
310546941464380,4294967295,64,"v_add_f32_e32 v0, v0, v2","",64
310546941464380,4294967295,64,"v_add_f32_e32 v0, v0, v2","",64
310546941464380,4294967295,64,"v_add_f32_e32 v0, v0, v2","",64
310546941463940,4294967295,64,"v_add_f32_e32 v0, v0, v2","",64
310546941463980,4294967295,64,"v_add_f32_e32 v0, v0, v2","",64
310546941464500,4294967295,64,"v_add_f32_e32 v0, v0, v2","",64
310546941464540,4294967295,64,"v_add_f32_e32 v0, v0, v2","",64
310546941463980,4294967295,64,"v_add_f32_e32 v0, v0, v2","",64
310546941463980,4294967295,64,"v_add_f32_e32 v0, v0, v2","",64
310546941464540,4294967295,64,"v_add_f32_e32 v0, v0, v2","",64
310546941464540,4294967295,64,"v_add_f32_e32 v0, v0, v2","",64
310546941464740,4294967295,64,"v_add_f32_e32 v0, v0, v2","",64
310546941464740,4294967295,64,"v_add_f32_e32 v0, v0, v2","",64
310546941464740,4294967295,64,"v_add_f32_e32 v0, v0, v2","",64
310546941464780,4294967295,64,"v_add_f32_e32 v0, v0, v2","",64
310546941465100,4294967295,64,"v_add_f32_e32 v0, v0, v2","",64
310546941465100,4294967295,64,"v_add_f32_e32 v0, v0, v2","",64
310546941465100,4294967295,64,"v_add_f32_e32 v0, v0, v2","",64
310546941465100,4294967295,64,"v_add_f32_e32 v0, v0, v2","",64
310546941466020,4294967295,64,"v_add_f32_e32 v0, v0, v2","",64
310546941466020,4294967295,64,"v_add_f32_e32 v0, v0, v2","",64
310546941466020,4294967295,64,"v_add_f32_e32 v0, v0, v2","",64
310546941466020,4294967295,64,"v_add_f32_e32 v0, v0, v2","",64
310546941466980,4294967295,64,"v_add_f32_e32 v0, v0, v2","",64
310546941466980,4294967295,64,"v_add_f32_e32 v0, v0, v2","",64
310546941466980,4294967295,64,"v_add_f32_e32 v0, v0, v2","",64
310546941467020,4294967295,64,"v_add_f32_e32 v0, v0, v2","",64
310546942462389,0,66,"s_endpgm","",66
310546942462669,4294967295,66,"v_add_f32_e32 v0, v0, v2","",66
310546942462669,4294967295,66,"v_add_f32_e32 v0, v0, v2","",66
310546942462669,4294967295,66,"v_add_f32_e32 v0, v0, v2","",66
310546942462709,4294967295,66,"v_add_f32_e32 v0, v0, v2","",66
310546942463549,4294967295,66,"v_add_f32_e32 v0, v0, v2","",66
310546942463549,4294967295,66,"v_add_f32_e32 v0, v0, v2","",66
310546942463549,4294967295,66,"v_add_f32_e32 v0, v0, v2","",66
310546942464429,4294967295,66,"s_cbranch_execz 28","",66
310546942464429,4294967295,66,"s_cbranch_execz 28","",66
310546942464429,4294967295,66,"s_cbranch_execz 28","",66
310546942464429,4294967295,66,"s_cbranch_execz 28","",66
310546942464429,4294967295,66,"v_add_f32_e32 v0, v0, v2","",66
310546942464429,4294967295,66,"v_add_f32_e32 v0, v0, v2","",66
310546942464429,4294967295,66,"v_add_f32_e32 v0, v0, v2","",66
310546942464429,4294967295,66,"v_add_f32_e32 v0, v0, v2","",66
310546942465509,4294967295,66,"v_add_f32_e32 v0, v0, v2","",66
310546942465509,4294967295,66,"v_add_f32_e32 v0, v0, v2","",66
310546942465549,4294967295,66,"v_add_f32_e32 v0, v0, v2","",66
310546942465549,4294967295,66,"v_add_f32_e32 v0, v0, v2","",66
310546942465509,4294967295,66,"v_add_f32_e32 v0, v0, v2","",66
310546942465509,4294967295,66,"v_add_f32_e32 v0, v0, v2","",66
310546942465549,4294967295,66,"v_add_f32_e32 v0, v0, v2","",66
310546942465549,4294967295,66,"s_wait_loadcnt 0x0","",66
310546942465509,4294967295,66,"v_add_f32_e32 v0, v0, v2","",66
310546942465509,4294967295,66,"v_add_f32_e32 v0, v0, v2","",66
310546942465509,4294967295,66,"v_add_f32_e32 v0, v0, v2","",66
310546942465549,4294967295,66,"v_add_f32_e32 v0, v0, v2","",66
310546942465509,4294967295,66,"v_add_f32_e32 v0, v0, v2","",66
310546942465509,4294967295,66,"v_add_f32_e32 v0, v0, v2","",66
310546942465549,4294967295,66,"v_add_f32_e32 v0, v0, v2","",66
310546942465789,4294967295,66,"v_add_f32_e32 v0, v0, v2","",66
310546942465789,4294967295,66,"v_add_f32_e32 v0, v0, v2","",66
310546942465789,4294967295,66,"v_add_f32_e32 v0, v0, v2","",66
310546942465829,4294967295,66,"v_add_f32_e32 v0, v0, v2","",66
310546942466189,4294967295,66,"v_add_f32_e32 v0, v0, v2","",66
310546942466189,4294967295,66,"v_add_f32_e32 v0, v0, v2","",66
310546942466189,4294967295,66,"v_add_f32_e32 v0, v0, v2","",66
310546942466189,4294967295,66,"v_add_f32_e32 v0, v0, v2","",66
310546942466189,4294967295,66,"v_add_f32_e32 v0, v0, v2","",66
310546942466189,4294967295,66,"v_add_f32_e32 v0, v0, v2","",66
310546942466189,4294967295,66,"v_add_f32_e32 v0, v0, v2","",66
310546942466229,4294967295,66,"v_add_f32_e32 v0, v0, v2","",66
310546942466189,0,66,"s_endpgm","",66
310546942466189,0,66,"s_cbranch_execz 6","",66
310546942465789,4294967295,66,"v_add_f32_e32 v0, v0, v2","",66
310546942465789,4294967295,66,"v_add_f32_e32 v0, v0, v2","",66
310546942465829,4294967295,66,"v_add_f32_e32 v0, v0, v2","",66
310546942465829,4294967295,66,"v_add_f32_e32 v0, v0, v2","",66
310546942466189,4294967295,66,"v_add_f32_e32 v0, v0, v2","",66
310546942466189,4294967295,66,"v_add_f32_e32 v0, v0, v2","",66
310546942466189,4294967295,66,"v_add_f32_e32 v0, v0, v2","",66
310546942466229,4294967295,66,"v_add_f32_e32 v0, v0, v2","",66
310546942466909,4294967295,66,"v_add_f32_e32 v0, v0, v2","",66
310546942466909,4294967295,66,"v_add_f32_e32 v0, v0, v2","",66
310546942466909,4294967295,66,"v_add_f32_e32 v0, v0, v2","",66
310546942466949,4294967295,66,"v_add_f32_e32 v0, v0, v2","",66
310546942466189,4294967295,66,"v_add_f32_e32 v0, v0, v2","",66
310546942466189,4294967295,66,"v_add_f32_e32 v0, v0, v2","",66
310546942466189,4294967295,66,"v_add_f32_e32 v0, v0, v2","",66
310546942466229,4294967295,66,"v_add_f32_e32 v0, v0, v2","",66
310546942467789,4294967295,66,"v_add_f32_e32 v0, v0, v2","",66
310546942467789,4294967295,66,"v_add_f32_e32 v0, v0, v2","",66
310546942467829,4294967295,66,"v_add_f32_e32 v0, v0, v2","",66
310546942467829,4294967295,66,"v_add_f32_e32 v0, v0, v2","",66
310546942467789,4294967295,66,"v_add_f32_e32 v0, v0, v2","",66
310546942467789,4294967295,66,"v_add_f32_e32 v0, v0, v2","",66
310546942467829,4294967295,66,"v_add_f32_e32 v0, v0, v2","",66
310546942467829,4294967295,66,"v_add_f32_e32 v0, v0, v2","",66
310546942468389,4294967295,66,"v_add_f32_e32 v0, v0, v2","",66
310546942468389,4294967295,66,"v_add_f32_e32 v0, v0, v2","",66
310546942468389,4294967295,66,"v_add_f32_e32 v0, v0, v2","",66
310546942468389,4294967295,66,"v_add_f32_e32 v0, v0, v2","",66
310546942468789,4294967295,66,"v_add_f32_e32 v0, v0, v2","",66
310546942468829,4294967295,66,"v_add_f32_e32 v0, v0, v2","",66
310546942468829,4294967295,66,"v_add_f32_e32 v0, v0, v2","",66
310546942468389,4294967295,66,"v_add_f32_e32 v0, v0, v2","",66
310546942468389,4294967295,66,"v_add_f32_e32 v0, v0, v2","",66
310546942469269,4294967295,66,"v_add_f32_e32 v0, v0, v2","",66
310546942469269,4294967295,66,"v_add_f32_e32 v0, v0, v2","",66
310546942469309,4294967295,66,"v_add_f32_e32 v0, v0, v2","",66
310546942469309,4294967295,66,"v_add_f32_e32 v0, v0, v2","",66
310546942468829,4294967295,66,"v_add_f32_e32 v0, v0, v2","",66
310546942469549,4294967295,66,"v_add_f32_e32 v0, v0, v2","",66
310546942469549,4294967295,66,"v_add_f32_e32 v0, v0, v2","",66
310546942469549,4294967295,66,"v_add_f32_e32 v0, v0, v2","",66
310546942469589,4294967295,66,"v_add_f32_e32 v0, v0, v2","",66
310546942470349,4294967295,66,"v_add_f32_e32 v0, v0, v2","",66
310546942470349,4294967295,66,"v_add_f32_e32 v0, v0, v2","",66
310546942470349,4294967295,66,"v_add_f32_e32 v0, v0, v2","",66
310546942470349,4294967295,66,"v_add_f32_e32 v0, v0, v2","",66
310546942472109,4294967295,66,"v_add_f32_e32 v0, v0, v2","",66
310546942472149,4294967295,66,"v_add_f32_e32 v0, v0, v2","",66
310546942472149,4294967295,66,"v_add_f32_e32 v0, v0, v2","",66
310546942472149,4294967295,66,"v_add_f32_e32 v0, v0, v2","",66
310546942472629,4294967295,66,"v_add_f32_e32 v0, v0, v2","",66
310546942472669,4294967295,66,"v_add_f32_e32 v0, v0, v2","",66
310546942472669,4294967295,66,"v_add_f32_e32 v0, v0, v2","",66
310546942472669,4294967295,66,"v_add_f32_e32 v0, v0, v2","",66
310546942472669,4294967295,66,"v_add_f32_e32 v0, v0, v2","",66
310546942472669,4294967295,66,"v_add_f32_e32 v0, v0, v2","",66
310546942472669,4294967295,66,"v_add_f32_e32 v0, v0, v2","",66
310546942472669,4294967295,66,"v_add_f32_e32 v0, v0, v2","",66
310546942473389,4294967295,66,"v_add_f32_e32 v0, v0, v2","",66
310546942473389,4294967295,66,"v_add_f32_e32 v0, v0, v2","",66
310546942473429,4294967295,66,"v_add_f32_e32 v0, v0, v2","",66
310546942473429,4294967295,66,"v_add_f32_e32 v0, v0, v2","",66
310546943460518,4294967295,68,"v_add_f32_e32 v0, v0, v2","",68
310546943460798,4294967295,68,"v_add_f32_e32 v0, v0, v2","",68
310546943460838,4294967295,68,"v_add_f32_e32 v0, v0, v2","",68
310546943460838,4294967295,68,"v_add_f32_e32 v0, v0, v2","",68
310546943460838,4294967295,68,"v_add_f32_e32 v0, v0, v2","",68
310546943461758,4294967295,68,"v_add_f32_e32 v0, v0, v2","",68
310546943461758,4294967295,68,"v_add_f32_e32 v0, v0, v2","",68
310546943461758,4294967295,68,"v_add_f32_e32 v0, v0, v2","",68
310546943460558,4294967295,68,"v_add_f32_e32 v0, v0, v2","",68
310546943462438,4294967295,68,"v_add_f32_e32 v0, v0, v2","",68
310546943462438,4294967295,68,"v_add_f32_e32 v0, v0, v2","",68
310546943462438,4294967295,68,"v_add_f32_e32 v0, v0, v2","",68
310546943463678,4294967295,68,"v_add_f32_e32 v0, v0, v2","",68
310546943463678,4294967295,68,"v_add_f32_e32 v0, v0, v2","",68
310546943463678,4294967295,68,"v_add_f32_e32 v0, v0, v2","",68
310546943463718,4294967295,68,"v_add_f32_e32 v0, v0, v2","",68
310546943460558,4294967295,68,"v_add_f32_e32 v0, v0, v2","",68
310546943463838,4294967295,68,"v_add_f32_e32 v0, v0, v2","",68
310546943463838,4294967295,68,"v_add_f32_e32 v0, v0, v2","",68
310546943463838,4294967295,68,"v_add_f32_e32 v0, v0, v2","",68
310546943460558,4294967295,68,"v_add_f32_e32 v0, v0, v2","",68
310546943463878,4294967295,68,"v_add_f32_e32 v0, v0, v2","",68
310546943465278,4294967295,68,"v_add_f32_e32 v0, v0, v2","",68
310546943465318,4294967295,68,"v_add_f32_e32 v0, v0, v2","",68
310546943465278,4294967295,68,"v_add_f32_e32 v0, v0, v2","",68
310546943465318,4294967295,68,"v_add_f32_e32 v0, v0, v2","",68
310546943465318,4294967295,68,"v_add_f32_e32 v0, v0, v2","",68
310546943465278,4294967295,68,"v_add_f32_e32 v0, v0, v2","",68
310546943465278,4294967295,68,"v_add_f32_e32 v0, v0, v2","",68
310546943465278,4294967295,68,"v_add_f32_e32 v0, v0, v2","",68
310546943465278,4294967295,68,"v_add_f32_e32 v0, v0, v2","",68
310546943465318,4294967295,68,"v_add_f32_e32 v0, v0, v2","",68
310546943465318,4294967295,68,"v_add_f32_e32 v0, v0, v2","",68
310546943465278,4294967295,68,"v_add_f32_e32 v0, v0, v2","",68
310546943465318,4294967295,68,"v_add_f32_e32 v0, v0, v2","",68
310546943465278,4294967295,68,"v_add_f32_e32 v0, v0, v2","",68
310546943465278,4294967295,68,"v_add_f32_e32 v0, v0, v2","",68
310546943465278,4294967295,68,"v_add_f32_e32 v0, v0, v2","",68
310546943465278,4294967295,68,"v_add_f32_e32 v0, v0, v2","",68
310546943465278,4294967295,68,"v_add_f32_e32 v0, v0, v2","",68
310546943465278,4294967295,68,"v_add_f32_e32 v0, v0, v2","",68
310546943465318,4294967295,68,"v_add_f32_e32 v0, v0, v2","",68
310546943465278,4294967295,68,"v_add_f32_e32 v0, v0, v2","",68
310546943465638,4294967295,68,"v_add_f32_e32 v0, v0, v2","",68
310546943465638,4294967295,68,"v_add_f32_e32 v0, v0, v2","",68
310546943465638,4294967295,68,"v_add_f32_e32 v0, v0, v2","",68
310546943465758,4294967295,68,"v_add_f32_e32 v0, v0, v2","",68
310546943465758,4294967295,68,"v_add_f32_e32 v0, v0, v2","",68
310546943465758,4294967295,68,"v_add_f32_e32 v0, v0, v2","",68
310546943465798,4294967295,68,"v_add_f32_e32 v0, v0, v2","",68
310546943465398,4294967295,68,"v_add_f32_e32 v0, v0, v2","",68
310546943465318,4294967295,68,"v_add_f32_e32 v0, v0, v2","",68
310546943465718,4294967295,68,"v_add_f32_e32 v0, v0, v2","",68
310546943465438,4294967295,68,"v_add_f32_e32 v0, v0, v2","",68
310546943465438,0,68,"s_endpgm","",68
310546943465438,4294967295,68,"v_add_f32_e32 v0, v0, v2","",68
310546943465718,4294967295,68,"v_add_f32_e32 v0, v0, v2","",68
310546943465718,4294967295,68,"v_add_f32_e32 v0, v0, v2","",68
310546943465718,4294967295,68,"v_add_f32_e32 v0, v0, v2","",68
310546943465758,4294967295,68,"v_add_f32_e32 v0, v0, v2","",68
310546943465958,4294967295,68,"v_add_f32_e32 v0, v0, v2","",68
310546943466038,4294967295,68,"v_add_f32_e32 v0, v0, v2","",68
310546943466078,4294967295,68,"v_add_f32_e32 v0, v0, v2","",68
310546943466078,4294967295,68,"v_add_f32_e32 v0, v0, v2","",68
310546943466078,4294967295,68,"v_add_f32_e32 v0, v0, v2","",68
310546943466118,4294967295,68,"v_add_f32_e32 v0, v0, v2","",68
310546943466118,4294967295,68,"v_add_f32_e32 v0, v0, v2","",68
310546943466118,4294967295,68,"v_add_f32_e32 v0, v0, v2","",68
310546943466278,4294967295,68,"v_add_f32_e32 v0, v0, v2","",68
310546943465998,4294967295,68,"v_add_f32_e32 v0, v0, v2","",68
310546943466278,4294967295,68,"v_add_f32_e32 v0, v0, v2","",68
310546943466278,4294967295,68,"v_add_f32_e32 v0, v0, v2","",68
310546943466278,4294967295,68,"v_add_f32_e32 v0, v0, v2","",68
310546943466318,4294967295,68,"v_add_f32_e32 v0, v0, v2","",68
310546943465278,4294967295,68,"v_mad_co_u64_u32 v[0:1], null, s4, ttmp9, v[0:1]","",68
310546943465318,4294967295,68,"v_add_f32_e32 v0, v0, v2","",68
310546943465318,4294967295,68,"v_add_f32_e32 v0, v0, v2","",68
310546943465318,4294967295,68,"v_add_f32_e32 v0, v0, v2","",68
310546943467158,4294967295,68,"v_add_f32_e32 v0, v0, v2","",68
310546943467158,4294967295,68,"v_add_f32_e32 v0, v0, v2","",68
310546943465718,4294967295,68,"v_add_f32_e32 v0, v0, v2","",68
310546943465998,4294967295,68,"v_add_f32_e32 v0, v0, v2","",68
310546943465998,4294967295,68,"v_add_f32_e32 v0, v0, v2","",68
310546943467158,4294967295,68,"v_add_f32_e32 v0, v0, v2","",68
310546943467998,4294967295,68,"v_add_f32_e32 v0, v0, v2","",68
310546943468038,4294967295,68,"v_add_f32_e32 v0, v0, v2","",68
310546943468038,4294967295,68,"v_add_f32_e32 v0, v0, v2","",68
310546943468038,4294967295,68,"v_add_f32_e32 v0, v0, v2","",68
310546943466278,4294967295,68,"v_add_f32_e32 v0, v0, v2","",68
310546943466278,4294967295,68,"v_add_f32_e32 v0, v0, v2","",68
310546943465718,4294967295,68,"v_add_f32_e32 v0, v0, v2","",68
310546943465758,4294967295,68,"v_add_f32_e32 v0, v0, v1","",68
310546943468719,4294967295,68,"v_add_f32_e32 v0, v0, v2","",68
310546943468759,4294967295,68,"v_add_f32_e32 v0, v0, v2","",68
310546943468759,4294967295,68,"v_add_f32_e32 v0, v0, v2","",68
310546943468759,4294967295,68,"v_add_f32_e32 v0, v0, v2","",68
310546943468759,4294967295,68,"v_add_f32_e32 v0, v0, v2","",68
310546943468799,4294967295,68,"v_add_f32_e32 v0, v0, v2","",68
310546943469119,4294967295,68,"v_add_f32_e32 v0, v0, v2","",68
310546943469159,4294967295,68,"v_add_f32_e32 v0, v0, v2","",68
310546943469159,4294967295,68,"v_add_f32_e32 v0, v0, v2","",68
310546943469159,4294967295,68,"v_add_f32_e32 v0, v0, v2","",68
310546943474919,4294967295,68,"v_add_f32_e32 v0, v0, v2","",68
310546943474919,4294967295,68,"v_add_f32_e32 v0, v0, v2","",68
310546943474959,4294967295,68,"v_add_f32_e32 v0, v0, v2","",68
310546943474959,4294967295,68,"v_add_f32_e32 v0, v0, v2","",68
310546943476479,4294967295,68,"v_add_f32_e32 v0, v0, v2","",68
310546943476479,4294967295,68,"v_add_f32_e32 v0, v0, v2","",68
310546943476479,4294967295,68,"v_add_f32_e32 v0, v0, v2","",68
310546943476479,4294967295,68,"v_add_f32_e32 v0, v0, v2","",68
310546943476479,4294967295,68,"v_add_f32_e32 v0, v0, v2","",68
310546943476479,4294967295,68,"v_add_f32_e32 v0, v0, v2","",68
310546943476479,4294967295,68,"v_add_f32_e32 v0, v0, v2","",68
310546943476479,4294967295,68,"v_add_f32_e32 v0, v0, v2","",68
310546944465248,4294967295,70,"v_mad_co_u64_u32 v[0:1], null, s4, ttmp9, v[0:1]","",70
310546944465248,4294967295,70,"v_add_f32_e32 v0, v0, v2","",70
310546944465288,4294967295,70,"v_add_f32_e32 v0, v0, v2","",70
310546944465288,4294967295,70,"v_add_f32_e32 v0, v0, v2","",70
310546944466208,4294967295,70,"v_add_f32_e32 v0, v0, v2","",70
310546944466848,4294967295,70,"v_add_f32_e32 v0, v0, v2","",70
310546944466488,4294967295,70,"v_add_f32_e32 v0, v0, v2","",70
310546944466488,4294967295,70,"v_add_f32_e32 v0, v0, v2","",70
310546944466488,4294967295,70,"v_add_f32_e32 v0, v0, v2","",70
310546944466528,4294967295,70,"v_add_f32_e32 v0, v0, v2","",70
310546944467368,4294967295,70,"v_add_f32_e32 v0, v0, v2","",70
310546944466208,4294967295,70,"v_add_f32_e32 v0, v0, v2","",70
310546944467368,4294967295,70,"v_add_f32_e32 v0, v0, v2","",70
310546944467408,4294967295,70,"v_add_f32_e32 v0, v0, v2","",70
310546944467408,4294967295,70,"v_add_f32_e32 v0, v0, v2","",70
310546944467408,4294967295,70,"v_add_f32_e32 v0, v0, v2","",70
310546944466208,4294967295,70,"v_add_f32_e32 v0, v0, v2","",70
310546944466208,4294967295,70,"v_add_f32_e32 v0, v0, v2","",70
310546944468688,4294967295,70,"v_add_f32_e32 v0, v0, v2","",70
310546944468688,4294967295,70,"v_add_f32_e32 v0, v0, v2","",70
310546944466848,4294967295,70,"v_add_f32_e32 v0, v0, v2","",70
310546944468728,4294967295,70,"v_add_f32_e32 v0, v0, v2","",70
310546944469968,4294967295,70,"v_add_f32_e32 v0, v0, v2","",70
310546944470008,4294967295,70,"v_add_f32_e32 v0, v0, v2","",70
310546944469048,4294967295,70,"v_add_f32_e32 v0, v0, v2","",70
310546944470008,4294967295,70,"v_add_f32_e32 v0, v0, v2","",70
310546944471048,4294967295,70,"v_add_f32_e32 v0, v0, v2","",70
310546944469048,4294967295,70,"v_add_f32_e32 v0, v0, v2","",70
310546944469048,4294967295,70,"v_add_f32_e32 v0, v0, v2","",70
310546944469088,4294967295,70,"v_add_f32_e32 v0, v0, v2","",70
310546944467368,4294967295,70,"v_add_f32_e32 v0, v0, v2","",70
310546944467408,4294967295,70,"v_add_f32_e32 v0, v0, v2","",70
310546944470568,4294967295,70,"v_add_f32_e32 v0, v0, v2","",70
310546944470568,4294967295,70,"v_add_f32_e32 v0, v0, v2","",70
310546944470568,4294967295,70,"v_add_f32_e32 v0, v0, v2","",70
310546944469088,4294967295,70,"v_add_f32_e32 v0, v0, v2","",70
310546944467408,4294967295,70,"v_add_f32_e32 v0, v0, v2","",70
310546944468728,4294967295,70,"v_add_f32_e32 v0, v0, v2","",70
310546944469728,4294967295,70,"v_add_f32_e32 v0, v0, v2","",70
310546944469768,4294967295,70,"v_add_f32_e32 v0, v0, v2","",70
310546944469768,4294967295,70,"v_add_f32_e32 v0, v0, v2","",70
310546944469768,4294967295,70,"v_add_f32_e32 v0, v0, v2","",70
310546944470568,4294967295,70,"v_add_f32_e32 v0, v0, v2","",70
310546944470008,4294967295,70,"v_mad_co_u64_u32 v[0:1], null, s4, ttmp9, v[0:1]","",70
310546944470008,4294967295,70,"v_add_f32_e32 v0, v0, v2","",70
310546944470008,4294967295,70,"v_add_f32_e32 v0, v0, v2","",70
310546944470528,4294967295,70,"v_add_f32_e32 v0, v0, v2","",70
310546944470528,4294967295,70,"v_add_f32_e32 v0, v0, v2","",70
310546944470568,4294967295,70,"v_add_f32_e32 v0, v0, v2","",70
310546944470008,4294967295,70,"v_add_f32_e32 v0, v0, v2","",70
310546944471088,4294967295,70,"v_add_f32_e32 v0, v0, v2","",70
310546944469048,4294967295,70,"v_add_f32_e32 v0, v0, v2","",70
310546944471608,4294967295,70,"v_add_f32_e32 v0, v0, v2","",70
310546944471608,4294967295,70,"v_add_f32_e32 v0, v0, v2","",70
310546944471608,4294967295,70,"v_add_f32_e32 v0, v0, v2","",70
310546944471608,4294967295,70,"v_add_f32_e32 v0, v0, v2","",70
310546944471048,4294967295,70,"v_add_f32_e32 v0, v0, v2","",70
310546944471568,4294967295,70,"v_add_f32_e32 v0, v0, v2","",70
310546944471648,4294967295,70,"v_add_f32_e32 v0, v0, v2","",70
310546944471648,4294967295,70,"v_add_f32_e32 v0, v0, v2","",70
310546944471648,4294967295,70,"v_add_f32_e32 v0, v0, v2","",70
310546944468728,4294967295,70,"s_cbranch_execz 28","",70
310546944468728,4294967295,70,"v_add_f32_e32 v0, v0, v2","",70
310546944471568,4294967295,70,"v_add_f32_e32 v0, v0, v2","",70
310546944471608,4294967295,70,"v_add_f32_e32 v0, v0, v2","",70
310546944471608,4294967295,70,"v_add_f32_e32 v0, v0, v2","",70
310546944471608,4294967295,70,"v_add_f32_e32 v0, v0, v2","",70
310546944471608,4294967295,70,"v_add_f32_e32 v0, v0, v2","",70
310546944471608,4294967295,70,"v_add_f32_e32 v0, v0, v2","",70
310546944471568,4294967295,70,"v_add_f32_e32 v0, v0, v2","",70
310546944471608,4294967295,70,"v_add_f32_e32 v0, v0, v2","",70
310546944471608,4294967295,70,"v_add_f32_e32 v0, v0, v2","",70
310546944471608,4294967295,70,"v_add_f32_e32 v0, v0, v2","",70
310546944473168,4294967295,70,"v_add_f32_e32 v0, v0, v2","",70
310546944468768,4294967295,70,"v_add_f32_e32 v0, v0, v2","",70
310546944468768,4294967295,70,"v_add_f32_e32 v0, v0, v2","",70
310546944467648,4294967295,70,"v_add_f32_e32 v0, v0, v2","",70
310546944473168,4294967295,70,"v_add_f32_e32 v0, v0, v2","",70
310546944473208,4294967295,70,"v_add_f32_e32 v0, v0, v2","",70
310546944473208,4294967295,70,"v_add_f32_e32 v0, v0, v2","",70
310546944472848,4294967295,70,"v_add_f32_e32 v0, v0, v2","",70
310546944467968,4294967295,70,"v_add_f32_e32 v0, v0, v2","",70
310546944471088,4294967295,70,"v_add_f32_e32 v0, v0, v2","",70
310546944471088,4294967295,70,"v_add_f32_e32 v0, v0, v2","",70
310546944472088,4294967295,70,"v_add_f32_e32 v0, v0, v2","",70
310546944471088,4294967295,70,"v_add_f32_e32 v0, v0, v2","",70
310546944471088,4294967295,70,"v_add_f32_e32 v0, v0, v2","",70
310546944472848,4294967295,70,"v_add_f32_e32 v0, v0, v2","",70
310546944472848,4294967295,70,"v_add_f32_e32 v0, v0, v2","",70
310546944472848,4294967295,70,"v_add_f32_e32 v0, v0, v2","",70
310546944472328,4294967295,70,"v_add_f32_e32 v0, v0, v2","",70
310546944472368,4294967295,70,"v_add_f32_e32 v0, v0, v2","",70
310546944472368,4294967295,70,"v_add_f32_e32 v0, v0, v2","",70
310546944473168,4294967295,70,"v_add_f32_e32 v0, v0, v2","",70
310546944473168,4294967295,70,"v_add_f32_e32 v0, v0, v2","",70
310546944473168,4294967295,70,"v_add_f32_e32 v0, v0, v2","",70
310546944473208,4294967295,70,"v_add_f32_e32 v0, v0, v2","",70
310546944473208,4294967295,70,"v_add_f32_e32 v0, v0, v2","",70
310546944472088,4294967295,70,"v_add_f32_e32 v0, v0, v2","",70
310546944472088,4294967295,70,"v_add_f32_e32 v0, v0, v2","",70
310546944473168,4294967295,70,"v_add_f32_e32 v0, v0, v2","",70
310546944473168,4294967295,70,"v_add_f32_e32 v0, v0, v2","",70
310546944473208,4294967295,70,"v_add_f32_e32 v0, v0, v2","",70
310546944473528,4294967295,70,"v_add_f32_e32 v0, v0, v2","",70
310546944473528,4294967295,70,"v_add_f32_e32 v0, v0, v2","",70
310546944473568,4294967295,70,"v_add_f32_e32 v0, v0, v2","",70
310546944473568,4294967295,70,"v_add_f32_e32 v0, v0, v2","",70
310546944469848,4294967295,70,"v_add_f32_e32 v0, v0, v2","",70
310546944469968,4294967295,70,"v_add_f32_e32 v0, v0, v2","",70
310546944474648,4294967295,70,"v_add_f32_e32 v0, v0, v2","",70
310546944474688,4294967295,70,"v_add_f32_e32 v0, v0, v2","",70
310546944474688,4294967295,70,"v_add_f32_e32 v0, v0, v2","",70
310546944474688,4294967295,70,"v_add_f32_e32 v0, v0, v2","",70
310546944475688,4294967295,70,"v_add_f32_e32 v0, v0, v2","",70
310546944475688,4294967295,70,"v_add_f32_e32 v0, v0, v2","",70
310546944475688,4294967295,70,"v_add_f32_e32 v0, v0, v2","",70
310546944475688,4294967295,70,"v_add_f32_e32 v0, v0, v2","",70
310546944476208,4294967295,70,"v_add_f32_e32 v0, v0, v2","",70
310546944476208,4294967295,70,"v_add_f32_e32 v0, v0, v2","",70
310546944476208,4294967295,70,"v_add_f32_e32 v0, v0, v2","",70
310546944476248,4294967295,70,"v_add_f32_e32 v0, v0, v2","",70
310546945467937,4294967295,72,"v_add_f32_e32 v0, v0, v2","",72
310546945467937,4294967295,72,"v_add_f32_e32 v0, v0, v2","",72
310546945467937,4294967295,72,"v_add_f32_e32 v0, v0, v2","",72
310546945467937,4294967295,72,"v_add_f32_e32 v0, v0, v2","",72
310546945468857,4294967295,72,"v_add_f32_e32 v0, v0, v2","",72
310546945468857,4294967295,72,"v_add_f32_e32 v0, v0, v2","",72
310546945468897,4294967295,72,"v_add_f32_e32 v0, v0, v2","",72
310546945468897,4294967295,72,"v_add_f32_e32 v0, v0, v2","",72
310546945470057,4294967295,72,"v_add_f32_e32 v0, v0, v2","",72
310546945470097,4294967295,72,"v_add_f32_e32 v0, v0, v2","",72
310546945470057,4294967295,72,"v_add_f32_e32 v0, v0, v2","",72
310546945470057,4294967295,72,"v_add_f32_e32 v0, v0, v2","",72
310546945470097,4294967295,72,"v_add_f32_e32 v0, v0, v2","",72
310546945470097,4294967295,72,"v_add_f32_e32 v0, v0, v2","",72
310546945472617,4294967295,72,"v_add_f32_e32 v0, v0, v2","",72
310546945472377,4294967295,72,"v_add_f32_e32 v0, v0, v2","",72
310546945471537,4294967295,72,"v_add_f32_e32 v0, v0, v2","",72
310546945471537,4294967295,72,"v_add_f32_e32 v0, v0, v2","",72
310546945471537,4294967295,72,"v_add_f32_e32 v0, v0, v2","",72
310546945471537,4294967295,72,"v_add_f32_e32 v0, v0, v2","",72
310546945474457,4294967295,72,"v_add_co_u32 v0, vcc_lo, s0, v0","",72
310546945474457,4294967295,72,"v_add_f32_e32 v0, v0, v2","",72
310546945474457,4294967295,72,"v_add_f32_e32 v0, v0, v2","",72
310546945472617,4294967295,72,"v_add_f32_e32 v0, v0, v2","",72
310546945474137,4294967295,72,"v_add_f32_e32 v0, v0, v2","",72
310546945472617,4294967295,72,"v_add_f32_e32 v0, v0, v2","",72
310546945474257,4294967295,72,"v_add_f32_e32 v0, v0, v2","",72
310546945474257,4294967295,72,"v_add_f32_e32 v0, v0, v2","",72
310546945474257,4294967295,72,"v_add_f32_e32 v0, v0, v2","",72
310546945474297,4294967295,72,"v_add_f32_e32 v0, v0, v2","",72
310546945474257,4294967295,72,"v_add_f32_e32 v0, v0, v2","",72
310546945474297,4294967295,72,"v_add_f32_e32 v0, v0, v2","",72
310546945474297,4294967295,72,"v_add_f32_e32 v0, v0, v2","",72
310546945474457,4294967295,72,"v_add_f32_e32 v0, v0, v2","",72
310546945474817,4294967295,72,"v_add_f32_e32 v0, v0, v2","",72
310546945474857,4294967295,72,"v_add_f32_e32 v0, v0, v2","",72
310546945472377,4294967295,72,"v_add_f32_e32 v0, v0, v2","",72
310546945474137,4294967295,72,"v_add_f32_e32 v0, v0, v2","",72
310546945470097,0,72,"s_endpgm","",72
310546945470097,4294967295,72,"v_add_f32_e32 v0, v0, v2","",72
310546945474857,4294967295,72,"v_add_f32_e32 v0, v0, v2","",72
310546945474857,4294967295,72,"v_add_f32_e32 v0, v0, v2","",72
310546945474857,4294967295,72,"v_add_f32_e32 v0, v0, v2","",72
310546945474857,4294967295,72,"v_add_f32_e32 v0, v0, v2","",72
310546945474857,4294967295,72,"v_add_f32_e32 v0, v0, v2","",72
310546945475057,4294967295,72,"v_add_f32_e32 v0, v0, v2","",72
310546945474257,4294967295,72,"v_add_f32_e32 v0, v0, v2","",72
310546945474297,4294967295,72,"v_add_f32_e32 v0, v0, v2","",72
310546945474297,4294967295,72,"v_add_f32_e32 v0, v0, v2","",72
310546945475057,4294967295,72,"v_add_f32_e32 v0, v0, v2","",72
310546945474137,4294967295,72,"v_add_f32_e32 v0, v0, v2","",72
310546945474857,4294967295,72,"v_add_f32_e32 v0, v0, v2","",72
310546945474857,4294967295,72,"v_add_f32_e32 v0, v0, v2","",72
310546945474857,4294967295,72,"v_add_f32_e32 v0, v0, v2","",72
310546945474457,4294967295,72,"v_add_f32_e32 v0, v0, v2","",72
310546945474457,4294967295,72,"v_add_f32_e32 v0, v0, v2","",72
310546945474457,4294967295,72,"v_add_f32_e32 v0, v0, v2","",72
310546945474457,4294967295,72,"v_add_f32_e32 v0, v0, v2","",72
310546945475097,4294967295,72,"v_add_f32_e32 v0, v0, v2","",72
310546945475097,4294967295,72,"v_add_f32_e32 v0, v0, v2","",72
310546945475777,4294967295,72,"v_add_f32_e32 v0, v0, v2","",72
310546945475097,4294967295,72,"v_add_f32_e32 v0, v0, v2","",72
310546945474857,4294967295,72,"v_add_f32_e32 v0, v0, v2","",72
310546945474857,4294967295,72,"v_add_f32_e32 v0, v0, v2","",72
310546945474857,4294967295,72,"v_add_f32_e32 v0, v0, v2","",72
310546945474857,4294967295,72,"v_add_f32_e32 v0, v0, v2","",72
310546945474857,4294967295,72,"v_add_f32_e32 v0, v0, v2","",72
310546945475777,4294967295,72,"v_add_f32_e32 v0, v0, v2","",72
310546945475777,4294967295,72,"v_add_f32_e32 v0, v0, v2","",72
310546945475777,4294967295,72,"v_add_f32_e32 v0, v0, v2","",72
310546945475777,4294967295,72,"v_add_f32_e32 v0, v0, v2","",72
310546945474137,4294967295,72,"v_add_f32_e32 v0, v0, v2","",72
310546945474137,4294967295,72,"v_add_f32_e32 v0, v0, v2","",72
310546945474177,4294967295,72,"v_mad_co_u64_u32 v[0:1], null, s4, ttmp9, v[0:1]","",72
310546945472417,4294967295,72,"v_add_f32_e32 v0, v0, v2","",72
310546945472417,4294967295,72,"v_add_f32_e32 v0, v0, v2","",72
310546945475777,4294967295,72,"v_add_f32_e32 v0, v0, v2","",72
310546945475817,4294967295,72,"v_add_f32_e32 v0, v0, v2","",72
310546945475817,4294967295,72,"v_add_f32_e32 v0, v0, v2","",72
310546945474177,4294967295,72,"v_add_f32_e32 v0, v0, v2","",72
310546945474177,4294967295,72,"v_add_f32_e32 v0, v0, v2","",72
310546945475777,4294967295,72,"v_add_f32_e32 v0, v0, v2","",72
310546945475777,4294967295,72,"v_add_f32_e32 v0, v0, v2","",72
310546945475777,4294967295,72,"v_add_f32_e32 v0, v0, v2","",72
310546945475817,4294967295,72,"v_add_f32_e32 v0, v0, v2","",72
310546945476577,4294967295,72,"v_add_f32_e32 v0, v0, v2","",72
310546945476577,4294967295,72,"v_add_f32_e32 v0, v0, v2","",72
310546945475817,4294967295,72,"v_add_f32_e32 v0, v0, v2","",72
310546945475817,4294967295,72,"v_add_f32_e32 v0, v0, v2","",72
310546945474457,4294967295,72,"v_add_f32_e32 v0, v0, v2","",72
310546945474457,4294967295,72,"v_add_f32_e32 v0, v0, v2","",72
310546945474497,4294967295,72,"v_add_f32_e32 v0, v0, v2","",72
310546945476577,4294967295,72,"v_add_f32_e32 v0, v0, v2","",72
310546945476137,4294967295,72,"v_add_f32_e32 v0, v0, v2","",72
310546945476137,4294967295,72,"v_add_f32_e32 v0, v0, v2","",72
310546945476137,4294967295,72,"v_add_f32_e32 v0, v0, v2","",72
310546945476137,4294967295,72,"v_add_f32_e32 v0, v0, v2","",72
310546945476737,4294967295,72,"v_add_f32_e32 v0, v0, v2","",72
310546945476737,4294967295,72,"v_add_f32_e32 v0, v0, v2","",72
310546945476737,4294967295,72,"v_add_f32_e32 v0, v0, v2","",72
310546945476737,4294967295,72,"v_add_f32_e32 v0, v0, v2","",72
310546945478337,4294967295,72,"v_add_f32_e32 v0, v0, v2","",72
310546945478337,4294967295,72,"v_add_f32_e32 v0, v0, v2","",72
310546945478337,4294967295,72,"v_add_f32_e32 v0, v0, v2","",72
310546945474897,4294967295,72,"v_add_f32_e32 v0, v0, v2","",72
310546945474897,4294967295,72,"v_add_f32_e32 v0, v0, v2","",72
310546945475057,4294967295,72,"v_add_f32_e32 v0, v0, v2","",72
310546945475097,4294967295,72,"v_add_f32_e32 v0, v0, v2","",72
310546945475097,4294967295,72,"v_add_f32_e32 v0, v0, v2","",72
310546945474857,4294967295,72,"v_add_f32_e32 v0, v0, v2","",72
310546945474857,4294967295,72,"v_add_f32_e32 v0, v0, v2","",72
310546945479977,4294967295,72,"v_add_f32_e32 v0, v0, v2","",72
310546945479977,4294967295,72,"v_add_f32_e32 v0, v0, v2","",72
310546945480017,4294967295,72,"v_add_f32_e32 v0, v0, v2","",72
310546945480017,4294967295,72,"v_add_f32_e32 v0, v0, v2","",72
310546945484217,4294967295,72,"v_add_f32_e32 v0, v0, v2","",72
310546945484217,4294967295,72,"v_add_f32_e32 v0, v0, v2","",72
310546945484257,4294967295,72,"v_add_f32_e32 v0, v0, v2","",72
310546946479827,4294967295,74,"v_add_f32_e32 v0, v0, v2","",74
310546946479827,4294967295,74,"v_add_f32_e32 v0, v0, v3","",74
310546946479827,4294967295,74,"v_add_f32_e32 v0, v0, v2","",74
310546946481147,4294967295,74,"v_add_f32_e32 v0, v0, v2","",74
310546946481467,4294967295,74,"v_add_f32_e32 v0, v0, v2","",74
310546946481427,4294967295,74,"v_add_f32_e32 v0, v0, v2","",74
310546946481427,4294967295,74,"v_add_f32_e32 v0, v0, v2","",74
310546946481427,4294967295,74,"v_add_f32_e32 v0, v0, v2","",74
310546946482547,4294967295,74,"v_add_f32_e32 v0, v0, v2","",74
310546946483187,4294967295,74,"v_add_f32_e32 v0, v0, v2","",74
310546946483587,4294967295,74,"v_add_f32_e32 v0, v0, v2","",74
310546946483587,4294967295,74,"v_add_f32_e32 v0, v0, v2","",74
310546946483587,4294967295,74,"v_add_f32_e32 v0, v0, v2","",74
310546946483627,4294967295,74,"v_add_f32_e32 v0, v0, v2","",74
310546946482827,4294967295,74,"v_add_f32_e32 v0, v0, v2","",74
310546946483587,4294967295,74,"v_add_f32_e32 v0, v0, v2","",74
310546946483587,4294967295,74,"v_add_f32_e32 v0, v0, v2","",74
310546946483627,4294967295,74,"v_add_f32_e32 v0, v0, v2","",74
310546946483627,4294967295,74,"v_add_f32_e32 v0, v0, v2","",74
310546946484027,4294967295,74,"v_add_f32_e32 v0, v0, v2","",74
310546946484027,4294967295,74,"v_add_f32_e32 v0, v0, v2","",74
310546946484067,4294967295,74,"v_add_f32_e32 v0, v0, v2","",74
310546946485027,4294967295,74,"v_add_f32_e32 v0, v0, v2","",74
310546946483187,4294967295,74,"v_add_f32_e32 v0, v0, v2","",74
310546946483187,4294967295,74,"v_add_f32_e32 v0, v0, v2","",74
310546946482547,4294967295,74,"v_add_f32_e32 v0, v0, v2","",74
310546946482547,4294967295,74,"v_add_f32_e32 v0, v0, v2","",74
310546946482587,4294967295,74,"v_add_f32_e32 v0, v0, v2","",74
310546946484507,4294967295,74,"v_add_f32_e32 v0, v0, v2","",74
310546946485027,4294967295,74,"v_add_f32_e32 v0, v0, v2","",74
310546946485027,4294967295,74,"v_add_f32_e32 v0, v0, v2","",74
310546946485027,4294967295,74,"v_add_f32_e32 v0, v0, v2","",74
310546946485027,4294967295,74,"v_add_f32_e32 v0, v0, v2","",74
310546946485027,4294967295,74,"v_add_f32_e32 v0, v0, v2","",74
310546946485027,4294967295,74,"v_add_f32_e32 v0, v0, v2","",74
310546946485427,4294967295,74,"v_add_f32_e32 v0, v0, v2","",74
310546946485027,4294967295,74,"v_add_f32_e32 v0, v0, v2","",74
310546946485467,4294967295,74,"v_add_f32_e32 v0, v0, v2","",74
310546946485467,4294967295,74,"v_add_f32_e32 v0, v0, v2","",74
310546946485467,4294967295,74,"v_add_f32_e32 v0, v0, v2","",74
310546946485467,4294967295,74,"v_add_f32_e32 v0, v0, v2","",74
310546946485467,4294967295,74,"v_add_f32_e32 v0, v0, v2","",74
310546946485507,4294967295,74,"v_add_f32_e32 v0, v0, v2","",74
310546946485507,4294967295,74,"v_add_f32_e32 v0, v0, v2","",74
310546946485467,4294967295,74,"v_add_f32_e32 v0, v0, v2","",74
310546946485467,4294967295,74,"v_add_f32_e32 v0, v0, v2","",74
310546946485467,4294967295,74,"v_add_f32_e32 v0, v0, v2","",74
310546946481147,4294967295,74,"v_add_f32_e32 v0, v0, v2","",74
310546946485467,4294967295,74,"v_add_f32_e32 v0, v0, v2","",74
310546946485507,4294967295,74,"v_add_f32_e32 v0, v0, v2","",74
310546946485507,4294967295,74,"v_add_f32_e32 v0, v0, v2","",74
310546946485467,4294967295,74,"v_add_f32_e32 v0, v0, v2","",74
310546946485467,4294967295,74,"v_add_f32_e32 v0, v0, v2","",74
310546946485707,4294967295,74,"v_add_f32_e32 v0, v0, v2","",74
310546946485707,4294967295,74,"v_add_f32_e32 v0, v0, v2","",74
310546946485747,4294967295,74,"v_add_f32_e32 v0, v0, v2","",74
310546946485507,4294967295,74,"v_add_f32_e32 v0, v0, v2","",74
310546946485027,4294967295,74,"v_add_f32_e32 v0, v0, v2","",74
310546946485467,4294967295,74,"v_add_f32_e32 v0, v0, v2","",74
310546946481147,4294967295,74,"v_add_f32_e32 v0, v0, v2","",74
310546946481227,4294967295,74,"v_add_f32_e32 v0, v0, v2","",74
310546946485467,4294967295,74,"v_add_f32_e32 v0, v0, v2","",74
310546946485467,4294967295,74,"v_add_f32_e32 v0, v0, v2","",74
310546946485467,4294967295,74,"v_add_f32_e32 v0, v0, v2","",74
310546946485907,4294967295,74,"v_add_f32_e32 v0, v0, v2","",74
310546946485467,4294967295,74,"v_add_f32_e32 v0, v0, v2","",74
310546946485467,4294967295,74,"v_add_f32_e32 v0, v0, v2","",74
310546946485467,4294967295,74,"v_add_f32_e32 v0, v0, v2","",74
310546946485907,4294967295,74,"v_add_f32_e32 v0, v0, v2","",74
310546946485907,4294967295,74,"v_add_f32_e32 v0, v0, v2","",74
310546946485947,4294967295,74,"v_add_f32_e32 v0, v0, v2","",74
310546946485947,4294967295,74,"v_add_f32_e32 v0, v0, v2","",74
310546946485467,4294967295,74,"v_add_f32_e32 v0, v0, v2","",74
310546946485467,4294967295,74,"v_add_f32_e32 v0, v0, v2","",74
310546946485907,4294967295,74,"v_add_f32_e32 v0, v0, v2","",74
310546946485467,4294967295,74,"v_add_f32_e32 v0, v0, v2","",74
310546946485467,4294967295,74,"v_add_f32_e32 v0, v0, v2","",74
310546946485907,4294967295,74,"v_add_f32_e32 v0, v0, v2","",74
310546946485947,4294967295,74,"v_add_f32_e32 v0, v0, v2","",74
310546946485947,4294967295,74,"v_add_f32_e32 v0, v0, v2","",74
310546946482827,4294967295,74,"v_add_f32_e32 v0, v0, v2","",74
310546946485467,4294967295,74,"v_add_f32_e32 v0, v0, v2","",74
310546946485947,4294967295,74,"v_add_f32_e32 v0, v0, v2","",74
310546946485947,4294967295,74,"v_add_f32_e32 v0, v0, v2","",74
310546946485947,4294967295,74,"v_add_f32_e32 v0, v0, v2","",74
310546946487107,4294967295,74,"v_add_f32_e32 v0, v0, v2","",74
310546946487107,4294967295,74,"v_add_f32_e32 v0, v0, v2","",74
310546946487107,4294967295,74,"v_add_f32_e32 v0, v0, v2","",74
310546946487107,4294967295,74,"v_add_f32_e32 v0, v0, v2","",74
310546946483147,4294967295,74,"v_add_f32_e32 v0, v0, v2","",74
310546946485027,4294967295,74,"v_add_f32_e32 v0, v0, v2","",74
310546946485027,4294967295,74,"v_add_f32_e32 v0, v0, v2","",74
310546946483347,4294967295,74,"v_add_f32_e32 v0, v0, v2","",74
310546946487227,4294967295,74,"v_add_f32_e32 v0, v0, v2","",74
310546946487227,4294967295,74,"v_add_f32_e32 v0, v0, v2","",74
310546946487267,4294967295,74,"v_add_f32_e32 v0, v0, v2","",74
310546946485467,4294967295,74,"v_add_f32_e32 v0, v0, v2","",74
310546946485467,4294967295,74,"v_add_f32_e32 v0, v0, v2","",74
310546946487227,4294967295,74,"v_add_f32_e32 v0, v0, v2","",74
310546946487227,4294967295,74,"v_add_f32_e32 v0, v0, v2","",74
310546946487267,4294967295,74,"v_add_f32_e32 v0, v0, v2","",74
310546946487267,4294967295,74,"v_add_f32_e32 v0, v0, v2","",74
310546946484507,4294967295,74,"v_add_f32_e32 v0, v0, v2","",74
310546946485467,4294967295,74,"v_add_f32_e32 v0, v0, v2","",74
310546946485467,4294967295,74,"v_add_f32_e32 v0, v0, v2","",74
310546946484547,4294967295,74,"v_add_f32_e32 v0, v0, v2","",74
310546946484547,4294967295,74,"v_add_f32_e32 v0, v0, v2","",74
310546946489467,4294967295,74,"v_add_f32_e32 v0, v0, v2","",74
310546946489467,4294967295,74,"v_add_f32_e32 v0, v0, v2","",74
310546946489467,4294967295,74,"v_add_f32_e32 v0, v0, v2","",74
310546946489467,4294967295,74,"v_add_f32_e32 v0, v0, v2","",74
310546946490747,4294967295,74,"v_add_f32_e32 v0, v0, v2","",74
310546946490747,4294967295,74,"v_add_f32_e32 v0, v0, v2","",74
310546946490747,4294967295,74,"v_add_f32_e32 v0, v0, v2","",74
310546946490787,4294967295,74,"v_add_f32_e32 v0, v0, v2","",74
310546946493907,4294967295,74,"v_add_f32_e32 v0, v0, v2","",74
310546946493907,4294967295,74,"v_add_f32_e32 v0, v0, v2","",74
310546946493907,4294967295,74,"v_add_f32_e32 v0, v0, v2","",74
310546947476916,4294967295,76,"v_add_f32_e32 v0, v0, v2","",76
310546947476916,4294967295,76,"v_add_f32_e32 v0, v0, v2","",76
310546947477076,4294967295,76,"v_add_f32_e32 v0, v0, v2","",76
310546947476956,4294967295,76,"v_add_f32_e32 v0, v0, v2","",76
310546947476956,4294967295,76,"v_add_f32_e32 v0, v0, v2","",76
310546947477476,4294967295,76,"v_add_f32_e32 v0, v0, v2","",76
310546947477716,4294967295,76,"v_add_f32_e32 v0, v0, v2","",76
310546947478196,0,76,"s_endpgm","",76
310546947478156,4294967295,76,"v_add_f32_e32 v0, v0, v2","",76
310546947477516,4294967295,76,"v_add_f32_e32 v0, v0, v2","",76
310546947478156,4294967295,76,"v_add_f32_e32 v0, v0, v2","",76
310546947477516,4294967295,76,"v_add_f32_e32 v0, v0, v2","",76
310546947477716,4294967295,76,"v_add_f32_e32 v0, v0, v2","",76
310546947477716,4294967295,76,"v_add_f32_e32 v0, v0, v2","",76
310546947479516,4294967295,76,"v_add_f32_e32 v0, v0, v2","",76
310546947479756,4294967295,76,"v_add_f32_e32 v0, v0, v2","",76
310546947479956,4294967295,76,"v_add_f32_e32 v0, v0, v2","",76
310546947480156,4294967295,76,"v_mad_co_u64_u32 v[0:1], null, s4, ttmp9, v[0:1]","",76
310546947480196,4294967295,76,"v_add_f32_e32 v0, v0, v2","",76
310546947479556,4294967295,76,"v_add_f32_e32 v0, v0, v2","",76
310546947477156,4294967295,76,"v_add_f32_e32 v0, v0, v2","",76
310546947477196,4294967295,76,"v_add_f32_e32 v0, v0, v2","",76
310546947481916,4294967295,76,"v_add_f32_e32 v0, v0, v2","",76
310546947477756,4294967295,76,"v_add_f32_e32 v0, v0, v2","",76
310546947482516,4294967295,76,"v_add_f32_e32 v0, v0, v2","",76
310546947482836,4294967295,76,"v_add_f32_e32 v0, v0, v2","",76
310546947483236,4294967295,76,"v_add_f32_e32 v0, v0, v2","",76
310546947482516,4294967295,76,"v_add_f32_e32 v0, v0, v2","",76
310546947479556,4294967295,76,"v_add_f32_e32 v0, v0, v2","",76
310546947479756,4294967295,76,"v_add_f32_e32 v0, v0, v2","",76
310546947479556,4294967295,76,"v_add_f32_e32 v0, v0, v2","",76
310546947479756,4294967295,76,"v_add_f32_e32 v0, v0, v2","",76
310546947483836,4294967295,76,"v_add_f32_e32 v0, v0, v2","",76
310546947483836,4294967295,76,"v_add_f32_e32 v0, v0, v2","",76
310546947481916,4294967295,76,"v_add_f32_e32 v0, v0, v2","",76
310546947481916,4294967295,76,"v_add_f32_e32 v0, v0, v2","",76
310546947484156,4294967295,76,"v_add_f32_e32 v0, v0, v2","",76
310546947484116,4294967295,76,"v_add_f32_e32 v0, v0, v2","",76
310546947480196,4294967295,76,"s_and_b32 exec_lo, exec_lo, vcc_lo","",76
310546947484116,4294967295,76,"v_add_f32_e32 v0, v0, v2","",76
310546947480196,4294967295,76,"v_add_f32_e32 v0, v0, v2","",76
310546947483836,4294967295,76,"v_add_f32_e32 v0, v0, v2","",76
310546947484316,4294967295,76,"v_add_f32_e32 v0, v0, v2","",76
310546947484116,4294967295,76,"v_add_f32_e32 v0, v0, v2","",76
310546947484356,4294967295,76,"v_add_f32_e32 v0, v0, v2","",76
310546947479956,4294967295,76,"v_add_f32_e32 v0, v0, v2","",76
310546947483836,4294967295,76,"v_add_f32_e32 v0, v0, v2","",76
310546947484116,4294967295,76,"v_add_f32_e32 v0, v0, v2","",76
310546947482516,4294967295,76,"v_add_f32_e32 v0, v0, v2","",76
310546947484156,4294967295,76,"v_add_f32_e32 v0, v0, v2","",76
310546947482556,4294967295,76,"v_add_f32_e32 v0, v0, v2","",76
310546947483876,4294967295,76,"v_add_f32_e32 v0, v0, v2","",76
310546947484316,4294967295,76,"v_add_f32_e32 v0, v0, v2","",76
310546947483876,4294967295,76,"v_add_f32_e32 v0, v0, v2","",76
310546947483876,4294967295,76,"s_cbranch_execz 28","",76
310546947479956,4294967295,76,"v_add_f32_e32 v0, v0, v2","",76
310546947483876,4294967295,76,"v_add_f32_e32 v0, v0, v2","",76
310546947479996,4294967295,76,"v_add_f32_e32 v0, v0, v2","",76
310546947484316,4294967295,76,"v_add_f32_e32 v0, v0, v2","",76
310546947484596,4294967295,76,"v_add_f32_e32 v0, v0, v2","",76
310546947484876,4294967295,76,"v_add_f32_e32 v0, v0, v2","",76
310546947484116,4294967295,76,"v_add_f32_e32 v0, v0, v2","",76
310546947484636,4294967295,76,"v_add_f32_e32 v0, v0, v2","",76
310546947485156,4294967295,76,"v_add_f32_e32 v0, v0, v2","",76
310546947485396,4294967295,76,"v_add_f32_e32 v0, v0, v2","",76
310546947484356,4294967295,76,"v_add_f32_e32 v0, v0, v2","",76
310546947484356,4294967295,76,"v_add_f32_e32 v0, v0, v2","",76
310546947485916,4294967295,76,"v_add_f32_e32 v0, v0, v2","",76
310546947485156,4294967295,76,"v_add_f32_e32 v0, v0, v2","",76
310546947485396,4294967295,76,"v_add_f32_e32 v0, v0, v2","",76
310546947484116,4294967295,76,"v_add_f32_e32 v0, v0, v2","",76
310546947484156,4294967295,76,"v_add_f32_e32 v0, v0, v2","",76
310546947484156,4294967295,76,"v_add_f32_e32 v0, v0, v2","",76
310546947485916,4294967295,76,"v_add_f32_e32 v0, v0, v2","",76
310546947485916,4294967295,76,"v_add_f32_e32 v0, v0, v2","",76
310546947485196,4294967295,76,"v_add_f32_e32 v0, v0, v2","",76
310546947485916,4294967295,76,"v_add_f32_e32 v0, v0, v2","",76
310546947485196,4294967295,76,"v_add_f32_e32 v0, v0, v2","",76
310546947484636,4294967295,76,"v_add_f32_e32 v0, v0, v2","",76
310546947484156,4294967295,76,"v_add_f32_e32 v0, v0, v2","",76
310546947485916,4294967295,76,"v_add_f32_e32 v0, v0, v2","",76
310546947484636,4294967295,76,"v_add_f32_e32 v0, v0, v2","",76
310546947484876,4294967295,76,"v_add_f32_e32 v0, v0, v2","",76
310546947485956,4294967295,76,"v_add_f32_e32 v0, v0, v2","",76
310546947484916,4294967295,76,"v_add_f32_e32 v0, v0, v2","",76
310546947485916,4294967295,76,"v_add_f32_e32 v0, v0, v2","",76
310546947485916,4294967295,76,"v_add_co_ci_u32_e64 v1, null, s1, v1, vcc_lo","",76
310546947485916,4294967295,76,"v_add_f32_e32 v0, v0, v2","",76
310546947483276,4294967295,76,"v_add_f32_e32 v0, v0, v2","",76
310546947485916,4294967295,76,"v_add_f32_e32 v0, v0, v2","",76
310546947483276,4294967295,76,"v_add_f32_e32 v0, v0, v2","",76
310546947485916,4294967295,76,"v_add_f32_e32 v0, v0, v2","",76
310546947483276,4294967295,76,"v_add_f32_e32 v0, v0, v2","",76
310546947485916,4294967295,76,"v_add_f32_e32 v0, v0, v2","",76
310546947484156,4294967295,76,"v_add_f32_e32 v0, v0, v2","",76
310546947485956,4294967295,76,"v_add_f32_e32 v0, v0, v2","",76
310546947484156,4294967295,76,"v_add_f32_e32 v0, v0, v2","",76
310546947482836,4294967295,76,"v_add_f32_e32 v0, v0, v2","",76
310546947484356,4294967295,76,"v_add_f32_e32 v0, v0, v2","",76
310546947485956,4294967295,76,"v_add_f32_e32 v0, v0, v2","",76
310546947482876,4294967295,76,"v_add_f32_e32 v0, v0, v2","",76
310546947485396,4294967295,76,"v_add_f32_e32 v0, v0, v2","",76
310546947485396,4294967295,76,"v_add_f32_e32 v0, v0, v2","",76
310546947485916,4294967295,76,"v_add_co_u32 v0, vcc_lo, s0, v0","",76
310546947485956,4294967295,76,"v_add_f32_e32 v0, v0, v2","",76
310546947484356,4294967295,76,"v_add_f32_e32 v0, v0, v2","",76
310546947486516,4294967295,76,"v_add_f32_e32 v0, v0, v2","",76
310546947486516,4294967295,76,"v_add_f32_e32 v0, v0, v2","",76
310546947486516,4294967295,76,"v_add_f32_e32 v0, v0, v2","",76
310546947486516,4294967295,76,"v_add_f32_e32 v0, v0, v2","",76
310546947484196,4294967295,76,"v_add_f32_e32 v0, v0, v2","",76
310546947484196,4294967295,76,"v_add_f32_e32 v0, v0, v2","",76
310546947487236,4294967295,76,"v_add_f32_e32 v0, v0, v2","",76
310546947487236,4294967295,76,"v_add_f32_e32 v0, v0, v2","",76
310546947487236,4294967295,76,"v_add_f32_e32 v0, v0, v2","",76
310546947487276,4294967295,76,"v_add_f32_e32 v0, v0, v2","",76
310546947488636,4294967295,76,"v_add_f32_e32 v0, v0, v2","",76
310546947488676,4294967295,76,"v_add_f32_e32 v0, v0, v2","",76
310546947488676,4294967295,76,"v_add_f32_e32 v0, v0, v2","",76
310546947488676,4294967295,76,"v_add_f32_e32 v0, v0, v2","",76
310546948485365,4294967295,79,"v_add_f32_e32 v0, v0, v3","",79
310546948485645,4294967295,79,"v_add_f32_e32 v0, v0, v3","",79
310546948485645,0,79,"s_cbranch_execz 6","",79
310546948485365,4294967295,79,"v_add_f32_e32 v0, v0, v2","",79
310546948485365,4294967295,79,"v_add_f32_e32 v0, v0, v2","",79
310546948486765,0,79,"s_endpgm","",79
310546948485645,4294967295,79,"v_cmp_eq_f32_e32 vcc_lo, 0x449a522b, v0","",79
310546948487445,4294967295,79,"v_add_f32_e32 v0, v0, v2","",79
310546948487445,4294967295,79,"v_add_f32_e32 v0, v0, v2","",79
310546948485405,4294967295,79,"v_add_f32_e32 v0, v0, v2","",79
310546948486765,0,79,"s_cbranch_execz 6","",79
310546948487485,4294967295,79,"v_add_f32_e32 v0, v0, v2","",79
310546948487485,4294967295,79,"v_add_f32_e32 v0, v0, v2","",79
310546948487125,4294967295,79,"v_add_f32_e32 v0, v0, v2","",79
310546948487125,4294967295,79,"v_cmp_eq_f32_e32 vcc_lo, 0x449a522b, v0","",79
310546948485685,4294967295,79,"v_add_f32_e32 v0, v0, v2","",79
310546948487125,4294967295,79,"v_add_f32_e32 v0, v0, v2","",79
310546948487445,4294967295,79,"v_add_f32_e32 v0, v0, v2","",79
310546948487445,4294967295,79,"v_add_f32_e32 v0, v0, v2","",79
310546948487485,4294967295,79,"v_add_f32_e32 v0, v0, v2","",79
310546948487485,4294967295,79,"v_add_f32_e32 v0, v0, v2","",79
310546948487445,4294967295,79,"v_add_f32_e32 v0, v0, v2","",79
310546948487445,4294967295,79,"v_add_f32_e32 v0, v0, v2","",79
310546948487485,4294967295,79,"v_add_f32_e32 v0, v0, v2","",79
310546948487485,4294967295,79,"v_add_f32_e32 v0, v0, v2","",79
310546948489005,4294967295,79,"v_add_f32_e32 v0, v0, v2","",79
310546948489045,4294967295,79,"v_add_f32_e32 v0, v0, v2","",79
310546948489045,4294967295,79,"v_add_f32_e32 v0, v0, v2","",79
310546948489045,4294967295,79,"v_add_f32_e32 v0, v0, v2","",79
310546948488805,4294967295,79,"v_add_f32_e32 v0, v0, v2","",79
310546948488805,4294967295,79,"v_add_f32_e32 v0, v0, v2","",79
310546948488845,4294967295,79,"v_add_f32_e32 v0, v0, v2","",79
310546948488845,4294967295,79,"v_add_f32_e32 v0, v0, v2","",79
310546948489965,4294967295,79,"v_add_f32_e32 v0, v0, v2","",79
310546948489965,4294967295,79,"v_add_f32_e32 v0, v0, v2","",79
310546948490005,4294967295,79,"v_add_f32_e32 v0, v0, v2","",79
310546948490005,4294967295,79,"v_add_f32_e32 v0, v0, v2","",79
310546948489445,4294967295,79,"v_add_f32_e32 v0, v0, v2","",79
310546948489445,4294967295,79,"v_add_f32_e32 v0, v0, v2","",79
310546948489445,4294967295,79,"v_add_f32_e32 v0, v0, v2","",79
310546948489445,4294967295,79,"v_add_f32_e32 v0, v0, v2","",79
310546948490685,4294967295,79,"v_add_f32_e32 v0, v0, v2","",79
310546948490725,4294967295,79,"v_add_f32_e32 v0, v0, v2","",79
310546948490725,4294967295,79,"v_add_f32_e32 v0, v0, v2","",79
310546948490725,4294967295,79,"v_add_f32_e32 v0, v0, v2","",79
310546948489965,4294967295,79,"v_add_f32_e32 v0, v0, v2","",79
310546948489965,4294967295,79,"v_add_f32_e32 v0, v0, v2","",79
310546948490005,4294967295,79,"v_add_f32_e32 v0, v0, v2","",79
310546948490005,4294967295,79,"v_add_f32_e32 v0, v0, v2","",79
310546948490285,4294967295,79,"v_add_f32_e32 v0, v0, v2","",79
310546948490325,4294967295,79,"v_add_f32_e32 v0, v0, v2","",79
310546948490325,4294967295,79,"v_add_f32_e32 v0, v0, v2","",79
310546948490325,4294967295,79,"v_add_f32_e32 v0, v0, v2","",79
310546948491405,4294967295,79,"v_add_f32_e32 v0, v0, v2","",79
310546948490725,4294967295,79,"v_add_f32_e32 v0, v0, v2","",79
310546948490725,4294967295,79,"v_add_f32_e32 v0, v0, v2","",79
310546948490725,4294967295,79,"v_add_f32_e32 v0, v0, v2","",79
310546948490765,4294967295,79,"v_add_f32_e32 v0, v0, v2","",79
310546948491405,4294967295,79,"v_add_f32_e32 v0, v0, v2","",79
310546948491405,4294967295,79,"v_add_f32_e32 v0, v0, v2","",79
310546948491405,4294967295,79,"v_add_f32_e32 v0, v0, v2","",79
310546948491405,4294967295,79,"v_add_f32_e32 v0, v0, v2","",79
310546948490725,4294967295,79,"v_add_f32_e32 v0, v0, v2","",79
310546948490725,4294967295,79,"v_add_f32_e32 v0, v0, v2","",79
310546948491405,4294967295,79,"v_add_f32_e32 v0, v0, v2","",79
310546948490725,4294967295,79,"v_add_f32_e32 v0, v0, v2","",79
310546948490725,4294967295,79,"v_add_f32_e32 v0, v0, v2","",79
310546948491605,4294967295,79,"v_add_f32_e32 v0, v0, v2","",79
310546948491605,4294967295,79,"v_add_f32_e32 v0, v0, v2","",79
310546948491605,4294967295,79,"v_add_f32_e32 v0, v0, v2","",79
310546948491605,4294967295,79,"v_add_f32_e32 v0, v0, v2","",79
310546948491605,4294967295,79,"v_add_f32_e32 v0, v0, v2","",79
310546948491605,4294967295,79,"v_add_f32_e32 v0, v0, v2","",79
310546948491605,4294967295,79,"v_add_f32_e32 v0, v0, v2","",79
310546948491605,4294967295,79,"v_add_f32_e32 v0, v0, v2","",79
310546948491645,4294967295,79,"v_add_f32_e32 v0, v0, v2","",79
310546948491605,4294967295,79,"v_add_f32_e32 v0, v0, v2","",79
310546948491605,4294967295,79,"v_add_f32_e32 v0, v0, v2","",79
310546948491405,4294967295,79,"v_add_f32_e32 v0, v0, v2","",79
310546948491405,4294967295,79,"v_add_f32_e32 v0, v0, v2","",79
310546948491645,4294967295,79,"v_add_f32_e32 v0, v0, v2","",79
310546948492845,4294967295,79,"v_add_f32_e32 v0, v0, v2","",79
310546948492845,4294967295,79,"v_add_f32_e32 v0, v0, v2","",79
310546948492845,4294967295,79,"v_add_f32_e32 v0, v0, v2","",79
310546948492845,4294967295,79,"v_add_f32_e32 v0, v0, v2","",79
310546948493045,4294967295,79,"v_add_f32_e32 v0, v0, v2","",79
310546948493045,4294967295,79,"v_add_f32_e32 v0, v0, v2","",79
310546948493045,4294967295,79,"v_add_f32_e32 v0, v0, v2","",79
310546948493045,4294967295,79,"v_add_f32_e32 v0, v0, v2","",79
310546948493645,4294967295,79,"v_add_f32_e32 v0, v0, v2","",79
310546948493645,4294967295,79,"v_add_f32_e32 v0, v0, v2","",79
310546948493645,4294967295,79,"v_add_f32_e32 v0, v0, v2","",79
310546948493685,4294967295,79,"v_add_f32_e32 v0, v0, v2","",79
310546948493685,4294967295,79,"v_add_f32_e32 v0, v0, v2","",79
310546948493645,4294967295,79,"s_wait_loadcnt 0x0","",79
310546948493685,4294967295,79,"v_add_f32_e32 v0, v0, v2","",79
310546948493645,4294967295,79,"v_add_f32_e32 v0, v0, v2","",79
310546948493645,4294967295,79,"global_load_b128 v[0:3], v[0:1], off","",79
310546948493645,4294967295,79,"s_wait_loadcnt 0x0","",79
310546948493685,4294967295,79,"v_add_f32_e32 v0, v0, v2","",79
310546948493685,4294967295,79,"v_add_f32_e32 v0, v0, v2","",79
310546948494805,4294967295,79,"v_add_f32_e32 v0, v0, v2","",79
310546948494845,4294967295,79,"v_add_f32_e32 v0, v0, v2","",79
310546948494845,4294967295,79,"v_add_f32_e32 v0, v0, v2","",79
310546948494845,4294967295,79,"v_add_f32_e32 v0, v0, v2","",79
310546948495685,4294967295,79,"v_add_f32_e32 v0, v0, v2","",79
310546948495685,4294967295,79,"v_add_f32_e32 v0, v0, v2","",79
310546948495685,4294967295,79,"v_add_f32_e32 v0, v0, v2","",79
310546948495685,4294967295,79,"v_add_f32_e32 v0, v0, v2","",79
310546948495885,4294967295,79,"v_add_f32_e32 v0, v0, v2","",79
310546948495885,4294967295,79,"v_add_f32_e32 v0, v0, v2","",79
310546948495925,4294967295,79,"v_add_f32_e32 v0, v0, v2","",79
310546948495925,4294967295,79,"v_add_f32_e32 v0, v0, v2","",79
310546948496365,4294967295,79,"v_add_f32_e32 v0, v0, v2","",79
310546948496365,4294967295,79,"v_add_f32_e32 v0, v0, v2","",79
310546948496365,4294967295,79,"v_add_f32_e32 v0, v0, v2","",79
310546948496405,4294967295,79,"v_add_f32_e32 v0, v0, v2","",79
310546949487015,4294967295,81,"v_add_f32_e32 v0, v0, v2","",81
310546949487015,4294967295,81,"v_add_f32_e32 v0, v0, v2","",81
310546949487015,4294967295,81,"v_add_f32_e32 v0, v0, v2","",81
310546949487015,4294967295,81,"v_add_f32_e32 v0, v0, v2","",81
310546949486975,4294967295,81,"v_add_f32_e32 v0, v0, v2","",81
310546949486975,4294967295,81,"v_add_f32_e32 v0, v0, v2","",81
310546949486975,4294967295,81,"v_add_f32_e32 v0, v0, v2","",81
310546949486975,4294967295,81,"v_add_f32_e32 v0, v0, v2","",81
310546949488455,4294967295,81,"v_cmp_gt_u64_e32 vcc_lo, s[2:3], v[0:1]","",81
310546949488455,4294967295,81,"v_add_f32_e32 v0, v0, v2","",81
310546949488935,4294967295,81,"v_add_f32_e32 v0, v0, v2","",81
310546949488935,4294967295,81,"v_add_f32_e32 v0, v0, v2","",81
310546949489095,4294967295,81,"v_add_f32_e32 v0, v0, v2","",81
310546949489695,4294967295,81,"v_add_f32_e32 v0, v0, v2","",81
310546949490415,4294967295,81,"v_add_f32_e32 v0, v0, v2","",81
310546949490415,4294967295,81,"v_add_f32_e32 v0, v0, v2","",81
310546949490455,4294967295,81,"v_add_f32_e32 v0, v0, v2","",81
310546949490975,4294967295,81,"v_mad_co_u64_u32 v[0:1], null, s4, ttmp9, v[0:1]","",81
310546949490975,4294967295,81,"v_mad_co_u64_u32 v[0:1], null, s4, ttmp9, v[0:1]","",81
310546949490975,4294967295,81,"v_mad_co_u64_u32 v[0:1], null, s4, ttmp9, v[0:1]","",81
310546949490975,4294967295,81,"v_mad_co_u64_u32 v[0:1], null, s4, ttmp9, v[0:1]","",81
310546949491455,4294967295,81,"v_add_f32_e32 v0, v0, v2","",81
310546949491455,4294967295,81,"v_add_f32_e32 v0, v0, v2","",81
310546949491455,4294967295,81,"v_add_f32_e32 v0, v0, v2","",81
310546949493455,4294967295,81,"v_add_f32_e32 v0, v0, v2","",81
310546949493455,4294967295,81,"v_add_f32_e32 v0, v0, v2","",81
310546949493455,4294967295,81,"v_add_f32_e32 v0, v0, v2","",81
310546949491455,4294967295,81,"v_add_f32_e32 v0, v0, v2","",81
310546949493455,4294967295,81,"v_add_f32_e32 v0, v0, v2","",81
310546949492735,4294967295,81,"v_add_f32_e32 v0, v0, v2","",81
310546949492895,4294967295,81,"v_add_f32_e32 v0, v0, v2","",81
310546949492935,4294967295,81,"v_add_f32_e32 v0, v0, v2","",81
310546949492935,4294967295,81,"v_add_f32_e32 v0, v0, v2","",81
310546949492935,4294967295,81,"v_add_f32_e32 v0, v0, v2","",81
310546949493095,4294967295,81,"v_add_f32_e32 v0, v0, v2","",81
310546949493095,4294967295,81,"v_add_f32_e32 v0, v0, v2","",81
310546949493095,4294967295,81,"v_add_f32_e32 v0, v0, v2","",81
310546949492775,4294967295,81,"v_add_f32_e32 v0, v0, v2","",81
310546949489095,4294967295,81,"v_add_f32_e32 v0, v0, v2","",81
310546949493455,4294967295,81,"v_add_f32_e32 v0, v0, v2","",81
310546949494015,4294967295,81,"v_add_f32_e32 v0, v0, v2","",81
310546949494055,4294967295,81,"v_add_f32_e32 v0, v0, v2","",81
310546949494055,4294967295,81,"v_add_f32_e32 v0, v0, v2","",81
310546949492775,4294967295,81,"v_add_f32_e32 v0, v0, v2","",81
310546949492775,4294967295,81,"v_add_f32_e32 v0, v0, v2","",81
310546949489095,4294967295,81,"v_add_co_u32 v0, vcc_lo, s0, v0","",81
310546949489095,4294967295,81,"v_add_f32_e32 v0, v0, v2","",81
310546949493895,4294967295,81,"v_add_f32_e32 v0, v0, v2","",81
310546949493895,4294967295,81,"v_add_f32_e32 v0, v0, v2","",81
310546949493895,4294967295,81,"v_add_f32_e32 v0, v0, v2","",81
310546949493895,4294967295,81,"v_add_f32_e32 v0, v0, v2","",81
310546949494295,4294967295,81,"v_add_f32_e32 v0, v0, v2","",81
310546949494295,4294967295,81,"v_add_f32_e32 v0, v0, v2","",81
310546949494295,4294967295,81,"v_add_f32_e32 v0, v0, v2","",81
310546949494295,4294967295,81,"v_add_f32_e32 v0, v0, v2","",81
310546949494295,4294967295,81,"v_add_f32_e32 v0, v0, v2","",81
310546949494295,4294967295,81,"v_add_f32_e32 v0, v0, v2","",81
310546949494295,4294967295,81,"v_add_f32_e32 v0, v0, v2","",81
310546949494295,4294967295,81,"v_add_f32_e32 v0, v0, v2","",81
310546949494295,4294967295,81,"v_add_f32_e32 v0, v0, v2","",81
310546949494335,4294967295,81,"v_add_f32_e32 v0, v0, v2","",81
310546949494495,4294967295,81,"v_add_f32_e32 v0, v0, v2","",81
310546949494495,4294967295,81,"v_add_f32_e32 v0, v0, v2","",81
310546949494535,4294967295,81,"v_add_f32_e32 v0, v0, v2","",81
310546949494535,4294967295,81,"v_add_f32_e32 v0, v0, v2","",81
310546949495015,4294967295,81,"v_add_f32_e32 v0, v0, v2","",81
310546949495015,4294967295,81,"v_add_f32_e32 v0, v0, v2","",81
310546949494295,4294967295,81,"v_add_f32_e32 v0, v0, v2","",81
310546949495015,4294967295,81,"v_add_f32_e32 v0, v0, v2","",81
310546949495015,4294967295,81,"v_add_f32_e32 v0, v0, v2","",81
310546949495015,4294967295,81,"v_add_f32_e32 v0, v0, v2","",81
310546949495015,4294967295,81,"v_add_f32_e32 v0, v0, v2","",81
310546949495015,4294967295,81,"v_add_f32_e32 v0, v0, v2","",81
310546949495055,4294967295,81,"v_add_f32_e32 v0, v0, v2","",81
310546949493455,4294967295,81,"v_add_f32_e32 v0, v0, v2","",81
310546949493455,4294967295,81,"v_add_f32_e32 v0, v0, v2","",81
310546949493455,4294967295,81,"v_add_f32_e32 v0, v0, v2","",81
310546949495015,4294967295,81,"v_add_f32_e32 v0, v0, v2","",81
310546949495015,0,81,"s_endpgm","",81
310546949495055,4294967295,81,"v_add_f32_e32 v0, v0, v2","",81
310546949495055,4294967295,81,"v_add_f32_e32 v0, v0, v2","",81
310546949495015,0,81,"s_cbranch_execz 6","",81
310546949495775,4294967295,81,"v_add_f32_e32 v0, v0, v2","",81
310546949495775,4294967295,81,"v_add_f32_e32 v0, v0, v2","",81
310546949495775,4294967295,81,"v_add_f32_e32 v0, v0, v2","",81
310546949495775,4294967295,81,"v_add_f32_e32 v0, v0, v2","",81
310546949496375,4294967295,81,"v_add_f32_e32 v0, v0, v2","",81
310546949495055,4294967295,81,"s_wait_loadcnt 0x0","",81
310546949496535,4294967295,81,"v_add_f32_e32 v0, v0, v2","",81
310546949496535,4294967295,81,"v_add_f32_e32 v0, v0, v2","",81
310546949496575,4294967295,81,"v_add_f32_e32 v0, v0, v2","",81
310546949496575,4294967295,81,"v_add_f32_e32 v0, v0, v2","",81
310546949496375,4294967295,81,"v_add_f32_e32 v0, v0, v2","",81
310546949496375,4294967295,81,"v_add_f32_e32 v0, v0, v2","",81
310546949496375,4294967295,81,"v_add_f32_e32 v0, v0, v2","",81
310546949496775,4294967295,81,"v_add_f32_e32 v0, v0, v2","",81
310546949496775,4294967295,81,"v_add_f32_e32 v0, v0, v2","",81
310546949496815,4294967295,81,"v_add_f32_e32 v0, v0, v2","",81
310546949496815,4294967295,81,"v_add_f32_e32 v0, v0, v2","",81
310546949497775,4294967295,81,"v_add_f32_e32 v0, v0, v2","",81
310546949497775,4294967295,81,"v_add_f32_e32 v0, v0, v2","",81
310546949497775,4294967295,81,"v_add_f32_e32 v0, v0, v2","",81
310546949497815,4294967295,81,"v_add_f32_e32 v0, v0, v2","",81
310546949497575,4294967295,81,"v_add_f32_e32 v0, v0, v2","",81
310546949497575,4294967295,81,"v_add_f32_e32 v0, v0, v2","",81
310546949497575,4294967295,81,"v_add_f32_e32 v0, v0, v2","",81
310546949499375,4294967295,81,"v_add_f32_e32 v0, v0, v2","",81
310546949499375,4294967295,81,"v_add_f32_e32 v0, v0, v2","",81
310546949500495,4294967295,81,"v_add_f32_e32 v0, v0, v2","",81
310546949500535,4294967295,81,"v_add_f32_e32 v0, v0, v2","",81
310546950490224,4294967295,83,"v_add_f32_e32 v0, v0, v2","",83
310546950492144,4294967295,83,"v_add_f32_e32 v0, v0, v2","",83
310546950492184,4294967295,83,"v_add_f32_e32 v0, v0, v2","",83
310546950492184,4294967295,83,"v_add_f32_e32 v0, v0, v2","",83
310546950492184,4294967295,83,"v_add_f32_e32 v0, v0, v2","",83
310546950492144,4294967295,83,"v_add_f32_e32 v0, v0, v2","",83
310546950493144,4294967295,83,"v_add_f32_e32 v0, v0, v2","",83
310546950493184,4294967295,83,"v_add_f32_e32 v0, v0, v2","",83
310546950493184,4294967295,83,"v_add_f32_e32 v0, v0, v2","",83
310546950493144,4294967295,83,"v_add_f32_e32 v0, v0, v2","",83
310546950490344,4294967295,83,"v_mad_co_u64_u32 v[0:1], null, s4, ttmp9, v[0:1]","",83
310546950490384,4294967295,83,"v_add_f32_e32 v0, v0, v2","",83
310546950495744,4294967295,83,"v_add_f32_e32 v0, v0, v2","",83
310546950497104,4294967295,83,"v_add_f32_e32 v0, v0, v2","",83
310546950495744,4294967295,83,"v_add_f32_e32 v0, v0, v2","",83
310546950495744,4294967295,83,"v_add_f32_e32 v0, v0, v2","",83
310546950496784,4294967295,83,"v_add_f32_e32 v0, v0, v2","",83
310546950493144,4294967295,83,"v_add_f32_e32 v0, v0, v2","",83
310546950493184,4294967295,83,"global_load_b128 v[0:3], v[0:1], off","",83
310546950493184,4294967295,83,"v_add_f32_e32 v0, v0, v2","",83
310546950497344,4294967295,83,"v_add_f32_e32 v0, v0, v2","",83
310546950497304,4294967295,83,"v_add_f32_e32 v0, v0, v2","",83
310546950497384,4294967295,83,"v_add_f32_e32 v0, v0, v2","",83
310546950497344,4294967295,83,"v_add_f32_e32 v0, v0, v2","",83
310546950497344,4294967295,83,"v_add_f32_e32 v0, v0, v2","",83
310546950497344,4294967295,83,"v_add_f32_e32 v0, v0, v2","",83
310546950497344,4294967295,83,"v_add_f32_e32 v0, v0, v2","",83
310546950497544,4294967295,83,"v_add_f32_e32 v0, v0, v2","",83
310546950497544,4294967295,83,"v_add_f32_e32 v0, v0, v2","",83
310546950497584,4294967295,83,"v_add_f32_e32 v0, v0, v2","",83
310546950497544,4294967295,83,"v_add_f32_e32 v0, v0, v2","",83
310546950497544,4294967295,83,"v_add_f32_e32 v0, v0, v2","",83
310546950497544,4294967295,83,"v_add_f32_e32 v0, v0, v2","",83
310546950497584,4294967295,83,"v_add_f32_e32 v0, v0, v2","",83
310546950497544,4294967295,83,"v_add_f32_e32 v0, v0, v2","",83
310546950497544,4294967295,83,"v_add_f32_e32 v0, v0, v2","",83
310546950497544,4294967295,83,"v_add_f32_e32 v0, v0, v2","",83
310546950497584,4294967295,83,"v_add_f32_e32 v0, v0, v2","",83
310546950496784,4294967295,83,"v_add_f32_e32 v0, v0, v2","",83
310546950497384,4294967295,83,"s_load_b128 s[0:3], s[0:1], 0x0","",83
310546950497544,4294967295,83,"v_add_f32_e32 v0, v0, v2","",83
310546950497544,4294967295,83,"v_add_f32_e32 v0, v0, v2","",83
310546950497544,4294967295,83,"v_add_f32_e32 v0, v0, v2","",83
310546950497584,4294967295,83,"v_add_f32_e32 v0, v0, v2","",83
310546950497384,4294967295,83,"v_add_f32_e32 v0, v0, v2","",83
310546950497544,4294967295,83,"v_add_f32_e32 v0, v0, v2","",83
310546950497544,4294967295,83,"v_add_f32_e32 v0, v0, v2","",83
310546950497944,4294967295,83,"v_add_f32_e32 v0, v0, v2","",83
310546950497984,4294967295,83,"v_add_f32_e32 v0, v0, v2","",83
310546950497544,4294967295,83,"v_add_f32_e32 v0, v0, v2","",83
310546950497584,4294967295,83,"v_add_f32_e32 v0, v0, v2","",83
310546950497584,4294967295,83,"v_add_f32_e32 v0, v0, v2","",83
310546950497584,4294967295,83,"v_add_f32_e32 v0, v0, v2","",83
310546950497624,4294967295,83,"v_add_f32_e32 v0, v0, v2","",83
310546950497864,4294967295,83,"v_add_f32_e32 v0, v0, v2","",83
310546950497984,4294967295,83,"v_add_f32_e32 v0, v0, v2","",83
310546950496784,4294967295,83,"v_add_f32_e32 v0, v0, v2","",83
310546950496824,4294967295,83,"v_add_f32_e32 v0, v0, v2","",83
310546950497904,4294967295,83,"v_add_f32_e32 v0, v0, v2","",83
310546950497984,4294967295,83,"v_add_f32_e32 v0, v0, v2","",83
310546950497944,4294967295,83,"v_add_f32_e32 v0, v0, v2","",83
310546950497984,4294967295,83,"v_add_f32_e32 v0, v0, v2","",83
310546950497984,4294967295,83,"v_add_f32_e32 v0, v0, v2","",83
310546950497984,4294967295,83,"v_add_f32_e32 v0, v0, v2","",83
310546950497984,4294967295,83,"v_add_f32_e32 v0, v0, v2","",83
310546950498024,4294967295,83,"v_add_f32_e32 v0, v0, v2","",83
310546950498024,4294967295,83,"v_add_f32_e32 v0, v0, v2","",83
310546950497104,4294967295,83,"v_add_f32_e32 v0, v0, v2","",83
310546950497344,4294967295,83,"v_add_f32_e32 v0, v0, v2","",83
310546950495744,4294967295,83,"v_add_f32_e32 v0, v0, v2","",83
310546950495744,4294967295,83,"v_add_f32_e32 v0, v0, v2","",83
310546950495784,4294967295,83,"v_add_f32_e32 v0, v0, v2","",83
310546950497904,4294967295,83,"v_add_f32_e32 v0, v0, v2","",83
310546950497144,4294967295,83,"v_add_f32_e32 v0, v0, v2","",83
310546950497144,4294967295,83,"v_add_f32_e32 v0, v0, v2","",83
310546950497344,4294967295,83,"v_add_f32_e32 v0, v0, v2","",83
310546950494744,4294967295,83,"v_add_f32_e32 v0, v0, v2","",83
310546950494824,4294967295,83,"v_add_f32_e32 v0, v0, v2","",83
310546950498824,4294967295,83,"v_add_f32_e32 v0, v0, v2","",83
310546950498984,4294967295,83,"v_add_f32_e32 v0, v0, v2","",83
310546950498984,4294967295,83,"v_add_f32_e32 v0, v0, v2","",83
310546950498984,4294967295,83,"v_add_f32_e32 v0, v0, v2","",83
310546950497584,4294967295,83,"v_add_f32_e32 v0, v0, v2","",83
310546950499224,4294967295,83,"v_add_f32_e32 v0, v0, v2","",83
310546950499264,4294967295,83,"v_add_f32_e32 v0, v0, v2","",83
310546950499264,4294967295,83,"v_add_f32_e32 v0, v0, v2","",83
310546950499264,4294967295,83,"v_add_f32_e32 v0, v0, v2","",83
310546950499224,4294967295,83,"v_add_f32_e32 v0, v0, v2","",83
310546950497584,4294967295,83,"v_add_f32_e32 v0, v0, v2","",83
310546950498864,4294967295,83,"v_add_f32_e32 v0, v0, v2","",83
310546950498864,4294967295,83,"v_add_f32_e32 v0, v0, v2","",83
310546950498864,4294967295,83,"v_add_f32_e32 v0, v0, v2","",83
310546950499224,4294967295,83,"v_add_f32_e32 v0, v0, v2","",83
310546950499264,4294967295,83,"v_add_f32_e32 v0, v0, v2","",83
310546950499264,4294967295,83,"v_add_f32_e32 v0, v0, v2","",83
310546950499264,4294967295,83,"v_add_f32_e32 v0, v0, v2","",83
310546950499264,4294967295,83,"v_add_f32_e32 v0, v0, v2","",83
310546950497984,4294967295,83,"v_add_f32_e32 v0, v0, v2","",83
310546950497984,4294967295,83,"v_add_f32_e32 v0, v0, v2","",83
310546950500984,4294967295,83,"v_add_f32_e32 v0, v0, v2","",83
310546950500984,4294967295,83,"v_add_f32_e32 v0, v0, v2","",83
310546950500984,4294967295,83,"v_add_f32_e32 v0, v0, v2","",83
310546950500984,4294967295,83,"v_add_f32_e32 v0, v0, v2","",83
310546950501624,4294967295,83,"v_add_f32_e32 v0, v0, v2","",83
310546950502744,4294967295,83,"v_add_f32_e32 v0, v0, v2","",83
310546950502744,4294967295,83,"v_add_f32_e32 v0, v0, v2","",83
310546950502784,4294967295,83,"v_add_f32_e32 v0, v0, v2","",83
310546951494233,4294967295,85,"v_add_f32_e32 v0, v0, v2","",85
310546951494233,4294967295,85,"v_add_f32_e32 v0, v0, v2","",85
310546951494273,4294967295,85,"v_add_f32_e32 v0, v0, v2","",85
310546951494273,4294967295,85,"v_add_f32_e32 v0, v0, v2","",85
310546951496033,4294967295,85,"v_add_f32_e32 v0, v0, v2","",85
310546951496033,4294967295,85,"v_add_f32_e32 v0, v0, v2","",85
310546951496073,4294967295,85,"v_add_f32_e32 v0, v0, v2","",85
310546951495313,4294967295,85,"v_add_f32_e32 v0, v0, v2","",85
310546951495353,4294967295,85,"v_add_f32_e32 v0, v0, v2","",85
310546951495313,4294967295,85,"v_add_f32_e32 v0, v0, v2","",85
310546951495313,4294967295,85,"v_add_f32_e32 v0, v0, v2","",85
310546951496033,4294967295,85,"v_add_f32_e32 v0, v0, v2","",85
310546951496473,4294967295,85,"v_add_f32_e32 v0, v0, v2","",85
310546951498113,4294967295,85,"v_add_f32_e32 v0, v0, v2","",85
310546951497193,4294967295,85,"v_add_f32_e32 v0, v0, v2","",85
310546951497193,4294967295,85,"v_add_f32_e32 v0, v0, v2","",85
310546951497193,4294967295,85,"v_add_f32_e32 v0, v0, v2","",85
310546951496473,4294967295,85,"v_add_f32_e32 v0, v0, v2","",85
310546951497233,4294967295,85,"v_add_f32_e32 v0, v0, v2","",85
310546951496473,4294967295,85,"v_add_f32_e32 v0, v0, v2","",85
310546951496033,4294967295,85,"v_add_f32_e32 v0, v0, v2","",85
310546951496033,4294967295,85,"v_add_f32_e32 v0, v0, v2","",85
310546951498353,4294967295,85,"v_add_f32_e32 v0, v0, v2","",85
310546951498113,4294967295,85,"v_add_f32_e32 v0, v0, v2","",85
310546951498113,4294967295,85,"v_add_f32_e32 v0, v0, v2","",85
310546951498113,4294967295,85,"v_add_f32_e32 v0, v0, v2","",85
310546951496073,4294967295,85,"v_add_f32_e32 v0, v0, v2","",85
310546951498153,4294967295,85,"v_add_f32_e32 v0, v0, v2","",85
310546951499313,4294967295,85,"v_add_f32_e32 v0, v0, v2","",85
310546951498113,4294967295,85,"v_add_f32_e32 v0, v0, v2","",85
310546951498353,4294967295,85,"v_add_f32_e32 v0, v0, v2","",85
310546951498953,4294967295,85,"v_add_f32_e32 v0, v0, v2","",85
310546951498953,4294967295,85,"v_add_f32_e32 v0, v0, v2","",85
310546951498953,4294967295,85,"v_add_f32_e32 v0, v0, v2","",85
310546951498993,4294967295,85,"v_add_f32_e32 v0, v0, v2","",85
310546951498353,4294967295,85,"s_cbranch_execz 28","",85
310546951498353,4294967295,85,"v_add_f32_e32 v0, v0, v2","",85
310546951499313,4294967295,85,"v_add_f32_e32 v0, v0, v2","",85
310546951499313,4294967295,85,"v_add_f32_e32 v0, v0, v2","",85
310546951499313,4294967295,85,"v_add_f32_e32 v0, v0, v2","",85
310546951500113,4294967295,85,"v_add_f32_e32 v0, v0, v2","",85
310546951500113,4294967295,85,"v_add_f32_e32 v0, v0, v2","",85
310546951500113,4294967295,85,"v_add_f32_e32 v0, v0, v2","",85
310546951501193,4294967295,85,"v_add_f32_e32 v0, v0, v2","",85
310546951500153,4294967295,85,"v_add_f32_e32 v0, v0, v2","",85
310546951501353,4294967295,85,"v_add_f32_e32 v0, v0, v2","",85
310546951498113,4294967295,85,"v_add_f32_e32 v0, v0, v2","",85
310546951498153,4294967295,85,"v_add_f32_e32 v0, v0, v2","",85
310546951501313,4294967295,85,"v_add_f32_e32 v0, v0, v2","",85
310546951501313,4294967295,85,"v_add_f32_e32 v0, v0, v2","",85
310546951501233,4294967295,85,"v_add_f32_e32 v0, v0, v2","",85
310546951501233,4294967295,85,"v_add_f32_e32 v0, v0, v2","",85
310546951501313,4294967295,85,"v_add_f32_e32 v0, v0, v2","",85
310546951501353,4294967295,85,"v_add_f32_e32 v0, v0, v2","",85
310546951501233,4294967295,85,"v_add_f32_e32 v0, v0, v2","",85
310546951501954,4294967295,85,"v_add_f32_e32 v0, v0, v2","",85
310546951501353,4294967295,85,"v_add_f32_e32 v0, v0, v2","",85
310546951501233,4294967295,85,"v_add_f32_e32 v0, v0, v2","",85
310546951501233,4294967295,85,"v_add_f32_e32 v0, v0, v2","",85
310546951501794,4294967295,85,"v_add_f32_e32 v0, v0, v2","",85
310546951501313,4294967295,85,"v_add_f32_e32 v0, v0, v2","",85
310546951501353,4294967295,85,"v_add_f32_e32 v0, v0, v2","",85
310546951501794,4294967295,85,"v_add_f32_e32 v0, v0, v2","",85
310546951501954,4294967295,85,"v_add_f32_e32 v0, v0, v2","",85
310546951501353,4294967295,85,"v_add_f32_e32 v0, v0, v2","",85
310546951499313,4294967295,85,"v_add_f32_e32 v0, v0, v2","",85
310546951501353,4294967295,85,"v_add_f32_e32 v0, v0, v2","",85
310546951501353,4294967295,85,"v_add_f32_e32 v0, v0, v2","",85
310546951501353,4294967295,85,"v_add_f32_e32 v0, v0, v2","",85
310546951501954,4294967295,85,"v_add_f32_e32 v0, v0, v2","",85
310546951501954,4294967295,85,"v_add_f32_e32 v0, v0, v2","",85
310546951501794,4294967295,85,"v_add_f32_e32 v0, v0, v2","",85
310546951501834,4294967295,85,"v_add_f32_e32 v0, v0, v2","",85
310546951502194,4294967295,85,"v_add_f32_e32 v0, v0, v2","",85
310546951502194,4294967295,85,"v_add_f32_e32 v0, v0, v2","",85
310546951502194,4294967295,85,"v_add_f32_e32 v0, v0, v2","",85
310546951502194,4294967295,85,"v_add_f32_e32 v0, v0, v2","",85
310546951502194,4294967295,85,"v_add_f32_e32 v0, v0, v2","",85
310546951501954,4294967295,85,"v_add_f32_e32 v0, v0, v2","",85
310546951501994,4294967295,85,"v_add_f32_e32 v0, v0, v2","",85
310546951502274,4294967295,85,"v_add_f32_e32 v0, v0, v2","",85
310546951502274,4294967295,85,"v_add_f32_e32 v0, v0, v2","",85
310546951502274,4294967295,85,"v_add_f32_e32 v0, v0, v2","",85
310546951502314,4294967295,85,"v_add_f32_e32 v0, v0, v2","",85
310546951502194,4294967295,85,"v_add_f32_e32 v0, v0, v2","",85
310546951502194,4294967295,85,"v_add_f32_e32 v0, v0, v2","",85
310546951502194,4294967295,85,"v_add_f32_e32 v0, v0, v2","",85
310546951501233,4294967295,85,"v_add_f32_e32 v0, v0, v2","",85
310546951501233,4294967295,85,"v_add_f32_e32 v0, v0, v2","",85
310546951499313,4294967295,85,"v_add_f32_e32 v0, v0, v2","",85
310546951499313,4294967295,85,"v_add_f32_e32 v0, v0, v2","",85
310546951503194,4294967295,85,"v_add_f32_e32 v0, v0, v2","",85
310546951501954,4294967295,85,"v_add_f32_e32 v0, v0, v2","",85
310546951501994,4294967295,85,"v_add_f32_e32 v0, v0, v2","",85
310546951503194,4294967295,85,"v_add_f32_e32 v0, v0, v2","",85
310546951503194,4294967295,85,"v_add_f32_e32 v0, v0, v2","",85
310546951503194,4294967295,85,"v_add_f32_e32 v0, v0, v2","",85
310546951503194,4294967295,85,"v_add_f32_e32 v0, v0, v2","",85
310546951502954,4294967295,85,"v_add_f32_e32 v0, v0, v2","",85
310546951502954,4294967295,85,"v_add_f32_e32 v0, v0, v2","",85
310546951502954,4294967295,85,"v_add_f32_e32 v0, v0, v2","",85
310546951502994,4294967295,85,"v_add_f32_e32 v0, v0, v2","",85
310546951501393,4294967295,85,"v_add_f32_e32 v0, v0, v2","",85
310546951501353,4294967295,85,"v_add_f32_e32 v0, v0, v2","",85
310546951501393,4294967295,85,"v_add_f32_e32 v0, v0, v2","",85
310546951503194,4294967295,85,"v_add_f32_e32 v0, v0, v2","",85
310546951503194,4294967295,85,"v_add_f32_e32 v0, v0, v2","",85
310546951503194,4294967295,85,"v_add_f32_e32 v0, v0, v2","",85
310546951503794,4294967295,85,"v_add_f32_e32 v0, v0, v2","",85
310546951501393,4294967295,85,"v_add_f32_e32 v0, v0, v2","",85
310546951503794,4294967295,85,"v_add_f32_e32 v0, v0, v2","",85
310546951503834,4294967295,85,"v_add_f32_e32 v0, v0, v2","",85
310546951504914,4294967295,85,"v_add_f32_e32 v0, v0, v2","",85
310546951503834,4294967295,85,"v_add_f32_e32 v0, v0, v2","",85
310546951501393,4294967295,85,"v_add_f32_e32 v0, v0, v2","",85
310546951501393,4294967295,85,"v_add_f32_e32 v0, v0, v2","",85
310546951504914,4294967295,85,"v_add_f32_e32 v0, v0, v2","",85
310546951504914,4294967295,85,"v_add_f32_e32 v0, v0, v2","",85
310546951504914,4294967295,85,"v_add_f32_e32 v0, v0, v2","",85
310546951505914,4294967295,85,"v_add_f32_e32 v0, v0, v2","",85
310546951505954,4294967295,85,"v_add_f32_e32 v0, v0, v2","",85
310546951505954,4294967295,85,"v_add_f32_e32 v0, v0, v2","",85
310546951505954,4294967295,85,"v_add_f32_e32 v0, v0, v2","",85
310546952502083,4294967295,87,"v_add_f32_e32 v0, v0, v2","",87
310546952502083,4294967295,87,"v_add_f32_e32 v0, v0, v2","",87
310546952503163,4294967295,87,"v_add_f32_e32 v0, v0, v2","",87
310546952503323,4294967295,87,"v_add_f32_e32 v0, v0, v2","",87
310546952503603,4294967295,87,"v_add_f32_e32 v0, v0, v2","",87
310546952503643,4294967295,87,"v_add_f32_e32 v0, v0, v2","",87
310546952504483,4294967295,87,"v_add_f32_e32 v0, v0, v2","",87
310546952504483,4294967295,87,"v_add_f32_e32 v0, v0, v2","",87
310546952504523,4294967295,87,"v_add_f32_e32 v0, v0, v2","",87
310546952504523,4294967295,87,"v_add_f32_e32 v0, v0, v2","",87
310546952505363,4294967295,87,"v_add_f32_e32 v0, v0, v2","",87
310546952505363,4294967295,87,"v_mad_co_u64_u32 v[0:1], null, s4, ttmp9, v[0:1]","",87
310546952505363,4294967295,87,"v_add_f32_e32 v0, v0, v2","",87
310546952505403,4294967295,87,"v_add_f32_e32 v0, v0, v2","",87
310546952505763,4294967295,87,"v_add_f32_e32 v0, v0, v2","",87
310546952505803,4294967295,87,"v_add_f32_e32 v0, v0, v2","",87
310546952505803,4294967295,87,"v_add_f32_e32 v0, v0, v2","",87
310546952505763,4294967295,87,"v_add_f32_e32 v0, v0, v2","",87
310546952505803,4294967295,87,"v_add_f32_e32 v0, v0, v2","",87
310546952505803,4294967295,87,"v_add_f32_e32 v0, v0, v2","",87
310546952505803,4294967295,87,"v_add_f32_e32 v0, v0, v2","",87
310546952506763,4294967295,87,"v_add_f32_e32 v0, v0, v2","",87
310546952506803,4294967295,87,"v_add_f32_e32 v0, v0, v2","",87
310546952506803,4294967295,87,"v_add_f32_e32 v0, v0, v2","",87
310546952506803,4294967295,87,"v_add_f32_e32 v0, v0, v2","",87
310546952507003,4294967295,87,"v_add_f32_e32 v0, v0, v2","",87
310546952509043,4294967295,87,"s_and_b32 exec_lo, exec_lo, vcc_lo","",87
310546952509083,4294967295,87,"v_add_f32_e32 v0, v0, v2","",87
310546952507523,4294967295,87,"v_add_f32_e32 v0, v0, v2","",87
310546952509083,4294967295,87,"v_add_f32_e32 v0, v0, v2","",87
310546952509443,4294967295,87,"v_add_f32_e32 v0, v0, v2","",87
310546952509443,4294967295,87,"v_add_f32_e32 v0, v0, v2","",87
310546952509483,4294967295,87,"v_add_f32_e32 v0, v0, v2","",87
310546952509483,4294967295,87,"v_add_f32_e32 v0, v0, v2","",87
310546952507443,4294967295,87,"v_add_f32_e32 v0, v0, v2","",87
310546952507443,4294967295,87,"v_add_f32_e32 v0, v0, v2","",87
310546952507443,4294967295,87,"v_add_f32_e32 v0, v0, v2","",87
310546952507523,4294967295,87,"v_add_f32_e32 v0, v0, v2","",87
310546952509483,4294967295,87,"v_add_f32_e32 v0, v0, v2","",87
310546952507163,4294967295,87,"v_add_f32_e32 v0, v0, v2","",87
310546952507163,4294967295,87,"v_add_f32_e32 v0, v0, v2","",87
310546952507163,4294967295,87,"v_add_f32_e32 v0, v0, v2","",87
310546952507163,4294967295,87,"v_add_f32_e32 v0, v0, v2","",87
310546952509523,4294967295,87,"v_add_f32_e32 v0, v0, v2","",87
310546952507563,4294967295,87,"v_add_f32_e32 v0, v0, v2","",87
310546952507563,4294967295,87,"v_add_f32_e32 v0, v0, v2","",87
310546952509443,4294967295,87,"v_add_f32_e32 v0, v0, v2","",87
310546952509483,4294967295,87,"v_add_f32_e32 v0, v0, v2","",87
310546952510163,4294967295,87,"v_add_f32_e32 v0, v0, v2","",87
310546952509443,4294967295,87,"v_add_f32_e32 v0, v0, v2","",87
310546952509483,4294967295,87,"v_add_f32_e32 v0, v0, v2","",87
310546952509443,4294967295,87,"v_add_f32_e32 v0, v0, v2","",87
310546952510163,4294967295,87,"v_add_f32_e32 v0, v0, v2","",87
310546952510203,4294967295,87,"v_add_f32_e32 v0, v0, v2","",87
310546952510203,4294967295,87,"v_add_f32_e32 v0, v0, v2","",87
310546952510203,4294967295,87,"v_add_f32_e32 v0, v0, v2","",87
310546952509443,4294967295,87,"v_add_f32_e32 v0, v0, v2","",87
310546952509483,4294967295,87,"v_add_f32_e32 v0, v0, v2","",87
310546952507003,4294967295,87,"v_add_f32_e32 v0, v0, v2","",87
310546952507043,4294967295,87,"v_add_f32_e32 v0, v0, v2","",87
310546952504803,4294967295,87,"v_add_f32_e32 v0, v0, v2","",87
310546952504883,4294967295,87,"v_add_f32_e32 v0, v0, v2","",87
310546952505003,4294967295,87,"v_add_f32_e32 v0, v0, v2","",87
310546952510523,4294967295,87,"v_add_f32_e32 v0, v0, v2","",87
310546952505123,4294967295,87,"v_add_f32_e32 v0, v0, v2","",87
310546952505203,4294967295,87,"v_add_f32_e32 v0, v0, v2","",87
310546952509443,4294967295,87,"v_add_f32_e32 v0, v0, v2","",87
310546952509443,4294967295,87,"v_add_f32_e32 v0, v0, v2","",87
310546952510483,4294967295,87,"v_add_f32_e32 v0, v0, v2","",87
310546952510523,4294967295,87,"v_add_f32_e32 v0, v0, v2","",87
310546952509483,4294967295,87,"v_add_f32_e32 v0, v0, v2","",87
310546952510523,4294967295,87,"v_add_f32_e32 v0, v0, v2","",87
310546952509523,4294967295,87,"v_add_f32_e32 v0, v0, v2","",87
310546952509563,4294967295,87,"v_add_f32_e32 v0, v0, v2","",87
310546952510843,4294967295,87,"v_add_f32_e32 v0, v0, v2","",87
310546952509443,4294967295,87,"v_add_f32_e32 v0, v0, v2","",87
310546952510523,4294967295,87,"v_add_f32_e32 v0, v0, v2","",87
310546952510523,4294967295,87,"v_add_f32_e32 v0, v0, v2","",87
310546952510563,4294967295,87,"v_add_f32_e32 v0, v0, v2","",87
310546952510923,4294967295,87,"v_add_f32_e32 v0, v0, v2","",87
310546952510923,4294967295,87,"v_add_f32_e32 v0, v0, v2","",87
310546952510963,4294967295,87,"v_add_f32_e32 v0, v0, v2","",87
310546952510963,4294967295,87,"v_add_f32_e32 v0, v0, v2","",87
310546952510843,4294967295,87,"v_add_f32_e32 v0, v0, v2","",87
310546952510843,4294967295,87,"v_add_f32_e32 v0, v0, v2","",87
310546952510883,4294967295,87,"v_add_f32_e32 v0, v0, v2","",87
310546952510203,4294967295,87,"v_add_f32_e32 v0, v0, v2","",87
310546952509443,4294967295,87,"v_add_f32_e32 v0, v0, v2","",87
310546952509483,4294967295,87,"v_add_f32_e32 v0, v0, v2","",87
310546952510203,4294967295,87,"v_add_f32_e32 v0, v0, v2","",87
310546952510203,4294967295,87,"v_add_f32_e32 v0, v0, v2","",87
310546952511203,4294967295,87,"v_add_f32_e32 v0, v0, v2","",87
310546952511203,4294967295,87,"v_add_f32_e32 v0, v0, v2","",87
310546952511243,4294967295,87,"v_add_f32_e32 v0, v0, v2","",87
310546952511243,4294967295,87,"v_add_f32_e32 v0, v0, v2","",87
310546952511443,4294967295,87,"v_add_f32_e32 v0, v0, v2","",87
310546952511443,4294967295,87,"v_add_f32_e32 v0, v0, v2","",87
310546952511443,4294967295,87,"v_add_f32_e32 v0, v0, v2","",87
310546952511483,4294967295,87,"v_add_f32_e32 v0, v0, v2","",87
310546952511483,4294967295,87,"v_add_f32_e32 v0, v0, v2","",87
310546952512443,4294967295,87,"v_add_f32_e32 v0, v0, v2","",87
310546952512443,4294967295,87,"v_add_f32_e32 v0, v0, v2","",87
310546952512443,4294967295,87,"v_add_f32_e32 v0, v0, v2","",87
310546952512443,4294967295,87,"v_add_f32_e32 v0, v0, v2","",87
310546952513043,4294967295,87,"v_add_f32_e32 v0, v0, v2","",87
310546952513043,4294967295,87,"v_add_f32_e32 v0, v0, v2","",87
310546952513043,4294967295,87,"v_add_f32_e32 v0, v0, v2","",87
310546952513083,4294967295,87,"v_add_f32_e32 v0, v0, v2","",87
310546952511483,4294967295,87,"v_add_f32_e32 v0, v0, v2","",87
310546952514283,4294967295,87,"v_add_f32_e32 v0, v0, v2","",87
310546952514283,4294967295,87,"v_add_f32_e32 v0, v0, v2","",87
310546952514323,4294967295,87,"v_add_f32_e32 v0, v0, v2","",87
310546953507452,4294967295,89,"v_add_f32_e32 v0, v0, v2","",89
310546953507612,4294967295,89,"v_add_f32_e32 v0, v0, v2","",89
310546953507612,4294967295,89,"v_add_f32_e32 v0, v0, v2","",89
310546953507652,4294967295,89,"v_add_f32_e32 v0, v0, v2","",89
310546953507612,4294967295,89,"v_add_f32_e32 v0, v0, v2","",89
310546953509292,4294967295,89,"v_add_f32_e32 v0, v0, v2","",89
310546953508612,4294967295,89,"v_add_f32_e32 v0, v0, v2","",89
310546953508612,4294967295,89,"v_add_f32_e32 v0, v0, v2","",89
310546953512172,4294967295,89,"v_add_f32_e32 v0, v0, v2","",89
310546953508612,4294967295,89,"v_add_f32_e32 v0, v0, v2","",89
310546953511572,4294967295,89,"v_mad_co_u64_u32 v[0:1], null, s4, ttmp9, v[0:1]","",89
310546953511572,4294967295,89,"v_mad_co_u64_u32 v[0:1], null, s4, ttmp9, v[0:1]","",89
310546953511572,4294967295,89,"v_mad_co_u64_u32 v[0:1], null, s4, ttmp9, v[0:1]","",89
310546953511572,4294967295,89,"v_add_f32_e32 v0, v0, v2","",89
310546953507452,4294967295,89,"v_add_f32_e32 v0, v0, v2","",89
310546953510932,4294967295,89,"v_add_f32_e32 v0, v0, v2","",89
310546953510972,4294967295,89,"v_add_f32_e32 v0, v0, v2","",89
310546953510972,4294967295,89,"v_add_f32_e32 v0, v0, v2","",89
310546953510972,4294967295,89,"v_add_f32_e32 v0, v0, v2","",89
310546953511732,4294967295,89,"v_add_f32_e32 v0, v0, v2","",89
310546953511732,4294967295,89,"v_add_f32_e32 v0, v0, v2","",89
310546953512612,4294967295,89,"v_add_f32_e32 v0, v0, v2","",89
310546953512612,4294967295,89,"v_add_f32_e32 v0, v0, v2","",89
310546953512652,4294967295,89,"v_add_f32_e32 v0, v0, v2","",89
310546953512652,4294967295,89,"v_add_f32_e32 v0, v0, v2","",89
310546953512412,4294967295,89,"v_add_f32_e32 v0, v0, v2","",89
310546953512612,4294967295,89,"v_add_f32_e32 v0, v0, v2","",89
310546953512612,4294967295,89,"v_add_f32_e32 v0, v0, v2","",89
310546953512972,4294967295,89,"v_add_f32_e32 v0, v0, v2","",89
310546953512652,4294967295,89,"v_add_f32_e32 v0, v0, v2","",89
310546953512652,4294967295,89,"v_add_f32_e32 v0, v0, v2","",89
310546953512612,4294967295,89,"v_add_f32_e32 v0, v0, v2","",89
310546953509332,4294967295,89,"v_add_f32_e32 v0, v0, v2","",89
310546953509292,4294967295,89,"v_add_f32_e32 v0, v0, v2","",89
310546953512412,4294967295,89,"v_add_f32_e32 v0, v0, v2","",89
310546953513132,4294967295,89,"v_add_f32_e32 v0, v0, v2","",89
310546953513412,4294967295,89,"v_add_f32_e32 v0, v0, v2","",89
310546953513452,4294967295,89,"v_add_f32_e32 v0, v0, v2","",89
310546953514492,4294967295,89,"v_add_f32_e32 v0, v0, v2","",89
310546953514372,4294967295,89,"v_add_f32_e32 v0, v0, v2","",89
310546953513172,4294967295,89,"v_add_f32_e32 v0, v0, v2","",89
310546953513172,4294967295,89,"v_add_f32_e32 v0, v0, v2","",89
310546953513172,4294967295,89,"v_add_f32_e32 v0, v0, v2","",89
310546953512412,4294967295,89,"v_add_f32_e32 v0, v0, v2","",89
310546953512412,4294967295,89,"v_add_f32_e32 v0, v0, v2","",89
310546953513452,4294967295,89,"v_add_f32_e32 v0, v0, v2","",89
310546953512172,4294967295,89,"v_add_f32_e32 v0, v0, v2","",89
310546953513012,4294967295,89,"v_add_f32_e32 v0, v0, v2","",89
310546953514372,4294967295,89,"v_add_f32_e32 v0, v0, v2","",89
310546953513452,4294967295,89,"v_add_f32_e32 v0, v0, v2","",89
310546953514532,4294967295,89,"v_add_f32_e32 v0, v0, v2","",89
310546953514532,4294967295,89,"v_add_f32_e32 v0, v0, v2","",89
310546953514532,4294967295,89,"v_add_f32_e32 v0, v0, v2","",89
310546953512212,4294967295,89,"v_add_f32_e32 v0, v0, v2","",89
310546953512612,4294967295,89,"v_add_f32_e32 v0, v0, v2","",89
310546953512212,4294967295,89,"v_add_f32_e32 v0, v0, v2","",89
310546953512652,4294967295,89,"v_add_f32_e32 v0, v0, v2","",89
310546953514492,4294967295,89,"v_add_f32_e32 v0, v0, v2","",89
310546953514492,4294967295,89,"v_add_f32_e32 v0, v0, v2","",89
310546953514492,4294967295,89,"v_add_f32_e32 v0, v0, v2","",89
310546953513012,4294967295,89,"v_add_f32_e32 v0, v0, v2","",89
310546953515092,4294967295,89,"v_add_f32_e32 v0, v0, v2","",89
310546953512652,4294967295,89,"v_add_f32_e32 v0, v0, v2","",89
310546953515092,4294967295,89,"v_add_f32_e32 v0, v0, v2","",89
310546953515092,4294967295,89,"v_add_f32_e32 v0, v0, v2","",89
310546953515092,4294967295,89,"v_add_f32_e32 v0, v0, v2","",89
310546953513012,4294967295,89,"v_add_f32_e32 v0, v0, v2","",89
310546953514492,4294967295,89,"v_add_f32_e32 v0, v0, v2","",89
310546953514532,4294967295,89,"v_add_f32_e32 v0, v0, v2","",89
310546953514412,4294967295,89,"v_add_f32_e32 v0, v0, v2","",89
310546953515132,4294967295,89,"v_add_f32_e32 v0, v0, v2","",89
310546953515092,4294967295,89,"v_add_f32_e32 v0, v0, v2","",89
310546953515092,4294967295,89,"v_add_f32_e32 v0, v0, v2","",89
310546953515092,4294967295,89,"v_add_f32_e32 v0, v0, v2","",89
310546953515452,4294967295,89,"v_add_f32_e32 v0, v0, v2","",89
310546953515452,4294967295,89,"v_add_f32_e32 v0, v0, v2","",89
310546953515252,4294967295,89,"v_add_f32_e32 v0, v0, v2","",89
310546953514412,4294967295,89,"v_add_f32_e32 v0, v0, v2","",89
310546953515132,4294967295,89,"v_add_f32_e32 v0, v0, v2","",89
310546953515492,4294967295,89,"v_add_f32_e32 v0, v0, v2","",89
310546953511132,4294967295,89,"v_mad_co_u64_u32 v[0:1], null, s4, ttmp9, v[0:1]","",89
310546953511212,4294967295,89,"v_add_f32_e32 v0, v0, v2","",89
310546953515492,4294967295,89,"v_add_f32_e32 v0, v0, v2","",89
310546953516012,4294967295,89,"v_add_f32_e32 v0, v0, v2","",89
310546953516012,4294967295,89,"v_add_f32_e32 v0, v0, v2","",89
310546953516052,4294967295,89,"v_add_f32_e32 v0, v0, v2","",89
310546953516052,4294967295,89,"v_add_f32_e32 v0, v0, v2","",89
310546953515132,4294967295,89,"v_add_f32_e32 v0, v0, v2","",89
310546953515132,4294967295,89,"v_add_f32_e32 v0, v0, v2","",89
310546953515132,4294967295,89,"v_add_f32_e32 v0, v0, v2","",89
310546953515292,4294967295,89,"v_add_f32_e32 v0, v0, v2","",89
310546953511972,4294967295,89,"v_add_f32_e32 v0, v0, v2","",89
310546953516612,4294967295,89,"v_add_f32_e32 v0, v0, v2","",89
310546953516612,4294967295,89,"v_add_f32_e32 v0, v0, v2","",89
310546953516652,4294967295,89,"v_add_f32_e32 v0, v0, v2","",89
310546953512252,4294967295,89,"v_add_f32_e32 v0, v0, v2","",89
310546953514532,4294967295,89,"v_add_f32_e32 v0, v0, v2","",89
310546953514532,4294967295,89,"v_add_f32_e32 v0, v0, v2","",89
310546953515092,4294967295,89,"v_add_f32_e32 v0, v0, v2","",89
310546953515092,4294967295,89,"v_add_f32_e32 v0, v0, v2","",89
310546953515132,4294967295,89,"v_add_f32_e32 v0, v0, v2","",89
310546953517172,4294967295,89,"v_add_f32_e32 v0, v0, v2","",89
310546953517692,4294967295,89,"v_add_f32_e32 v0, v0, v2","",89
310546953517692,4294967295,89,"v_add_f32_e32 v0, v0, v2","",89
310546953517692,4294967295,89,"v_add_f32_e32 v0, v0, v2","",89
310546953516932,4294967295,89,"v_add_f32_e32 v0, v0, v2","",89
310546953515292,4294967295,89,"v_add_f32_e32 v0, v0, v2","",89
310546953516932,4294967295,89,"v_add_f32_e32 v0, v0, v2","",89
310546953516932,4294967295,89,"v_add_f32_e32 v0, v0, v2","",89
310546953515292,4294967295,89,"v_add_f32_e32 v0, v0, v2","",89
310546953516972,4294967295,89,"v_add_f32_e32 v0, v0, v2","",89
310546953517212,4294967295,89,"v_add_f32_e32 v0, v0, v2","",89
310546953517212,4294967295,89,"v_add_f32_e32 v0, v0, v2","",89
310546953517212,4294967295,89,"v_add_f32_e32 v0, v0, v2","",89
310546953520652,4294967295,89,"v_add_f32_e32 v0, v0, v2","",89
310546953520652,4294967295,89,"v_add_f32_e32 v0, v0, v2","",89
310546953520652,4294967295,89,"v_add_f32_e32 v0, v0, v2","",89
310546953521132,4294967295,89,"v_add_f32_e32 v0, v0, v2","",89
310546953521132,4294967295,89,"v_add_f32_e32 v0, v0, v2","",89
310546953521172,4294967295,89,"v_add_f32_e32 v0, v0, v2","",89
310546953521172,4294967295,89,"v_add_f32_e32 v0, v0, v2","",89
310546953520692,4294967295,89,"v_add_f32_e32 v0, v0, v2","",89
310546954504382,4294967295,91,"v_add_f32_e32 v0, v0, v2","",91
310546954504382,4294967295,91,"v_add_f32_e32 v0, v0, v2","",91
310546954504382,4294967295,91,"v_add_f32_e32 v0, v0, v2","",91
310546954504422,4294967295,91,"v_add_f32_e32 v0, v0, v2","",91
310546954505702,4294967295,91,"v_add_f32_e32 v0, v0, v2","",91
310546954505702,4294967295,91,"v_add_f32_e32 v0, v0, v2","",91
310546954505142,4294967295,91,"v_add_f32_e32 v0, v0, v2","",91
310546954505142,4294967295,91,"v_add_f32_e32 v0, v0, v2","",91
310546954505262,4294967295,91,"v_add_f32_e32 v0, v0, v2","",91
310546954505342,4294967295,91,"v_add_f32_e32 v0, v0, v2","",91
310546954505382,4294967295,91,"v_add_f32_e32 v0, v0, v2","",91
310546954505462,4294967295,91,"v_add_f32_e32 v0, v0, v2","",91
310546954505542,4294967295,91,"v_add_f32_e32 v0, v0, v2","",91
310546954505582,4294967295,91,"v_add_f32_e32 v0, v0, v2","",91
310546954506662,4294967295,91,"v_add_f32_e32 v0, v0, v2","",91
310546954506662,4294967295,91,"v_add_f32_e32 v0, v0, v2","",91
310546954506662,4294967295,91,"v_add_f32_e32 v0, v0, v2","",91
310546954506662,4294967295,91,"v_add_f32_e32 v0, v0, v2","",91
310546954507222,4294967295,91,"v_add_f32_e32 v0, v0, v2","",91
310546954507262,4294967295,91,"v_add_f32_e32 v0, v0, v2","",91
310546954506062,4294967295,91,"v_add_f32_e32 v0, v0, v2","",91
310546954507662,4294967295,91,"v_add_f32_e32 v0, v0, v2","",91
310546954507662,4294967295,91,"v_add_f32_e32 v0, v0, v2","",91
310546954507262,4294967295,91,"v_add_f32_e32 v0, v0, v2","",91
310546954507662,4294967295,91,"v_add_f32_e32 v0, v0, v2","",91
310546954508702,4294967295,91,"v_add_f32_e32 v0, v0, v2","",91
310546954508782,4294967295,91,"v_add_f32_e32 v0, v0, v2","",91
310546954509022,4294967295,91,"v_add_f32_e32 v0, v0, v2","",91
310546954506702,4294967295,91,"v_add_co_u32 v0, vcc_lo, s0, v0","",91
310546954509542,4294967295,91,"v_add_f32_e32 v0, v0, v2","",91
310546954506862,4294967295,91,"v_add_f32_e32 v0, v0, v2","",91
310546954506902,4294967295,91,"v_add_f32_e32 v0, v0, v2","",91
310546954506982,4294967295,91,"v_add_f32_e32 v0, v0, v2","",91
310546954507022,4294967295,91,"v_add_f32_e32 v0, v0, v2","",91
310546954510302,4294967295,91,"v_add_f32_e32 v0, v0, v2","",91
310546954510302,4294967295,91,"v_add_f32_e32 v0, v0, v2","",91
310546954510302,4294967295,91,"v_add_co_u32 v0, vcc_lo, s0, v0","",91
310546954510302,4294967295,91,"v_add_f32_e32 v0, v0, v2","",91
310546954509022,4294967295,91,"v_add_co_u32 v0, vcc_lo, s0, v0","",91
310546954509022,4294967295,91,"v_add_f32_e32 v0, v0, v3","",91
310546954510902,4294967295,91,"v_mad_co_u64_u32 v[0:1], null, s4, ttmp9, v[0:1]","",91
310546954510902,4294967295,91,"v_mad_co_u64_u32 v[0:1], null, s4, ttmp9, v[0:1]","",91
310546954510902,4294967295,91,"v_add_f32_e32 v0, v0, v2","",91
310546954509022,4294967295,91,"v_add_f32_e32 v0, v0, v2","",91
310546954510902,4294967295,91,"v_add_f32_e32 v0, v0, v2","",91
310546954508822,4294967295,91,"v_add_f32_e32 v0, v0, v2","",91
310546954508822,4294967295,91,"v_add_f32_e32 v0, v0, v2","",91
310546954509582,4294967295,91,"v_add_f32_e32 v0, v0, v2","",91
310546954508822,4294967295,91,"v_add_f32_e32 v0, v0, v2","",91
310546954509582,4294967295,91,"v_add_f32_e32 v0, v0, v2","",91
310546954512062,4294967295,91,"v_add_f32_e32 v0, v0, v2","",91
310546954512062,4294967295,91,"v_add_f32_e32 v0, v0, v2","",91
310546954512102,4294967295,91,"v_add_f32_e32 v0, v0, v2","",91
310546954512102,4294967295,91,"v_add_f32_e32 v0, v0, v2","",91
310546954512142,4294967295,91,"v_add_f32_e32 v0, v0, v2","",91
310546954512182,4294967295,91,"v_add_f32_e32 v0, v0, v2","",91
310546954512182,4294967295,91,"v_add_f32_e32 v0, v0, v2","",91
310546954512182,4294967295,91,"s_wait_loadcnt 0x0","",91
310546954512582,4294967295,91,"v_add_f32_e32 v0, v0, v2","",91
310546954512582,4294967295,91,"v_add_f32_e32 v0, v0, v2","",91
310546954512582,4294967295,91,"v_add_f32_e32 v0, v0, v2","",91
310546954512622,4294967295,91,"v_add_f32_e32 v0, v0, v2","",91
310546954510062,4294967295,91,"v_mov_b32_e32 v1, 0","",91
310546954510142,4294967295,91,"v_add_f32_e32 v0, v0, v2","",91
310546954510262,4294967295,91,"v_add_f32_e32 v0, v0, v2","",91
310546954515702,4294967295,91,"v_add_f32_e32 v0, v0, v2","",91
310546954515702,4294967295,91,"v_add_f32_e32 v0, v0, v2","",91
310546954515702,4294967295,91,"s_cbranch_execz 28","",91
310546954515742,4294967295,91,"v_add_f32_e32 v0, v0, v2","",91
310546954515902,4294967295,91,"v_add_f32_e32 v0, v0, v2","",91
310546954515902,4294967295,91,"v_add_f32_e32 v0, v0, v2","",91
310546954515942,4294967295,91,"v_mad_co_u64_u32 v[0:1], null, s4, ttmp9, v[0:1]","",91
310546954515942,4294967295,91,"v_add_f32_e32 v0, v0, v2","",91
310546954516182,4294967295,91,"v_add_f32_e32 v0, v0, v2","",91
310546954516262,4294967295,91,"v_add_f32_e32 v0, v0, v2","",91
310546954516302,4294967295,91,"v_add_f32_e32 v0, v0, v2","",91
310546954516382,4294967295,91,"v_add_f32_e32 v0, v0, v2","",91
310546954516222,4294967295,91,"v_add_f32_e32 v0, v0, v2","",91
310546954516262,4294967295,91,"v_add_f32_e32 v0, v0, v2","",91
310546954516262,4294967295,91,"v_add_f32_e32 v0, v0, v2","",91
310546954516182,4294967295,91,"v_add_f32_e32 v0, v0, v2","",91
310546954516262,4294967295,91,"v_add_f32_e32 v0, v0, v2","",91
310546954516222,4294967295,91,"v_add_f32_e32 v0, v0, v2","",91
310546954516222,4294967295,91,"v_add_f32_e32 v0, v0, v2","",91
310546954516222,4294967295,91,"v_add_f32_e32 v0, v0, v2","",91
310546954516542,4294967295,91,"v_add_f32_e32 v0, v0, v2","",91
310546954516542,4294967295,91,"v_add_f32_e32 v0, v0, v2","",91
310546954516542,4294967295,91,"v_add_f32_e32 v0, v0, v2","",91
310546954516542,4294967295,91,"v_add_f32_e32 v0, v0, v2","",91
310546954516542,4294967295,91,"v_add_f32_e32 v0, v0, v2","",91
310546954516542,4294967295,91,"v_add_f32_e32 v0, v0, v2","",91
310546954516582,4294967295,91,"v_add_f32_e32 v0, v0, v2","",91
310546954516822,4294967295,91,"v_add_f32_e32 v0, v0, v2","",91
310546954516822,4294967295,91,"v_add_f32_e32 v0, v0, v2","",91
310546954516942,4294967295,91,"v_add_f32_e32 v0, v0, v2","",91
310546954516942,4294967295,91,"v_add_f32_e32 v0, v0, v2","",91
310546954516742,4294967295,91,"v_add_f32_e32 v0, v0, v2","",91
310546954516782,0,91,"s_cbranch_execz 6","",91
310546954516782,4294967295,91,"v_add_f32_e32 v0, v0, v2","",91
310546954516782,4294967295,91,"v_add_f32_e32 v0, v0, v2","",91
310546954516822,4294967295,91,"v_add_f32_e32 v0, v0, v2","",91
310546954516862,4294967295,91,"v_add_f32_e32 v0, v0, v2","",91
310546954516782,4294967295,91,"v_add_f32_e32 v0, v0, v2","",91
310546954516942,4294967295,91,"v_add_f32_e32 v0, v0, v2","",91
310546954516942,4294967295,91,"v_add_f32_e32 v0, v0, v2","",91
310546954516822,4294967295,91,"v_add_f32_e32 v0, v0, v2","",91
310546954516822,4294967295,91,"v_add_f32_e32 v0, v0, v2","",91
310546954516822,4294967295,91,"v_add_f32_e32 v0, v0, v2","",91
310546954516742,4294967295,91,"v_add_f32_e32 v0, v0, v2","",91
310546954516782,4294967295,91,"v_add_f32_e32 v0, v0, v2","",91
310546954516782,4294967295,91,"v_add_f32_e32 v0, v0, v2","",91
310546954516782,4294967295,91,"v_add_f32_e32 v0, v0, v2","",91
310546954516742,4294967295,91,"v_add_f32_e32 v0, v0, v2","",91
310546954516782,4294967295,91,"v_add_f32_e32 v0, v0, v2","",91
310546954516782,4294967295,91,"v_add_f32_e32 v0, v0, v2","",91
310546954516782,4294967295,91,"v_add_f32_e32 v0, v0, v2","",91
310546954516982,4294967295,91,"v_add_f32_e32 v0, v0, v2","",91
310546954516982,4294967295,91,"v_add_f32_e32 v0, v0, v2","",91
310546954516982,4294967295,91,"v_add_f32_e32 v0, v0, v2","",91
310546954517022,4294967295,91,"v_add_f32_e32 v0, v0, v2","",91
310546954516742,4294967295,91,"v_add_f32_e32 v0, v0, v2","",91
310546954516782,4294967295,91,"v_add_f32_e32 v0, v0, v2","",91
310546954516822,4294967295,91,"v_add_f32_e32 v0, v0, v2","",91
310546954516822,4294967295,91,"v_add_f32_e32 v0, v0, v2","",91
310546955514751,0,94,"s_endpgm","",94
310546955514791,4294967295,94,"v_add_f32_e32 v0, v0, v2","",94
310546955514791,4294967295,94,"v_add_f32_e32 v0, v0, v2","",94
310546955514791,4294967295,94,"v_add_f32_e32 v0, v0, v2","",94
310546955515831,0,94,"s_cbranch_execz 6","",94
310546955515871,4294967295,94,"v_add_f32_e32 v0, v0, v2","",94
310546955515991,4294967295,94,"v_add_co_u32 v0, vcc_lo, s0, v0","",94
310546955515991,4294967295,94,"v_add_co_u32 v0, vcc_lo, s0, v0","",94
310546955516031,4294967295,94,"v_add_co_u32 v0, vcc_lo, s0, v0","",94
310546955516751,4294967295,94,"s_wait_kmcnt 0x0","",94
310546955516751,4294967295,94,"v_mov_b32_e32 v1, 0","",94
310546955516751,4294967295,94,"v_add_f32_e32 v0, v0, v2","",94
310546955516791,4294967295,94,"v_add_f32_e32 v0, v0, v2","",94
310546955519031,4294967295,94,"v_add_f32_e32 v0, v0, v2","",94
310546955518991,4294967295,94,"v_add_f32_e32 v0, v0, v2","",94
310546955518991,4294967295,94,"v_add_f32_e32 v0, v0, v2","",94
310546955518991,4294967295,94,"v_add_f32_e32 v0, v0, v2","",94
310546955518831,4294967295,94,"v_add_f32_e32 v0, v0, v2","",94
310546955519071,4294967295,94,"v_add_f32_e32 v0, v0, v2","",94
310546955519071,4294967295,94,"v_add_f32_e32 v0, v0, v2","",94
310546955519111,4294967295,94,"v_add_f32_e32 v0, v0, v2","",94
310546955519111,4294967295,94,"v_add_f32_e32 v0, v0, v2","",94
310546955520311,4294967295,94,"v_add_f32_e32 v0, v0, v2","",94
310546955520311,4294967295,94,"v_add_f32_e32 v0, v0, v2","",94
310546955520351,4294967295,94,"v_add_f32_e32 v0, v0, v2","",94
310546955520351,4294967295,94,"v_add_f32_e32 v0, v0, v2","",94
310546955519631,4294967295,94,"v_add_f32_e32 v0, v0, v2","",94
310546955519631,4294967295,94,"v_add_f32_e32 v0, v0, v2","",94
310546955519671,4294967295,94,"v_add_f32_e32 v0, v0, v2","",94
310546955519671,4294967295,94,"v_add_f32_e32 v0, v0, v2","",94
310546955520751,4294967295,94,"v_add_f32_e32 v0, v0, v2","",94
310546955520791,4294967295,94,"v_add_f32_e32 v0, v0, v2","",94
310546955520791,4294967295,94,"v_add_f32_e32 v0, v0, v2","",94
310546955520791,4294967295,94,"v_add_f32_e32 v0, v0, v2","",94
310546955520751,4294967295,94,"v_add_f32_e32 v0, v0, v2","",94
310546955520791,4294967295,94,"v_add_f32_e32 v0, v0, v2","",94
310546955520791,4294967295,94,"v_add_f32_e32 v0, v0, v2","",94
310546955520791,4294967295,94,"v_add_f32_e32 v0, v0, v2","",94
310546955520751,4294967295,94,"v_add_f32_e32 v0, v0, v2","",94
310546955520871,4294967295,94,"v_add_f32_e32 v0, v0, v2","",94
310546955520791,4294967295,94,"v_add_f32_e32 v0, v0, v2","",94
310546955520791,4294967295,94,"v_add_f32_e32 v0, v0, v2","",94
310546955520791,4294967295,94,"v_add_f32_e32 v0, v0, v2","",94
310546955520791,4294967295,94,"v_add_f32_e32 v0, v0, v2","",94
310546955520791,4294967295,94,"v_add_f32_e32 v0, v0, v2","",94
310546955521231,4294967295,94,"v_add_f32_e32 v0, v0, v2","",94
310546955521271,4294967295,94,"v_add_f32_e32 v0, v0, v2","",94
310546955521271,4294967295,94,"v_add_f32_e32 v0, v0, v2","",94
310546955521271,4294967295,94,"v_add_f32_e32 v0, v0, v2","",94
310546955520871,4294967295,94,"v_add_f32_e32 v0, v0, v2","",94
310546955520871,4294967295,94,"v_add_f32_e32 v0, v0, v2","",94
310546955520871,4294967295,94,"v_add_f32_e32 v0, v0, v2","",94
310546955520791,0,94,"s_endpgm","",94
310546955520791,4294967295,94,"v_add_f32_e32 v0, v0, v2","",94
310546955521431,4294967295,94,"v_add_f32_e32 v0, v0, v2","",94
310546955520791,4294967295,94,"v_add_f32_e32 v0, v0, v2","",94
310546955522191,4294967295,94,"v_add_f32_e32 v0, v0, v2","",94
310546955522191,4294967295,94,"v_add_f32_e32 v0, v0, v2","",94
310546955522191,4294967295,94,"v_add_f32_e32 v0, v0, v2","",94
310546955522231,4294967295,94,"v_add_f32_e32 v0, v0, v2","",94
310546955520831,4294967295,94,"v_add_f32_e32 v0, v0, v2","",94
310546955520831,4294967295,94,"v_add_f32_e32 v0, v0, v2","",94
310546955521711,4294967295,94,"s_wait_loadcnt 0x0","",94
310546955521711,4294967295,94,"s_wait_loadcnt 0x0","",94
310546955521711,4294967295,94,"s_wait_loadcnt 0x0","",94
310546955522351,4294967295,94,"v_add_f32_e32 v0, v0, v2","",94
310546955520831,4294967295,94,"v_add_f32_e32 v0, v0, v2","",94
310546955522791,4294967295,94,"v_add_f32_e32 v0, v0, v2","",94
310546955522831,4294967295,94,"v_add_f32_e32 v0, v0, v2","",94
310546955522831,4294967295,94,"v_add_f32_e32 v0, v0, v2","",94
310546955522831,4294967295,94,"v_add_f32_e32 v0, v0, v2","",94
310546955522831,4294967295,94,"v_add_f32_e32 v0, v0, v2","",94
310546955522791,4294967295,94,"v_add_f32_e32 v0, v0, v2","",94
310546955522791,4294967295,94,"v_add_f32_e32 v0, v0, v2","",94
310546955522831,4294967295,94,"v_add_f32_e32 v0, v0, v2","",94
310546955522871,4294967295,94,"v_add_f32_e32 v0, v0, v2","",94
310546955522871,4294967295,94,"v_add_f32_e32 v0, v0, v2","",94
310546955522871,4294967295,94,"v_add_co_u32 v0, vcc_lo, s0, v0","",94
310546955522871,4294967295,94,"v_add_co_u32 v0, vcc_lo, s0, v0","",94
310546955522871,4294967295,94,"v_add_f32_e32 v0, v0, v2","",94
310546955521431,4294967295,94,"v_add_f32_e32 v0, v0, v2","",94
310546955522351,4294967295,94,"v_add_f32_e32 v0, v0, v2","",94
310546955522791,4294967295,94,"v_add_f32_e32 v0, v0, v2","",94
310546955522831,4294967295,94,"v_add_f32_e32 v0, v0, v2","",94
310546955522831,4294967295,94,"v_add_co_u32 v0, vcc_lo, s0, v0","",94
310546955522831,4294967295,94,"v_add_f32_e32 v0, v0, v2","",94
310546955524111,4294967295,94,"v_add_f32_e32 v0, v0, v2","",94
310546955524111,4294967295,94,"v_add_f32_e32 v0, v0, v2","",94
310546955522831,4294967295,94,"v_add_f32_e32 v0, v0, v2","",94
310546955522831,4294967295,94,"v_add_f32_e32 v0, v0, v2","",94
310546955522831,4294967295,94,"v_add_f32_e32 v0, v0, v2","",94
310546955521471,4294967295,94,"v_add_f32_e32 v0, v0, v2","",94
310546955522351,4294967295,94,"s_and_b32 exec_lo, exec_lo, vcc_lo","",94
310546955522391,4294967295,94,"v_add_f32_e32 v0, v0, v2","",94
310546955521471,4294967295,94,"v_add_f32_e32 v0, v0, v2","",94
310546955524071,4294967295,94,"v_add_f32_e32 v0, v0, v2","",94
310546955524071,4294967295,94,"v_add_f32_e32 v0, v0, v2","",94
310546955524071,4294967295,94,"v_add_f32_e32 v0, v0, v2","",94
310546955524111,4294967295,94,"v_add_f32_e32 v0, v0, v2","",94
310546955524151,4294967295,94,"v_add_f32_e32 v0, v0, v2","",94
310546955524151,4294967295,94,"v_add_f32_e32 v0, v0, v2","",94
310546955524151,4294967295,94,"v_add_f32_e32 v0, v0, v2","",94
310546955524151,4294967295,94,"v_add_f32_e32 v0, v0, v2","",94
310546955528751,4294967295,94,"v_add_f32_e32 v0, v0, v2","",94
310546956517160,4294967295,96,"v_add_f32_e32 v0, v0, v2","",96
310546956517200,4294967295,96,"v_add_f32_e32 v0, v0, v2","",96
310546956517200,4294967295,96,"v_add_f32_e32 v0, v0, v2","",96
310546956517200,4294967295,96,"v_add_f32_e32 v0, v0, v2","",96
310546956517200,4294967295,96,"v_add_f32_e32 v0, v0, v2","",96
310546956517440,4294967295,96,"v_add_f32_e32 v0, v0, v2","",96
310546956517480,4294967295,96,"v_add_f32_e32 v0, v0, v2","",96
310546956517480,4294967295,96,"v_add_f32_e32 v0, v0, v2","",96
310546956517480,4294967295,96,"v_add_f32_e32 v0, v0, v2","",96
310546956518520,4294967295,96,"v_add_f32_e32 v0, v0, v2","",96
310546956518760,4294967295,96,"v_add_f32_e32 v0, v0, v2","",96
310546956518760,4294967295,96,"v_add_f32_e32 v0, v0, v2","",96
310546956518760,4294967295,96,"v_add_f32_e32 v0, v0, v2","",96
310546956517240,4294967295,96,"v_add_f32_e32 v0, v0, v2","",96
310546956517240,4294967295,96,"v_add_f32_e32 v0, v0, v2","",96
310546956517240,4294967295,96,"v_add_f32_e32 v0, v0, v2","",96
310546956518520,4294967295,96,"v_add_f32_e32 v0, v0, v2","",96
310546956522240,4294967295,96,"v_add_f32_e32 v0, v0, v2","",96
310546956522240,4294967295,96,"v_add_f32_e32 v0, v0, v2","",96
310546956518560,4294967295,96,"v_add_f32_e32 v0, v0, v2","",96
310546956522680,4294967295,96,"v_add_f32_e32 v0, v0, v2","",96
310546956518560,4294967295,96,"v_add_f32_e32 v0, v0, v2","",96
310546956522680,4294967295,96,"v_add_f32_e32 v0, v0, v2","",96
310546956522680,4294967295,96,"v_add_f32_e32 v0, v0, v2","",96
310546956522720,4294967295,96,"v_add_f32_e32 v0, v0, v2","",96
310546956522720,4294967295,96,"v_add_f32_e32 v0, v0, v2","",96
310546956522720,4294967295,96,"v_add_f32_e32 v0, v0, v2","",96
310546956524160,4294967295,96,"v_add_f32_e32 v0, v0, v2","",96
310546956524200,4294967295,96,"v_add_f32_e32 v0, v0, v2","",96
310546956523480,4294967295,96,"v_add_f32_e32 v0, v0, v2","",96
310546956522240,4294967295,96,"v_add_f32_e32 v0, v0, v2","",96
310546956522280,4294967295,96,"v_add_f32_e32 v0, v0, v2","",96
310546956524200,4294967295,96,"v_add_f32_e32 v0, v0, v2","",96
310546956522280,4294967295,96,"v_add_f32_e32 v0, v0, v2","",96
310546956525160,4294967295,96,"v_add_f32_e32 v0, v0, v2","",96
310546956525160,4294967295,96,"v_add_f32_e32 v0, v0, v2","",96
310546956524720,4294967295,96,"v_add_f32_e32 v0, v0, v2","",96
310546956524720,4294967295,96,"v_add_f32_e32 v0, v0, v2","",96
310546956524720,4294967295,96,"v_add_f32_e32 v0, v0, v2","",96
310546956524480,4294967295,96,"v_add_f32_e32 v0, v0, v2","",96
310546956524480,4294967295,96,"v_add_f32_e32 v0, v0, v2","",96
310546956524520,4294967295,96,"v_add_f32_e32 v0, v0, v2","",96
310546956524520,4294967295,96,"v_add_f32_e32 v0, v0, v2","",96
310546956522720,4294967295,96,"v_add_f32_e32 v0, v0, v2","",96
310546956525160,4294967295,96,"v_add_f32_e32 v0, v0, v2","",96
310546956525160,4294967295,96,"v_add_f32_e32 v0, v0, v2","",96
310546956525200,4294967295,96,"v_add_f32_e32 v0, v0, v2","",96
310546956522720,4294967295,96,"v_add_f32_e32 v0, v0, v2","",96
310546956525200,4294967295,96,"v_add_f32_e32 v0, v0, v2","",96
310546956524720,4294967295,96,"v_add_f32_e32 v0, v0, v2","",96
310546956524720,4294967295,96,"v_add_f32_e32 v0, v0, v2","",96
310546956524720,4294967295,96,"v_add_f32_e32 v0, v0, v2","",96
310546956525360,4294967295,96,"v_add_f32_e32 v0, v0, v2","",96
310546956525360,4294967295,96,"v_add_f32_e32 v0, v0, v2","",96
310546956525360,4294967295,96,"v_add_f32_e32 v0, v0, v2","",96
310546956525160,4294967295,96,"v_add_f32_e32 v0, v0, v2","",96
310546956525200,4294967295,96,"v_add_f32_e32 v0, v0, v2","",96
310546956525720,4294967295,96,"v_add_f32_e32 v0, v0, v2","",96
310546956525880,4294967295,96,"v_add_f32_e32 v0, v0, v2","",96
310546956525920,4294967295,96,"v_add_f32_e32 v0, v0, v2","",96
310546956525920,4294967295,96,"v_add_f32_e32 v0, v0, v2","",96
310546956525920,4294967295,96,"v_add_f32_e32 v0, v0, v2","",96
310546956526080,4294967295,96,"v_add_f32_e32 v0, v0, v2","",96
310546956526120,4294967295,96,"v_add_f32_e32 v0, v0, v2","",96
310546956526080,4294967295,96,"v_add_f32_e32 v0, v0, v2","",96
310546956525880,4294967295,96,"v_add_f32_e32 v0, v0, v2","",96
310546956526120,4294967295,96,"v_add_f32_e32 v0, v0, v2","",96
310546956525200,4294967295,96,"v_add_f32_e32 v0, v0, v2","",96
310546956523520,4294967295,96,"v_add_f32_e32 v0, v0, v2","",96
310546956523520,4294967295,96,"v_add_f32_e32 v0, v0, v2","",96
310546956523520,4294967295,96,"v_add_f32_e32 v0, v0, v2","",96
310546956526080,4294967295,96,"v_add_f32_e32 v0, v0, v2","",96
310546956525200,4294967295,96,"v_add_f32_e32 v0, v0, v2","",96
310546956525200,4294967295,96,"v_add_f32_e32 v0, v0, v2","",96
310546956525240,4294967295,96,"v_add_f32_e32 v0, v0, v2","",96
310546956525760,4294967295,96,"v_add_f32_e32 v0, v0, v2","",96
310546956526520,4294967295,96,"v_add_f32_e32 v0, v0, v2","",96
310546956522240,4294967295,96,"v_add_f32_e32 v0, v0, v2","",96
310546956522240,4294967295,96,"v_add_f32_e32 v0, v0, v2","",96
310546956522280,4294967295,96,"v_add_f32_e32 v0, v0, v2","",96
310546956526560,4294967295,96,"v_add_f32_e32 v0, v0, v2","",96
310546956526560,4294967295,96,"v_add_f32_e32 v0, v0, v2","",96
310546956526600,4294967295,96,"v_add_f32_e32 v0, v0, v2","",96
310546956526600,4294967295,96,"v_add_f32_e32 v0, v0, v2","",96
310546956526560,4294967295,96,"v_add_f32_e32 v0, v0, v2","",96
310546956526560,4294967295,96,"v_add_f32_e32 v0, v0, v2","",96
310546956526560,4294967295,96,"v_add_f32_e32 v0, v0, v2","",96
310546956526600,4294967295,96,"v_add_f32_e32 v0, v0, v2","",96
310546956526120,4294967295,96,"v_add_f32_e32 v0, v0, v2","",96
310546956526560,4294967295,96,"v_add_f32_e32 v0, v0, v2","",96
310546956526120,4294967295,96,"v_add_f32_e32 v0, v0, v2","",96
310546956526560,4294967295,96,"v_add_f32_e32 v0, v0, v2","",96
310546956526560,4294967295,96,"v_add_f32_e32 v0, v0, v2","",96
310546956526560,4294967295,96,"v_add_f32_e32 v0, v0, v2","",96
310546956525880,4294967295,96,"v_add_f32_e32 v0, v0, v2","",96
310546956525920,4294967295,96,"v_add_f32_e32 v0, v0, v2","",96
310546956525920,4294967295,96,"v_add_f32_e32 v0, v0, v2","",96
310546956526680,4294967295,96,"v_add_f32_e32 v0, v0, v2","",96
310546956526680,4294967295,96,"v_add_f32_e32 v0, v0, v2","",96
310546956526720,4294967295,96,"s_wait_loadcnt 0x0","",96
310546956525760,4294967295,96,"v_add_f32_e32 v0, v0, v2","",96
310546956525760,4294967295,96,"v_add_f32_e32 v0, v0, v2","",96
310546956527000,4294967295,96,"v_add_f32_e32 v0, v0, v2","",96
310546956527000,4294967295,96,"v_add_f32_e32 v0, v0, v2","",96
310546956527000,4294967295,96,"v_add_f32_e32 v0, v0, v2","",96
310546956527040,4294967295,96,"v_add_f32_e32 v0, v0, v2","",96
310546956526560,4294967295,96,"v_add_f32_e32 v0, v0, v2","",96
310546956526560,4294967295,96,"v_add_f32_e32 v0, v0, v2","",96
310546956526960,4294967295,96,"v_add_f32_e32 v0, v0, v2","",96
310546956527600,4294967295,96,"v_add_f32_e32 v0, v0, v2","",96
310546956527640,4294967295,96,"v_add_f32_e32 v0, v0, v2","",96
310546956527640,4294967295,96,"v_add_f32_e32 v0, v0, v2","",96
310546956527640,4294967295,96,"v_add_f32_e32 v0, v0, v2","",96
310546956527000,4294967295,96,"v_add_f32_e32 v0, v0, v2","",96
310546956527000,4294967295,96,"v_add_f32_e32 v0, v0, v2","",96
310546956527000,4294967295,96,"v_add_f32_e32 v0, v0, v1","",96
310546956529480,4294967295,96,"v_add_f32_e32 v0, v0, v2","",96
310546956529480,4294967295,96,"v_add_f32_e32 v0, v0, v2","",96
310546956529520,4294967295,96,"v_add_f32_e32 v0, v0, v2","",96
310546957522610,4294967295,98,"v_add_f32_e32 v0, v0, v2","",98
310546957522570,4294967295,98,"v_add_f32_e32 v0, v0, v2","",98
310546957522610,4294967295,98,"v_add_f32_e32 v0, v0, v2","",98
310546957522610,4294967295,98,"v_add_f32_e32 v0, v0, v2","",98
310546957523530,4294967295,98,"v_add_f32_e32 v0, v0, v2","",98
310546957523530,4294967295,98,"v_add_f32_e32 v0, v0, v2","",98
310546957523570,4294967295,98,"v_add_f32_e32 v0, v0, v2","",98
310546957523570,4294967295,98,"v_add_f32_e32 v0, v0, v2","",98
310546957523810,4294967295,98,"v_add_f32_e32 v0, v0, v2","",98
310546957525010,0,98,"s_endpgm","",98
310546957525010,4294967295,98,"v_add_f32_e32 v0, v0, v2","",98
310546957525010,4294967295,98,"v_add_f32_e32 v0, v0, v2","",98
310546957525010,4294967295,98,"v_add_f32_e32 v0, v0, v2","",98
310546957525450,4294967295,98,"s_load_b128 s[0:3], s[0:1], 0x0","",98
310546957525490,4294967295,98,"s_cbranch_execz 28","",98
310546957525490,4294967295,98,"v_add_f32_e32 v0, v0, v2","",98
310546957525490,4294967295,98,"v_add_f32_e32 v0, v0, v2","",98
310546957523810,4294967295,98,"v_add_f32_e32 v0, v0, v2","",98
310546957527050,4294967295,98,"v_add_f32_e32 v0, v0, v2","",98
310546957527050,4294967295,98,"v_add_f32_e32 v0, v0, v2","",98
310546957527050,4294967295,98,"v_add_f32_e32 v0, v0, v2","",98
310546957523850,4294967295,98,"v_add_f32_e32 v0, v0, v2","",98
310546957527050,4294967295,98,"v_add_f32_e32 v0, v0, v2","",98
310546957527890,4294967295,98,"v_add_f32_e32 v0, v0, v2","",98
310546957529170,4294967295,98,"v_add_f32_e32 v0, v0, v2","",98
310546957527890,4294967295,98,"v_add_f32_e32 v0, v0, v2","",98
310546957527890,4294967295,98,"v_add_f32_e32 v0, v0, v2","",98
310546957527890,4294967295,98,"v_add_f32_e32 v0, v0, v2","",98
310546957529130,4294967295,98,"v_add_f32_e32 v0, v0, v2","",98
310546957529170,4294967295,98,"v_add_f32_e32 v0, v0, v2","",98
310546957529210,4294967295,98,"v_add_f32_e32 v0, v0, v2","",98
310546957529170,4294967295,98,"v_add_f32_e32 v0, v0, v2","",98
310546957529170,4294967295,98,"v_add_f32_e32 v0, v0, v2","",98
310546957529130,4294967295,98,"v_add_f32_e32 v0, v0, v2","",98
310546957529170,4294967295,98,"v_add_f32_e32 v0, v0, v2","",98
310546957529170,4294967295,98,"v_add_f32_e32 v0, v0, v2","",98
310546957529170,4294967295,98,"v_add_f32_e32 v0, v0, v2","",98
310546957529130,4294967295,98,"v_add_f32_e32 v0, v0, v2","",98
310546957529170,4294967295,98,"v_add_f32_e32 v0, v0, v2","",98
310546957529170,4294967295,98,"v_add_f32_e32 v0, v0, v2","",98
310546957529170,4294967295,98,"v_add_f32_e32 v0, v0, v2","",98
310546957529130,4294967295,98,"v_add_f32_e32 v0, v0, v2","",98
310546957529170,4294967295,98,"v_add_f32_e32 v0, v0, v2","",98
310546957529250,4294967295,98,"v_add_f32_e32 v0, v0, v2","",98
310546957529250,4294967295,98,"v_add_f32_e32 v0, v0, v2","",98
310546957529290,4294967295,98,"v_add_f32_e32 v0, v0, v2","",98
310546957529330,4294967295,98,"v_add_f32_e32 v0, v0, v2","",98
310546957529210,4294967295,98,"v_add_f32_e32 v0, v0, v2","",98
310546957529210,4294967295,98,"v_add_f32_e32 v0, v0, v2","",98
310546957529170,4294967295,98,"v_add_f32_e32 v0, v0, v2","",98
310546957529530,4294967295,98,"v_add_f32_e32 v0, v0, v2","",98
310546957529210,4294967295,98,"v_add_f32_e32 v0, v0, v2","",98
310546957529170,4294967295,98,"v_add_f32_e32 v0, v0, v2","",98
310546957529170,4294967295,98,"v_add_f32_e32 v0, v0, v2","",98
310546957529170,4294967295,98,"v_add_f32_e32 v0, v0, v2","",98
310546957529170,4294967295,98,"v_add_f32_e32 v0, v0, v2","",98
310546957529170,4294967295,98,"v_add_f32_e32 v0, v0, v2","",98
310546957529530,4294967295,98,"v_add_f32_e32 v0, v0, v2","",98
310546957529170,4294967295,98,"v_add_f32_e32 v0, v0, v2","",98
310546957529530,4294967295,98,"v_add_f32_e32 v0, v0, v2","",98
310546957529170,4294967295,98,"v_add_f32_e32 v0, v0, v2","",98
310546957529530,4294967295,98,"v_add_f32_e32 v0, v0, v2","",98
310546957529210,4294967295,98,"v_add_f32_e32 v0, v0, v2","",98
310546957529130,4294967295,98,"v_add_f32_e32 v0, v0, v2","",98
310546957529170,4294967295,98,"v_add_f32_e32 v0, v0, v2","",98
310546957529730,4294967295,98,"v_add_f32_e32 v0, v0, v2","",98
310546957529730,4294967295,98,"v_add_f32_e32 v0, v0, v2","",98
310546957529730,4294967295,98,"v_add_f32_e32 v0, v0, v2","",98
310546957529730,4294967295,98,"v_add_f32_e32 v0, v0, v2","",98
310546957529530,4294967295,98,"v_add_f32_e32 v0, v0, v2","",98
310546957529570,4294967295,98,"v_add_f32_e32 v0, v0, v2","",98
310546957529210,4294967295,98,"v_add_f32_e32 v0, v0, v2","",98
310546957529210,4294967295,98,"v_add_f32_e32 v0, v0, v2","",98
310546957529690,4294967295,98,"v_add_f32_e32 v0, v0, v2","",98
310546957529770,4294967295,98,"v_add_f32_e32 v0, v0, v2","",98
310546957529770,4294967295,98,"v_add_f32_e32 v0, v0, v2","",98
310546957529770,4294967295,98,"v_add_f32_e32 v0, v0, v2","",98
310546957529810,4294967295,98,"v_add_f32_e32 v0, v0, v2","",98
310546957529690,4294967295,98,"v_add_f32_e32 v0, v0, v2","",98
310546957529690,4294967295,98,"v_add_f32_e32 v0, v0, v2","",98
310546957530410,4294967295,98,"v_add_f32_e32 v0, v0, v2","",98
310546957530410,4294967295,98,"v_add_f32_e32 v0, v0, v2","",98
310546957530410,4294967295,98,"v_add_f32_e32 v0, v0, v2","",98
310546957530330,4294967295,98,"v_add_f32_e32 v0, v0, v2","",98
310546957530330,4294967295,98,"v_add_f32_e32 v0, v0, v2","",98
310546957530370,4294967295,98,"v_add_f32_e32 v0, v0, v2","",98
310546957530370,4294967295,98,"v_add_f32_e32 v0, v0, v2","",98
310546957530410,4294967295,98,"v_add_f32_e32 v0, v0, v2","",98
310546957530490,4294967295,98,"v_add_f32_e32 v0, v0, v2","",98
310546957530530,4294967295,98,"v_add_f32_e32 v0, v0, v2","",98
310546957529170,4294967295,98,"v_add_f32_e32 v0, v0, v2","",98
310546957529170,4294967295,98,"v_add_f32_e32 v0, v0, v2","",98
310546957530410,4294967295,98,"v_add_f32_e32 v0, v0, v2","",98
310546957530450,4294967295,98,"v_add_f32_e32 v0, v0, v2","",98
310546957530450,4294967295,98,"v_add_f32_e32 v0, v0, v2","",98
310546957530450,4294967295,98,"v_add_f32_e32 v0, v0, v2","",98
310546957530410,4294967295,98,"v_add_f32_e32 v0, v0, v2","",98
310546957530410,4294967295,98,"v_add_f32_e32 v0, v0, v2","",98
310546957530450,4294967295,98,"v_add_f32_e32 v0, v0, v2","",98
310546957530490,4294967295,98,"v_add_f32_e32 v0, v0, v2","",98
310546957530450,4294967295,98,"v_add_f32_e32 v0, v0, v2","",98
310546957530450,4294967295,98,"v_add_f32_e32 v0, v0, v2","",98
310546957530450,4294967295,98,"v_add_f32_e32 v0, v0, v2","",98
310546957529210,4294967295,98,"v_add_f32_e32 v0, v0, v2","",98
310546957529210,4294967295,98,"v_add_f32_e32 v0, v0, v2","",98
310546957531170,4294967295,98,"v_add_f32_e32 v0, v0, v2","",98
310546957531210,4294967295,98,"v_add_f32_e32 v0, v0, v2","",98
310546957529530,4294967295,98,"v_add_f32_e32 v0, v0, v2","",98
310546957531210,4294967295,98,"v_add_f32_e32 v0, v0, v2","",98
310546957531730,4294967295,98,"v_add_f32_e32 v0, v0, v2","",98
310546957531730,4294967295,98,"v_add_f32_e32 v0, v0, v2","",98
310546957531730,4294967295,98,"v_add_f32_e32 v0, v0, v2","",98
310546957529570,4294967295,98,"v_add_f32_e32 v0, v0, v2","",98
310546957531210,4294967295,98,"v_add_f32_e32 v0, v0, v2","",98
310546957531770,4294967295,98,"v_add_f32_e32 v0, v0, v2","",98
310546957529170,4294967295,98,"v_add_f32_e32 v0, v0, v2","",98
310546957529170,4294967295,98,"v_add_f32_e32 v0, v0, v2","",98
310546957529170,0,98,"s_endpgm","",98
310546957529210,4294967295,98,"v_add_f32_e32 v0, v0, v2","",98
310546957531970,4294967295,98,"v_add_f32_e32 v0, v0, v2","",98
310546957531970,4294967295,98,"v_add_f32_e32 v0, v0, v2","",98
310546957532010,4294967295,98,"v_add_f32_e32 v0, v0, v2","",98
310546957532010,4294967295,98,"v_add_f32_e32 v0, v0, v2","",98
310546958533499,0,100,"s_cbranch_execz 6","",100
310546958533539,4294967295,100,"v_add_f32_e32 v0, v0, v2","",100
310546958533499,4294967295,100,"v_add_f32_e32 v0, v0, v2","",100
310546958534059,4294967295,100,"v_add_f32_e32 v0, v0, v2","",100
310546958534099,4294967295,100,"v_add_f32_e32 v0, v0, v2","",100
310546958534099,4294967295,100,"v_add_f32_e32 v0, v0, v2","",100
310546958534099,4294967295,100,"v_add_f32_e32 v0, v0, v2","",100
310546958535579,4294967295,100,"v_lshlrev_b64_e32 v[0:1], 4, v[0:1]","",100
310546958535579,4294967295,100,"v_add_f32_e32 v0, v0, v2","",100
310546958535619,4294967295,100,"v_add_f32_e32 v0, v0, v2","",100
310546958535619,4294967295,100,"v_add_f32_e32 v0, v0, v2","",100
310546958535579,4294967295,100,"v_add_f32_e32 v0, v0, v2","",100
310546958535579,4294967295,100,"v_add_f32_e32 v0, v0, v2","",100
310546958535579,4294967295,100,"v_add_f32_e32 v0, v0, v2","",100
310546958535619,4294967295,100,"v_add_f32_e32 v0, v0, v2","",100
310546958535619,4294967295,100,"v_add_f32_e32 v0, v0, v2","",100
310546958535659,4294967295,100,"v_add_f32_e32 v0, v0, v2","",100
310546958535659,4294967295,100,"v_add_f32_e32 v0, v0, v2","",100
310546958536099,4294967295,100,"v_add_f32_e32 v0, v0, v2","",100
310546958536139,4294967295,100,"v_add_f32_e32 v0, v0, v2","",100
310546958536139,4294967295,100,"v_add_f32_e32 v0, v0, v2","",100
310546958536139,4294967295,100,"v_add_f32_e32 v0, v0, v2","",100
310546958536099,4294967295,100,"v_add_f32_e32 v0, v0, v2","",100
310546958536139,4294967295,100,"v_add_f32_e32 v0, v0, v2","",100
310546958536099,4294967295,100,"v_add_f32_e32 v0, v0, v2","",100
310546958536099,4294967295,100,"v_add_f32_e32 v0, v0, v2","",100
310546958536659,4294967295,100,"v_add_f32_e32 v0, v0, v2","",100
310546958536739,4294967295,100,"v_add_f32_e32 v0, v0, v2","",100
310546958536699,4294967295,100,"v_add_f32_e32 v0, v0, v2","",100
310546958536699,4294967295,100,"v_add_f32_e32 v0, v0, v2","",100
310546958536659,4294967295,100,"v_add_f32_e32 v0, v0, v2","",100
310546958536659,4294967295,100,"v_add_f32_e32 v0, v0, v2","",100
310546958536699,4294967295,100,"v_add_f32_e32 v0, v0, v2","",100
310546958536699,4294967295,100,"v_add_f32_e32 v0, v0, v2","",100
310546958536659,4294967295,100,"v_add_f32_e32 v0, v0, v2","",100
310546958536659,4294967295,100,"v_add_f32_e32 v0, v0, v2","",100
310546958536699,4294967295,100,"v_add_f32_e32 v0, v0, v2","",100
310546958536659,4294967295,100,"v_add_f32_e32 v0, v0, v2","",100
310546958536699,4294967295,100,"v_add_f32_e32 v0, v0, v2","",100
310546958536699,4294967295,100,"v_add_f32_e32 v0, v0, v2","",100
310546958536739,4294967295,100,"v_add_f32_e32 v0, v0, v2","",100
310546958536659,4294967295,100,"v_add_f32_e32 v0, v0, v2","",100
310546958536659,4294967295,100,"v_add_f32_e32 v0, v0, v2","",100
310546958536659,4294967295,100,"v_add_f32_e32 v0, v0, v2","",100
310546958536699,4294967295,100,"v_add_f32_e32 v0, v0, v2","",100
310546958537259,4294967295,100,"v_add_f32_e32 v0, v0, v2","",100
310546958536659,4294967295,100,"v_add_f32_e32 v0, v0, v2","",100
310546958536659,4294967295,100,"v_add_f32_e32 v0, v0, v2","",100
310546958536699,4294967295,100,"v_add_f32_e32 v0, v0, v2","",100
310546958536699,4294967295,100,"v_add_f32_e32 v0, v0, v2","",100
310546958537259,4294967295,100,"v_add_f32_e32 v0, v0, v2","",100
310546958537259,4294967295,100,"v_add_f32_e32 v0, v0, v2","",100
310546958537259,4294967295,100,"v_add_f32_e32 v0, v0, v2","",100
310546958537259,4294967295,100,"v_add_f32_e32 v0, v0, v2","",100
310546958537259,4294967295,100,"v_add_f32_e32 v0, v0, v2","",100
310546958537299,4294967295,100,"v_add_f32_e32 v0, v0, v2","",100
310546958537659,4294967295,100,"v_add_f32_e32 v0, v0, v2","",100
310546958537659,4294967295,100,"v_add_f32_e32 v0, v0, v2","",100
310546958537699,4294967295,100,"v_add_f32_e32 v0, v0, v2","",100
310546958537699,4294967295,100,"v_add_f32_e32 v0, v0, v2","",100
310546958537659,4294967295,100,"v_add_f32_e32 v0, v0, v2","",100
310546958537659,4294967295,100,"v_add_f32_e32 v0, v0, v2","",100
310546958537659,4294967295,100,"v_add_f32_e32 v0, v0, v2","",100
310546958537699,4294967295,100,"v_add_f32_e32 v0, v0, v2","",100
310546958538459,4294967295,100,"v_add_f32_e32 v0, v0, v2","",100
310546958538459,4294967295,100,"v_add_f32_e32 v0, v0, v2","",100
310546958538499,4294967295,100,"v_add_f32_e32 v0, v0, v2","",100
310546958538499,4294967295,100,"v_add_f32_e32 v0, v0, v2","",100
310546958537859,4294967295,100,"v_add_f32_e32 v0, v0, v2","",100
310546958537859,4294967295,100,"v_add_f32_e32 v0, v0, v2","",100
310546958537859,4294967295,100,"v_add_f32_e32 v0, v0, v2","",100
310546958537859,4294967295,100,"v_add_f32_e32 v0, v0, v2","",100
310546958538779,4294967295,100,"s_load_b128 s[0:3], s[0:1], 0x0","",100
310546958538779,4294967295,100,"v_add_f32_e32 v0, v0, v2","",100
310546958538819,4294967295,100,"v_add_f32_e32 v0, v0, v2","",100
310546958538819,4294967295,100,"v_add_f32_e32 v0, v0, v2","",100
310546958540419,4294967295,100,"v_add_f32_e32 v0, v0, v2","",100
310546958540459,4294967295,100,"v_add_f32_e32 v0, v0, v2","",100
310546958540459,4294967295,100,"v_add_f32_e32 v0, v0, v2","",100
310546958540459,4294967295,100,"v_add_f32_e32 v0, v0, v2","",100
310546958540459,4294967295,100,"v_add_f32_e32 v0, v0, v2","",100
310546958540459,4294967295,100,"v_add_f32_e32 v0, v0, v2","",100
310546958540459,4294967295,100,"v_add_f32_e32 v0, v0, v2","",100
310546958540619,4294967295,100,"v_add_f32_e32 v0, v0, v2","",100
310546958540619,4294967295,100,"v_add_f32_e32 v0, v0, v2","",100
310546958540659,4294967295,100,"v_add_f32_e32 v0, v0, v2","",100
310546958540659,4294967295,100,"v_add_f32_e32 v0, v0, v2","",100
310546958541659,4294967295,100,"v_add_f32_e32 v0, v0, v2","",100
310546958541659,4294967295,100,"v_add_f32_e32 v0, v0, v2","",100
310546958544139,4294967295,100,"v_add_f32_e32 v0, v0, v2","",100
310546958544139,4294967295,100,"v_add_f32_e32 v0, v0, v2","",100
310546958544179,4294967295,100,"v_add_f32_e32 v0, v0, v2","",100
310546958544179,4294967295,100,"v_add_f32_e32 v0, v0, v2","",100
310546958543339,4294967295,100,"v_add_f32_e32 v0, v0, v2","",100
310546958543379,4294967295,100,"v_add_f32_e32 v0, v0, v2","",100
310546958545139,4294967295,100,"v_add_f32_e32 v0, v0, v2","",100
310546958545179,4294967295,100,"v_add_f32_e32 v0, v0, v2","",100
310546958545179,4294967295,100,"v_add_f32_e32 v0, v0, v2","",100
310546958545219,4294967295,100,"v_add_f32_e32 v0, v0, v2","",100
310546958543219,4294967295,100,"v_add_f32_e32 v0, v0, v2","",100
310546958545139,4294967295,100,"v_add_f32_e32 v0, v0, v2","",100
310546958545179,4294967295,100,"v_add_f32_e32 v0, v0, v2","",100
310546958545179,4294967295,100,"v_add_f32_e32 v0, v0, v2","",100
310546958545139,4294967295,100,"v_add_f32_e32 v0, v0, v2","",100
310546958545179,4294967295,100,"v_add_f32_e32 v0, v0, v2","",100
310546958545179,4294967295,100,"v_add_f32_e32 v0, v0, v2","",100
310546958545339,4294967295,100,"v_add_f32_e32 v0, v0, v2","",100
310546958545379,4294967295,100,"v_add_f32_e32 v0, v0, v2","",100
310546958545379,4294967295,100,"v_add_f32_e32 v0, v0, v2","",100
310546958545379,4294967295,100,"v_add_f32_e32 v0, v0, v2","",100
310546958546339,4294967295,100,"v_add_f32_e32 v0, v0, v2","",100
310546958546379,4294967295,100,"v_add_f32_e32 v0, v0, v2","",100
310546958546379,4294967295,100,"v_add_f32_e32 v0, v0, v2","",100
310546958546379,4294967295,100,"v_add_f32_e32 v0, v0, v2","",100
310546959528708,4294967295,102,"v_add_f32_e32 v0, v0, v2","",102
310546959528508,4294967295,102,"v_add_f32_e32 v0, v0, v2","",102
310546959528988,4294967295,102,"v_add_f32_e32 v0, v0, v2","",102
310546959529588,4294967295,102,"v_add_f32_e32 v0, v0, v2","",102
310546959530148,4294967295,102,"v_add_f32_e32 v0, v0, v2","",102
310546959534068,4294967295,102,"v_add_f32_e32 v0, v0, v2","",102
310546959531388,4294967295,102,"v_add_f32_e32 v0, v0, v2","",102
310546959531388,4294967295,102,"v_add_f32_e32 v0, v0, v2","",102
310546959531428,4294967295,102,"v_add_f32_e32 v0, v0, v2","",102
310546959531388,4294967295,102,"v_add_f32_e32 v0, v0, v2","",102
310546959532228,4294967295,102,"v_add_f32_e32 v0, v0, v2","",102
310546959531428,4294967295,102,"v_add_f32_e32 v0, v0, v2","",102
310546959531428,4294967295,102,"v_add_f32_e32 v0, v0, v2","",102
310546959531428,4294967295,102,"v_add_f32_e32 v0, v0, v2","",102
310546959531428,4294967295,102,"v_add_f32_e32 v0, v0, v2","",102
310546959532228,4294967295,102,"v_add_f32_e32 v0, v0, v2","",102
310546959528908,4294967295,102,"v_add_f32_e32 v0, v0, v2","",102
310546959534068,4294967295,102,"v_add_f32_e32 v0, v0, v2","",102
310546959534068,4294967295,102,"v_add_f32_e32 v0, v0, v2","",102
310546959529108,4294967295,102,"v_add_f32_e32 v0, v0, v2","",102
310546959529188,4294967295,102,"v_add_f32_e32 v0, v0, v2","",102
310546959529268,4294967295,102,"v_add_f32_e32 v0, v0, v2","",102
310546959529308,4294967295,102,"v_add_f32_e32 v0, v0, v2","",102
310546959529388,4294967295,102,"v_add_f32_e32 v0, v0, v2","",102
310546959529468,4294967295,102,"v_add_f32_e32 v0, v0, v2","",102
310546959535469,4294967295,102,"v_add_f32_e32 v0, v0, v2","",102
310546959534108,4294967295,102,"v_add_f32_e32 v0, v0, v2","",102
310546959535469,4294967295,102,"v_add_f32_e32 v0, v0, v2","",102
310546959534108,4294967295,102,"v_add_f32_e32 v0, v0, v2","",102
310546959536069,4294967295,102,"v_add_f32_e32 v0, v0, v2","",102
310546959531428,4294967295,102,"v_add_f32_e32 v0, v0, v3","",102
310546959534909,4294967295,102,"v_add_f32_e32 v0, v0, v2","",102
310546959534909,4294967295,102,"v_add_f32_e32 v0, v0, v2","",102
310546959534949,4294967295,102,"v_add_f32_e32 v0, v0, v2","",102
310546959531428,4294967295,102,"v_add_f32_e32 v0, v0, v2","",102
310546959530228,0,102,"s_cbranch_execz 6","",102
310546959535029,4294967295,102,"v_add_f32_e32 v0, v0, v2","",102
310546959530348,4294967295,102,"v_add_f32_e32 v0, v0, v2","",102
310546959535229,4294967295,102,"v_add_f32_e32 v0, v0, v2","",102
310546959535269,4294967295,102,"v_add_f32_e32 v0, v0, v2","",102
310546959535269,4294967295,102,"v_add_f32_e32 v0, v0, v2","",102
310546959535269,4294967295,102,"v_add_f32_e32 v0, v0, v2","",102
310546959536109,4294967295,102,"v_add_f32_e32 v0, v0, v2","",102
310546959536109,4294967295,102,"v_add_f32_e32 v0, v0, v2","",102
310546959536109,4294967295,102,"v_add_f32_e32 v0, v0, v2","",102
310546959535509,4294967295,102,"v_add_f32_e32 v0, v0, v2","",102
310546959532228,4294967295,102,"v_add_f32_e32 v0, v0, v2","",102
310546959532228,4294967295,102,"v_add_f32_e32 v0, v0, v2","",102
310546959536669,4294967295,102,"v_add_f32_e32 v0, v0, v2","",102
310546959536669,4294967295,102,"v_add_f32_e32 v0, v0, v2","",102
310546959536789,4294967295,102,"v_add_f32_e32 v0, v0, v2","",102
310546959536789,4294967295,102,"v_add_f32_e32 v0, v0, v2","",102
310546959536789,4294967295,102,"v_add_f32_e32 v0, v0, v2","",102
310546959536789,4294967295,102,"v_add_f32_e32 v0, v0, v2","",102
310546959535469,4294967295,102,"v_add_f32_e32 v0, v0, v2","",102
310546959531548,4294967295,102,"v_add_f32_e32 v0, v0, v2","",102
310546959531628,4294967295,102,"v_add_f32_e32 v0, v0, v2","",102
310546959531668,4294967295,102,"v_add_f32_e32 v0, v0, v2","",102
310546959537029,4294967295,102,"v_add_f32_e32 v0, v0, v2","",102
310546959537069,4294967295,102,"v_add_f32_e32 v0, v0, v2","",102
310546959537069,4294967295,102,"v_add_f32_e32 v0, v0, v2","",102
310546959536749,4294967295,102,"v_add_f32_e32 v0, v0, v2","",102
310546959536829,4294967295,102,"v_add_f32_e32 v0, v0, v2","",102
310546959536829,4294967295,102,"v_add_f32_e32 v0, v0, v2","",102
310546959536829,4294967295,102,"v_add_f32_e32 v0, v0, v2","",102
310546959536669,4294967295,102,"v_add_f32_e32 v0, v0, v2","",102
310546959532308,4294967295,102,"v_add_f32_e32 v0, v0, v2","",102
310546959532348,4294967295,102,"v_add_f32_e32 v0, v0, v2","",102
310546959537149,4294967295,102,"v_add_f32_e32 v0, v0, v2","",102
310546959535509,4294967295,102,"v_add_f32_e32 v0, v0, v2","",102
310546959535509,4294967295,102,"v_add_f32_e32 v0, v0, v2","",102
310546959535509,4294967295,102,"v_add_f32_e32 v0, v0, v2","",102
310546959535509,4294967295,102,"v_add_f32_e32 v0, v0, v2","",102
310546959535029,4294967295,102,"s_wait_loadcnt 0x0","",102
310546959538589,4294967295,102,"v_add_f32_e32 v0, v0, v2","",102
310546959538629,4294967295,102,"v_add_f32_e32 v0, v0, v2","",102
310546959538629,4294967295,102,"v_add_f32_e32 v0, v0, v2","",102
310546959538629,4294967295,102,"v_add_f32_e32 v0, v0, v2","",102
310546959533068,4294967295,102,"v_mad_co_u64_u32 v[0:1], null, s4, ttmp9, v[0:1]","",102
310546959533148,4294967295,102,"v_mad_co_u64_u32 v[0:1], null, s4, ttmp9, v[0:1]","",102
310546959533228,4294967295,102,"v_add_f32_e32 v0, v0, v2","",102
310546959533268,4294967295,102,"v_add_f32_e32 v0, v0, v2","",102
310546959538429,4294967295,102,"v_add_f32_e32 v0, v0, v2","",102
310546959535069,4294967295,102,"s_wait_loadcnt 0x0","",102
310546959535069,4294967295,102,"v_add_f32_e32 v0, v0, v2","",102
310546959538749,4294967295,102,"v_add_f32_e32 v0, v0, v2","",102
310546959538789,4294967295,102,"v_add_f32_e32 v0, v0, v2","",102
310546959538789,4294967295,102,"v_add_f32_e32 v0, v0, v2","",102
310546959538789,4294967295,102,"v_add_f32_e32 v0, v0, v2","",102
310546959533788,4294967295,102,"v_add_f32_e32 v0, v0, v2","",102
310546959533868,4294967295,102,"v_add_f32_e32 v0, v0, v2","",102
310546959538589,4294967295,102,"v_add_f32_e32 v0, v0, v2","",102
310546959538629,4294967295,102,"v_add_f32_e32 v0, v0, v2","",102
310546959538429,4294967295,102,"v_add_f32_e32 v0, v0, v2","",102
310546959539029,4294967295,102,"v_add_f32_e32 v0, v0, v2","",102
310546959539029,4294967295,102,"v_add_f32_e32 v0, v0, v2","",102
310546959539029,4294967295,102,"v_add_f32_e32 v0, v0, v2","",102
310546959536709,4294967295,102,"v_add_f32_e32 v0, v0, v2","",102
310546959536709,4294967295,102,"v_add_f32_e32 v0, v0, v2","",102
310546959536669,4294967295,102,"v_add_f32_e32 v0, v0, v2","",102
310546959536709,4294967295,102,"v_add_f32_e32 v0, v0, v2","",102
310546959536709,4294967295,102,"v_add_f32_e32 v0, v0, v2","",102
310546959540269,4294967295,102,"v_add_f32_e32 v0, v0, v2","",102
310546959538629,4294967295,102,"v_add_f32_e32 v0, v0, v2","",102
310546959538629,4294967295,102,"v_add_f32_e32 v0, v0, v2","",102
310546959540269,4294967295,102,"v_add_f32_e32 v0, v0, v2","",102
310546959540309,4294967295,102,"v_add_f32_e32 v0, v0, v2","",102
310546959540309,4294967295,102,"v_add_f32_e32 v0, v0, v2","",102
310546959537149,4294967295,102,"v_add_f32_e32 v0, v0, v2","",102
310546959537189,4294967295,102,"v_add_f32_e32 v0, v0, v2","",102
310546959537189,4294967295,102,"v_add_f32_e32 v0, v0, v2","",102
310546959538469,4294967295,102,"v_mad_co_u64_u32 v[0:1], null, s4, ttmp9, v[0:1]","",102
310546959538469,4294967295,102,"v_add_f32_e32 v0, v0, v2","",102
310546959542189,4294967295,102,"v_add_f32_e32 v0, v0, v2","",102
310546959542189,4294967295,102,"v_add_f32_e32 v0, v0, v2","",102
310546959542189,4294967295,102,"v_add_f32_e32 v0, v0, v2","",102
310546959542189,4294967295,102,"v_add_f32_e32 v0, v0, v2","",102
310546959542189,4294967295,102,"v_add_f32_e32 v0, v0, v2","",102
310546959542189,4294967295,102,"v_add_f32_e32 v0, v0, v2","",102
310546959542189,4294967295,102,"v_add_f32_e32 v0, v0, v2","",102
310546959542229,4294967295,102,"v_add_f32_e32 v0, v0, v2","",102
310546960532678,4294967295,104,"v_add_f32_e32 v0, v0, v2","",104
310546960535318,4294967295,104,"v_add_f32_e32 v0, v0, v2","",104
310546960533438,4294967295,104,"v_add_f32_e32 v0, v0, v2","",104
310546960533998,4294967295,104,"v_add_f32_e32 v0, v0, v2","",104
310546960533798,4294967295,104,"v_add_f32_e32 v0, v0, v2","",104
310546960534838,4294967295,104,"v_add_f32_e32 v0, v0, v2","",104
310546960534598,4294967295,104,"v_add_f32_e32 v0, v0, v2","",104
310546960534598,4294967295,104,"v_add_f32_e32 v0, v0, v2","",104
310546960534638,4294967295,104,"v_add_f32_e32 v0, v0, v2","",104
310546960534638,4294967295,104,"v_add_f32_e32 v0, v0, v2","",104
310546960533798,4294967295,104,"v_add_f32_e32 v0, v0, v2","",104
310546960536278,4294967295,104,"v_add_f32_e32 v0, v0, v2","",104
310546960536278,4294967295,104,"v_add_f32_e32 v0, v0, v2","",104
310546960537558,4294967295,104,"v_add_f32_e32 v0, v0, v2","",104
310546960536958,4294967295,104,"v_add_f32_e32 v0, v0, v2","",104
310546960536958,4294967295,104,"v_add_f32_e32 v0, v0, v2","",104
310546960536958,4294967295,104,"v_add_f32_e32 v0, v0, v2","",104
310546960536998,4294967295,104,"v_add_f32_e32 v0, v0, v2","",104
310546960536278,4294967295,104,"v_add_f32_e32 v0, v0, v2","",104
310546960536278,4294967295,104,"v_add_f32_e32 v0, v0, v2","",104
310546960537998,4294967295,104,"v_add_f32_e32 v0, v0, v2","",104
310546960533438,4294967295,104,"v_add_f32_e32 v0, v0, v2","",104
310546960533478,4294967295,104,"v_add_f32_e32 v0, v0, v2","",104
310546960537678,4294967295,104,"v_add_f32_e32 v0, v0, v2","",104
310546960537718,4294967295,104,"v_add_f32_e32 v0, v0, v2","",104
310546960537718,4294967295,104,"v_add_f32_e32 v0, v0, v2","",104
310546960537558,4294967295,104,"v_add_f32_e32 v0, v0, v2","",104
310546960537998,4294967295,104,"v_add_f32_e32 v0, v0, v2","",104
310546960538638,4294967295,104,"v_add_f32_e32 v0, v0, v2","",104
310546960538638,4294967295,104,"v_add_f32_e32 v0, v0, v2","",104
310546960537998,4294967295,104,"v_add_f32_e32 v0, v0, v2","",104
310546960535318,4294967295,104,"v_add_f32_e32 v0, v0, v2","",104
310546960538038,4294967295,104,"v_add_f32_e32 v0, v0, v2","",104
310546960537718,4294967295,104,"v_add_f32_e32 v0, v0, v2","",104
310546960535318,4294967295,104,"v_add_f32_e32 v0, v0, v2","",104
310546960538038,4294967295,104,"v_add_f32_e32 v0, v0, v2","",104
310546960537558,4294967295,104,"v_add_f32_e32 v0, v0, v2","",104
310546960537558,4294967295,104,"v_add_f32_e32 v0, v0, v2","",104
310546960537558,4294967295,104,"v_add_f32_e32 v0, v0, v2","",104
310546960539198,4294967295,104,"v_add_f32_e32 v0, v0, v2","",104
310546960539238,4294967295,104,"v_add_f32_e32 v0, v0, v2","",104
310546960539238,4294967295,104,"v_add_f32_e32 v0, v0, v2","",104
310546960539238,4294967295,104,"v_add_f32_e32 v0, v0, v2","",104
310546960535318,4294967295,104,"v_add_f32_e32 v0, v0, v2","",104
310546960537998,4294967295,104,"v_add_f32_e32 v0, v0, v2","",104
310546960538958,4294967295,104,"v_add_f32_e32 v0, v0, v2","",104
310546960537558,4294967295,104,"v_add_f32_e32 v0, v0, v2","",104
310546960537598,4294967295,104,"v_add_f32_e32 v0, v0, v2","",104
310546960537718,4294967295,104,"v_add_f32_e32 v0, v0, v2","",104
310546960539198,4294967295,104,"v_add_f32_e32 v0, v0, v2","",104
310546960537598,4294967295,104,"v_add_f32_e32 v0, v0, v2","",104
310546960539198,4294967295,104,"v_add_f32_e32 v0, v0, v2","",104
310546960539238,4294967295,104,"v_add_f32_e32 v0, v0, v2","",104
310546960539198,4294967295,104,"v_add_f32_e32 v0, v0, v2","",104
310546960539238,4294967295,104,"v_add_f32_e32 v0, v0, v2","",104
310546960538998,4294967295,104,"v_add_f32_e32 v0, v0, v2","",104
310546960538998,4294967295,104,"v_add_f32_e32 v0, v0, v2","",104
310546960538998,4294967295,104,"v_add_f32_e32 v0, v0, v2","",104
310546960538998,4294967295,104,"v_add_f32_e32 v0, v0, v2","",104
310546960537718,4294967295,104,"v_add_f32_e32 v0, v0, v2","",104
310546960537718,4294967295,104,"v_add_f32_e32 v0, v0, v2","",104
310546960539238,4294967295,104,"v_add_f32_e32 v0, v0, v2","",104
310546960539238,4294967295,104,"v_add_f32_e32 v0, v0, v2","",104
310546960538998,4294967295,104,"v_add_f32_e32 v0, v0, v2","",104
310546960538998,4294967295,104,"v_add_f32_e32 v0, v0, v2","",104
310546960538638,4294967295,104,"v_add_f32_e32 v0, v0, v2","",104
310546960538678,4294967295,104,"v_add_f32_e32 v0, v0, v2","",104
310546960535078,4294967295,104,"v_add_f32_e32 v0, v0, v2","",104
310546960535158,4294967295,104,"v_add_f32_e32 v0, v0, v2","",104
310546960535238,4294967295,104,"v_add_f32_e32 v0, v0, v2","",104
310546960535278,4294967295,104,"v_add_f32_e32 v0, v0, v2","",104
310546960535358,4294967295,104,"v_add_f32_e32 v0, v0, v2","",104
310546960535438,4294967295,104,"v_add_f32_e32 v0, v0, v2","",104
310546960539638,4294967295,104,"v_add_f32_e32 v0, v0, v2","",104
310546960539678,4294967295,104,"v_add_f32_e32 v0, v0, v2","",104
310546960539678,4294967295,104,"v_add_f32_e32 v0, v0, v2","",104
310546960539678,4294967295,104,"v_add_f32_e32 v0, v0, v2","",104
310546960538678,4294967295,104,"v_add_f32_e32 v0, v0, v2","",104
310546960537998,4294967295,104,"v_add_f32_e32 v0, v0, v2","",104
310546960538038,4294967295,104,"v_add_f32_e32 v0, v0, v2","",104
310546960539958,4294967295,104,"v_add_f32_e32 v0, v0, v2","",104
310546960539998,4294967295,104,"v_add_f32_e32 v0, v0, v2","",104
310546960536078,4294967295,104,"v_add_f32_e32 v0, v0, v2","",104
310546960536158,4294967295,104,"v_add_f32_e32 v0, v0, v2","",104
310546960540838,4294967295,104,"v_add_f32_e32 v0, v0, v2","",104
310546960539998,4294967295,104,"v_add_f32_e32 v0, v0, v2","",104
310546960541798,4294967295,104,"v_add_f32_e32 v0, v0, v2","",104
310546960541838,4294967295,104,"v_add_f32_e32 v0, v0, v2","",104
310546960541838,4294967295,104,"v_add_f32_e32 v0, v0, v2","",104
310546960541838,4294967295,104,"v_add_f32_e32 v0, v0, v2","",104
310546960540838,4294967295,104,"s_load_b32 s4, s[0:1], 0x24","",104
310546960540838,4294967295,104,"v_add_f32_e32 v0, v0, v2","",104
310546960541798,4294967295,104,"v_add_f32_e32 v0, v0, v2","",104
310546960538638,4294967295,104,"v_add_f32_e32 v0, v0, v2","",104
310546960538638,4294967295,104,"v_add_f32_e32 v0, v0, v2","",104
310546960540838,4294967295,104,"v_add_f32_e32 v0, v0, v2","",104
310546960538678,4294967295,104,"v_add_f32_e32 v0, v0, v2","",104
310546960539278,4294967295,104,"v_add_f32_e32 v0, v0, v2","",104
310546960539278,4294967295,104,"v_add_f32_e32 v0, v0, v2","",104
310546960539278,4294967295,104,"v_add_f32_e32 v0, v0, v2","",104
310546960543838,4294967295,104,"v_add_f32_e32 v0, v0, v2","",104
310546960543838,4294967295,104,"v_add_f32_e32 v0, v0, v2","",104
310546960543878,4294967295,104,"v_add_f32_e32 v0, v0, v2","",104
310546960543878,4294967295,104,"v_add_f32_e32 v0, v0, v2","",104
310546960541838,4294967295,104,"v_add_f32_e32 v0, v0, v2","",104
310546960541838,4294967295,104,"v_add_f32_e32 v0, v0, v2","",104
310546960541838,4294967295,104,"v_add_f32_e32 v0, v0, v2","",104
310546960545438,4294967295,104,"v_add_f32_e32 v0, v0, v2","",104
310546960545478,4294967295,104,"v_add_f32_e32 v0, v0, v2","",104
310546960545478,4294967295,104,"v_add_f32_e32 v0, v0, v2","",104
310546960546598,4294967295,104,"v_add_f32_e32 v0, v0, v2","",104
310546960546598,4294967295,104,"v_add_f32_e32 v0, v0, v2","",104
310546960546598,4294967295,104,"v_add_f32_e32 v0, v0, v2","",104
310546960546598,4294967295,104,"v_add_f32_e32 v0, v0, v2","",104
310546961537087,4294967295,106,"v_add_f32_e32 v0, v0, v2","",106
310546961537127,4294967295,106,"v_add_f32_e32 v0, v0, v2","",106
310546961537127,4294967295,106,"v_add_f32_e32 v0, v0, v2","",106
310546961537327,4294967295,106,"v_add_f32_e32 v0, v0, v2","",106
310546961537327,4294967295,106,"v_add_f32_e32 v0, v0, v2","",106
310546961537327,4294967295,106,"v_add_f32_e32 v0, v0, v2","",106
310546961537967,4294967295,106,"v_add_f32_e32 v0, v0, v2","",106
310546961537967,4294967295,106,"v_add_f32_e32 v0, v0, v2","",106
310546961538207,4294967295,106,"v_add_f32_e32 v0, v0, v2","",106
310546961538487,4294967295,106,"v_add_f32_e32 v0, v0, v2","",106
310546961538567,4294967295,106,"v_add_f32_e32 v0, v0, v2","",106
310546961538567,4294967295,106,"v_add_f32_e32 v0, v0, v2","",106
310546961538607,4294967295,106,"v_add_f32_e32 v0, v0, v2","",106
310546961538647,4294967295,106,"v_add_f32_e32 v0, v0, v2","",106
310546961539527,4294967295,106,"v_add_f32_e32 v0, v0, v2","",106
310546961539887,4294967295,106,"v_add_f32_e32 v0, v0, v2","",106
310546961537967,4294967295,106,"v_add_f32_e32 v0, v0, v2","",106
310546961538007,4294967295,106,"v_add_f32_e32 v0, v0, v2","",106
310546961540167,4294967295,106,"v_add_f32_e32 v0, v0, v2","",106
310546961538007,4294967295,106,"v_add_f32_e32 v0, v0, v2","",106
310546961540367,4294967295,106,"v_add_f32_e32 v0, v0, v2","",106
310546961540887,4294967295,106,"v_add_f32_e32 v0, v0, v2","",106
310546961538207,4294967295,106,"v_add_f32_e32 v0, v0, v2","",106
310546961538207,4294967295,106,"v_add_f32_e32 v0, v0, v2","",106
310546961538207,4294967295,106,"v_add_f32_e32 v0, v0, v2","",106
310546961541887,4294967295,106,"v_add_f32_e32 v0, v0, v2","",106
310546961538487,4294967295,106,"v_add_f32_e32 v0, v0, v2","",106
310546961541887,0,106,"s_endpgm","",106
310546961541887,4294967295,106,"v_add_f32_e32 v0, v0, v2","",106
310546961541887,4294967295,106,"v_add_f32_e32 v0, v0, v2","",106
310546961541927,4294967295,106,"v_add_f32_e32 v0, v0, v2","",106
310546961541927,4294967295,106,"v_add_f32_e32 v0, v0, v2","",106
310546961540927,4294967295,106,"v_add_f32_e32 v0, v0, v2","",106
310546961541887,4294967295,106,"v_add_f32_e32 v0, v0, v2","",106
310546961541887,4294967295,106,"v_add_f32_e32 v0, v0, v2","",106
310546961541927,4294967295,106,"v_add_f32_e32 v0, v0, v2","",106
310546961538487,4294967295,106,"v_add_f32_e32 v0, v0, v2","",106
310546961540367,4294967295,106,"v_add_f32_e32 v0, v0, v2","",106
310546961538527,4294967295,106,"v_add_f32_e32 v0, v0, v2","",106
310546961541967,4294967295,106,"v_add_f32_e32 v0, v0, v2","",106
310546961540927,4294967295,106,"v_cmp_eq_f32_e32 vcc_lo, 0x449a522b, v0","",106
310546961540927,4294967295,106,"v_add_f32_e32 v0, v0, v2","",106
310546961542247,4294967295,106,"v_add_f32_e32 v0, v0, v2","",106
310546961539567,4294967295,106,"v_add_f32_e32 v0, v0, v2","",106
310546961539887,4294967295,106,"v_add_f32_e32 v0, v0, v2","",106
310546961539567,4294967295,106,"v_add_f32_e32 v0, v0, v2","",106
310546961541967,4294967295,106,"v_add_f32_e32 v0, v0, v2","",106
310546961539567,4294967295,106,"v_add_f32_e32 v0, v0, v2","",106
310546961541927,4294967295,106,"v_add_f32_e32 v0, v0, v2","",106
310546961542887,4294967295,106,"v_add_f32_e32 v0, v0, v2","",106
310546961542887,4294967295,106,"v_add_f32_e32 v0, v0, v2","",106
310546961542927,4294967295,106,"v_add_f32_e32 v0, v0, v2","",106
310546961542887,4294967295,106,"v_add_f32_e32 v0, v0, v2","",106
310546961542927,4294967295,106,"v_add_f32_e32 v0, v0, v2","",106
310546961541967,4294967295,106,"v_add_f32_e32 v0, v0, v2","",106
310546961542007,4294967295,106,"v_add_f32_e32 v0, v0, v2","",106
310546961539887,4294967295,106,"v_add_f32_e32 v0, v0, v2","",106
310546961539927,4294967295,106,"v_add_f32_e32 v0, v0, v2","",106
310546961542247,4294967295,106,"v_add_f32_e32 v0, v0, v2","",106
310546961542247,4294967295,106,"v_add_f32_e32 v0, v0, v2","",106
310546961543247,4294967295,106,"v_add_f32_e32 v0, v0, v2","",106
310546961542287,4294967295,106,"v_add_f32_e32 v0, v0, v2","",106
310546961543527,4294967295,106,"v_add_f32_e32 v0, v0, v2","",106
310546961543527,4294967295,106,"v_add_f32_e32 v0, v0, v2","",106
310546961543527,4294967295,106,"v_add_f32_e32 v0, v0, v2","",106
310546961543527,4294967295,106,"v_add_f32_e32 v0, v0, v2","",106
310546961541927,4294967295,106,"v_add_f32_e32 v0, v0, v2","",106
310546961541967,4294967295,106,"v_add_f32_e32 v0, v0, v2","",106
310546961544047,4294967295,106,"v_add_f32_e32 v0, v0, v2","",106
310546961544047,4294967295,106,"v_add_f32_e32 v0, v0, v2","",106
310546961544087,4294967295,106,"v_add_f32_e32 v0, v0, v2","",106
310546961542927,4294967295,106,"v_add_f32_e32 v0, v0, v2","",106
310546961542927,4294967295,106,"v_add_f32_e32 v0, v0, v2","",106
310546961544047,4294967295,106,"v_add_f32_e32 v0, v0, v2","",106
310546961544047,4294967295,106,"v_add_f32_e32 v0, v0, v2","",106
310546961544087,4294967295,106,"v_add_f32_e32 v0, v0, v2","",106
310546961544087,4294967295,106,"v_add_f32_e32 v0, v0, v2","",106
310546961542927,4294967295,106,"v_add_f32_e32 v0, v0, v2","",106
310546961543247,4294967295,106,"v_add_f32_e32 v0, v0, v2","",106
310546961544047,4294967295,106,"v_add_f32_e32 v0, v0, v2","",106
310546961544087,4294967295,106,"v_add_f32_e32 v0, v0, v2","",106
310546961544087,4294967295,106,"v_add_f32_e32 v0, v0, v2","",106
310546961544247,4294967295,106,"v_add_f32_e32 v0, v0, v2","",106
310546961544287,4294967295,106,"v_add_f32_e32 v0, v0, v2","",106
310546961544287,4294967295,106,"v_add_f32_e32 v0, v0, v2","",106
310546961544287,4294967295,106,"v_add_f32_e32 v0, v0, v2","",106
310546961544527,4294967295,106,"v_add_f32_e32 v0, v0, v2","",106
310546961544567,4294967295,106,"v_add_f32_e32 v0, v0, v2","",106
310546961544567,4294967295,106,"v_add_f32_e32 v0, v0, v2","",106
310546961543247,4294967295,106,"v_add_f32_e32 v0, v0, v2","",106
310546961543287,4294967295,106,"v_add_f32_e32 v0, v0, v2","",106
310546961540567,4294967295,106,"v_add_f32_e32 v0, v0, v2","",106
310546961540647,4294967295,106,"v_add_f32_e32 v0, v0, v2","",106
310546961544687,4294967295,106,"v_add_f32_e32 v0, v0, v2","",106
310546961544727,4294967295,106,"v_add_f32_e32 v0, v0, v2","",106
310546961544727,4294967295,106,"v_add_f32_e32 v0, v0, v2","",106
310546961544727,4294967295,106,"v_add_f32_e32 v0, v0, v2","",106
310546961544927,4294967295,106,"v_add_f32_e32 v0, v0, v2","",106
310546961544927,4294967295,106,"v_add_f32_e32 v0, v0, v2","",106
310546961541087,4294967295,106,"v_add_f32_e32 v0, v0, v2","",106
310546961544927,4294967295,106,"v_add_f32_e32 v0, v0, v2","",106
310546961541247,4294967295,106,"v_add_f32_e32 v0, v0, v2","",106
310546961541287,4294967295,106,"v_add_f32_e32 v0, v0, v2","",106
310546961541367,4294967295,106,"v_add_f32_e32 v0, v0, v2","",106
310546961541407,4294967295,106,"v_add_f32_e32 v0, v0, v2","",106
310546961541487,4294967295,106,"v_add_f32_e32 v0, v0, v2","",106
310546961544047,4294967295,106,"v_mad_co_u64_u32 v[0:1], null, s4, ttmp9, v[0:1]","",106
310546961544087,4294967295,106,"v_add_f32_e32 v0, v0, v2","",106
310546961544087,4294967295,106,"v_add_f32_e32 v0, v0, v2","",106
310546961545367,4294967295,106,"v_add_f32_e32 v0, v0, v2","",106
310546961545407,4294967295,106,"v_add_f32_e32 v0, v0, v2","",106
310546961545407,4294967295,106,"v_add_f32_e32 v0, v0, v2","",106
310546961544927,4294967295,106,"s_wait_loadcnt 0x0","",106
310546961545447,4294967295,106,"v_add_f32_e32 v0, v0, v2","",106
310546961545487,4294967295,106,"v_add_f32_e32 v0, v0, v2","",106
310546961545487,4294967295,106,"v_add_f32_e32 v0, v0, v2","",106
310546961545487,4294967295,106,"v_add_f32_e32 v0, v0, v2","",106
310546961546327,4294967295,106,"v_add_f32_e32 v0, v0, v2","",106
310546961546327,4294967295,106,"v_add_f32_e32 v0, v0, v2","",106
310546961546327,4294967295,106,"v_add_f32_e32 v0, v0, v2","",106
310546961546367,4294967295,106,"v_add_f32_e32 v0, v0, v2","",106
310546962536337,4294967295,109,"v_add_f32_e32 v0, v0, v2","",109
310546962537217,4294967295,109,"v_add_f32_e32 v0, v0, v2","",109
310546962536977,4294967295,109,"v_add_f32_e32 v0, v0, v2","",109
310546962537537,4294967295,109,"v_add_f32_e32 v0, v0, v2","",109
310546962538217,4294967295,109,"v_add_f32_e32 v0, v0, v2","",109
310546962537977,4294967295,109,"v_add_f32_e32 v0, v0, v2","",109
310546962537937,4294967295,109,"v_add_f32_e32 v0, v0, v2","",109
310546962544057,4294967295,109,"v_add_f32_e32 v0, v0, v2","",109
310546962538377,4294967295,109,"v_add_f32_e32 v0, v0, v2","",109
310546962538657,4294967295,109,"v_add_f32_e32 v0, v0, v2","",109
310546962539457,4294967295,109,"v_add_f32_e32 v0, v0, v2","",109
310546962539617,4294967295,109,"v_add_f32_e32 v0, v0, v2","",109
310546962539897,4294967295,109,"v_add_f32_e32 v0, v0, v2","",109
310546962540017,4294967295,109,"v_add_f32_e32 v0, v0, v2","",109
310546962537737,4294967295,109,"v_add_f32_e32 v0, v0, v2","",109
310546962537857,4294967295,109,"v_add_f32_e32 v0, v0, v2","",109
310546962537977,4294967295,109,"v_add_f32_e32 v0, v0, v2","",109
310546962541417,4294967295,109,"v_add_f32_e32 v0, v0, v2","",109
310546962542057,4294967295,109,"v_add_f32_e32 v0, v0, v2","",109
310546962540857,4294967295,109,"v_add_f32_e32 v0, v0, v2","",109
310546962542657,4294967295,109,"v_add_f32_e32 v0, v0, v2","",109
310546962542937,4294967295,109,"v_add_f32_e32 v0, v0, v2","",109
310546962543537,4294967295,109,"v_add_f32_e32 v0, v0, v2","",109
310546962542457,4294967295,109,"v_add_f32_e32 v0, v0, v2","",109
310546962544177,4294967295,109,"v_add_f32_e32 v0, v0, v2","",109
310546962544177,4294967295,109,"v_add_f32_e32 v0, v0, v2","",109
310546962542937,4294967295,109,"v_add_f32_e32 v0, v0, v2","",109
310546962539217,4294967295,109,"v_add_f32_e32 v0, v0, v2","",109
310546962539257,4294967295,109,"v_add_f32_e32 v0, v0, v2","",109
310546962539337,4294967295,109,"v_add_f32_e32 v0, v0, v2","",109
310546962539457,4294967295,109,"v_add_f32_e32 v0, v0, v2","",109
310546962539537,4294967295,109,"v_add_f32_e32 v0, v0, v2","",109
310546962539577,4294967295,109,"v_add_f32_e32 v0, v0, v2","",109
310546962539697,4294967295,109,"v_add_f32_e32 v0, v0, v2","",109
310546962545937,4294967295,109,"v_add_f32_e32 v0, v0, v2","",109
310546962539897,4294967295,109,"v_add_f32_e32 v0, v0, v2","",109
310546962541417,4294967295,109,"v_add_f32_e32 v0, v0, v2","",109
310546962542937,4294967295,109,"v_add_f32_e32 v0, v0, v2","",109
310546962542977,4294967295,109,"v_add_f32_e32 v0, v0, v2","",109
310546962546937,4294967295,109,"v_add_f32_e32 v0, v0, v2","",109
310546962540257,4294967295,109,"v_add_f32_e32 v0, v0, v2","",109
310546962545777,4294967295,109,"v_add_f32_e32 v0, v0, v2","",109
310546962545777,4294967295,109,"v_add_f32_e32 v0, v0, v2","",109
310546962545777,4294967295,109,"v_add_f32_e32 v0, v0, v2","",109
310546962545817,4294967295,109,"v_add_f32_e32 v0, v0, v2","",109
310546962541417,4294967295,109,"v_add_f32_e32 v0, v0, v2","",109
310546962541417,4294967295,109,"v_add_f32_e32 v0, v0, v2","",109
310546962546937,4294967295,109,"v_add_f32_e32 v0, v0, v2","",109
310546962546937,4294967295,109,"v_add_f32_e32 v0, v0, v2","",109
310546962540817,4294967295,109,"v_add_f32_e32 v0, v0, v2","",109
310546962546977,4294967295,109,"v_add_f32_e32 v0, v0, v2","",109
310546962547577,4294967295,109,"v_add_f32_e32 v0, v0, v2","",109
310546962547977,4294967295,109,"v_add_f32_e32 v0, v0, v2","",109
310546962547857,4294967295,109,"v_add_f32_e32 v0, v0, v2","",109
310546962547857,4294967295,109,"v_add_f32_e32 v0, v0, v2","",109
310546962541257,4294967295,109,"v_add_f32_e32 v0, v0, v2","",109
310546962541297,4294967295,109,"v_add_f32_e32 v0, v0, v2","",109
310546962548017,4294967295,109,"v_add_f32_e32 v0, v0, v2","",109
310546962545937,4294967295,109,"v_add_f32_e32 v0, v0, v2","",109
310546962541537,4294967295,109,"v_add_f32_e32 v0, v0, v2","",109
310546962548017,4294967295,109,"v_add_f32_e32 v0, v0, v2","",109
310546962548017,4294967295,109,"v_add_f32_e32 v0, v0, v2","",109
310546962541737,4294967295,109,"v_add_f32_e32 v0, v0, v2","",109
310546962541817,4294967295,109,"v_add_f32_e32 v0, v0, v2","",109
310546962541857,4294967295,109,"v_add_f32_e32 v0, v0, v2","",109
310546962541937,4294967295,109,"v_add_f32_e32 v0, v0, v2","",109
310546962541977,4294967295,109,"v_add_f32_e32 v0, v0, v2","",109
310546962547577,4294967295,109,"v_add_f32_e32 v0, v0, v2","",109
310546962542137,4294967295,109,"v_add_f32_e32 v0, v0, v2","",109
310546962542217,4294967295,109,"v_add_f32_e32 v0, v0, v2","",109
310546962542297,4294967295,109,"v_add_f32_e32 v0, v0, v2","",109
310546962542417,4294967295,109,"v_add_f32_e32 v0, v0, v2","",109
310546962547577,4294967295,109,"v_add_f32_e32 v0, v0, v2","",109
310546962547577,4294967295,109,"v_add_f32_e32 v0, v0, v2","",109
310546962542617,4294967295,109,"v_add_f32_e32 v0, v0, v2","",109
310546962542777,4294967295,109,"v_add_f32_e32 v0, v0, v2","",109
310546962542857,4294967295,109,"v_add_f32_e32 v0, v0, v2","",109
310546962542897,4294967295,109,"v_add_f32_e32 v0, v0, v2","",109
310546962543017,4294967295,109,"v_add_f32_e32 v0, v0, v2","",109
310546962543057,4294967295,109,"v_add_f32_e32 v0, v0, v2","",109
310546962549457,4294967295,109,"v_add_f32_e32 v0, v0, v2","",109
310546962549457,4294967295,109,"v_add_f32_e32 v0, v0, v2","",109
310546962543257,4294967295,109,"v_add_f32_e32 v0, v0, v2","",109
310546962543297,4294967295,109,"v_add_f32_e32 v0, v0, v2","",109
310546962549457,4294967295,109,"v_add_f32_e32 v0, v0, v2","",109
310546962547857,4294967295,109,"v_add_f32_e32 v0, v0, v2","",109
310546962547857,4294967295,109,"v_add_f32_e32 v0, v0, v2","",109
310546962543577,4294967295,109,"v_add_f32_e32 v0, v0, v2","",109
310546962543657,4294967295,109,"v_add_f32_e32 v0, v0, v2","",109
310546962543817,4294967295,109,"v_add_f32_e32 v0, v0, v2","",109
310546962543857,4294967295,109,"v_add_f32_e32 v0, v0, v2","",109
310546962549497,4294967295,109,"v_add_f32_e32 v0, v0, v2","",109
310546962543977,4294967295,109,"v_add_f32_e32 v0, v0, v2","",109
310546962544057,4294967295,109,"v_add_f32_e32 v0, v0, v2","",109
310546962544137,4294967295,109,"v_add_f32_e32 v0, v0, v2","",109
310546962549857,4294967295,109,"v_add_f32_e32 v0, v0, v2","",109
310546962544417,4294967295,109,"v_add_f32_e32 v0, v0, v2","",109
310546962544537,4294967295,109,"v_add_f32_e32 v0, v0, v2","",109
310546962544617,4294967295,109,"v_add_f32_e32 v0, v0, v2","",109
310546962549897,4294967295,109,"v_add_f32_e32 v0, v0, v2","",109
310546962545937,4294967295,109,"v_add_f32_e32 v0, v0, v2","",109
310546962549897,4294967295,109,"v_add_f32_e32 v0, v0, v2","",109
310546962544977,4294967295,109,"v_add_f32_e32 v0, v0, v2","",109
310546962545977,4294967295,109,"v_add_f32_e32 v0, v0, v2","",109
310546962545137,4294967295,109,"v_add_f32_e32 v0, v0, v2","",109
310546962545177,4294967295,109,"v_add_f32_e32 v0, v0, v2","",109
310546962545257,4294967295,109,"v_add_f32_e32 v0, v0, v2","",109
310546962545297,4294967295,109,"v_add_f32_e32 v0, v0, v2","",109
310546962549897,4294967295,109,"v_add_f32_e32 v0, v0, v2","",109
310546962545457,4294967295,109,"v_add_f32_e32 v0, v0, v2","",109
310546962545577,4294967295,109,"v_add_f32_e32 v0, v0, v2","",109
310546962545657,4294967295,109,"v_add_f32_e32 v0, v0, v2","",109
310546962545697,4294967295,109,"v_add_f32_e32 v0, v0, v2","",109
310546962545777,4294967295,109,"v_add_f32_e32 v0, v0, v2","",109
310546962550817,4294967295,109,"v_add_f32_e32 v0, v0, v2","",109
310546962546017,4294967295,109,"v_add_f32_e32 v0, v0, v2","",109
310546962546057,4294967295,109,"v_add_f32_e32 v0, v0, v2","",109
310546962550817,4294967295,109,"v_add_f32_e32 v0, v0, v2","",109
310546962550817,4294967295,109,"v_add_f32_e32 v0, v0, v2","",109
310546962546337,4294967295,109,"v_add_f32_e32 v0, v0, v2","",109
310546962546417,4294967295,109,"v_add_f32_e32 v0, v0, v2","",109
310546962546577,4294967295,109,"v_add_f32_e32 v0, v0, v2","",109
310546962550857,4294967295,109,"v_add_f32_e32 v0, v0, v2","",109
310546962546697,4294967295,109,"v_add_f32_e32 v0, v0, v2","",109
310546962546777,4294967295,109,"v_add_f32_e32 v0, v0, v2","",109
310546962546897,4294967295,109,"v_add_f32_e32 v0, v0, v2","",109
310546962547257,4294967295,109,"v_add_f32_e32 v0, v0, v2","",109
310546962547377,4294967295,109,"v_add_f32_e32 v0, v0, v2","",109
310546963546186,4294967295,111,"v_add_f32_e32 v0, v0, v2","",111
310546963546186,4294967295,111,"v_add_f32_e32 v0, v0, v2","",111
310546963546186,4294967295,111,"v_add_f32_e32 v0, v0, v2","",111
310546963546746,4294967295,111,"v_add_f32_e32 v0, v0, v2","",111
310546963546746,4294967295,111,"v_add_f32_e32 v0, v0, v2","",111
310546963546226,4294967295,111,"v_add_f32_e32 v0, v0, v2","",111
310546963546746,4294967295,111,"v_add_f32_e32 v0, v0, v2","",111
310546963546786,4294967295,111,"v_add_f32_e32 v0, v0, v2","",111
310546963546386,4294967295,111,"v_add_f32_e32 v0, v0, v2","",111
310546963546426,4294967295,111,"v_add_f32_e32 v0, v0, v2","",111
310546963546426,4294967295,111,"v_add_f32_e32 v0, v0, v2","",111
310546963546426,4294967295,111,"v_add_f32_e32 v0, v0, v2","",111
310546963546746,4294967295,111,"v_add_f32_e32 v0, v0, v2","",111
310546963546746,4294967295,111,"v_add_f32_e32 v0, v0, v2","",111
310546963546786,4294967295,111,"v_add_f32_e32 v0, v0, v2","",111
310546963546786,4294967295,111,"v_add_f32_e32 v0, v0, v2","",111
310546963548386,4294967295,111,"v_add_f32_e32 v0, v0, v2","",111
310546963548386,4294967295,111,"v_add_f32_e32 v0, v0, v2","",111
310546963548386,4294967295,111,"v_add_f32_e32 v0, v0, v2","",111
310546963548426,4294967295,111,"v_add_f32_e32 v0, v0, v2","",111
310546963547546,4294967295,111,"v_add_f32_e32 v0, v0, v2","",111
310546963547586,4294967295,111,"v_add_f32_e32 v0, v0, v2","",111
310546963547586,4294967295,111,"v_add_f32_e32 v0, v0, v2","",111
310546963547586,4294967295,111,"v_add_f32_e32 v0, v0, v2","",111
310546963549706,4294967295,111,"v_add_f32_e32 v0, v0, v2","",111
310546963548386,4294967295,111,"v_add_f32_e32 v0, v0, v2","",111
310546963549466,4294967295,111,"v_add_f32_e32 v0, v0, v2","",111
310546963549466,4294967295,111,"v_add_f32_e32 v0, v0, v2","",111
310546963549466,4294967295,111,"v_add_f32_e32 v0, v0, v2","",111
310546963549466,4294967295,111,"v_add_f32_e32 v0, v0, v2","",111
310546963548386,4294967295,111,"v_add_f32_e32 v0, v0, v2","",111
310546963548386,4294967295,111,"v_add_f32_e32 v0, v0, v2","",111
310546963548386,4294967295,111,"v_add_f32_e32 v0, v0, v2","",111
310546963548386,4294967295,111,"v_add_f32_e32 v0, v0, v2","",111
310546963548386,4294967295,111,"v_add_f32_e32 v0, v0, v2","",111
310546963551666,4294967295,111,"v_add_f32_e32 v0, v0, v2","",111
310546963549706,4294967295,111,"v_add_f32_e32 v0, v0, v2","",111
310546963549746,4294967295,111,"v_add_f32_e32 v0, v0, v2","",111
310546963548386,4294967295,111,"v_add_f32_e32 v0, v0, v2","",111
310546963548426,4294967295,111,"v_add_f32_e32 v0, v0, v2","",111
310546963549706,4294967295,111,"v_add_f32_e32 v0, v0, v2","",111
310546963549746,4294967295,111,"v_add_f32_e32 v0, v0, v2","",111
310546963549746,4294967295,111,"v_add_f32_e32 v0, v0, v2","",111
310546963549746,4294967295,111,"v_add_f32_e32 v0, v0, v2","",111
310546963549746,4294967295,111,"v_add_f32_e32 v0, v0, v2","",111
310546963549746,4294967295,111,"v_add_f32_e32 v0, v0, v2","",111
310546963549746,4294967295,111,"v_add_f32_e32 v0, v0, v2","",111
310546963551666,4294967295,111,"v_add_f32_e32 v0, v0, v2","",111
310546963549746,4294967295,111,"v_add_f32_e32 v0, v0, v2","",111
310546963549746,4294967295,111,"v_add_f32_e32 v0, v0, v2","",111
310546963551666,4294967295,111,"v_add_f32_e32 v0, v0, v2","",111
310546963551666,4294967295,111,"v_add_f32_e32 v0, v0, v2","",111
310546963551666,4294967295,111,"v_add_f32_e32 v0, v0, v2","",111
310546963551666,4294967295,111,"v_add_f32_e32 v0, v0, v2","",111
310546963551666,4294967295,111,"v_add_f32_e32 v0, v0, v2","",111
310546963551666,4294967295,111,"v_add_f32_e32 v0, v0, v2","",111
310546963552906,4294967295,111,"v_add_f32_e32 v0, v0, v2","",111
310546963552906,4294967295,111,"v_add_f32_e32 v0, v0, v2","",111
310546963552906,4294967295,111,"v_add_f32_e32 v0, v0, v2","",111
310546963552906,4294967295,111,"v_add_f32_e32 v0, v0, v2","",111
310546963552506,4294967295,111,"v_add_f32_e32 v0, v0, v2","",111
310546963552546,4294967295,111,"v_add_f32_e32 v0, v0, v2","",111
310546963552546,4294967295,111,"v_add_f32_e32 v0, v0, v2","",111
310546963552546,4294967295,111,"v_add_f32_e32 v0, v0, v2","",111
310546963553106,4294967295,111,"v_add_f32_e32 v0, v0, v2","",111
310546963553146,4294967295,111,"v_add_f32_e32 v0, v0, v2","",111
310546963553146,4294967295,111,"v_add_f32_e32 v0, v0, v2","",111
310546963553146,4294967295,111,"v_add_f32_e32 v0, v0, v2","",111
310546963552786,4294967295,111,"v_add_f32_e32 v0, v0, v2","",111
310546963552826,4294967295,111,"v_add_f32_e32 v0, v0, v2","",111
310546963552826,4294967295,111,"v_add_f32_e32 v0, v0, v2","",111
310546963552826,4294967295,111,"v_add_f32_e32 v0, v0, v2","",111
310546963553706,4294967295,111,"v_add_f32_e32 v0, v0, v2","",111
310546963553746,4294967295,111,"v_add_f32_e32 v0, v0, v2","",111
310546963553746,4294967295,111,"v_add_f32_e32 v0, v0, v2","",111
310546963553746,4294967295,111,"v_add_f32_e32 v0, v0, v2","",111
310546963553106,4294967295,111,"v_add_f32_e32 v0, v0, v2","",111
310546963553146,4294967295,111,"v_add_f32_e32 v0, v0, v2","",111
310546963553146,4294967295,111,"v_add_f32_e32 v0, v0, v2","",111
310546963553106,4294967295,111,"v_add_f32_e32 v0, v0, v2","",111
310546963553146,4294967295,111,"v_add_f32_e32 v0, v0, v2","",111
310546963553146,4294967295,111,"v_add_f32_e32 v0, v0, v2","",111
310546963554306,4294967295,111,"v_add_f32_e32 v0, v0, v2","",111
310546963554306,4294967295,111,"v_add_f32_e32 v0, v0, v2","",111
310546963554346,4294967295,111,"v_add_f32_e32 v0, v0, v2","",111
310546963554346,4294967295,111,"v_add_f32_e32 v0, v0, v2","",111
310546963553146,4294967295,111,"v_add_f32_e32 v0, v0, v2","",111
310546963553146,4294967295,111,"v_add_f32_e32 v0, v0, v2","",111
310546963554946,4294967295,111,"v_add_f32_e32 v0, v0, v2","",111
310546963555026,4294967295,111,"v_add_f32_e32 v0, v0, v2","",111
310546963555026,4294967295,111,"v_add_f32_e32 v0, v0, v2","",111
310546963555066,4294967295,111,"v_add_f32_e32 v0, v0, v2","",111
310546963555066,4294967295,111,"v_add_f32_e32 v0, v0, v2","",111
310546963555026,4294967295,111,"v_add_f32_e32 v0, v0, v2","",111
310546963555026,4294967295,111,"v_add_f32_e32 v0, v0, v2","",111
310546963555026,4294967295,111,"v_add_f32_e32 v0, v0, v2","",111
310546963555066,4294967295,111,"v_add_f32_e32 v0, v0, v2","",111
310546963554386,4294967295,111,"v_add_f32_e32 v0, v0, v2","",111
310546963554386,4294967295,111,"v_add_f32_e32 v0, v0, v2","",111
310546963554426,4294967295,111,"v_add_f32_e32 v0, v0, v2","",111
310546963554426,4294967295,111,"v_add_f32_e32 v0, v0, v2","",111
310546963555106,4294967295,111,"v_add_f32_e32 v0, v0, v2","",111
310546963555106,4294967295,111,"v_add_f32_e32 v0, v0, v2","",111
310546963555146,4294967295,111,"v_add_f32_e32 v0, v0, v2","",111
310546963555146,4294967295,111,"v_add_f32_e32 v0, v0, v2","",111
310546963556026,4294967295,111,"v_add_f32_e32 v0, v0, v2","",111
310546963556026,4294967295,111,"v_add_f32_e32 v0, v0, v2","",111
310546963556066,4294967295,111,"v_add_f32_e32 v0, v0, v2","",111
310546963556066,4294967295,111,"v_add_f32_e32 v0, v0, v2","",111
310546963554946,4294967295,111,"v_add_f32_e32 v0, v0, v2","",111
310546963556026,4294967295,111,"v_add_f32_e32 v0, v0, v2","",111
310546963556026,4294967295,111,"v_add_f32_e32 v0, v0, v2","",111
310546963556066,4294967295,111,"v_add_f32_e32 v0, v0, v2","",111
310546963556066,4294967295,111,"v_add_f32_e32 v0, v0, v2","",111
310546963556106,4294967295,111,"v_add_f32_e32 v0, v0, v2","",111
310546963556146,4294967295,111,"v_add_f32_e32 v0, v0, v2","",111
310546963556146,4294967295,111,"v_add_f32_e32 v0, v0, v2","",111
310546963556146,4294967295,111,"v_add_f32_e32 v0, v0, v2","",111
310546963556506,4294967295,111,"v_add_f32_e32 v0, v0, v2","",111
310546963556506,4294967295,111,"v_add_f32_e32 v0, v0, v2","",111
310546963556506,4294967295,111,"v_add_f32_e32 v0, v0, v2","",111
310546963556506,4294967295,111,"v_add_f32_e32 v0, v0, v2","",111
310546963554946,4294967295,111,"v_add_f32_e32 v0, v0, v2","",111
310546963554946,4294967295,111,"v_add_f32_e32 v0, v0, v2","",111
310546963558906,4294967295,111,"v_add_f32_e32 v0, v0, v2","",111
310546963558906,4294967295,111,"v_add_f32_e32 v0, v0, v2","",111
310546963558906,4294967295,111,"v_add_f32_e32 v0, v0, v2","",111
310546963558946,4294967295,111,"v_add_f32_e32 v0, v0, v2","",111
310546964551515,4294967295,113,"v_cmp_gt_u64_e32 vcc_lo, s[2:3], v[0:1]","",113
310546964551515,0,113,"s_endpgm","",113
310546964551555,4294967295,113,"v_add_f32_e32 v0, v0, v2","",113
310546964551555,4294967295,113,"v_add_f32_e32 v0, v0, v2","",113
310546964553675,4294967295,113,"v_add_f32_e32 v0, v0, v2","",113
310546964553595,4294967295,113,"v_add_f32_e32 v0, v0, v2","",113
310546964553595,4294967295,113,"v_add_f32_e32 v0, v0, v2","",113
310546964553635,4294967295,113,"v_add_f32_e32 v0, v0, v2","",113
310546964553995,4294967295,113,"v_add_f32_e32 v0, v0, v2","",113
310546964554635,4294967295,113,"v_add_f32_e32 v0, v0, v2","",113
310546964554675,4294967295,113,"v_add_f32_e32 v0, v0, v2","",113
310546964554675,4294967295,113,"v_add_f32_e32 v0, v0, v2","",113
310546964556955,4294967295,113,"v_add_f32_e32 v0, v0, v2","",113
310546964555595,4294967295,113,"v_add_f32_e32 v0, v0, v2","",113
310546964555595,4294967295,113,"v_add_f32_e32 v0, v0, v2","",113
310546964555595,4294967295,113,"v_add_f32_e32 v0, v0, v2","",113
310546964557155,4294967295,113,"v_add_f32_e32 v0, v0, v2","",113
310546964557155,4294967295,113,"v_add_f32_e32 v0, v0, v2","",113
310546964557195,4294967295,113,"v_add_f32_e32 v0, v0, v2","",113
310546964557195,4294967295,113,"v_add_f32_e32 v0, v0, v2","",113
310546964555635,4294967295,113,"v_add_f32_e32 v0, v0, v2","",113
310546964556195,4294967295,113,"v_add_f32_e32 v0, v0, v2","",113
310546964556195,4294967295,113,"v_add_f32_e32 v0, v0, v2","",113
310546964556195,4294967295,113,"v_add_f32_e32 v0, v0, v2","",113
310546964557875,4294967295,113,"v_add_f32_e32 v0, v0, v2","",113
310546964553995,4294967295,113,"v_add_f32_e32 v0, v0, v2","",113
310546964557515,4294967295,113,"v_add_f32_e32 v0, v0, v2","",113
310546964558635,4294967295,113,"v_add_f32_e32 v0, v0, v2","",113
310546964558635,4294967295,113,"v_add_f32_e32 v0, v0, v2","",113
310546964558635,4294967295,113,"v_add_f32_e32 v0, v0, v2","",113
310546964558635,4294967295,113,"v_add_f32_e32 v0, v0, v2","",113
310546964558875,4294967295,113,"v_add_f32_e32 v0, v0, v2","",113
310546964558875,4294967295,113,"v_add_f32_e32 v0, v0, v2","",113
310546964558875,4294967295,113,"v_add_f32_e32 v0, v0, v2","",113
310546964558915,4294967295,113,"v_add_f32_e32 v0, v0, v2","",113
310546964557875,4294967295,113,"v_add_f32_e32 v0, v0, v2","",113
310546964557995,4294967295,113,"v_add_f32_e32 v0, v0, v2","",113
310546964557995,4294967295,113,"v_add_f32_e32 v0, v0, v2","",113
310546964557995,4294967295,113,"v_add_f32_e32 v0, v0, v2","",113
310546964558035,4294967295,113,"v_add_f32_e32 v0, v0, v2","",113
310546964558275,4294967295,113,"v_add_f32_e32 v0, v0, v2","",113
310546964558315,4294967295,113,"v_add_f32_e32 v0, v0, v2","",113
310546964558315,4294967295,113,"v_add_f32_e32 v0, v0, v2","",113
310546964558315,4294967295,113,"v_add_f32_e32 v0, v0, v2","",113
310546964557875,4294967295,113,"v_add_f32_e32 v0, v0, v2","",113
310546964558595,4294967295,113,"v_add_f32_e32 v0, v0, v2","",113
310546964558635,4294967295,113,"v_add_f32_e32 v0, v0, v2","",113
310546964558635,4294967295,113,"v_add_f32_e32 v0, v0, v2","",113
310546964557515,4294967295,113,"v_add_f32_e32 v0, v0, v2","",113
310546964557515,4294967295,113,"v_add_f32_e32 v0, v0, v2","",113
310546964557555,4294967295,113,"v_add_f32_e32 v0, v0, v2","",113
310546964559115,4294967295,113,"v_add_f32_e32 v0, v0, v2","",113
310546964559115,4294967295,113,"v_add_f32_e32 v0, v0, v2","",113
310546964559155,4294967295,113,"v_add_f32_e32 v0, v0, v2","",113
310546964556955,4294967295,113,"v_add_f32_e32 v0, v0, v2","",113
310546964556995,4294967295,113,"v_add_f32_e32 v0, v0, v2","",113
310546964556995,4294967295,113,"v_add_f32_e32 v0, v0, v2","",113
310546964559155,4294967295,113,"v_add_f32_e32 v0, v0, v2","",113
310546964559115,4294967295,113,"v_add_f32_e32 v0, v0, v2","",113
310546964559115,4294967295,113,"v_add_f32_e32 v0, v0, v2","",113
310546964559155,4294967295,113,"v_add_f32_e32 v0, v0, v2","",113
310546964559155,4294967295,113,"v_add_f32_e32 v0, v0, v2","",113
310546964559115,4294967295,113,"v_add_f32_e32 v0, v0, v2","",113
310546964559155,4294967295,113,"v_add_f32_e32 v0, v0, v2","",113
310546964559155,4294967295,113,"v_add_f32_e32 v0, v0, v2","",113
310546964559155,4294967295,113,"v_add_f32_e32 v0, v0, v2","",113
310546964559115,4294967295,113,"v_add_f32_e32 v0, v0, v2","",113
310546964559115,4294967295,113,"v_add_f32_e32 v0, v0, v2","",113
310546964559115,4294967295,113,"v_add_f32_e32 v0, v0, v2","",113
310546964559155,4294967295,113,"v_add_f32_e32 v0, v0, v2","",113
310546964559155,4294967295,113,"v_add_f32_e32 v0, v0, v2","",113
310546964559155,4294967295,113,"v_add_f32_e32 v0, v0, v2","",113
310546964559195,4294967295,113,"v_add_f32_e32 v0, v0, v2","",113
310546964559155,4294967295,113,"v_add_f32_e32 v0, v0, v2","",113
310546964559155,4294967295,113,"v_add_f32_e32 v0, v0, v2","",113
310546964559115,4294967295,113,"v_add_f32_e32 v0, v0, v2","",113
310546964559115,4294967295,113,"v_add_f32_e32 v0, v0, v2","",113
310546964559155,4294967295,113,"v_add_f32_e32 v0, v0, v2","",113
310546964559195,4294967295,113,"v_add_f32_e32 v0, v0, v2","",113
310546964559395,4294967295,113,"v_add_f32_e32 v0, v0, v2","",113
310546964559435,4294967295,113,"v_add_f32_e32 v0, v0, v2","",113
310546964559475,4294967295,113,"v_add_f32_e32 v0, v0, v2","",113
310546964559395,4294967295,113,"v_add_f32_e32 v0, v0, v2","",113
310546964559475,4294967295,113,"v_add_f32_e32 v0, v0, v2","",113
310546964559115,4294967295,113,"v_add_co_u32 v0, vcc_lo, s0, v0","",113
310546964559115,4294967295,113,"v_add_co_u32 v0, vcc_lo, s0, v0","",113
310546964559475,4294967295,113,"v_add_f32_e32 v0, v0, v2","",113
310546964559555,4294967295,113,"v_add_f32_e32 v0, v0, v2","",113
310546964559595,4294967295,113,"v_add_f32_e32 v0, v0, v2","",113
310546964559595,4294967295,113,"v_add_f32_e32 v0, v0, v2","",113
310546964559555,4294967295,113,"v_add_f32_e32 v0, v0, v2","",113
310546964559595,4294967295,113,"v_add_f32_e32 v0, v0, v2","",113
310546964559595,4294967295,113,"v_add_f32_e32 v0, v0, v2","",113
310546964559155,4294967295,113,"v_add_f32_e32 v0, v0, v2","",113
310546964559635,4294967295,113,"v_add_f32_e32 v0, v0, v2","",113
310546964559915,4294967295,113,"v_add_f32_e32 v0, v0, v2","",113
310546964559915,4294967295,113,"v_add_f32_e32 v0, v0, v2","",113
310546964559915,4294967295,113,"v_add_f32_e32 v0, v0, v2","",113
310546964559915,4294967295,113,"v_add_f32_e32 v0, v0, v2","",113
310546964556515,4294967295,113,"v_add_f32_e32 v0, v0, v2","",113
310546964556595,4294967295,113,"v_add_f32_e32 v0, v0, v2","",113
310546964556715,4294967295,113,"v_add_f32_e32 v0, v0, v2","",113
310546964559475,4294967295,113,"v_add_f32_e32 v0, v0, v2","",113
310546964559515,4294967295,113,"v_add_f32_e32 v0, v0, v2","",113
310546964559515,4294967295,113,"v_add_f32_e32 v0, v0, v2","",113
310546964559435,4294967295,113,"v_add_f32_e32 v0, v0, v2","",113
310546964559435,4294967295,113,"v_add_f32_e32 v0, v0, v2","",113
310546964559435,4294967295,113,"v_add_f32_e32 v0, v0, v2","",113
310546964561955,4294967295,113,"v_add_f32_e32 v0, v0, v2","",113
310546964557595,4294967295,113,"v_add_f32_e32 v0, v0, v2","",113
310546964557755,4294967295,113,"v_add_f32_e32 v0, v0, v2","",113
310546964561995,4294967295,113,"v_add_f32_e32 v0, v0, v2","",113
310546964561995,4294967295,113,"v_add_f32_e32 v0, v0, v2","",113
310546964563675,4294967295,113,"v_add_f32_e32 v0, v0, v2","",113
310546964563675,4294967295,113,"v_add_f32_e32 v0, v0, v2","",113
310546964563675,4294967295,113,"v_add_f32_e32 v0, v0, v2","",113
310546965553365,4294967295,115,"v_mad_co_u64_u32 v[0:1], null, s4, ttmp9, v[0:1]","",115
310546965553365,4294967295,115,"v_add_f32_e32 v0, v0, v2","",115
310546965553485,4294967295,115,"v_add_f32_e32 v0, v0, v2","",115
310546965553485,4294967295,115,"v_add_f32_e32 v0, v0, v2","",115
310546965553485,4294967295,115,"v_add_f32_e32 v0, v0, v2","",115
310546965553685,4294967295,115,"v_add_f32_e32 v0, v0, v2","",115
310546965553685,4294967295,115,"v_add_f32_e32 v0, v0, v2","",115
310546965553525,4294967295,115,"v_add_f32_e32 v0, v0, v2","",115
310546965553685,4294967295,115,"v_add_f32_e32 v0, v0, v2","",115
310546965553725,4294967295,115,"v_add_f32_e32 v0, v0, v2","",115
310546965555285,4294967295,115,"v_add_f32_e32 v0, v0, v2","",115
310546965555285,4294967295,115,"v_add_f32_e32 v0, v0, v2","",115
310546965555285,4294967295,115,"v_add_f32_e32 v0, v0, v2","",115
310546965555325,4294967295,115,"v_add_f32_e32 v0, v0, v2","",115
310546965555645,4294967295,115,"v_add_f32_e32 v0, v0, v2","",115
310546965557925,4294967295,115,"v_add_f32_e32 v0, v0, v2","",115
310546965557925,4294967295,115,"v_add_f32_e32 v0, v0, v2","",115
310546965557925,4294967295,115,"v_cmp_gt_u64_e32 vcc_lo, s[2:3], v[0:1]","",115
310546965557965,4294967295,115,"v_add_f32_e32 v0, v0, v2","",115
310546965559685,4294967295,115,"v_add_f32_e32 v0, v0, v2","",115
310546965559685,4294967295,115,"v_add_f32_e32 v0, v0, v2","",115
310546965559725,4294967295,115,"v_add_f32_e32 v0, v0, v2","",115
310546965559725,4294967295,115,"v_add_f32_e32 v0, v0, v2","",115
310546965559205,4294967295,115,"v_add_f32_e32 v0, v0, v2","",115
310546965559205,4294967295,115,"v_add_f32_e32 v0, v0, v2","",115
310546965559205,4294967295,115,"v_add_f32_e32 v0, v0, v2","",115
310546965559285,4294967295,115,"v_add_f32_e32 v0, v0, v2","",115
310546965555645,4294967295,115,"v_add_f32_e32 v0, v0, v2","",115
310546965560045,4294967295,115,"v_add_f32_e32 v0, v0, v2","",115
310546965560045,4294967295,115,"v_add_f32_e32 v0, v0, v2","",115
310546965560045,4294967295,115,"v_add_f32_e32 v0, v0, v2","",115
310546965560045,4294967295,115,"v_add_f32_e32 v0, v0, v2","",115
310546965560085,4294967295,115,"v_add_f32_e32 v0, v0, v2","",115
310546965560085,4294967295,115,"v_add_f32_e32 v0, v0, v2","",115
310546965560085,4294967295,115,"v_add_f32_e32 v0, v0, v2","",115
310546965561525,4294967295,115,"v_add_f32_e32 v0, v0, v2","",115
310546965561525,4294967295,115,"v_add_f32_e32 v0, v0, v2","",115
310546965561525,4294967295,115,"v_add_f32_e32 v0, v0, v2","",115
310546965561565,4294967295,115,"v_add_f32_e32 v0, v0, v2","",115
310546965561045,4294967295,115,"v_add_f32_e32 v0, v0, v2","",115
310546965559285,4294967295,115,"v_add_f32_e32 v0, v0, v2","",115
310546965559285,4294967295,115,"v_add_f32_e32 v0, v0, v2","",115
310546965561085,4294967295,115,"v_add_f32_e32 v0, v0, v2","",115
310546965559325,4294967295,115,"v_add_f32_e32 v0, v0, v2","",115
310546965561085,4294967295,115,"v_add_f32_e32 v0, v0, v2","",115
310546965560405,4294967295,115,"v_add_f32_e32 v0, v0, v2","",115
310546965561085,4294967295,115,"v_add_f32_e32 v0, v0, v2","",115
310546965562005,4294967295,115,"v_add_f32_e32 v0, v0, v2","",115
310546965562045,4294967295,115,"v_add_f32_e32 v0, v0, v2","",115
310546965562045,4294967295,115,"v_add_f32_e32 v0, v0, v2","",115
310546965562045,4294967295,115,"v_add_f32_e32 v0, v0, v2","",115
310546965560965,4294967295,115,"v_add_f32_e32 v0, v0, v2","",115
310546965562005,4294967295,115,"v_add_f32_e32 v0, v0, v2","",115
310546965556245,4294967295,115,"v_add_f32_e32 v0, v0, v2","",115
310546965561805,4294967295,115,"v_add_f32_e32 v0, v0, v2","",115
310546965562045,4294967295,115,"v_add_f32_e32 v0, v0, v2","",115
310546965556405,4294967295,115,"v_add_f32_e32 v0, v0, v2","",115
310546965561005,4294967295,115,"v_add_f32_e32 v0, v0, v2","",115
310546965561005,4294967295,115,"v_add_f32_e32 v0, v0, v2","",115
310546965562045,4294967295,115,"v_add_f32_e32 v0, v0, v2","",115
310546965562285,4294967295,115,"v_add_f32_e32 v0, v0, v2","",115
310546965562285,4294967295,115,"v_add_f32_e32 v0, v0, v2","",115
310546965561005,4294967295,115,"v_add_f32_e32 v0, v0, v2","",115
310546965562325,4294967295,115,"v_add_f32_e32 v0, v0, v2","",115
310546965562325,4294967295,115,"v_add_f32_e32 v0, v0, v2","",115
310546965562045,4294967295,115,"v_add_f32_e32 v0, v0, v2","",115
310546965562245,4294967295,115,"v_add_f32_e32 v0, v0, v2","",115
310546965562245,4294967295,115,"v_add_f32_e32 v0, v0, v2","",115
310546965562285,4294967295,115,"v_add_f32_e32 v0, v0, v2","",115
310546965562285,4294967295,115,"v_add_f32_e32 v0, v0, v2","",115
310546965560405,4294967295,115,"v_add_f32_e32 v0, v0, v2","",115
310546965560445,4294967295,115,"v_add_f32_e32 v0, v0, v2","",115
310546965562245,4294967295,115,"v_add_f32_e32 v0, v0, v2","",115
310546965562285,4294967295,115,"v_add_f32_e32 v0, v0, v2","",115
310546965562285,4294967295,115,"v_add_f32_e32 v0, v0, v2","",115
310546965562285,4294967295,115,"v_add_f32_e32 v0, v0, v2","",115
310546965560445,4294967295,115,"v_add_f32_e32 v0, v0, v2","",115
310546965562245,4294967295,115,"v_add_f32_e32 v0, v0, v2","",115
310546965562245,4294967295,115,"v_add_f32_e32 v0, v0, v2","",115
310546965562285,4294967295,115,"v_add_f32_e32 v0, v0, v2","",115
310546965562605,4294967295,115,"v_add_f32_e32 v0, v0, v2","",115
310546965562285,4294967295,115,"v_add_f32_e32 v0, v0, v2","",115
310546965563405,4294967295,115,"v_add_f32_e32 v0, v0, v2","",115
310546965563445,4294967295,115,"v_add_f32_e32 v0, v0, v2","",115
310546965563445,4294967295,115,"v_add_f32_e32 v0, v0, v2","",115
310546965563445,4294967295,115,"v_add_f32_e32 v0, v0, v2","",115
310546965563365,4294967295,115,"v_add_f32_e32 v0, v0, v2","",115
310546965563405,4294967295,115,"v_add_f32_e32 v0, v0, v2","",115
310546965563405,4294967295,115,"v_add_f32_e32 v0, v0, v2","",115
310546965563405,4294967295,115,"v_add_f32_e32 v0, v0, v2","",115
310546965563365,4294967295,115,"v_add_f32_e32 v0, v0, v2","",115
310546965563405,4294967295,115,"v_add_f32_e32 v0, v0, v2","",115
310546965563405,4294967295,115,"v_add_f32_e32 v0, v0, v2","",115
310546965563405,4294967295,115,"v_add_f32_e32 v0, v0, v2","",115
310546965563405,4294967295,115,"v_add_f32_e32 v0, v0, v2","",115
310546965562605,4294967295,115,"v_add_f32_e32 v0, v0, v2","",115
310546965561805,4294967295,115,"v_add_f32_e32 v0, v0, v2","",115
310546965561805,4294967295,115,"v_add_f32_e32 v0, v0, v2","",115
310546965561805,4294967295,115,"v_add_f32_e32 v0, v0, v2","",115
310546965562645,4294967295,115,"v_add_f32_e32 v0, v0, v2","",115
310546965563405,4294967295,115,"v_add_f32_e32 v0, v0, v2","",115
310546965563405,4294967295,115,"v_add_f32_e32 v0, v0, v2","",115
310546965562645,4294967295,115,"v_add_f32_e32 v0, v0, v2","",115
310546965564245,4294967295,115,"v_add_f32_e32 v0, v0, v2","",115
310546965564245,4294967295,115,"v_add_f32_e32 v0, v0, v2","",115
310546965563405,4294967295,115,"v_add_f32_e32 v0, v0, v2","",115
310546965564285,4294967295,115,"v_add_f32_e32 v0, v0, v2","",115
310546965564485,4294967295,115,"v_add_f32_e32 v0, v0, v2","",115
310546965564525,4294967295,115,"v_add_f32_e32 v0, v0, v2","",115
310546965564525,4294967295,115,"v_add_f32_e32 v0, v0, v2","",115
310546965564525,4294967295,115,"v_add_f32_e32 v0, v0, v2","",115
310546965565165,4294967295,115,"v_add_f32_e32 v0, v0, v2","",115
310546965565165,4294967295,115,"v_add_f32_e32 v0, v0, v2","",115
310546965565165,4294967295,115,"v_add_f32_e32 v0, v0, v2","",115
310546965565165,4294967295,115,"v_add_f32_e32 v0, v0, v2","",115
310546965566285,4294967295,115,"v_cmp_eq_f32_e32 vcc_lo, 0x449a522b, v0","",115
310546965566285,4294967295,115,"v_add_f32_e32 v0, v0, v2","",115
310546965566285,4294967295,115,"v_add_f32_e32 v0, v0, v2","",115
310546965566285,4294967295,115,"v_add_f32_e32 v0, v0, v2","",115
310546965568445,4294967295,115,"v_add_f32_e32 v0, v0, v2","",115
310546965568445,4294967295,115,"v_add_f32_e32 v0, v0, v2","",115
310546965568485,4294967295,115,"v_add_f32_e32 v0, v0, v2","",115
310546965568485,4294967295,115,"v_add_f32_e32 v0, v0, v2","",115
310546966555574,4294967295,117,"v_add_f32_e32 v0, v0, v2","",117
310546966555614,4294967295,117,"v_add_f32_e32 v0, v0, v2","",117
310546966555934,4294967295,117,"v_add_f32_e32 v0, v0, v2","",117
310546966555934,4294967295,117,"v_add_f32_e32 v0, v0, v2","",117
310546966556174,4294967295,117,"v_add_f32_e32 v0, v0, v2","",117
310546966556174,4294967295,117,"v_add_f32_e32 v0, v0, v2","",117
310546966556174,4294967295,117,"v_add_f32_e32 v0, v0, v2","",117
310546966556174,4294967295,117,"v_add_f32_e32 v0, v0, v2","",117
310546966557694,4294967295,117,"v_add_co_u32 v0, vcc_lo, s0, v0","",117
310546966556894,4294967295,117,"v_add_f32_e32 v0, v0, v2","",117
310546966556894,4294967295,117,"v_add_f32_e32 v0, v0, v2","",117
310546966556894,4294967295,117,"v_add_f32_e32 v0, v0, v2","",117
310546966556894,4294967295,117,"v_add_f32_e32 v0, v0, v2","",117
310546966557654,4294967295,117,"v_add_co_u32 v0, vcc_lo, s0, v0","",117
310546966557694,4294967295,117,"v_add_co_u32 v0, vcc_lo, s0, v0","",117
310546966557694,4294967295,117,"v_add_f32_e32 v0, v0, v2","",117
310546966559294,4294967295,117,"v_add_f32_e32 v0, v0, v2","",117
310546966559294,4294967295,117,"v_add_f32_e32 v0, v0, v2","",117
310546966559494,4294967295,117,"v_add_f32_e32 v0, v0, v2","",117
310546966560054,4294967295,117,"s_and_saveexec_b32 s2, vcc_lo","",117
310546966560054,4294967295,117,"s_and_saveexec_b32 s2, vcc_lo","",117
310546966560054,4294967295,117,"v_add_f32_e32 v0, v0, v3","",117
310546966560054,4294967295,117,"s_and_saveexec_b32 s2, vcc_lo","",117
310546966560134,4294967295,117,"v_add_f32_e32 v0, v0, v2","",117
310546966560134,4294967295,117,"v_add_f32_e32 v0, v0, v2","",117
310546966559494,4294967295,117,"v_add_f32_e32 v0, v0, v2","",117
310546966559534,4294967295,117,"v_add_f32_e32 v0, v0, v2","",117
310546966560174,4294967295,117,"v_add_f32_e32 v0, v0, v2","",117
310546966560174,4294967295,117,"v_add_f32_e32 v0, v0, v2","",117
310546966560294,4294967295,117,"v_add_f32_e32 v0, v0, v2","",117
310546966560294,4294967295,117,"v_add_f32_e32 v0, v0, v2","",117
310546966562254,4294967295,117,"v_add_f32_e32 v0, v0, v2","",117
310546966561534,4294967295,117,"v_mad_co_u64_u32 v[0:1], null, s4, ttmp9, v[0:1]","",117
310546966561494,4294967295,117,"v_mad_co_u64_u32 v[0:1], null, s4, ttmp9, v[0:1]","",117
310546966561534,4294967295,117,"v_mad_co_u64_u32 v[0:1], null, s4, ttmp9, v[0:1]","",117
310546966562294,4294967295,117,"v_add_f32_e32 v0, v0, v2","",117
310546966561534,4294967295,117,"v_add_f32_e32 v0, v0, v2","",117
310546966562294,4294967295,117,"v_add_f32_e32 v0, v0, v2","",117
310546966562294,4294967295,117,"v_add_f32_e32 v0, v0, v2","",117
310546966562294,4294967295,117,"v_add_f32_e32 v0, v0, v2","",117
310546966562294,4294967295,117,"v_add_f32_e32 v0, v0, v2","",117
310546966563014,4294967295,117,"v_add_f32_e32 v0, v0, v2","",117
310546966562294,4294967295,117,"v_add_f32_e32 v0, v0, v2","",117
310546966562294,4294967295,117,"v_add_f32_e32 v0, v0, v2","",117
310546966562294,4294967295,117,"v_add_f32_e32 v0, v0, v2","",117
310546966562294,4294967295,117,"v_add_f32_e32 v0, v0, v2","",117
310546966562254,4294967295,117,"v_add_f32_e32 v0, v0, v2","",117
310546966562294,4294967295,117,"v_add_f32_e32 v0, v0, v2","",117
310546966562294,4294967295,117,"v_add_f32_e32 v0, v0, v2","",117
310546966562254,4294967295,117,"v_add_f32_e32 v0, v0, v2","",117
310546966562294,4294967295,117,"v_add_f32_e32 v0, v0, v2","",117
310546966562294,4294967295,117,"v_add_f32_e32 v0, v0, v2","",117
310546966562294,4294967295,117,"v_add_f32_e32 v0, v0, v2","",117
310546966562294,4294967295,117,"v_add_f32_e32 v0, v0, v2","",117
310546966562334,4294967295,117,"v_add_f32_e32 v0, v0, v2","",117
310546966562334,4294967295,117,"v_add_f32_e32 v0, v0, v2","",117
310546966563094,4294967295,117,"v_add_f32_e32 v0, v0, v2","",117
310546966563134,4294967295,117,"v_add_f32_e32 v0, v0, v2","",117
310546966563134,4294967295,117,"v_add_f32_e32 v0, v0, v2","",117
310546966563134,4294967295,117,"v_add_f32_e32 v0, v0, v2","",117
310546966558534,4294967295,117,"v_add_f32_e32 v0, v0, v2","",117
310546966564494,4294967295,117,"v_add_f32_e32 v0, v0, v2","",117
310546966564494,4294967295,117,"v_add_f32_e32 v0, v0, v2","",117
310546966564494,4294967295,117,"v_add_f32_e32 v0, v0, v2","",117
310546966564494,4294967295,117,"v_add_f32_e32 v0, v0, v2","",117
310546966564454,4294967295,117,"v_add_f32_e32 v0, v0, v2","",117
310546966564454,4294967295,117,"v_add_f32_e32 v0, v0, v2","",117
310546966564454,4294967295,117,"v_add_f32_e32 v0, v0, v2","",117
310546966564454,4294967295,117,"v_add_f32_e32 v0, v0, v2","",117
310546966559294,4294967295,117,"v_cmp_eq_f32_e32 vcc_lo, 0x449a522b, v0","",117
310546966559334,4294967295,117,"v_add_f32_e32 v0, v0, v2","",117
310546966563054,4294967295,117,"v_add_f32_e32 v0, v0, v2","",117
310546966562294,4294967295,117,"v_add_f32_e32 v0, v0, v2","",117
310546966562294,4294967295,117,"v_add_f32_e32 v0, v0, v2","",117
310546966562294,4294967295,117,"v_add_f32_e32 v0, v0, v2","",117
310546966564454,4294967295,117,"v_add_f32_e32 v0, v0, v2","",117
310546966564454,4294967295,117,"v_add_f32_e32 v0, v0, v2","",117
310546966562294,4294967295,117,"v_add_f32_e32 v0, v0, v2","",117
310546966562294,4294967295,117,"v_add_f32_e32 v0, v0, v2","",117
310546966564894,4294967295,117,"v_add_f32_e32 v0, v0, v2","",117
310546966564934,4294967295,117,"v_add_f32_e32 v0, v0, v2","",117
310546966564934,4294967295,117,"v_add_f32_e32 v0, v0, v2","",117
310546966564934,4294967295,117,"v_add_f32_e32 v0, v0, v2","",117
310546966562294,4294967295,117,"v_add_f32_e32 v0, v0, v2","",117
310546966565734,4294967295,117,"v_add_f32_e32 v0, v0, v2","",117
310546966565774,4294967295,117,"v_add_f32_e32 v0, v0, v2","",117
310546966565774,4294967295,117,"v_add_f32_e32 v0, v0, v2","",117
310546966565774,4294967295,117,"v_add_f32_e32 v0, v0, v2","",117
310546966566454,4294967295,117,"v_add_f32_e32 v0, v0, v2","",117
310546966566494,4294967295,117,"v_add_f32_e32 v0, v0, v2","",117
310546966566494,4294967295,117,"v_add_f32_e32 v0, v0, v2","",117
310546966563054,4294967295,117,"v_add_f32_e32 v0, v0, v2","",117
310546966563054,4294967295,117,"v_add_f32_e32 v0, v0, v2","",117
310546966566854,4294967295,117,"v_add_f32_e32 v0, v0, v2","",117
310546966566854,4294967295,117,"v_add_f32_e32 v0, v0, v2","",117
310546966567054,4294967295,117,"v_add_f32_e32 v0, v0, v2","",117
310546966567054,4294967295,117,"v_add_f32_e32 v0, v0, v2","",117
310546966567054,4294967295,117,"v_add_f32_e32 v0, v0, v2","",117
310546966567054,4294967295,117,"v_add_f32_e32 v0, v0, v2","",117
310546966568014,4294967295,117,"v_add_f32_e32 v0, v0, v2","",117
310546966568014,4294967295,117,"v_add_f32_e32 v0, v0, v2","",117
310546966568054,4294967295,117,"v_add_f32_e32 v0, v0, v2","",117
310546966568054,4294967295,117,"v_add_f32_e32 v0, v0, v2","",117
310546966568934,4294967295,117,"v_add_f32_e32 v0, v0, v2","",117
310546966568934,4294967295,117,"v_add_f32_e32 v0, v0, v2","",117
310546966568934,4294967295,117,"v_add_f32_e32 v0, v0, v2","",117
310546966568934,4294967295,117,"v_add_f32_e32 v0, v0, v2","",117
310546966569974,4294967295,117,"v_add_f32_e32 v0, v0, v2","",117
310546966569974,4294967295,117,"v_add_f32_e32 v0, v0, v2","",117
310546966569974,4294967295,117,"v_add_f32_e32 v0, v0, v2","",117
310546966570014,4294967295,117,"v_add_f32_e32 v0, v0, v2","",117
310546966570854,4294967295,117,"v_add_f32_e32 v0, v0, v2","",117
310546966570854,4294967295,117,"v_add_f32_e32 v0, v0, v2","",117
310546966570854,4294967295,117,"v_add_f32_e32 v0, v0, v2","",117
310546966570894,4294967295,117,"v_add_f32_e32 v0, v0, v2","",117
310546967560463,4294967295,119,"v_add_f32_e32 v0, v0, v2","",119
310546967560463,4294967295,119,"v_add_f32_e32 v0, v0, v2","",119
310546967561263,4294967295,119,"v_add_co_u32 v0, vcc_lo, s0, v0","",119
310546967561303,4294967295,119,"v_add_f32_e32 v0, v0, v2","",119
310546967561303,4294967295,119,"v_add_f32_e32 v0, v0, v2","",119
310546967561303,4294967295,119,"v_add_f32_e32 v0, v0, v2","",119
310546967562103,4294967295,119,"v_add_f32_e32 v0, v0, v2","",119
310546967562103,4294967295,119,"v_add_f32_e32 v0, v0, v2","",119
310546967562143,4294967295,119,"v_add_f32_e32 v0, v0, v2","",119
310546967562103,4294967295,119,"v_add_f32_e32 v0, v0, v2","",119
310546967562103,4294967295,119,"v_add_f32_e32 v0, v0, v2","",119
310546967562583,4294967295,119,"v_add_f32_e32 v0, v0, v2","",119
310546967563823,4294967295,119,"v_add_f32_e32 v0, v0, v2","",119
310546967564183,4294967295,119,"v_add_f32_e32 v0, v0, v2","",119
310546967562863,4294967295,119,"v_add_f32_e32 v0, v0, v2","",119
310546967562623,4294967295,119,"v_mad_co_u64_u32 v[0:1], null, s4, ttmp9, v[0:1]","",119
310546967562623,4294967295,119,"v_mad_co_u64_u32 v[0:1], null, s4, ttmp9, v[0:1]","",119
310546967562623,4294967295,119,"v_add_f32_e32 v0, v0, v2","",119
310546967563223,4294967295,119,"v_add_f32_e32 v0, v0, v2","",119
310546967563223,4294967295,119,"v_add_f32_e32 v0, v0, v2","",119
310546967563223,4294967295,119,"v_add_f32_e32 v0, v0, v2","",119
310546967563263,4294967295,119,"v_add_f32_e32 v0, v0, v2","",119
310546967564183,4294967295,119,"v_add_f32_e32 v0, v0, v2","",119
310546967564383,4294967295,119,"v_add_f32_e32 v0, v0, v2","",119
310546967564423,4294967295,119,"v_add_f32_e32 v0, v0, v2","",119
310546967564423,4294967295,119,"v_add_f32_e32 v0, v0, v2","",119
310546967564423,4294967295,119,"v_add_f32_e32 v0, v0, v2","",119
310546967562103,4294967295,119,"v_add_f32_e32 v0, v0, v2","",119
310546967565143,4294967295,119,"v_add_f32_e32 v0, v0, v2","",119
310546967565143,4294967295,119,"v_add_f32_e32 v0, v0, v2","",119
310546967565143,4294967295,119,"v_add_f32_e32 v0, v0, v2","",119
310546967565183,4294967295,119,"v_add_f32_e32 v0, v0, v2","",119
310546967566143,4294967295,119,"v_add_f32_e32 v0, v0, v2","",119
310546967566463,4294967295,119,"v_add_f32_e32 v0, v0, v2","",119
310546967566463,4294967295,119,"v_add_f32_e32 v0, v0, v2","",119
310546967566463,4294967295,119,"v_add_f32_e32 v0, v0, v2","",119
310546967565943,4294967295,119,"s_and_saveexec_b32 s2, vcc_lo","",119
310546967565943,4294967295,119,"v_cmp_gt_u64_e32 vcc_lo, s[2:3], v[0:1]","",119
310546967565943,4294967295,119,"v_add_f32_e32 v0, v0, v2","",119
310546967562903,4294967295,119,"v_add_f32_e32 v0, v0, v2","",119
310546967562903,4294967295,119,"v_add_f32_e32 v0, v0, v2","",119
310546967566463,4294967295,119,"v_add_f32_e32 v0, v0, v2","",119
310546967562903,4294967295,119,"v_add_f32_e32 v0, v0, v2","",119
310546967567423,4294967295,119,"v_add_f32_e32 v0, v0, v2","",119
310546967567423,4294967295,119,"v_add_f32_e32 v0, v0, v2","",119
310546967567463,4294967295,119,"v_add_f32_e32 v0, v0, v2","",119
310546967562103,4294967295,119,"v_mad_co_u64_u32 v[0:1], null, s4, ttmp9, v[0:1]","",119
310546967562143,4294967295,119,"v_add_f32_e32 v0, v0, v2","",119
310546967566183,4294967295,119,"v_add_f32_e32 v0, v0, v2","",119
310546967566423,4294967295,119,"v_add_f32_e32 v0, v0, v2","",119
310546967567463,4294967295,119,"v_add_f32_e32 v0, v0, v2","",119
310546967567063,4294967295,119,"v_add_f32_e32 v0, v0, v2","",119
310546967567823,4294967295,119,"v_add_f32_e32 v0, v0, v2","",119
310546967564183,4294967295,119,"v_add_f32_e32 v0, v0, v2","",119
310546967564183,4294967295,119,"v_add_f32_e32 v0, v0, v2","",119
310546967564223,4294967295,119,"v_add_f32_e32 v0, v0, v2","",119
310546967567823,4294967295,119,"v_add_f32_e32 v0, v0, v2","",119
310546967563863,4294967295,119,"v_add_f32_e32 v0, v0, v2","",119
310546967567063,4294967295,119,"v_add_f32_e32 v0, v0, v2","",119
310546967567063,4294967295,119,"v_add_f32_e32 v0, v0, v2","",119
310546967567063,4294967295,119,"v_add_f32_e32 v0, v0, v2","",119
310546967564183,4294967295,119,"v_add_f32_e32 v0, v0, v2","",119
310546967564183,4294967295,119,"v_add_f32_e32 v0, v0, v2","",119
310546967563863,4294967295,119,"v_add_f32_e32 v0, v0, v2","",119
310546967563863,4294967295,119,"v_add_f32_e32 v0, v0, v2","",119
310546967568103,4294967295,119,"v_add_f32_e32 v0, v0, v2","",119
310546967566463,4294967295,119,"v_add_f32_e32 v0, v0, v2","",119
310546967566463,4294967295,119,"v_add_f32_e32 v0, v0, v2","",119
310546967566463,4294967295,119,"v_add_f32_e32 v0, v0, v2","",119
310546967567863,4294967295,119,"v_add_f32_e32 v0, v0, v2","",119
310546967567863,4294967295,119,"v_add_f32_e32 v0, v0, v2","",119
310546967569024,4294967295,119,"v_add_f32_e32 v0, v0, v2","",119
310546967569024,4294967295,119,"v_add_f32_e32 v0, v0, v2","",119
310546967569024,4294967295,119,"v_add_f32_e32 v0, v0, v2","",119
310546967569064,4294967295,119,"v_add_f32_e32 v0, v0, v2","",119
310546967568103,4294967295,119,"v_add_f32_e32 v0, v0, v2","",119
310546967568183,4294967295,119,"v_add_f32_e32 v0, v0, v2","",119
310546967568183,4294967295,119,"v_add_f32_e32 v0, v0, v2","",119
310546967568223,4294967295,119,"v_add_f32_e32 v0, v0, v2","",119
310546967568223,4294967295,119,"v_add_f32_e32 v0, v0, v2","",119
310546967569224,4294967295,119,"v_add_f32_e32 v0, v0, v2","",119
310546967569224,4294967295,119,"v_add_f32_e32 v0, v0, v2","",119
310546967569224,4294967295,119,"v_add_f32_e32 v0, v0, v2","",119
310546967569264,4294967295,119,"v_add_f32_e32 v0, v0, v2","",119
310546967568103,4294967295,119,"v_add_f32_e32 v0, v0, v2","",119
310546967568664,4294967295,119,"v_add_f32_e32 v0, v0, v2","",119
310546967568664,4294967295,119,"v_add_f32_e32 v0, v0, v2","",119
310546967568664,4294967295,119,"v_add_f32_e32 v0, v0, v2","",119
310546967568664,4294967295,119,"v_add_f32_e32 v0, v0, v2","",119
310546967568103,4294967295,119,"v_add_f32_e32 v0, v0, v2","",119
310546967569384,4294967295,119,"v_add_f32_e32 v0, v0, v2","",119
310546967569384,4294967295,119,"v_add_f32_e32 v0, v0, v2","",119
310546967569384,4294967295,119,"v_add_f32_e32 v0, v0, v2","",119
310546967566183,4294967295,119,"v_add_f32_e32 v0, v0, v2","",119
310546967566183,4294967295,119,"v_add_f32_e32 v0, v0, v2","",119
310546967569384,4294967295,119,"v_add_f32_e32 v0, v0, v2","",119
310546967569384,4294967295,119,"v_add_f32_e32 v0, v0, v2","",119
310546967569384,4294967295,119,"v_add_f32_e32 v0, v0, v2","",119
310546967569424,4294967295,119,"v_add_f32_e32 v0, v0, v2","",119
310546967570864,4294967295,119,"v_add_f32_e32 v0, v0, v2","",119
310546967570864,4294967295,119,"v_add_f32_e32 v0, v0, v2","",119
310546967570904,4294967295,119,"v_add_f32_e32 v0, v0, v2","",119
310546967570944,4294967295,119,"v_add_f32_e32 v0, v0, v2","",119
310546967570864,4294967295,119,"v_add_f32_e32 v0, v0, v2","",119
310546967570864,4294967295,119,"v_add_f32_e32 v0, v0, v2","",119
310546967570904,4294967295,119,"v_add_f32_e32 v0, v0, v2","",119
310546967570864,4294967295,119,"v_add_f32_e32 v0, v0, v2","",119
310546967570904,4294967295,119,"v_add_f32_e32 v0, v0, v2","",119
310546967570904,4294967295,119,"v_add_f32_e32 v0, v0, v2","",119
310546967570904,4294967295,119,"s_wait_loadcnt 0x0","",119
310546967570864,4294967295,119,"v_add_f32_e32 v0, v0, v2","",119
310546967570904,4294967295,119,"v_add_f32_e32 v0, v0, v2","",119
310546967570904,4294967295,119,"v_add_f32_e32 v0, v0, v2","",119
310546967570904,4294967295,119,"v_add_f32_e32 v0, v0, v2","",119
310546967571024,4294967295,119,"v_add_f32_e32 v0, v0, v2","",119
310546967571024,4294967295,119,"v_add_f32_e32 v0, v0, v2","",119
310546967571024,4294967295,119,"v_add_f32_e32 v0, v0, v2","",119
310546967571064,4294967295,119,"v_add_f32_e32 v0, v0, v2","",119
310546967572424,4294967295,119,"v_add_f32_e32 v0, v0, v2","",119
310546967572424,4294967295,119,"v_add_f32_e32 v0, v0, v2","",119
310546967572424,4294967295,119,"v_add_f32_e32 v0, v0, v2","",119
310546967572424,4294967295,119,"v_add_f32_e32 v0, v0, v2","",119
310546968563913,4294967295,121,"v_add_f32_e32 v0, v0, v2","",121
310546968563913,4294967295,121,"v_add_f32_e32 v0, v0, v2","",121
310546968563913,4294967295,121,"v_add_f32_e32 v0, v0, v2","",121
310546968563913,4294967295,121,"v_add_f32_e32 v0, v0, v2","",121
310546968564753,4294967295,121,"v_add_f32_e32 v0, v0, v2","",121
310546968564913,4294967295,121,"v_add_f32_e32 v0, v0, v2","",121
310546968564953,4294967295,121,"v_add_f32_e32 v0, v0, v2","",121
310546968564953,4294967295,121,"v_add_f32_e32 v0, v0, v2","",121
310546968564953,4294967295,121,"v_add_f32_e32 v0, v0, v2","",121
310546968564913,4294967295,121,"v_cmp_eq_f32_e32 vcc_lo, 0x449a522b, v0","",121
310546968564913,4294967295,121,"v_add_f32_e32 v0, v0, v2","",121
310546968565633,4294967295,121,"v_add_f32_e32 v0, v0, v2","",121
310546968565633,4294967295,121,"v_add_f32_e32 v0, v0, v2","",121
310546968565153,4294967295,121,"v_add_f32_e32 v0, v0, v2","",121
310546968565153,4294967295,121,"v_add_f32_e32 v0, v0, v2","",121
310546968565153,4294967295,121,"v_add_f32_e32 v0, v0, v2","",121
310546968565833,4294967295,121,"v_add_f32_e32 v0, v0, v2","",121
310546968565833,4294967295,121,"v_add_f32_e32 v0, v0, v2","",121
310546968565873,4294967295,121,"v_add_f32_e32 v0, v0, v2","",121
310546968565873,4294967295,121,"v_add_f32_e32 v0, v0, v2","",121
310546968567513,4294967295,121,"v_add_f32_e32 v0, v0, v2","",121
310546968567553,4294967295,121,"v_add_f32_e32 v0, v0, v2","",121
310546968567553,4294967295,121,"v_add_f32_e32 v0, v0, v2","",121
310546968567553,4294967295,121,"v_add_f32_e32 v0, v0, v2","",121
310546968568233,4294967295,121,"v_add_f32_e32 v0, v0, v2","",121
310546968568273,4294967295,121,"v_add_f32_e32 v0, v0, v2","",121
310546968568273,4294967295,121,"v_add_f32_e32 v0, v0, v2","",121
310546968567953,4294967295,121,"v_add_f32_e32 v0, v0, v2","",121
310546968568273,4294967295,121,"v_add_f32_e32 v0, v0, v2","",121
310546968564753,4294967295,121,"v_add_f32_e32 v0, v0, v2","",121
310546968564793,4294967295,121,"v_add_f32_e32 v0, v0, v2","",121
310546968567873,4294967295,121,"v_add_f32_e32 v0, v0, v2","",121
310546968569433,4294967295,121,"v_add_f32_e32 v0, v0, v2","",121
310546968567913,4294967295,121,"v_add_f32_e32 v0, v0, v2","",121
310546968567913,4294967295,121,"v_add_f32_e32 v0, v0, v2","",121
310546968567913,4294967295,121,"v_add_f32_e32 v0, v0, v2","",121
310546968571033,4294967295,121,"v_add_f32_e32 v0, v0, v2","",121
310546968568633,4294967295,121,"v_add_f32_e32 v0, v0, v2","",121
310546968568633,4294967295,121,"v_add_f32_e32 v0, v0, v2","",121
310546968568633,4294967295,121,"v_add_f32_e32 v0, v0, v2","",121
310546968568553,4294967295,121,"s_clause 0x1","",121
310546968568553,4294967295,121,"v_add_f32_e32 v0, v0, v2","",121
310546968568553,4294967295,121,"v_add_f32_e32 v0, v0, v2","",121
310546968571033,4294967295,121,"v_add_f32_e32 v0, v0, v2","",121
310546968571033,4294967295,121,"v_add_f32_e32 v0, v0, v2","",121
310546968568553,4294967295,121,"v_add_f32_e32 v0, v0, v2","",121
310546968571033,4294967295,121,"v_add_f32_e32 v0, v0, v2","",121
310546968571033,4294967295,121,"v_add_f32_e32 v0, v0, v2","",121
310546968571033,4294967295,121,"v_add_f32_e32 v0, v0, v2","",121
310546968571953,4294967295,121,"v_add_f32_e32 v0, v0, v2","",121
310546968569913,4294967295,121,"v_add_f32_e32 v0, v0, v2","",121
310546968569913,4294967295,121,"v_add_f32_e32 v0, v0, v2","",121
310546968569913,4294967295,121,"v_add_f32_e32 v0, v0, v2","",121
310546968569953,4294967295,121,"s_wait_loadcnt 0x0","",121
310546968569433,4294967295,121,"v_add_f32_e32 v0, v0, v2","",121
310546968569473,4294967295,121,"v_add_f32_e32 v0, v0, v2","",121
310546968569473,4294967295,121,"v_add_f32_e32 v0, v0, v2","",121
310546968567993,4294967295,121,"v_add_f32_e32 v0, v0, v2","",121
310546968567993,4294967295,121,"v_add_f32_e32 v0, v0, v2","",121
310546968565833,4294967295,121,"v_add_f32_e32 v0, v0, v2","",121
310546968571993,4294967295,121,"v_add_f32_e32 v0, v0, v2","",121
310546968571993,4294967295,121,"v_add_f32_e32 v0, v0, v2","",121
310546968571993,4294967295,121,"v_add_f32_e32 v0, v0, v2","",121
310546968572793,4294967295,121,"v_add_f32_e32 v0, v0, v2","",121
310546968567993,4294967295,121,"v_add_f32_e32 v0, v0, v2","",121
310546968572793,4294967295,121,"v_add_f32_e32 v0, v0, v2","",121
310546968572793,4294967295,121,"v_add_f32_e32 v0, v0, v2","",121
310546968572793,4294967295,121,"v_add_f32_e32 v0, v0, v2","",121
310546968569913,4294967295,121,"v_add_f32_e32 v0, v0, v2","",121
310546968569913,4294967295,121,"v_add_f32_e32 v0, v0, v2","",121
310546968569953,4294967295,121,"v_add_f32_e32 v0, v0, v2","",121
310546968569953,4294967295,121,"v_add_f32_e32 v0, v0, v2","",121
310546968572593,4294967295,121,"v_add_f32_e32 v0, v0, v2","",121
310546968572593,4294967295,121,"v_add_f32_e32 v0, v0, v2","",121
310546968572593,4294967295,121,"v_add_f32_e32 v0, v0, v2","",121
310546968571193,4294967295,121,"v_add_f32_e32 v0, v0, v2","",121
310546968569913,4294967295,121,"v_add_f32_e32 v0, v0, v2","",121
310546968570193,4294967295,121,"v_add_f32_e32 v0, v0, v2","",121
310546968570193,4294967295,121,"v_add_f32_e32 v0, v0, v2","",121
310546968570193,4294967295,121,"v_add_f32_e32 v0, v0, v2","",121
310546968571233,4294967295,121,"v_add_f32_e32 v0, v0, v2","",121
310546968571233,4294967295,121,"v_add_f32_e32 v0, v0, v2","",121
310546968571233,4294967295,121,"v_add_f32_e32 v0, v0, v2","",121
310546968574073,4294967295,121,"v_add_f32_e32 v0, v0, v2","",121
310546968574153,4294967295,121,"v_add_f32_e32 v0, v0, v2","",121
310546968574193,4294967295,121,"v_add_f32_e32 v0, v0, v2","",121
310546968570473,4294967295,121,"v_add_f32_e32 v0, v0, v2","",121
310546968570473,4294967295,121,"v_add_f32_e32 v0, v0, v2","",121
310546968570473,4294967295,121,"v_add_f32_e32 v0, v0, v2","",121
310546968570513,4294967295,121,"v_add_f32_e32 v0, v0, v2","",121
310546968569913,4294967295,121,"v_add_f32_e32 v0, v0, v2","",121
310546968572553,4294967295,121,"v_add_f32_e32 v0, v0, v2","",121
310546968571153,4294967295,121,"v_add_f32_e32 v0, v0, v2","",121
310546968571193,4294967295,121,"v_add_f32_e32 v0, v0, v2","",121
310546968571193,4294967295,121,"v_add_f32_e32 v0, v0, v2","",121
310546968571193,4294967295,121,"v_add_f32_e32 v0, v0, v2","",121
310546968571233,4294967295,121,"v_add_f32_e32 v0, v0, v2","",121
310546968571273,4294967295,121,"v_add_f32_e32 v0, v0, v2","",121
310546968571353,4294967295,121,"v_add_f32_e32 v0, v0, v2","",121
310546968571353,4294967295,121,"v_add_f32_e32 v0, v0, v2","",121
310546968572633,4294967295,121,"v_add_f32_e32 v0, v0, v2","",121
310546968572633,4294967295,121,"v_add_f32_e32 v0, v0, v2","",121
310546968572673,4294967295,121,"v_add_f32_e32 v0, v0, v2","",121
310546968572753,4294967295,121,"v_add_f32_e32 v0, v0, v2","",121
310546968572593,4294967295,121,"v_add_f32_e32 v0, v0, v2","",121
310546968572633,4294967295,121,"v_add_f32_e32 v0, v0, v2","",121
310546968572633,4294967295,121,"v_add_f32_e32 v0, v0, v2","",121
310546968574073,4294967295,121,"v_add_f32_e32 v0, v0, v2","",121
310546968574113,4294967295,121,"v_add_f32_e32 v0, v0, v2","",121
310546968574113,4294967295,121,"v_add_f32_e32 v0, v0, v2","",121
310546968574113,4294967295,121,"v_add_f32_e32 v0, v0, v2","",121
310546968574113,4294967295,121,"v_add_f32_e32 v0, v0, v2","",121
310546968574153,4294967295,121,"v_add_f32_e32 v0, v0, v2","",121
310546968574153,4294967295,121,"v_add_f32_e32 v0, v0, v2","",121
310546968574153,4294967295,121,"v_add_f32_e32 v0, v0, v2","",121
310546969566522,4294967295,124,"v_add_f32_e32 v0, v0, v2","",124
310546969566522,4294967295,124,"v_mad_co_u64_u32 v[0:1], null, s4, ttmp9, v[0:1]","",124
310546969566562,4294967295,124,"v_add_f32_e32 v0, v0, v2","",124
310546969566522,4294967295,124,"v_add_f32_e32 v0, v0, v2","",124
310546969566522,4294967295,124,"v_mad_co_u64_u32 v[0:1], null, s4, ttmp9, v[0:1]","",124
310546969566522,4294967295,124,"v_mad_co_u64_u32 v[0:1], null, s4, ttmp9, v[0:1]","",124
310546969567562,4294967295,124,"v_mad_co_u64_u32 v[0:1], null, s4, ttmp9, v[0:1]","",124
310546969569922,4294967295,124,"v_add_f32_e32 v0, v0, v2","",124
310546969569962,4294967295,124,"v_add_f32_e32 v0, v0, v2","",124
310546969569962,4294967295,124,"v_add_f32_e32 v0, v0, v2","",124
310546969569962,4294967295,124,"v_add_f32_e32 v0, v0, v2","",124
310546969571722,4294967295,124,"v_add_f32_e32 v0, v0, v2","",124
310546969571722,4294967295,124,"v_add_f32_e32 v0, v0, v2","",124
310546969571762,4294967295,124,"v_add_f32_e32 v0, v0, v2","",124
310546969571762,4294967295,124,"v_add_f32_e32 v0, v0, v2","",124
310546969572202,4294967295,124,"v_add_f32_e32 v0, v0, v2","",124
310546969572362,4294967295,124,"v_add_f32_e32 v0, v0, v2","",124
310546969572002,4294967295,124,"v_add_f32_e32 v0, v0, v2","",124
310546969572042,4294967295,124,"v_add_f32_e32 v0, v0, v2","",124
310546969572042,4294967295,124,"v_add_f32_e32 v0, v0, v2","",124
310546969572042,4294967295,124,"v_add_f32_e32 v0, v0, v2","",124
310546969574082,4294967295,124,"v_add_f32_e32 v0, v0, v2","",124
310546969573122,4294967295,124,"v_add_f32_e32 v0, v0, v2","",124
310546969573122,4294967295,124,"v_add_f32_e32 v0, v0, v2","",124
310546969573162,4294967295,124,"v_add_f32_e32 v0, v0, v2","",124
310546969573162,4294967295,124,"v_add_f32_e32 v0, v0, v2","",124
310546969572362,4294967295,124,"v_add_f32_e32 v0, v0, v2","",124
310546969572362,4294967295,124,"v_add_f32_e32 v0, v0, v2","",124
310546969572362,4294967295,124,"v_add_f32_e32 v0, v0, v2","",124
310546969572402,4294967295,124,"v_add_f32_e32 v0, v0, v2","",124
310546969574082,4294967295,124,"v_add_f32_e32 v0, v0, v2","",124
310546969573962,4294967295,124,"v_add_f32_e32 v0, v0, v2","",124
310546969572962,4294967295,124,"v_add_f32_e32 v0, v0, v2","",124
310546969572962,4294967295,124,"v_add_f32_e32 v0, v0, v2","",124
310546969574322,4294967295,124,"v_add_f32_e32 v0, v0, v2","",124
310546969574322,4294967295,124,"v_add_f32_e32 v0, v0, v2","",124
310546969572962,4294967295,124,"v_add_f32_e32 v0, v0, v2","",124
310546969572962,4294967295,124,"v_add_f32_e32 v0, v0, v2","",124
310546969574362,4294967295,124,"v_add_f32_e32 v0, v0, v2","",124
310546969574362,4294967295,124,"v_add_f32_e32 v0, v0, v2","",124
310546969574322,4294967295,124,"v_add_f32_e32 v0, v0, v2","",124
310546969574322,4294967295,124,"v_add_f32_e32 v0, v0, v2","",124
310546969574322,4294967295,124,"v_add_f32_e32 v0, v0, v2","",124
310546969574322,4294967295,124,"v_add_f32_e32 v0, v0, v2","",124
310546969574322,4294967295,124,"v_add_f32_e32 v0, v0, v2","",124
310546969574362,4294967295,124,"v_add_f32_e32 v0, v0, v2","",124
310546969574362,4294967295,124,"v_add_f32_e32 v0, v0, v2","",124
310546969574002,4294967295,124,"v_add_f32_e32 v0, v0, v2","",124
310546969574322,4294967295,124,"v_add_f32_e32 v0, v0, v2","",124
310546969574362,4294967295,124,"v_add_f32_e32 v0, v0, v2","",124
310546969574082,4294967295,124,"v_add_f32_e32 v0, v0, v2","",124
310546969574362,4294967295,124,"v_add_f32_e32 v0, v0, v2","",124
310546969574362,4294967295,124,"v_add_f32_e32 v0, v0, v2","",124
310546969574402,4294967295,124,"v_add_f32_e32 v0, v0, v2","",124
310546969574082,4294967295,124,"v_add_f32_e32 v0, v0, v2","",124
310546969574082,4294967295,124,"v_add_f32_e32 v0, v0, v2","",124
310546969574402,4294967295,124,"v_add_f32_e32 v0, v0, v2","",124
310546969574322,4294967295,124,"v_add_f32_e32 v0, v0, v2","",124
310546969574322,4294967295,124,"v_add_f32_e32 v0, v0, v2","",124
310546969574362,4294967295,124,"v_add_f32_e32 v0, v0, v2","",124
310546969574362,4294967295,124,"v_add_f32_e32 v0, v0, v2","",124
310546969574002,4294967295,124,"v_add_f32_e32 v0, v0, v2","",124
310546969574002,4294967295,124,"v_add_f32_e32 v0, v0, v2","",124
310546969574362,4294967295,124,"v_add_f32_e32 v0, v0, v2","",124
310546969574362,4294967295,124,"v_add_f32_e32 v0, v0, v2","",124
310546969574362,4294967295,124,"v_add_f32_e32 v0, v0, v2","",124
310546969574402,4294967295,124,"v_add_f32_e32 v0, v0, v2","",124
310546969572202,4294967295,124,"v_add_f32_e32 v0, v0, v2","",124
310546969572202,4294967295,124,"v_add_f32_e32 v0, v0, v2","",124
310546969575162,4294967295,124,"v_add_f32_e32 v0, v0, v2","",124
310546969575202,4294967295,124,"v_add_f32_e32 v0, v0, v2","",124
310546969575202,4294967295,124,"v_add_f32_e32 v0, v0, v2","",124
310546969575202,4294967295,124,"v_add_f32_e32 v0, v0, v2","",124
310546969575562,4294967295,124,"v_add_f32_e32 v0, v0, v2","",124
310546969575562,4294967295,124,"v_add_f32_e32 v0, v0, v2","",124
310546969575562,4294967295,124,"v_add_f32_e32 v0, v0, v2","",124
310546969575602,4294967295,124,"v_add_f32_e32 v0, v0, v2","",124
310546969572202,4294967295,124,"v_add_f32_e32 v0, v0, v2","",124
310546969576682,4294967295,124,"v_add_f32_e32 v0, v0, v2","",124
310546969576682,4294967295,124,"v_add_f32_e32 v0, v0, v2","",124
310546969576682,4294967295,124,"v_add_f32_e32 v0, v0, v2","",124
310546969576722,4294967295,124,"v_add_f32_e32 v0, v0, v2","",124
310546969574082,4294967295,124,"s_wait_loadcnt 0x0","",124
310546969577642,4294967295,124,"v_add_f32_e32 v0, v0, v2","",124
310546969577682,4294967295,124,"v_add_f32_e32 v0, v0, v2","",124
310546969574082,4294967295,124,"v_add_f32_e32 v0, v0, v2","",124
310546969577682,0,124,"s_endpgm","",124
310546969574082,4294967295,124,"s_wait_loadcnt 0x0","",124
310546969577682,4294967295,124,"v_add_f32_e32 v0, v0, v2","",124
310546969578122,4294967295,124,"v_add_f32_e32 v0, v0, v2","",124
310546969578122,4294967295,124,"v_add_f32_e32 v0, v0, v2","",124
310546969578122,4294967295,124,"v_add_f32_e32 v0, v0, v2","",124
310546969578122,4294967295,124,"v_add_f32_e32 v0, v0, v2","",124
310546969574322,4294967295,124,"v_add_f32_e32 v0, v0, v2","",124
310546969574322,4294967295,124,"v_add_f32_e32 v0, v0, v2","",124
310546969574362,4294967295,124,"v_add_f32_e32 v0, v0, v2","",124
310546969579642,4294967295,124,"v_add_f32_e32 v0, v0, v2","",124
310546969579642,4294967295,124,"v_add_f32_e32 v0, v0, v2","",124
310546969579642,4294967295,124,"v_add_f32_e32 v0, v0, v2","",124
310546969579642,4294967295,124,"v_add_f32_e32 v0, v0, v2","",124
310546969580042,4294967295,124,"v_add_f32_e32 v0, v0, v2","",124
310546969581122,4294967295,124,"v_add_f32_e32 v0, v0, v2","",124
310546969581162,4294967295,124,"v_add_f32_e32 v0, v0, v2","",124
310546969581162,4294967295,124,"v_add_f32_e32 v0, v0, v2","",124
310546969581162,4294967295,124,"v_add_f32_e32 v0, v0, v2","",124
310546969582322,4294967295,124,"v_add_f32_e32 v0, v0, v2","",124
310546969582362,4294967295,124,"v_add_f32_e32 v0, v0, v2","",124
310546969580082,4294967295,124,"v_add_f32_e32 v0, v0, v2","",124
310546969580082,4294967295,124,"v_add_f32_e32 v0, v0, v2","",124
310546969582362,4294967295,124,"v_add_f32_e32 v0, v0, v2","",124
310546969580082,4294967295,124,"s_wait_loadcnt 0x0","",124
310546969582322,4294967295,124,"v_add_f32_e32 v0, v0, v2","",124
310546969582362,4294967295,124,"v_add_f32_e32 v0, v0, v2","",124
310546969582362,4294967295,124,"v_add_f32_e32 v0, v0, v2","",124
310546969582362,4294967295,124,"v_add_f32_e32 v0, v0, v2","",124
310546970570732,4294967295,126,"v_add_f32_e32 v0, v0, v2","",126
310546970570732,4294967295,126,"v_add_f32_e32 v0, v0, v2","",126
310546970570732,4294967295,126,"v_add_f32_e32 v0, v0, v2","",126
310546970570772,4294967295,126,"v_add_f32_e32 v0, v0, v2","",126
310546970572212,4294967295,126,"v_add_f32_e32 v0, v0, v2","",126
310546970572132,4294967295,126,"v_add_f32_e32 v0, v0, v2","",126
310546970572212,4294967295,126,"v_add_f32_e32 v0, v0, v2","",126
310546970572812,4294967295,126,"v_add_f32_e32 v0, v0, v2","",126
310546970572852,4294967295,126,"v_add_f32_e32 v0, v0, v2","",126
310546970572852,4294967295,126,"v_add_f32_e32 v0, v0, v2","",126
310546970573292,4294967295,126,"v_add_f32_e32 v0, v0, v2","",126
310546970572212,4294967295,126,"v_add_f32_e32 v0, v0, v2","",126
310546970573332,4294967295,126,"v_add_f32_e32 v0, v0, v2","",126
310546970574452,4294967295,126,"v_add_f32_e32 v0, v0, v2","",126
310546970574452,4294967295,126,"v_add_f32_e32 v0, v0, v2","",126
310546970572132,4294967295,126,"v_add_f32_e32 v0, v0, v2","",126
310546970572132,4294967295,126,"v_add_f32_e32 v0, v0, v2","",126
310546970574732,4294967295,126,"v_add_f32_e32 v0, v0, v2","",126
310546970573492,4294967295,126,"v_add_f32_e32 v0, v0, v2","",126
310546970574452,4294967295,126,"v_add_f32_e32 v0, v0, v2","",126
310546970574732,4294967295,126,"v_add_f32_e32 v0, v0, v2","",126
310546970574452,4294967295,126,"v_add_f32_e32 v0, v0, v2","",126
310546970574732,4294967295,126,"v_add_f32_e32 v0, v0, v2","",126
310546970574492,4294967295,126,"v_add_f32_e32 v0, v0, v2","",126
310546970574932,4294967295,126,"v_add_f32_e32 v0, v0, v2","",126
310546970574972,4294967295,126,"v_add_f32_e32 v0, v0, v2","",126
310546970574972,4294967295,126,"v_add_f32_e32 v0, v0, v2","",126
310546970574932,4294967295,126,"v_add_f32_e32 v0, v0, v2","",126
310546970574972,4294967295,126,"v_add_f32_e32 v0, v0, v2","",126
310546970572212,4294967295,126,"v_add_f32_e32 v0, v0, v2","",126
310546970572212,4294967295,126,"v_add_f32_e32 v0, v0, v2","",126
310546970574972,4294967295,126,"v_add_f32_e32 v0, v0, v2","",126
310546970572212,4294967295,126,"v_add_f32_e32 v0, v0, v2","",126
310546970573452,4294967295,126,"v_add_f32_e32 v0, v0, v2","",126
310546970573492,4294967295,126,"v_add_f32_e32 v0, v0, v2","",126
310546970573492,4294967295,126,"v_add_f32_e32 v0, v0, v2","",126
310546970576572,4294967295,126,"v_add_f32_e32 v0, v0, v2","",126
310546970576572,4294967295,126,"v_add_f32_e32 v0, v0, v2","",126
310546970576572,4294967295,126,"v_add_f32_e32 v0, v0, v2","",126
310546970576852,4294967295,126,"v_add_f32_e32 v0, v0, v2","",126
310546970576852,4294967295,126,"v_add_f32_e32 v0, v0, v2","",126
310546970576852,4294967295,126,"v_add_f32_e32 v0, v0, v2","",126
310546970576892,4294967295,126,"v_add_f32_e32 v0, v0, v2","",126
310546970576852,4294967295,126,"v_add_f32_e32 v0, v0, v2","",126
310546970574732,4294967295,126,"v_add_f32_e32 v0, v0, v2","",126
310546970574732,4294967295,126,"v_add_f32_e32 v0, v0, v2","",126
310546970574772,4294967295,126,"v_add_f32_e32 v0, v0, v2","",126
310546970576612,4294967295,126,"v_add_f32_e32 v0, v0, v2","",126
310546970576852,4294967295,126,"v_add_f32_e32 v0, v0, v2","",126
310546970576852,4294967295,126,"v_add_f32_e32 v0, v0, v2","",126
310546970576892,4294967295,126,"v_add_f32_e32 v0, v0, v2","",126
310546970577252,4294967295,126,"v_add_f32_e32 v0, v0, v2","",126
310546970575852,4294967295,126,"v_add_f32_e32 v0, v0, v2","",126
310546970574732,4294967295,126,"v_add_f32_e32 v0, v0, v2","",126
310546970574732,4294967295,126,"v_add_f32_e32 v0, v0, v2","",126
310546970574772,4294967295,126,"v_add_f32_e32 v0, v0, v2","",126
310546970574452,4294967295,126,"v_add_f32_e32 v0, v0, v2","",126
310546970574452,4294967295,126,"v_add_f32_e32 v0, v0, v2","",126
310546970577292,4294967295,126,"v_add_f32_e32 v0, v0, v2","",126
310546970577292,4294967295,126,"v_add_f32_e32 v0, v0, v2","",126
310546970577292,4294967295,126,"v_add_f32_e32 v0, v0, v2","",126
310546970577292,4294967295,126,"v_add_f32_e32 v0, v0, v2","",126
310546970577292,4294967295,126,"v_add_f32_e32 v0, v0, v2","",126
310546970572732,4294967295,126,"v_add_f32_e32 v0, v0, v2","",126
310546970572812,4294967295,126,"v_add_f32_e32 v0, v0, v2","",126
310546970574492,4294967295,126,"v_add_f32_e32 v0, v0, v2","",126
310546970577812,4294967295,126,"v_add_f32_e32 v0, v0, v2","",126
310546970577812,4294967295,126,"v_add_f32_e32 v0, v0, v2","",126
310546970577812,4294967295,126,"v_add_f32_e32 v0, v0, v2","",126
310546970577812,4294967295,126,"v_add_f32_e32 v0, v0, v2","",126
310546970577852,4294967295,126,"v_add_f32_e32 v0, v0, v2","",126
310546970577812,4294967295,126,"v_add_f32_e32 v0, v0, v2","",126
310546970575852,4294967295,126,"v_add_f32_e32 v0, v0, v2","",126
310546970575892,4294967295,126,"v_add_f32_e32 v0, v0, v2","",126
310546970577812,4294967295,126,"v_add_f32_e32 v0, v0, v2","",126
310546970577812,4294967295,126,"v_add_f32_e32 v0, v0, v2","",126
310546970577852,4294967295,126,"v_add_f32_e32 v0, v0, v2","",126
310546970577812,4294967295,126,"v_add_f32_e32 v0, v0, v2","",126
310546970577292,4294967295,126,"v_add_f32_e32 v0, v0, v2","",126
310546970577292,4294967295,126,"v_add_f32_e32 v0, v0, v2","",126
310546970578532,4294967295,126,"v_add_f32_e32 v0, v0, v2","",126
310546970578532,4294967295,126,"v_add_f32_e32 v0, v0, v2","",126
310546970578532,4294967295,126,"v_add_f32_e32 v0, v0, v2","",126
310546970578532,4294967295,126,"v_add_f32_e32 v0, v0, v2","",126
310546970577812,4294967295,126,"v_add_f32_e32 v0, v0, v2","",126
310546970574732,4294967295,126,"v_add_f32_e32 v0, v0, v2","",126
310546970574772,4294967295,126,"v_add_f32_e32 v0, v0, v2","",126
310546970574772,4294967295,126,"v_add_f32_e32 v0, v0, v2","",126
310546970577852,4294967295,126,"v_add_f32_e32 v0, v0, v2","",126
310546970579732,4294967295,126,"v_add_f32_e32 v0, v0, v2","",126
310546970579852,4294967295,126,"v_add_f32_e32 v0, v0, v2","",126
310546970579772,4294967295,126,"v_add_f32_e32 v0, v0, v2","",126
310546970579932,4294967295,126,"v_add_f32_e32 v0, v0, v2","",126
310546970579852,4294967295,126,"v_add_f32_e32 v0, v0, v2","",126
310546970579852,4294967295,126,"v_add_f32_e32 v0, v0, v2","",126
310546970579852,4294967295,126,"v_add_f32_e32 v0, v0, v2","",126
310546970579932,4294967295,126,"v_add_f32_e32 v0, v0, v2","",126
310546970579972,4294967295,126,"v_add_f32_e32 v0, v0, v2","",126
310546970580092,4294967295,126,"v_add_f32_e32 v0, v0, v2","",126
310546970580092,4294967295,126,"v_add_f32_e32 v0, v0, v2","",126
310546970580092,4294967295,126,"v_add_f32_e32 v0, v0, v2","",126
310546970580132,4294967295,126,"v_add_f32_e32 v0, v0, v2","",126
310546970579972,4294967295,126,"s_wait_loadcnt 0x0","",126
310546970580532,4294967295,126,"v_add_f32_e32 v0, v0, v2","",126
310546970580532,4294967295,126,"v_add_f32_e32 v0, v0, v2","",126
310546970580572,4294967295,126,"v_add_f32_e32 v0, v0, v2","",126
310546970579772,4294967295,126,"v_add_f32_e32 v0, v0, v2","",126
310546970581332,4294967295,126,"v_add_f32_e32 v0, v0, v2","",126
310546970581332,4294967295,126,"v_add_f32_e32 v0, v0, v2","",126
310546970581332,4294967295,126,"v_add_f32_e32 v0, v0, v2","",126
310546970581372,4294967295,126,"v_add_f32_e32 v0, v0, v2","",126
310546970579772,4294967295,126,"v_add_f32_e32 v0, v0, v2","",126
310546970582732,4294967295,126,"v_add_f32_e32 v0, v0, v2","",126
310546970582732,4294967295,126,"v_add_f32_e32 v0, v0, v2","",126
310546970582732,4294967295,126,"v_add_f32_e32 v0, v0, v2","",126
310546970582772,4294967295,126,"v_add_f32_e32 v0, v0, v2","",126
310546970583372,4294967295,126,"v_add_f32_e32 v0, v0, v2","",126
310546970583372,4294967295,126,"v_add_f32_e32 v0, v0, v2","",126
310546970583372,4294967295,126,"v_add_f32_e32 v0, v0, v2","",126
310546970583412,4294967295,126,"v_add_f32_e32 v0, v0, v2","",126
310546971573941,4294967295,128,"s_cbranch_execz 28","",128
310546971573941,4294967295,128,"v_add_f32_e32 v0, v0, v2","",128
310546971573981,4294967295,128,"v_add_f32_e32 v0, v0, v2","",128
310546971574501,4294967295,128,"v_add_f32_e32 v0, v0, v2","",128
310546971575021,4294967295,128,"v_add_f32_e32 v0, v0, v2","",128
310546971575061,4294967295,128,"v_add_f32_e32 v0, v0, v2","",128
310546971574501,4294967295,128,"s_load_b128 s[0:3], s[0:1], 0x0","",128
310546971575461,4294967295,128,"v_add_f32_e32 v0, v0, v2","",128
310546971574501,4294967295,128,"v_add_f32_e32 v0, v0, v2","",128
310546971576541,4294967295,128,"v_add_f32_e32 v0, v0, v2","",128
310546971576541,4294967295,128,"v_add_f32_e32 v0, v0, v2","",128
310546971576541,4294967295,128,"v_add_f32_e32 v0, v0, v2","",128
310546971576541,4294967295,128,"v_add_f32_e32 v0, v0, v2","",128
310546971576541,4294967295,128,"v_add_f32_e32 v0, v0, v2","",128
310546971575461,4294967295,128,"v_add_co_u32 v0, vcc_lo, s0, v0","",128
310546971575461,4294967295,128,"v_add_co_u32 v0, vcc_lo, s0, v0","",128
310546971575501,4294967295,128,"v_add_f32_e32 v0, v0, v2","",128
310546971578261,4294967295,128,"v_add_f32_e32 v0, v0, v2","",128
310546971578261,4294967295,128,"v_add_f32_e32 v0, v0, v2","",128
310546971579701,4294967295,128,"v_add_f32_e32 v0, v0, v2","",128
310546971579741,4294967295,128,"v_add_f32_e32 v0, v0, v2","",128
310546971579741,4294967295,128,"v_add_f32_e32 v0, v0, v2","",128
310546971579741,4294967295,128,"v_add_f32_e32 v0, v0, v2","",128
310546971579901,4294967295,128,"v_add_f32_e32 v0, v0, v2","",128
310546971579941,4294967295,128,"v_add_f32_e32 v0, v0, v2","",128
310546971579941,4294967295,128,"v_add_f32_e32 v0, v0, v2","",128
310546971579941,4294967295,128,"v_add_f32_e32 v0, v0, v2","",128
310546971580981,4294967295,128,"v_add_f32_e32 v0, v0, v2","",128
310546971580621,4294967295,128,"v_add_f32_e32 v0, v0, v2","",128
310546971580621,4294967295,128,"v_add_f32_e32 v0, v0, v2","",128
310546971581181,4294967295,128,"v_add_f32_e32 v0, v0, v2","",128
310546971581221,4294967295,128,"v_add_f32_e32 v0, v0, v2","",128
310546971581181,4294967295,128,"v_add_f32_e32 v0, v0, v2","",128
310546971581221,4294967295,128,"v_add_f32_e32 v0, v0, v2","",128
310546971580621,4294967295,128,"v_add_f32_e32 v0, v0, v2","",128
310546971576541,4294967295,128,"v_add_f32_e32 v0, v0, v2","",128
310546971576581,4294967295,128,"v_add_f32_e32 v0, v0, v2","",128
310546971581621,4294967295,128,"v_add_f32_e32 v0, v0, v2","",128
310546971581621,4294967295,128,"v_add_f32_e32 v0, v0, v2","",128
310546971581621,4294967295,128,"v_add_f32_e32 v0, v0, v2","",128
310546971581661,4294967295,128,"v_add_f32_e32 v0, v0, v2","",128
310546971581621,4294967295,128,"v_add_f32_e32 v0, v0, v2","",128
310546971581621,4294967295,128,"v_add_f32_e32 v0, v0, v2","",128
310546971581621,4294967295,128,"v_add_f32_e32 v0, v0, v2","",128
310546971581621,4294967295,128,"v_add_f32_e32 v0, v0, v2","",128
310546971581021,4294967295,128,"v_add_f32_e32 v0, v0, v2","",128
310546971581021,4294967295,128,"v_add_f32_e32 v0, v0, v2","",128
310546971581021,4294967295,128,"v_add_f32_e32 v0, v0, v2","",128
310546971581941,4294967295,128,"v_add_f32_e32 v0, v0, v2","",128
310546971581661,4294967295,128,"v_add_f32_e32 v0, v0, v2","",128
310546971581661,4294967295,128,"v_add_f32_e32 v0, v0, v2","",128
310546971581661,4294967295,128,"v_add_f32_e32 v0, v0, v2","",128
310546971581661,4294967295,128,"v_add_f32_e32 v0, v0, v2","",128
310546971581701,4294967295,128,"v_add_f32_e32 v0, v0, v2","",128
310546971581941,4294967295,128,"v_add_f32_e32 v0, v0, v2","",128
310546971581941,4294967295,128,"v_add_f32_e32 v0, v0, v2","",128
310546971581941,4294967295,128,"v_add_f32_e32 v0, v0, v2","",128
310546971581941,4294967295,128,"v_add_f32_e32 v0, v0, v2","",128
310546971581981,4294967295,128,"v_add_f32_e32 v0, v0, v2","",128
310546971581981,4294967295,128,"v_add_f32_e32 v0, v0, v2","",128
310546971581981,4294967295,128,"v_add_f32_e32 v0, v0, v2","",128
310546971581981,4294967295,128,"v_add_f32_e32 v0, v0, v2","",128
310546971581901,4294967295,128,"v_add_f32_e32 v0, v0, v2","",128
310546971581941,4294967295,128,"v_add_f32_e32 v0, v0, v2","",128
310546971581941,4294967295,128,"v_add_f32_e32 v0, v0, v2","",128
310546971581941,4294967295,128,"v_add_f32_e32 v0, v0, v2","",128
310546971581941,4294967295,128,"v_add_f32_e32 v0, v0, v2","",128
310546971582021,4294967295,128,"v_add_f32_e32 v0, v0, v2","",128
310546971578261,4294967295,128,"v_add_f32_e32 v0, v0, v2","",128
310546971578261,4294967295,128,"v_add_f32_e32 v0, v0, v2","",128
310546971581941,4294967295,128,"v_add_f32_e32 v0, v0, v2","",128
310546971581941,4294967295,128,"v_add_f32_e32 v0, v0, v2","",128
310546971581941,4294967295,128,"v_add_f32_e32 v0, v0, v2","",128
310546971581941,4294967295,128,"v_add_f32_e32 v0, v0, v2","",128
310546971582021,4294967295,128,"v_add_f32_e32 v0, v0, v2","",128
310546971582101,4294967295,128,"v_add_f32_e32 v0, v0, v2","",128
310546971577901,4294967295,128,"v_add_f32_e32 v0, v0, v2","",128
310546971577981,4294967295,128,"v_add_f32_e32 v0, v0, v2","",128
310546971582581,4294967295,128,"v_add_f32_e32 v0, v0, v2","",128
310546971582621,4294967295,128,"v_add_f32_e32 v0, v0, v2","",128
310546971582621,4294967295,128,"v_add_f32_e32 v0, v0, v2","",128
310546971582621,4294967295,128,"v_add_f32_e32 v0, v0, v2","",128
310546971582381,4294967295,128,"v_add_f32_e32 v0, v0, v2","",128
310546971582381,4294967295,128,"v_add_f32_e32 v0, v0, v2","",128
310546971582381,4294967295,128,"v_add_f32_e32 v0, v0, v2","",128
310546971582421,4294967295,128,"v_add_f32_e32 v0, v0, v2","",128
310546971582581,4294967295,128,"v_add_f32_e32 v0, v0, v2","",128
310546971582581,4294967295,128,"v_add_f32_e32 v0, v0, v2","",128
310546971582621,4294967295,128,"v_add_f32_e32 v0, v0, v2","",128
310546971582621,4294967295,128,"v_add_f32_e32 v0, v0, v2","",128
310546971582621,4294967295,128,"v_add_f32_e32 v0, v0, v2","",128
310546971582621,4294967295,128,"v_add_f32_e32 v0, v0, v2","",128
310546971583341,4294967295,128,"v_add_f32_e32 v0, v0, v2","",128
310546971583341,4294967295,128,"v_add_f32_e32 v0, v0, v2","",128
310546971583381,4294967295,128,"v_add_f32_e32 v0, v0, v2","",128
310546971583381,4294967295,128,"v_add_f32_e32 v0, v0, v2","",128
310546971581941,4294967295,128,"v_add_f32_e32 v0, v0, v2","",128
310546971581941,4294967295,128,"v_add_f32_e32 v0, v0, v2","",128
310546971581941,4294967295,128,"v_add_f32_e32 v0, v0, v2","",128
310546971583341,4294967295,128,"v_add_f32_e32 v0, v0, v2","",128
310546971583341,4294967295,128,"v_add_f32_e32 v0, v0, v2","",128
310546971583341,4294967295,128,"v_add_f32_e32 v0, v0, v2","",128
310546971583381,4294967295,128,"v_add_f32_e32 v0, v0, v2","",128
310546971582621,4294967295,128,"v_add_co_u32 v0, vcc_lo, s0, v0","",128
310546971582621,4294967295,128,"v_add_f32_e32 v0, v0, v2","",128
310546971584581,4294967295,128,"v_add_f32_e32 v0, v0, v2","",128
310546971581621,4294967295,128,"v_add_f32_e32 v0, v0, v2","",128
310546971581621,4294967295,128,"v_add_f32_e32 v0, v0, v2","",128
310546971581661,4294967295,128,"v_add_f32_e32 v0, v0, v2","",128
310546971584781,4294967295,128,"v_add_f32_e32 v0, v0, v2","",128
310546971584781,4294967295,128,"v_add_f32_e32 v0, v0, v2","",128
310546971584821,4294967295,128,"v_add_f32_e32 v0, v0, v2","",128
310546971584821,4294967295,128,"v_add_f32_e32 v0, v0, v2","",128
310546971584581,4294967295,128,"v_add_f32_e32 v0, v0, v2","",128
310546971584581,4294967295,128,"v_add_f32_e32 v0, v0, v2","",128
310546971584621,4294967295,128,"v_add_f32_e32 v0, v0, v2","",128
310546971588861,4294967295,128,"v_add_f32_e32 v0, v0, v2","",128
310546971588861,4294967295,128,"v_add_f32_e32 v0, v0, v2","",128
310546971588861,4294967295,128,"v_add_f32_e32 v0, v0, v2","",128
310546971588861,4294967295,128,"v_add_f32_e32 v0, v0, v2","",128
310546972577830,4294967295,130,"v_mad_co_u64_u32 v[0:1], null, s4, ttmp9, v[0:1]","",130
310546972578990,4294967295,130,"v_mad_co_u64_u32 v[0:1], null, s4, ttmp9, v[0:1]","",130
310546972577830,4294967295,130,"v_mad_co_u64_u32 v[0:1], null, s4, ttmp9, v[0:1]","",130
310546972577830,4294967295,130,"v_mad_co_u64_u32 v[0:1], null, s4, ttmp9, v[0:1]","",130
310546972578950,4294967295,130,"v_add_f32_e32 v0, v0, v2","",130
310546972579270,4294967295,130,"v_add_f32_e32 v0, v0, v2","",130
310546972579270,4294967295,130,"v_add_f32_e32 v0, v0, v2","",130
310546972579270,4294967295,130,"v_add_f32_e32 v0, v0, v2","",130
310546972580350,4294967295,130,"v_add_f32_e32 v0, v0, v2","",130
310546972580350,4294967295,130,"v_add_f32_e32 v0, v0, v2","",130
310546972580350,4294967295,130,"v_add_f32_e32 v0, v0, v2","",130
310546972580870,4294967295,130,"v_add_f32_e32 v0, v0, v2","",130
310546972583750,4294967295,130,"v_add_f32_e32 v0, v0, v2","",130
310546972581310,4294967295,130,"v_add_f32_e32 v0, v0, v2","",130
310546972581350,4294967295,130,"v_add_f32_e32 v0, v0, v2","",130
310546972581310,4294967295,130,"v_add_f32_e32 v0, v0, v2","",130
310546972583470,4294967295,130,"v_add_f32_e32 v0, v0, v2","",130
310546972581350,4294967295,130,"v_add_f32_e32 v0, v0, v2","",130
310546972582830,4294967295,130,"v_add_f32_e32 v0, v0, v2","",130
310546972584350,4294967295,130,"v_add_f32_e32 v0, v0, v2","",130
310546972584350,4294967295,130,"v_add_f32_e32 v0, v0, v2","",130
310546972584390,4294967295,130,"v_add_f32_e32 v0, v0, v2","",130
310546972583470,4294967295,130,"v_add_f32_e32 v0, v0, v2","",130
310546972583470,4294967295,130,"v_add_f32_e32 v0, v0, v2","",130
310546972580910,4294967295,130,"v_add_f32_e32 v0, v0, v2","",130
310546972580910,4294967295,130,"v_add_f32_e32 v0, v0, v2","",130
310546972583470,4294967295,130,"v_add_f32_e32 v0, v0, v2","",130
310546972580910,4294967295,130,"v_add_f32_e32 v0, v0, v2","",130
310546972586030,4294967295,130,"v_add_f32_e32 v0, v0, v2","",130
310546972585150,4294967295,130,"v_add_f32_e32 v0, v0, v2","",130
310546972585150,4294967295,130,"v_add_f32_e32 v0, v0, v2","",130
310546972585630,4294967295,130,"v_add_f32_e32 v0, v0, v2","",130
310546972585630,4294967295,130,"v_add_f32_e32 v0, v0, v2","",130
310546972585630,4294967295,130,"v_add_f32_e32 v0, v0, v2","",130
310546972585630,4294967295,130,"v_add_f32_e32 v0, v0, v2","",130
310546972585150,4294967295,130,"v_add_f32_e32 v0, v0, v2","",130
310546972586030,4294967295,130,"v_add_f32_e32 v0, v0, v2","",130
310546972579910,4294967295,130,"v_add_f32_e32 v0, v0, v2","",130
310546972579990,4294967295,130,"v_add_f32_e32 v0, v0, v2","",130
310546972586030,4294967295,130,"v_add_f32_e32 v0, v0, v2","",130
310546972586070,4294967295,130,"v_add_f32_e32 v0, v0, v2","",130
310546972586030,4294967295,130,"v_add_f32_e32 v0, v0, v2","",130
310546972586070,4294967295,130,"v_add_f32_e32 v0, v0, v2","",130
310546972586070,4294967295,130,"v_add_f32_e32 v0, v0, v2","",130
310546972585190,4294967295,130,"v_add_f32_e32 v0, v0, v2","",130
310546972586070,4294967295,130,"v_add_f32_e32 v0, v0, v2","",130
310546972586430,4294967295,130,"v_add_f32_e32 v0, v0, v2","",130
310546972586430,4294967295,130,"v_add_f32_e32 v0, v0, v2","",130
310546972586430,4294967295,130,"v_add_f32_e32 v0, v0, v2","",130
310546972586430,4294967295,130,"v_add_f32_e32 v0, v0, v2","",130
310546972582870,4294967295,130,"v_add_f32_e32 v0, v0, v2","",130
310546972585190,4294967295,130,"v_add_f32_e32 v0, v0, v2","",130
310546972586630,4294967295,130,"v_add_f32_e32 v0, v0, v2","",130
310546972586630,4294967295,130,"v_add_f32_e32 v0, v0, v2","",130
310546972586630,4294967295,130,"v_add_f32_e32 v0, v0, v2","",130
310546972586430,4294967295,130,"v_add_f32_e32 v0, v0, v2","",130
310546972586630,4294967295,130,"v_add_f32_e32 v0, v0, v2","",130
310546972586630,4294967295,130,"v_add_f32_e32 v0, v0, v2","",130
310546972586630,4294967295,130,"v_add_f32_e32 v0, v0, v2","",130
310546972586830,4294967295,130,"v_add_f32_e32 v0, v0, v2","",130
310546972586830,4294967295,130,"v_add_f32_e32 v0, v0, v2","",130
310546972586830,4294967295,130,"v_add_f32_e32 v0, v0, v2","",130
310546972586830,4294967295,130,"v_add_f32_e32 v0, v0, v2","",130
310546972587350,4294967295,130,"v_add_f32_e32 v0, v0, v2","",130
310546972587350,4294967295,130,"v_add_f32_e32 v0, v0, v2","",130
310546972587350,4294967295,130,"v_add_f32_e32 v0, v0, v2","",130
310546972587390,4294967295,130,"v_add_f32_e32 v0, v0, v2","",130
310546972585190,4294967295,130,"v_add_f32_e32 v0, v0, v2","",130
310546972585190,4294967295,130,"v_add_f32_e32 v0, v0, v2","",130
310546972585190,4294967295,130,"v_add_f32_e32 v0, v0, v2","",130
310546972587350,4294967295,130,"v_add_f32_e32 v0, v0, v2","",130
310546972582870,4294967295,130,"v_add_f32_e32 v0, v0, v2","",130
310546972587950,4294967295,130,"v_add_f32_e32 v0, v0, v2","",130
310546972587950,4294967295,130,"v_add_f32_e32 v0, v0, v2","",130
310546972587950,4294967295,130,"v_add_f32_e32 v0, v0, v2","",130
310546972582870,4294967295,130,"v_add_f32_e32 v0, v0, v2","",130
310546972587990,4294967295,130,"v_add_f32_e32 v0, v0, v2","",130
310546972586070,4294967295,130,"v_add_f32_e32 v0, v0, v2","",130
310546972586070,4294967295,130,"v_add_f32_e32 v0, v0, v2","",130
310546972586070,4294967295,130,"v_add_f32_e32 v0, v0, v2","",130
310546972586030,4294967295,130,"v_add_f32_e32 v0, v0, v2","",130
310546972586070,4294967295,130,"v_add_f32_e32 v0, v0, v2","",130
310546972586070,4294967295,130,"v_add_f32_e32 v0, v0, v2","",130
310546972587950,4294967295,130,"v_add_f32_e32 v0, v0, v2","",130
310546972587950,4294967295,130,"v_add_f32_e32 v0, v0, v2","",130
310546972587950,4294967295,130,"v_add_f32_e32 v0, v0, v2","",130
310546972587990,4294967295,130,"v_add_f32_e32 v0, v0, v2","",130
310546972587950,4294967295,130,"v_add_f32_e32 v0, v0, v2","",130
310546972588110,4294967295,130,"v_add_f32_e32 v0, v0, v2","",130
310546972588110,4294967295,130,"v_add_f32_e32 v0, v0, v2","",130
310546972588110,4294967295,130,"v_add_f32_e32 v0, v0, v2","",130
310546972588110,4294967295,130,"v_add_f32_e32 v0, v0, v2","",130
310546972587350,4294967295,130,"v_add_f32_e32 v0, v0, v2","",130
310546972588110,4294967295,130,"v_add_f32_e32 v0, v0, v2","",130
310546972588110,4294967295,130,"v_add_f32_e32 v0, v0, v2","",130
310546972588110,4294967295,130,"v_add_f32_e32 v0, v0, v2","",130
310546972588150,4294967295,130,"v_add_f32_e32 v0, v0, v2","",130
310546972587950,4294967295,130,"v_add_f32_e32 v0, v0, v2","",130
310546972587390,4294967295,130,"v_add_f32_e32 v0, v0, v2","",130
310546972587390,4294967295,130,"v_add_f32_e32 v0, v0, v2","",130
310546972588110,4294967295,130,"v_add_f32_e32 v0, v0, v2","",130
310546972584470,4294967295,130,"v_add_f32_e32 v0, v0, v2","",130
310546972584550,4294967295,130,"v_add_f32_e32 v0, v0, v2","",130
310546972584630,4294967295,130,"v_add_f32_e32 v0, v0, v2","",130
310546972588110,4294967295,130,"v_add_f32_e32 v0, v0, v2","",130
310546972588150,4294967295,130,"v_add_f32_e32 v0, v0, v2","",130
310546972588550,4294967295,130,"v_add_f32_e32 v0, v0, v2","",130
310546972588550,4294967295,130,"v_add_f32_e32 v0, v0, v2","",130
310546972588590,4294967295,130,"v_add_f32_e32 v0, v0, v2","",130
310546972588590,4294967295,130,"v_add_f32_e32 v0, v0, v2","",130
310546972587990,4294967295,130,"v_add_f32_e32 v0, v0, v2","",130
310546972587990,4294967295,130,"v_add_f32_e32 v0, v0, v2","",130
310546972586430,4294967295,130,"v_add_f32_e32 v0, v0, v2","",130
310546972586430,4294967295,130,"v_add_f32_e32 v0, v0, v2","",130
310546972590270,4294967295,130,"v_add_f32_e32 v0, v0, v2","",130
310546972590270,4294967295,130,"v_add_f32_e32 v0, v0, v2","",130
310546972590270,4294967295,130,"v_add_f32_e32 v0, v0, v2","",130
310546972590310,4294967295,130,"v_add_f32_e32 v0, v0, v2","",130
310546973584000,4294967295,132,"v_add_f32_e32 v0, v0, v2","",132
310546973584000,4294967295,132,"v_add_f32_e32 v0, v0, v2","",132
310546973584000,4294967295,132,"v_add_f32_e32 v0, v0, v2","",132
310546973583960,4294967295,132,"v_add_f32_e32 v0, v0, v2","",132
310546973584120,4294967295,132,"v_add_f32_e32 v0, v0, v2","",132
310546973584480,4294967295,132,"v_add_f32_e32 v0, v0, v2","",132
310546973583960,4294967295,132,"v_add_f32_e32 v0, v0, v2","",132
310546973584200,4294967295,132,"v_add_f32_e32 v0, v0, v2","",132
310546973584200,4294967295,132,"v_add_f32_e32 v0, v0, v2","",132
310546973584200,4294967295,132,"v_add_f32_e32 v0, v0, v2","",132
310546973585600,4294967295,132,"v_add_f32_e32 v0, v0, v2","",132
310546973585640,4294967295,132,"v_add_f32_e32 v0, v0, v2","",132
310546973585640,4294967295,132,"v_add_f32_e32 v0, v0, v2","",132
310546973585640,4294967295,132,"v_add_f32_e32 v0, v0, v2","",132
310546973587520,4294967295,132,"v_add_f32_e32 v0, v0, v2","",132
310546973583960,4294967295,132,"v_add_f32_e32 v0, v0, v2","",132
310546973584000,4294967295,132,"v_add_f32_e32 v0, v0, v2","",132
310546973585960,4294967295,132,"v_add_f32_e32 v0, v0, v2","",132
310546973585960,4294967295,132,"v_add_f32_e32 v0, v0, v2","",132
310546973585960,4294967295,132,"v_add_f32_e32 v0, v0, v2","",132
310546973588720,4294967295,132,"v_add_f32_e32 v0, v0, v2","",132
310546973588720,4294967295,132,"v_add_f32_e32 v0, v0, v2","",132
310546973586840,4294967295,132,"v_add_f32_e32 v0, v0, v2","",132
310546973588720,4294967295,132,"v_add_f32_e32 v0, v0, v2","",132
310546973588720,4294967295,132,"v_add_f32_e32 v0, v0, v2","",132
310546973589320,4294967295,132,"v_add_f32_e32 v0, v0, v2","",132
310546973588720,4294967295,132,"v_add_f32_e32 v0, v0, v2","",132
310546973588720,4294967295,132,"v_add_f32_e32 v0, v0, v2","",132
310546973588720,4294967295,132,"v_add_f32_e32 v0, v0, v2","",132
310546973588760,4294967295,132,"v_add_f32_e32 v0, v0, v2","",132
310546973586840,4294967295,132,"v_add_f32_e32 v0, v0, v2","",132
310546973589800,4294967295,132,"v_add_f32_e32 v0, v0, v2","",132
310546973588640,4294967295,132,"v_add_f32_e32 v0, v0, v2","",132
310546973589600,4294967295,132,"v_add_f32_e32 v0, v0, v2","",132
310546973584120,4294967295,132,"v_add_f32_e32 v0, v0, v2","",132
310546973584120,4294967295,132,"v_add_f32_e32 v0, v0, v2","",132
310546973584120,4294967295,132,"v_add_f32_e32 v0, v0, v2","",132
310546973588640,4294967295,132,"v_add_f32_e32 v0, v0, v2","",132
310546973589320,4294967295,132,"v_add_f32_e32 v0, v0, v2","",132
310546973589320,4294967295,132,"v_add_f32_e32 v0, v0, v2","",132
310546973589320,4294967295,132,"v_add_f32_e32 v0, v0, v2","",132
310546973589360,4294967295,132,"v_add_f32_e32 v0, v0, v2","",132
310546973584480,4294967295,132,"v_add_f32_e32 v0, v0, v2","",132
310546973589360,4294967295,132,"v_add_f32_e32 v0, v0, v2","",132
310546973586840,4294967295,132,"v_add_f32_e32 v0, v0, v2","",132
310546973586840,4294967295,132,"v_add_f32_e32 v0, v0, v2","",132
310546973590320,4294967295,132,"v_add_f32_e32 v0, v0, v2","",132
310546973589800,4294967295,132,"v_add_f32_e32 v0, v0, v2","",132
310546973589800,4294967295,132,"v_add_f32_e32 v0, v0, v2","",132
310546973589320,4294967295,132,"v_add_f32_e32 v0, v0, v2","",132
310546973589360,4294967295,132,"v_add_f32_e32 v0, v0, v2","",132
310546973588640,4294967295,132,"v_add_f32_e32 v0, v0, v2","",132
310546973588640,4294967295,132,"v_add_f32_e32 v0, v0, v2","",132
310546973590320,4294967295,132,"v_add_f32_e32 v0, v0, v2","",132
310546973590320,4294967295,132,"v_add_f32_e32 v0, v0, v2","",132
310546973590360,4294967295,132,"v_add_f32_e32 v0, v0, v2","",132
310546973589800,4294967295,132,"v_add_f32_e32 v0, v0, v2","",132
310546973589360,4294967295,132,"v_add_f32_e32 v0, v0, v2","",132
310546973585000,4294967295,132,"v_add_f32_e32 v0, v0, v2","",132
310546973585040,4294967295,132,"v_add_f32_e32 v0, v0, v2","",132
310546973589320,4294967295,132,"v_add_f32_e32 v0, v0, v2","",132
310546973589360,4294967295,132,"v_add_f32_e32 v0, v0, v2","",132
310546973589360,4294967295,132,"v_add_f32_e32 v0, v0, v2","",132
310546973590800,4294967295,132,"v_add_f32_e32 v0, v0, v2","",132
310546973590800,4294967295,132,"v_add_f32_e32 v0, v0, v2","",132
310546973590800,4294967295,132,"v_add_f32_e32 v0, v0, v2","",132
310546973590840,4294967295,132,"v_add_f32_e32 v0, v0, v2","",132
310546973590800,4294967295,132,"v_add_f32_e32 v0, v0, v2","",132
310546973590800,4294967295,132,"v_add_f32_e32 v0, v0, v2","",132
310546973590320,4294967295,132,"v_add_f32_e32 v0, v0, v2","",132
310546973590320,4294967295,132,"v_add_f32_e32 v0, v0, v2","",132
310546973590360,4294967295,132,"v_add_f32_e32 v0, v0, v2","",132
310546973590360,4294967295,132,"v_add_f32_e32 v0, v0, v2","",132
310546973591160,4294967295,132,"v_add_f32_e32 v0, v0, v2","",132
310546973591160,4294967295,132,"v_add_f32_e32 v0, v0, v2","",132
310546973591160,4294967295,132,"v_add_f32_e32 v0, v0, v2","",132
310546973591200,4294967295,132,"v_add_f32_e32 v0, v0, v2","",132
310546973590320,4294967295,132,"s_cbranch_execz 28","",132
310546973587520,4294967295,132,"v_add_f32_e32 v0, v0, v2","",132
310546973587520,4294967295,132,"v_add_f32_e32 v0, v0, v2","",132
310546973587560,4294967295,132,"v_add_f32_e32 v0, v0, v2","",132
310546973590800,4294967295,132,"v_add_f32_e32 v0, v0, v2","",132
310546973590800,4294967295,132,"v_add_f32_e32 v0, v0, v2","",132
310546973590360,4294967295,132,"v_add_f32_e32 v0, v0, v2","",132
310546973591680,4294967295,132,"v_add_f32_e32 v0, v0, v2","",132
310546973591680,4294967295,132,"v_add_f32_e32 v0, v0, v2","",132
310546973592040,4294967295,132,"v_add_f32_e32 v0, v0, v2","",132
310546973592040,4294967295,132,"v_add_f32_e32 v0, v0, v2","",132
310546973591680,4294967295,132,"v_add_f32_e32 v0, v0, v2","",132
310546973591720,4294967295,132,"v_add_f32_e32 v0, v0, v2","",132
310546973588720,4294967295,132,"v_add_f32_e32 v0, v0, v2","",132
310546973588720,4294967295,132,"v_add_f32_e32 v0, v0, v2","",132
310546973590800,4294967295,132,"v_add_f32_e32 v0, v0, v2","",132
310546973590800,4294967295,132,"v_add_f32_e32 v0, v0, v2","",132
310546973590840,4294967295,132,"v_add_f32_e32 v0, v0, v2","",132
310546973592440,4294967295,132,"v_add_f32_e32 v0, v0, v2","",132
310546973591840,4294967295,132,"v_add_f32_e32 v0, v0, v2","",132
310546973591840,4294967295,132,"v_add_f32_e32 v0, v0, v2","",132
310546973591880,4294967295,132,"v_add_f32_e32 v0, v0, v2","",132
310546973592040,4294967295,132,"v_add_f32_e32 v0, v0, v2","",132
310546973591840,4294967295,132,"v_add_f32_e32 v0, v0, v2","",132
310546973591880,4294967295,132,"v_add_f32_e32 v0, v0, v2","",132
310546973591880,4294967295,132,"v_add_f32_e32 v0, v0, v2","",132
310546973591880,4294967295,132,"v_add_f32_e32 v0, v0, v2","",132
310546973589600,4294967295,132,"v_add_f32_e32 v0, v0, v2","",132
310546973589600,4294967295,132,"v_add_f32_e32 v0, v0, v2","",132
310546973589600,4294967295,132,"v_add_f32_e32 v0, v0, v2","",132
310546973592440,4294967295,132,"v_add_f32_e32 v0, v0, v2","",132
310546973592440,4294967295,132,"v_add_f32_e32 v0, v0, v2","",132
310546973593360,4294967295,132,"v_add_f32_e32 v0, v0, v2","",132
310546973593400,4294967295,132,"v_add_f32_e32 v0, v0, v2","",132
310546973592440,4294967295,132,"v_add_f32_e32 v0, v0, v2","",132
310546973593760,4294967295,132,"v_add_f32_e32 v0, v0, v2","",132
310546973593800,4294967295,132,"v_mad_co_u64_u32 v[0:1], null, s4, ttmp9, v[0:1]","",132
310546973593800,4294967295,132,"v_add_f32_e32 v0, v0, v2","",132
310546973593800,4294967295,132,"v_add_f32_e32 v0, v0, v2","",132
310546974585209,4294967295,134,"v_add_f32_e32 v0, v0, v2","",134
310546974586769,4294967295,134,"v_add_f32_e32 v0, v0, v2","",134
310546974590249,4294967295,134,"v_add_f32_e32 v0, v0, v2","",134
310546974585889,4294967295,134,"v_add_f32_e32 v0, v0, v2","",134
310546974586769,4294967295,134,"v_add_f32_e32 v0, v0, v2","",134
310546974586769,4294967295,134,"v_add_f32_e32 v0, v0, v2","",134
310546974586769,4294967295,134,"v_add_f32_e32 v0, v0, v2","",134
310546974587809,4294967295,134,"v_add_f32_e32 v0, v0, v2","",134
310546974585889,4294967295,134,"v_add_f32_e32 v0, v0, v2","",134
310546974585889,4294967295,134,"v_add_f32_e32 v0, v0, v2","",134
310546974585929,4294967295,134,"v_add_f32_e32 v0, v0, v2","",134
310546974587969,4294967295,134,"v_add_f32_e32 v0, v0, v2","",134
310546974588409,4294967295,134,"v_add_f32_e32 v0, v0, v2","",134
310546974588129,4294967295,134,"v_add_f32_e32 v0, v0, v2","",134
310546974590449,4294967295,134,"v_add_f32_e32 v0, v0, v2","",134
310546974589729,4294967295,134,"v_add_f32_e32 v0, v0, v2","",134
310546974587969,4294967295,134,"v_add_f32_e32 v0, v0, v2","",134
310546974587969,4294967295,134,"v_add_f32_e32 v0, v0, v2","",134
310546974590009,4294967295,134,"v_add_f32_e32 v0, v0, v2","",134
310546974588009,4294967295,134,"v_add_f32_e32 v0, v0, v2","",134
310546974588409,4294967295,134,"v_add_f32_e32 v0, v0, v2","",134
310546974585329,4294967295,134,"v_add_f32_e32 v0, v0, v2","",134
310546974591089,4294967295,134,"v_add_f32_e32 v0, v0, v2","",134
310546974591169,4294967295,134,"v_add_f32_e32 v0, v0, v2","",134
310546974591289,4294967295,134,"v_add_f32_e32 v0, v0, v2","",134
310546974590689,4294967295,134,"v_add_f32_e32 v0, v0, v2","",134
310546974591169,4294967295,134,"v_add_f32_e32 v0, v0, v2","",134
310546974591089,4294967295,134,"v_add_f32_e32 v0, v0, v2","",134
310546974591129,4294967295,134,"v_add_f32_e32 v0, v0, v2","",134
310546974591129,4294967295,134,"v_add_f32_e32 v0, v0, v2","",134
310546974592089,4294967295,134,"v_add_f32_e32 v0, v0, v2","",134
310546974592129,4294967295,134,"v_add_f32_e32 v0, v0, v2","",134
310546974592129,4294967295,134,"v_add_f32_e32 v0, v0, v2","",134
310546974589769,4294967295,134,"v_add_f32_e32 v0, v0, v2","",134
310546974592129,4294967295,134,"v_add_f32_e32 v0, v0, v2","",134
310546974592609,4294967295,134,"v_add_f32_e32 v0, v0, v2","",134
310546974592609,4294967295,134,"v_add_f32_e32 v0, v0, v2","",134
310546974590489,4294967295,134,"v_add_f32_e32 v0, v0, v2","",134
310546974590249,4294967295,134,"s_load_b128 s[0:3], s[0:1], 0x0","",134
310546974590249,4294967295,134,"v_add_f32_e32 v0, v0, v2","",134
310546974592649,4294967295,134,"v_add_f32_e32 v0, v0, v2","",134
310546974590249,4294967295,134,"v_add_f32_e32 v0, v0, v2","",134
310546974593249,4294967295,134,"v_add_f32_e32 v0, v0, v2","",134
310546974590489,4294967295,134,"v_add_f32_e32 v0, v0, v2","",134
310546974591209,4294967295,134,"v_add_f32_e32 v0, v0, v2","",134
310546974593209,4294967295,134,"v_add_f32_e32 v0, v0, v2","",134
310546974591209,4294967295,134,"v_add_f32_e32 v0, v0, v2","",134
310546974591209,4294967295,134,"v_add_f32_e32 v0, v0, v2","",134
310546974590689,4294967295,134,"v_add_f32_e32 v0, v0, v2","",134
310546974590689,4294967295,134,"v_add_f32_e32 v0, v0, v2","",134
310546974590049,4294967295,134,"v_add_f32_e32 v0, v0, v2","",134
310546974588129,4294967295,134,"v_add_f32_e32 v0, v0, v2","",134
310546974588129,4294967295,134,"v_add_f32_e32 v0, v0, v2","",134
310546974588409,4294967295,134,"s_load_b128 s[0:3], s[0:1], 0x0","",134
310546974590489,4294967295,134,"v_add_f32_e32 v0, v0, v2","",134
310546974591289,4294967295,134,"v_add_f32_e32 v0, v0, v2","",134
310546974588169,4294967295,134,"v_add_f32_e32 v0, v0, v2","",134
310546974590689,4294967295,134,"v_add_f32_e32 v0, v0, v2","",134
310546974588449,4294967295,134,"v_add_f32_e32 v0, v0, v2","",134
310546974593649,4294967295,134,"v_add_f32_e32 v0, v0, v2","",134
310546974593689,4294967295,134,"v_add_f32_e32 v0, v0, v2","",134
310546974591289,4294967295,134,"v_add_f32_e32 v0, v0, v2","",134
310546974593649,4294967295,134,"v_add_f32_e32 v0, v0, v2","",134
310546974593649,4294967295,134,"v_add_f32_e32 v0, v0, v2","",134
310546974593689,4294967295,134,"v_add_f32_e32 v0, v0, v2","",134
310546974593689,4294967295,134,"v_add_f32_e32 v0, v0, v2","",134
310546974593689,4294967295,134,"v_add_f32_e32 v0, v0, v2","",134
310546974593689,4294967295,134,"v_add_f32_e32 v0, v0, v2","",134
310546974593689,4294967295,134,"v_add_f32_e32 v0, v0, v2","",134
310546974590049,4294967295,134,"v_add_f32_e32 v0, v0, v2","",134
310546974590049,4294967295,134,"v_add_f32_e32 v0, v0, v2","",134
310546974591289,4294967295,134,"v_add_f32_e32 v0, v0, v2","",134
310546974593649,4294967295,134,"v_add_f32_e32 v0, v0, v2","",134
310546974593689,4294967295,134,"v_add_f32_e32 v0, v0, v2","",134
310546974593689,4294967295,134,"v_add_f32_e32 v0, v0, v2","",134
310546974593689,4294967295,134,"v_add_f32_e32 v0, v0, v2","",134
310546974593689,4294967295,134,"v_add_f32_e32 v0, v0, v2","",134
310546974589129,4294967295,134,"v_add_f32_e32 v0, v0, v2","",134
310546974589209,4294967295,134,"v_add_f32_e32 v0, v0, v2","",134
310546974593689,4294967295,134,"v_add_f32_e32 v0, v0, v2","",134
310546974593689,4294967295,134,"v_add_f32_e32 v0, v0, v2","",134
310546974593689,4294967295,134,"v_add_f32_e32 v0, v0, v2","",134
310546974593689,4294967295,134,"v_add_f32_e32 v0, v0, v2","",134
310546974593249,4294967295,134,"v_add_f32_e32 v0, v0, v2","",134
310546974593249,4294967295,134,"v_add_f32_e32 v0, v0, v2","",134
310546974594889,4294967295,134,"v_add_f32_e32 v0, v0, v2","",134
310546974593249,4294967295,134,"v_add_f32_e32 v0, v0, v2","",134
310546974594889,4294967295,134,"v_add_f32_e32 v0, v0, v2","",134
310546974594929,4294967295,134,"v_add_f32_e32 v0, v0, v2","",134
310546974594889,4294967295,134,"v_add_f32_e32 v0, v0, v2","",134
310546974593249,4294967295,134,"v_add_f32_e32 v0, v0, v2","",134
310546974593249,4294967295,134,"v_add_f32_e32 v0, v0, v2","",134
310546974593249,4294967295,134,"v_add_f32_e32 v0, v0, v2","",134
310546974594889,4294967295,134,"v_add_f32_e32 v0, v0, v2","",134
310546974594889,4294967295,134,"v_add_f32_e32 v0, v0, v2","",134
310546974594929,4294967295,134,"v_add_f32_e32 v0, v0, v2","",134
310546974594889,4294967295,134,"v_add_f32_e32 v0, v0, v2","",134
310546974590609,4294967295,134,"v_add_f32_e32 v0, v0, v2","",134
310546974590649,4294967295,134,"v_add_f32_e32 v0, v0, v2","",134
310546974590769,4294967295,134,"v_add_f32_e32 v0, v0, v2","",134
310546974590809,4294967295,134,"v_add_f32_e32 v0, v0, v2","",134
310546974590889,4294967295,134,"v_add_f32_e32 v0, v0, v2","",134
310546974595089,4294967295,134,"v_add_f32_e32 v0, v0, v2","",134
310546974595089,4294967295,134,"v_add_f32_e32 v0, v0, v2","",134
310546974595129,4294967295,134,"v_add_f32_e32 v0, v0, v2","",134
310546974595129,4294967295,134,"v_add_f32_e32 v0, v0, v2","",134
310546974594929,4294967295,134,"v_add_f32_e32 v0, v0, v2","",134
310546974596209,4294967295,134,"v_add_f32_e32 v0, v0, v2","",134
310546974596249,4294967295,134,"v_add_f32_e32 v0, v0, v2","",134
310546974596249,4294967295,134,"v_add_f32_e32 v0, v0, v2","",134
310546974596249,4294967295,134,"v_add_f32_e32 v0, v0, v2","",134
310546974593689,4294967295,134,"v_add_f32_e32 v0, v0, v2","",134
310546974593689,4294967295,134,"v_add_f32_e32 v0, v0, v2","",134
310546974591729,4294967295,134,"v_add_f32_e32 v0, v0, v2","",134
310546974591809,4294967295,134,"v_add_f32_e32 v0, v0, v2","",134
310546974591849,4294967295,134,"v_add_f32_e32 v0, v0, v2","",134
310546974593689,4294967295,134,"v_add_f32_e32 v0, v0, v2","",134
310546974593689,4294967295,134,"v_add_f32_e32 v0, v0, v2","",134
310546974594929,4294967295,134,"v_add_f32_e32 v0, v0, v2","",134
310546974594929,4294967295,134,"v_add_f32_e32 v0, v0, v2","",134
310546974593689,4294967295,134,"v_add_f32_e32 v0, v0, v2","",134
310546974594889,4294967295,134,"v_add_f32_e32 v0, v0, v2","",134
310546974594929,4294967295,134,"v_add_f32_e32 v0, v0, v2","",134
310546974594929,4294967295,134,"v_add_f32_e32 v0, v0, v2","",134
310546975590698,4294967295,136,"v_add_f32_e32 v0, v0, v2","",136
310546975590698,4294967295,136,"v_add_f32_e32 v0, v0, v2","",136
310546975590698,4294967295,136,"v_add_f32_e32 v0, v0, v2","",136
310546975590738,4294967295,136,"v_add_f32_e32 v0, v0, v2","",136
310546975591938,0,136,"s_endpgm","",136
310546975591978,4294967295,136,"v_add_f32_e32 v0, v0, v2","",136
310546975591978,4294967295,136,"v_add_f32_e32 v0, v0, v2","",136
310546975592618,4294967295,136,"v_add_f32_e32 v0, v0, v2","",136
310546975592618,4294967295,136,"v_add_f32_e32 v0, v0, v2","",136
310546975592618,4294967295,136,"v_add_f32_e32 v0, v0, v2","",136
310546975592658,4294967295,136,"v_add_f32_e32 v0, v0, v2","",136
310546975593498,4294967295,136,"s_load_b128 s[0:3], s[0:1], 0x0","",136
310546975593458,4294967295,136,"s_cbranch_execz 28","",136
310546975593418,4294967295,136,"s_cbranch_execz 28","",136
310546975593458,4294967295,136,"v_add_f32_e32 v0, v0, v2","",136
310546975593418,4294967295,136,"v_add_f32_e32 v0, v0, v2","",136
310546975593418,4294967295,136,"v_add_f32_e32 v0, v0, v2","",136
310546975593458,4294967295,136,"v_add_f32_e32 v0, v0, v2","",136
310546975593458,4294967295,136,"v_add_f32_e32 v0, v0, v2","",136
310546975593418,4294967295,136,"v_add_f32_e32 v0, v0, v2","",136
310546975593418,4294967295,136,"v_add_f32_e32 v0, v0, v2","",136
310546975593418,4294967295,136,"v_add_f32_e32 v0, v0, v2","",136
310546975593458,4294967295,136,"v_add_f32_e32 v0, v0, v2","",136
310546975593458,4294967295,136,"v_add_f32_e32 v0, v0, v2","",136
310546975593458,4294967295,136,"v_add_f32_e32 v0, v0, v2","",136
310546975593458,4294967295,136,"v_add_f32_e32 v0, v0, v2","",136
310546975593498,4294967295,136,"v_add_f32_e32 v0, v0, v2","",136
310546975594658,4294967295,136,"v_add_f32_e32 v0, v0, v2","",136
310546975594698,4294967295,136,"v_add_f32_e32 v0, v0, v2","",136
310546975594698,4294967295,136,"s_wait_loadcnt 0x0","",136
310546975594698,4294967295,136,"v_add_f32_e32 v0, v0, v2","",136
310546975594418,4294967295,136,"v_add_f32_e32 v0, v0, v2","",136
310546975594418,4294967295,136,"v_add_f32_e32 v0, v0, v2","",136
310546975594418,4294967295,136,"v_add_f32_e32 v0, v0, v2","",136
310546975594418,4294967295,136,"v_add_f32_e32 v0, v0, v2","",136
310546975594378,4294967295,136,"v_add_f32_e32 v0, v0, v2","",136
310546975594418,4294967295,136,"v_add_f32_e32 v0, v0, v2","",136
310546975594418,4294967295,136,"v_add_f32_e32 v0, v0, v2","",136
310546975594658,4294967295,136,"v_add_f32_e32 v0, v0, v2","",136
310546975594698,4294967295,136,"v_add_f32_e32 v0, v0, v2","",136
310546975595738,4294967295,136,"v_add_f32_e32 v0, v0, v2","",136
310546975595738,4294967295,136,"v_add_f32_e32 v0, v0, v2","",136
310546975595738,4294967295,136,"v_add_f32_e32 v0, v0, v2","",136
310546975595738,4294967295,136,"v_add_f32_e32 v0, v0, v2","",136
310546975596018,4294967295,136,"v_add_f32_e32 v0, v0, v2","",136
310546975596018,4294967295,136,"v_add_f32_e32 v0, v0, v2","",136
310546975596018,4294967295,136,"v_add_f32_e32 v0, v0, v2","",136
310546975596018,4294967295,136,"v_add_f32_e32 v0, v0, v2","",136
310546975596298,4294967295,136,"v_add_f32_e32 v0, v0, v2","",136
310546975596298,4294967295,136,"v_add_f32_e32 v0, v0, v2","",136
310546975596298,4294967295,136,"v_add_f32_e32 v0, v0, v2","",136
310546975596298,4294967295,136,"v_add_f32_e32 v0, v0, v2","",136
310546975596298,4294967295,136,"v_add_f32_e32 v0, v0, v2","",136
310546975596298,4294967295,136,"v_add_f32_e32 v0, v0, v2","",136
310546975596298,4294967295,136,"v_add_f32_e32 v0, v0, v2","",136
310546975596298,4294967295,136,"v_add_f32_e32 v0, v0, v2","",136
310546975596298,4294967295,136,"v_add_f32_e32 v0, v0, v2","",136
310546975596298,4294967295,136,"v_add_f32_e32 v0, v0, v2","",136
310546975596298,4294967295,136,"v_add_f32_e32 v0, v0, v2","",136
310546975596298,4294967295,136,"v_add_f32_e32 v0, v0, v2","",136
310546975596738,4294967295,136,"v_add_f32_e32 v0, v0, v2","",136
310546975596778,4294967295,136,"v_add_f32_e32 v0, v0, v2","",136
310546975596778,4294967295,136,"v_add_f32_e32 v0, v0, v2","",136
310546975596778,4294967295,136,"v_add_f32_e32 v0, v0, v2","",136
310546975596738,4294967295,136,"v_add_f32_e32 v0, v0, v2","",136
310546975596778,4294967295,136,"v_add_f32_e32 v0, v0, v2","",136
310546975596778,4294967295,136,"v_add_f32_e32 v0, v0, v2","",136
310546975596738,4294967295,136,"v_add_f32_e32 v0, v0, v2","",136
310546975596778,4294967295,136,"v_add_f32_e32 v0, v0, v2","",136
310546975596778,4294967295,136,"v_add_f32_e32 v0, v0, v2","",136
310546975596778,4294967295,136,"v_add_f32_e32 v0, v0, v2","",136
310546975597298,4294967295,136,"v_add_f32_e32 v0, v0, v2","",136
310546975597298,4294967295,136,"v_add_f32_e32 v0, v0, v2","",136
310546975597298,4294967295,136,"v_add_f32_e32 v0, v0, v2","",136
310546975597298,4294967295,136,"v_add_f32_e32 v0, v0, v2","",136
310546975597778,4294967295,136,"v_add_co_u32 v0, vcc_lo, s0, v0","",136
310546975597778,4294967295,136,"v_add_f32_e32 v0, v0, v2","",136
310546975597778,4294967295,136,"v_add_f32_e32 v0, v0, v2","",136
310546975597778,4294967295,136,"v_add_f32_e32 v0, v0, v2","",136
310546975597738,4294967295,136,"v_add_f32_e32 v0, v0, v2","",136
310546975597778,4294967295,136,"v_add_f32_e32 v0, v0, v2","",136
310546975597778,4294967295,136,"v_add_f32_e32 v0, v0, v2","",136
310546975597778,4294967295,136,"v_add_f32_e32 v0, v0, v2","",136
310546975598418,4294967295,136,"v_add_f32_e32 v0, v0, v2","",136
310546975598418,4294967295,136,"v_add_f32_e32 v0, v0, v2","",136
310546975598458,4294967295,136,"v_add_f32_e32 v0, v0, v2","",136
310546975598458,4294967295,136,"v_add_f32_e32 v0, v0, v2","",136
310546975598938,4294967295,136,"v_add_f32_e32 v0, v0, v2","",136
310546975598938,4294967295,136,"v_add_f32_e32 v0, v0, v2","",136
310546975598978,4294967295,136,"v_add_f32_e32 v0, v0, v2","",136
310546975598978,4294967295,136,"v_add_f32_e32 v0, v0, v2","",136
310546975599218,4294967295,136,"v_add_f32_e32 v0, v0, v2","",136
310546975599218,4294967295,136,"v_add_f32_e32 v0, v0, v2","",136
310546975599258,4294967295,136,"v_add_f32_e32 v0, v0, v2","",136
310546975599258,4294967295,136,"v_add_f32_e32 v0, v0, v2","",136
310546975599698,4294967295,136,"v_add_f32_e32 v0, v0, v2","",136
310546975599698,4294967295,136,"v_add_f32_e32 v0, v0, v2","",136
310546975599698,4294967295,136,"v_add_f32_e32 v0, v0, v2","",136
310546975599738,4294967295,136,"v_add_f32_e32 v0, v0, v2","",136
310546975600098,4294967295,136,"v_add_f32_e32 v0, v0, v2","",136
310546975600098,4294967295,136,"v_add_f32_e32 v0, v0, v2","",136
310546975600098,4294967295,136,"v_add_f32_e32 v0, v0, v2","",136
310546975600138,4294967295,136,"v_add_f32_e32 v0, v0, v2","",136
310546975600098,4294967295,136,"v_add_f32_e32 v0, v0, v2","",136
310546975600098,4294967295,136,"v_add_f32_e32 v0, v0, v2","",136
310546975600098,4294967295,136,"v_add_f32_e32 v0, v0, v2","",136
310546975600138,4294967295,136,"v_add_f32_e32 v0, v0, v2","",136
310546975600378,4294967295,136,"v_add_f32_e32 v0, v0, v2","",136
310546975600378,4294967295,136,"v_add_f32_e32 v0, v0, v2","",136
310546975600378,4294967295,136,"v_add_f32_e32 v0, v0, v2","",136
310546975600378,4294967295,136,"v_add_f32_e32 v0, v0, v2","",136
310546975600658,4294967295,136,"v_add_f32_e32 v0, v0, v2","",136
310546975600658,4294967295,136,"v_add_f32_e32 v0, v0, v2","",136
310546975600658,4294967295,136,"v_add_f32_e32 v0, v0, v2","",136
310546975601178,4294967295,136,"v_add_f32_e32 v0, v0, v2","",136
310546975601178,4294967295,136,"v_add_f32_e32 v0, v0, v2","",136
310546975602419,4294967295,136,"v_add_f32_e32 v0, v0, v2","",136
310546975602419,4294967295,136,"v_add_f32_e32 v0, v0, v2","",136
310546975602419,4294967295,136,"v_add_f32_e32 v0, v0, v2","",136
310546975602419,4294967295,136,"v_add_f32_e32 v0, v0, v2","",136
310546976592428,4294967295,139,"v_add_f32_e32 v0, v0, v2","",139
310546976592388,4294967295,139,"v_add_f32_e32 v0, v0, v2","",139
310546976592388,4294967295,139,"v_add_f32_e32 v0, v0, v2","",139
310546976592428,4294967295,139,"v_add_f32_e32 v0, v0, v2","",139
310546976592788,4294967295,139,"v_add_f32_e32 v0, v0, v2","",139
310546976592828,4294967295,139,"v_add_f32_e32 v0, v0, v2","",139
310546976592828,4294967295,139,"v_add_f32_e32 v0, v0, v2","",139
310546976592828,4294967295,139,"v_add_f32_e32 v0, v0, v2","",139
310546976595708,4294967295,139,"v_add_f32_e32 v0, v0, v2","",139
310546976595708,4294967295,139,"v_add_f32_e32 v0, v0, v2","",139
310546976594788,4294967295,139,"v_add_f32_e32 v0, v0, v2","",139
310546976594788,4294967295,139,"v_add_f32_e32 v0, v0, v2","",139
310546976594788,4294967295,139,"v_add_f32_e32 v0, v0, v2","",139
310546976595708,4294967295,139,"v_add_f32_e32 v0, v0, v2","",139
310546976595708,4294967295,139,"v_add_f32_e32 v0, v0, v2","",139
310546976595788,4294967295,139,"v_add_f32_e32 v0, v0, v2","",139
310546976595708,4294967295,139,"v_add_f32_e32 v0, v0, v2","",139
310546976595708,4294967295,139,"v_add_f32_e32 v0, v0, v2","",139
310546976595588,4294967295,139,"v_add_f32_e32 v0, v0, v2","",139
310546976595628,4294967295,139,"v_add_f32_e32 v0, v0, v2","",139
310546976595628,4294967295,139,"v_add_f32_e32 v0, v0, v2","",139
310546976595628,4294967295,139,"v_add_f32_e32 v0, v0, v2","",139
310546976595788,4294967295,139,"v_add_f32_e32 v0, v0, v2","",139
310546976595708,4294967295,139,"v_add_f32_e32 v0, v0, v2","",139
310546976595788,4294967295,139,"v_add_f32_e32 v0, v0, v2","",139
310546976595788,4294967295,139,"v_add_f32_e32 v0, v0, v2","",139
310546976595828,4294967295,139,"v_add_f32_e32 v0, v0, v2","",139
310546976595828,4294967295,139,"v_add_f32_e32 v0, v0, v2","",139
310546976595708,4294967295,139,"v_add_co_u32 v0, vcc_lo, s0, v0","",139
310546976595708,4294967295,139,"v_add_co_u32 v0, vcc_lo, s0, v0","",139
310546976595708,4294967295,139,"v_add_f32_e32 v0, v0, v2","",139
310546976597188,4294967295,139,"v_add_f32_e32 v0, v0, v2","",139
310546976597188,4294967295,139,"v_add_f32_e32 v0, v0, v2","",139
310546976597188,4294967295,139,"v_add_f32_e32 v0, v0, v2","",139
310546976597228,4294967295,139,"v_add_f32_e32 v0, v0, v2","",139
310546976597468,4294967295,139,"v_add_f32_e32 v0, v0, v2","",139
310546976597468,4294967295,139,"v_add_f32_e32 v0, v0, v2","",139
310546976597468,4294967295,139,"v_add_f32_e32 v0, v0, v2","",139
310546976597508,4294967295,139,"v_add_f32_e32 v0, v0, v2","",139
310546976597708,4294967295,139,"v_add_f32_e32 v0, v0, v2","",139
310546976594788,0,139,"s_cbranch_execz 6","",139
310546976594788,4294967295,139,"v_add_f32_e32 v0, v0, v2","",139
310546976597708,4294967295,139,"v_add_f32_e32 v0, v0, v2","",139
310546976597708,4294967295,139,"v_add_f32_e32 v0, v0, v2","",139
310546976597708,4294967295,139,"v_add_f32_e32 v0, v0, v2","",139
310546976597748,4294967295,139,"v_add_f32_e32 v0, v0, v2","",139
310546976598268,4294967295,139,"v_add_f32_e32 v0, v0, v2","",139
310546976598268,4294967295,139,"v_add_f32_e32 v0, v0, v2","",139
310546976598268,4294967295,139,"v_add_f32_e32 v0, v0, v2","",139
310546976598268,4294967295,139,"v_add_f32_e32 v0, v0, v2","",139
310546976598548,4294967295,139,"v_add_f32_e32 v0, v0, v2","",139
310546976598588,4294967295,139,"v_add_f32_e32 v0, v0, v2","",139
310546976598588,4294967295,139,"v_add_f32_e32 v0, v0, v2","",139
310546976595828,4294967295,139,"v_add_f32_e32 v0, v0, v2","",139
310546976595828,4294967295,139,"v_add_f32_e32 v0, v0, v2","",139
310546976598428,4294967295,139,"v_add_f32_e32 v0, v0, v2","",139
310546976598268,4294967295,139,"v_add_f32_e32 v0, v0, v2","",139
310546976598268,4294967295,139,"v_add_f32_e32 v0, v0, v2","",139
310546976598268,4294967295,139,"v_add_f32_e32 v0, v0, v2","",139
310546976597788,4294967295,139,"v_add_f32_e32 v0, v0, v2","",139
310546976597788,4294967295,139,"v_add_f32_e32 v0, v0, v2","",139
310546976597788,4294967295,139,"v_add_f32_e32 v0, v0, v2","",139
310546976597828,4294967295,139,"v_add_f32_e32 v0, v0, v2","",139
310546976598268,4294967295,139,"v_add_f32_e32 v0, v0, v2","",139
310546976600068,4294967295,139,"v_add_f32_e32 v0, v0, v2","",139
310546976600068,4294967295,139,"v_add_f32_e32 v0, v0, v2","",139
310546976600068,4294967295,139,"v_add_f32_e32 v0, v0, v2","",139
310546976600068,4294967295,139,"v_add_f32_e32 v0, v0, v2","",139
310546976600228,4294967295,139,"v_add_f32_e32 v0, v0, v2","",139
310546976598428,4294967295,139,"v_add_f32_e32 v0, v0, v2","",139
310546976598428,4294967295,139,"v_add_f32_e32 v0, v0, v2","",139
310546976600228,4294967295,139,"v_add_f32_e32 v0, v0, v2","",139
310546976598428,4294967295,139,"v_add_f32_e32 v0, v0, v2","",139
310546976600228,4294967295,139,"v_add_f32_e32 v0, v0, v2","",139
310546976600748,4294967295,139,"v_add_f32_e32 v0, v0, v2","",139
310546976600748,4294967295,139,"v_add_f32_e32 v0, v0, v2","",139
310546976600748,4294967295,139,"v_add_f32_e32 v0, v0, v2","",139
310546976600748,4294967295,139,"v_add_f32_e32 v0, v0, v2","",139
310546976598908,4294967295,139,"v_add_f32_e32 v0, v0, v2","",139
310546976598908,4294967295,139,"v_add_f32_e32 v0, v0, v2","",139
310546976598948,4294967295,139,"v_add_f32_e32 v0, v0, v2","",139
310546976598948,4294967295,139,"v_add_f32_e32 v0, v0, v2","",139
310546976599668,4294967295,139,"v_add_f32_e32 v0, v0, v2","",139
310546976601348,4294967295,139,"v_add_f32_e32 v0, v0, v2","",139
310546976601388,4294967295,139,"v_add_f32_e32 v0, v0, v2","",139
310546976601388,4294967295,139,"v_add_f32_e32 v0, v0, v2","",139
310546976599668,4294967295,139,"v_add_f32_e32 v0, v0, v2","",139
310546976600228,4294967295,139,"v_add_f32_e32 v0, v0, v2","",139
310546976600228,4294967295,139,"v_add_f32_e32 v0, v0, v2","",139
310546976599668,4294967295,139,"v_add_f32_e32 v0, v0, v2","",139
310546976599668,4294967295,139,"v_add_f32_e32 v0, v0, v2","",139
310546976600268,4294967295,139,"v_add_f32_e32 v0, v0, v2","",139
310546976600268,4294967295,139,"v_add_f32_e32 v0, v0, v2","",139
310546976600268,4294967295,139,"v_add_f32_e32 v0, v0, v2","",139
310546976602028,4294967295,139,"v_add_f32_e32 v0, v0, v2","",139
310546976602068,4294967295,139,"v_add_f32_e32 v0, v0, v2","",139
310546976602068,4294967295,139,"v_add_f32_e32 v0, v0, v2","",139
310546976602068,4294967295,139,"v_add_f32_e32 v0, v0, v2","",139
310546976597708,4294967295,139,"v_add_f32_e32 v0, v0, v2","",139
310546976597708,4294967295,139,"v_add_f32_e32 v0, v0, v2","",139
310546976597708,4294967295,139,"v_add_f32_e32 v0, v0, v2","",139
310546976602548,4294967295,139,"v_add_f32_e32 v0, v0, v2","",139
310546976602548,4294967295,139,"v_add_f32_e32 v0, v0, v2","",139
310546976602548,4294967295,139,"v_add_f32_e32 v0, v0, v2","",139
310546976602588,4294967295,139,"v_add_f32_e32 v0, v0, v2","",139
310546976603068,4294967295,139,"v_add_f32_e32 v0, v0, v2","",139
310546976603068,4294967295,139,"v_add_f32_e32 v0, v0, v2","",139
310546976603108,4294967295,139,"v_add_f32_e32 v0, v0, v2","",139
310546976603108,4294967295,139,"v_add_f32_e32 v0, v0, v2","",139
310546976602748,4294967295,139,"v_add_f32_e32 v0, v0, v2","",139
310546976602748,4294967295,139,"v_add_f32_e32 v0, v0, v2","",139
310546976604308,4294967295,139,"v_add_f32_e32 v0, v0, v2","",139
310546976604308,4294967295,139,"v_add_f32_e32 v0, v0, v2","",139
310546976604348,4294967295,139,"v_add_f32_e32 v0, v0, v2","",139
310546976604348,4294967295,139,"v_add_f32_e32 v0, v0, v2","",139
310546976602748,4294967295,139,"v_add_f32_e32 v0, v0, v2","",139
310546976602748,4294967295,139,"v_add_f32_e32 v0, v0, v2","",139
310546977593877,4294967295,141,"v_add_f32_e32 v0, v0, v2","",141
310546977593877,4294967295,141,"v_add_f32_e32 v0, v0, v2","",141
310546977593877,4294967295,141,"v_add_f32_e32 v0, v0, v2","",141
310546977593877,4294967295,141,"v_add_f32_e32 v0, v0, v2","",141
310546977594757,4294967295,141,"v_add_co_u32 v0, vcc_lo, s0, v0","",141
310546977594757,4294967295,141,"v_add_f32_e32 v0, v0, v2","",141
310546977594757,4294967295,141,"v_add_f32_e32 v0, v0, v2","",141
310546977595677,4294967295,141,"v_add_f32_e32 v0, v0, v2","",141
310546977595677,4294967295,141,"v_add_f32_e32 v0, v0, v2","",141
310546977595677,4294967295,141,"v_add_f32_e32 v0, v0, v2","",141
310546977596077,4294967295,141,"v_add_f32_e32 v0, v0, v2","",141
310546977596077,4294967295,141,"v_add_f32_e32 v0, v0, v2","",141
310546977596117,4294967295,141,"v_add_f32_e32 v0, v0, v2","",141
310546977596117,4294967295,141,"v_add_f32_e32 v0, v0, v2","",141
310546977597557,4294967295,141,"v_add_f32_e32 v0, v0, v2","",141
310546977597557,4294967295,141,"v_add_f32_e32 v0, v0, v2","",141
310546977597997,4294967295,141,"v_add_f32_e32 v0, v0, v2","",141
310546977597837,4294967295,141,"v_add_f32_e32 v0, v0, v2","",141
310546977597837,4294967295,141,"v_add_f32_e32 v0, v0, v2","",141
310546977598957,4294967295,141,"v_add_f32_e32 v0, v0, v2","",141
310546977598957,4294967295,141,"v_add_f32_e32 v0, v0, v2","",141
310546977598997,4294967295,141,"v_add_f32_e32 v0, v0, v2","",141
310546977598997,4294967295,141,"v_add_f32_e32 v0, v0, v2","",141
310546977598957,4294967295,141,"v_add_f32_e32 v0, v0, v2","",141
310546977599197,4294967295,141,"v_add_f32_e32 v0, v0, v2","",141
310546977599237,4294967295,141,"v_add_f32_e32 v0, v0, v2","",141
310546977599237,4294967295,141,"v_add_f32_e32 v0, v0, v2","",141
310546977599557,4294967295,141,"v_add_f32_e32 v0, v0, v2","",141
310546977599197,4294967295,141,"v_add_f32_e32 v0, v0, v2","",141
310546977599237,4294967295,141,"v_add_f32_e32 v0, v0, v2","",141
310546977599197,4294967295,141,"v_add_f32_e32 v0, v0, v2","",141
310546977599237,4294967295,141,"v_add_f32_e32 v0, v0, v2","",141
310546977599237,4294967295,141,"v_add_f32_e32 v0, v0, v2","",141
310546977599237,4294967295,141,"v_add_f32_e32 v0, v0, v2","",141
310546977600757,4294967295,141,"v_add_f32_e32 v0, v0, v2","",141
310546977598957,4294967295,141,"v_add_f32_e32 v0, v0, v2","",141
310546977598997,4294967295,141,"v_add_f32_e32 v0, v0, v2","",141
310546977598997,4294967295,141,"v_add_f32_e32 v0, v0, v2","",141
310546977599557,4294967295,141,"v_add_f32_e32 v0, v0, v2","",141
310546977599557,4294967295,141,"v_add_f32_e32 v0, v0, v2","",141
310546977599557,4294967295,141,"v_add_f32_e32 v0, v0, v2","",141
310546977599597,4294967295,141,"v_add_f32_e32 v0, v0, v2","",141
310546977600797,4294967295,141,"v_add_f32_e32 v0, v0, v2","",141
310546977600797,4294967295,141,"v_add_f32_e32 v0, v0, v2","",141
310546977600797,4294967295,141,"v_add_f32_e32 v0, v0, v2","",141
310546977600757,4294967295,141,"v_add_f32_e32 v0, v0, v2","",141
310546977600797,4294967295,141,"v_add_f32_e32 v0, v0, v2","",141
310546977600797,4294967295,141,"v_add_f32_e32 v0, v0, v2","",141
310546977600797,4294967295,141,"v_add_f32_e32 v0, v0, v2","",141
310546977600797,4294967295,141,"v_add_f32_e32 v0, v0, v2","",141
310546977600877,4294967295,141,"v_add_f32_e32 v0, v0, v2","",141
310546977597997,4294967295,141,"v_add_f32_e32 v0, v0, v2","",141
310546977597997,4294967295,141,"v_add_f32_e32 v0, v0, v2","",141
310546977600757,4294967295,141,"v_add_f32_e32 v0, v0, v2","",141
310546977600877,4294967295,141,"v_add_f32_e32 v0, v0, v2","",141
310546977597997,4294967295,141,"v_add_f32_e32 v0, v0, v2","",141
310546977600757,4294967295,141,"v_add_f32_e32 v0, v0, v2","",141
310546977600797,4294967295,141,"v_add_f32_e32 v0, v0, v2","",141
310546977600797,4294967295,141,"v_add_f32_e32 v0, v0, v2","",141
310546977600797,4294967295,141,"v_add_f32_e32 v0, v0, v2","",141
310546977600957,4294967295,141,"v_add_f32_e32 v0, v0, v2","",141
310546977600957,4294967295,141,"v_add_f32_e32 v0, v0, v2","",141
310546977600957,4294967295,141,"v_add_f32_e32 v0, v0, v2","",141
310546977600997,4294967295,141,"v_add_f32_e32 v0, v0, v2","",141
310546977599557,4294967295,141,"v_add_f32_e32 v0, v0, v2","",141
310546977600917,4294967295,141,"v_add_f32_e32 v0, v0, v2","",141
310546977600917,4294967295,141,"v_add_f32_e32 v0, v0, v2","",141
310546977601517,4294967295,141,"v_add_f32_e32 v0, v0, v2","",141
310546977601517,4294967295,141,"v_add_f32_e32 v0, v0, v2","",141
310546977601557,4294967295,141,"v_add_f32_e32 v0, v0, v2","",141
310546977601557,4294967295,141,"v_add_f32_e32 v0, v0, v2","",141
310546977599597,4294967295,141,"s_cbranch_execz 28","",141
310546977601797,4294967295,141,"v_add_f32_e32 v0, v0, v2","",141
310546977602557,4294967295,141,"v_add_f32_e32 v0, v0, v2","",141
310546977602597,4294967295,141,"v_add_f32_e32 v0, v0, v2","",141
310546977602317,4294967295,141,"v_add_f32_e32 v0, v0, v2","",141
310546977602597,4294967295,141,"v_add_f32_e32 v0, v0, v2","",141
310546977602317,4294967295,141,"v_add_f32_e32 v0, v0, v2","",141
310546977599597,4294967295,141,"v_add_f32_e32 v0, v0, v2","",141
310546977601757,4294967295,141,"v_add_f32_e32 v0, v0, v2","",141
310546977602677,4294967295,141,"v_add_f32_e32 v0, v0, v2","",141
310546977601797,4294967295,141,"v_add_f32_e32 v0, v0, v2","",141
310546977601797,4294967295,141,"v_add_f32_e32 v0, v0, v2","",141
310546977602677,4294967295,141,"v_add_f32_e32 v0, v0, v2","",141
310546977602677,4294967295,141,"v_add_f32_e32 v0, v0, v2","",141
310546977602677,4294967295,141,"v_add_f32_e32 v0, v0, v2","",141
310546977602677,4294967295,141,"v_add_f32_e32 v0, v0, v2","",141
310546977602957,4294967295,141,"v_add_f32_e32 v0, v0, v2","",141
310546977600797,4294967295,141,"v_add_f32_e32 v0, v0, v2","",141
310546977600797,4294967295,141,"v_add_f32_e32 v0, v0, v2","",141
310546977600797,4294967295,141,"v_add_f32_e32 v0, v0, v2","",141
310546977602677,4294967295,141,"v_add_f32_e32 v0, v0, v2","",141
310546977602997,4294967295,141,"v_add_f32_e32 v0, v0, v2","",141
310546977600797,4294967295,141,"v_add_f32_e32 v0, v0, v2","",141
310546977600797,4294967295,141,"v_add_f32_e32 v0, v0, v2","",141
310546977604037,4294967295,141,"v_add_f32_e32 v0, v0, v2","",141
310546977604037,4294967295,141,"v_add_f32_e32 v0, v0, v2","",141
310546977604037,4294967295,141,"v_add_f32_e32 v0, v0, v2","",141
310546977604037,4294967295,141,"v_add_f32_e32 v0, v0, v2","",141
310546977605477,4294967295,141,"v_add_f32_e32 v0, v0, v2","",141
310546977605477,4294967295,141,"v_add_f32_e32 v0, v0, v2","",141
310546977605477,4294967295,141,"v_add_f32_e32 v0, v0, v2","",141
310546977605477,4294967295,141,"v_add_f32_e32 v0, v0, v2","",141
310546977606517,4294967295,141,"v_add_f32_e32 v0, v0, v2","",141
310546977606517,4294967295,141,"v_add_f32_e32 v0, v0, v2","",141
310546977606517,4294967295,141,"v_add_f32_e32 v0, v0, v2","",141
310546977606517,4294967295,141,"v_add_f32_e32 v0, v0, v2","",141
310546977608517,4294967295,141,"v_add_f32_e32 v0, v0, v2","",141
310546977608517,4294967295,141,"v_add_f32_e32 v0, v0, v2","",141
310546977608517,4294967295,141,"v_add_f32_e32 v0, v0, v2","",141
310546978603647,4294967295,143,"v_add_f32_e32 v0, v0, v2","",143
310546978603647,4294967295,143,"v_add_f32_e32 v0, v0, v2","",143
310546978603647,4294967295,143,"v_add_f32_e32 v0, v0, v2","",143
310546978605007,4294967295,143,"v_add_f32_e32 v0, v0, v2","",143
310546978605007,4294967295,143,"v_add_f32_e32 v0, v0, v2","",143
310546978605047,4294967295,143,"v_add_f32_e32 v0, v0, v2","",143
310546978606087,4294967295,143,"v_add_f32_e32 v0, v0, v2","",143
310546978606087,4294967295,143,"v_add_f32_e32 v0, v0, v2","",143
310546978605607,4294967295,143,"v_add_f32_e32 v0, v0, v2","",143
310546978606367,4294967295,143,"v_add_f32_e32 v0, v0, v2","",143
310546978606367,4294967295,143,"v_add_f32_e32 v0, v0, v2","",143
310546978606407,4294967295,143,"v_add_f32_e32 v0, v0, v2","",143
310546978606407,4294967295,143,"v_add_f32_e32 v0, v0, v2","",143
310546978607567,4294967295,143,"v_add_f32_e32 v0, v0, v2","",143
310546978607487,4294967295,143,"v_add_f32_e32 v0, v0, v2","",143
310546978607927,4294967295,143,"v_add_f32_e32 v0, v0, v2","",143
310546978607807,4294967295,143,"v_add_f32_e32 v0, v0, v2","",143
310546978607927,4294967295,143,"v_add_f32_e32 v0, v0, v2","",143
310546978607927,4294967295,143,"v_add_f32_e32 v0, v0, v2","",143
310546978608007,4294967295,143,"v_add_f32_e32 v0, v0, v2","",143
310546978608447,4294967295,143,"v_add_f32_e32 v0, v0, v2","",143
310546978607807,4294967295,143,"v_add_f32_e32 v0, v0, v2","",143
310546978607807,4294967295,143,"v_add_f32_e32 v0, v0, v2","",143
310546978608447,4294967295,143,"v_add_f32_e32 v0, v0, v2","",143
310546978608447,4294967295,143,"v_add_f32_e32 v0, v0, v2","",143
310546978607807,4294967295,143,"v_add_f32_e32 v0, v0, v2","",143
310546978608447,4294967295,143,"v_add_f32_e32 v0, v0, v2","",143
310546978609407,4294967295,143,"v_add_f32_e32 v0, v0, v2","",143
310546978609927,4294967295,143,"v_add_f32_e32 v0, v0, v2","",143
310546978609927,4294967295,143,"v_add_f32_e32 v0, v0, v2","",143
310546978607807,4294967295,143,"v_add_f32_e32 v0, v0, v2","",143
310546978607967,4294967295,143,"s_cbranch_execz 28","",143
310546978607967,4294967295,143,"v_add_f32_e32 v0, v0, v2","",143
310546978605607,4294967295,143,"v_add_f32_e32 v0, v0, v2","",143
310546978609927,4294967295,143,"v_add_f32_e32 v0, v0, v2","",143
310546978609927,4294967295,143,"v_add_f32_e32 v0, v0, v2","",143
310546978609967,4294967295,143,"v_add_f32_e32 v0, v0, v2","",143
310546978609927,4294967295,143,"v_add_f32_e32 v0, v0, v2","",143
310546978610247,4294967295,143,"v_add_f32_e32 v0, v0, v2","",143
310546978609927,4294967295,143,"v_add_f32_e32 v0, v0, v2","",143
310546978609967,4294967295,143,"v_add_f32_e32 v0, v0, v2","",143
310546978608047,4294967295,143,"v_add_f32_e32 v0, v0, v2","",143
310546978608047,4294967295,143,"v_add_f32_e32 v0, v0, v2","",143
310546978608447,4294967295,143,"v_add_f32_e32 v0, v0, v2","",143
310546978608447,4294967295,143,"v_add_f32_e32 v0, v0, v2","",143
310546978610247,4294967295,143,"v_add_f32_e32 v0, v0, v2","",143
310546978608487,4294967295,143,"v_add_f32_e32 v0, v0, v2","",143
310546978607807,4294967295,143,"v_add_f32_e32 v0, v0, v2","",143
310546978607807,4294967295,143,"v_add_f32_e32 v0, v0, v2","",143
310546978610247,4294967295,143,"v_add_f32_e32 v0, v0, v2","",143
310546978610247,4294967295,143,"v_add_f32_e32 v0, v0, v2","",143
310546978610287,4294967295,143,"v_add_f32_e32 v0, v0, v2","",143
310546978610287,4294967295,143,"v_add_f32_e32 v0, v0, v2","",143
310546978610247,4294967295,143,"v_add_f32_e32 v0, v0, v2","",143
310546978610247,4294967295,143,"v_add_f32_e32 v0, v0, v2","",143
310546978610247,4294967295,143,"v_add_f32_e32 v0, v0, v2","",143
310546978609407,4294967295,143,"v_add_f32_e32 v0, v0, v2","",143
310546978609407,4294967295,143,"v_add_f32_e32 v0, v0, v2","",143
310546978610567,4294967295,143,"v_add_f32_e32 v0, v0, v2","",143
310546978610247,4294967295,143,"v_add_f32_e32 v0, v0, v2","",143
310546978610247,4294967295,143,"v_add_f32_e32 v0, v0, v2","",143
310546978610247,4294967295,143,"v_add_f32_e32 v0, v0, v2","",143
310546978610287,4294967295,143,"v_add_f32_e32 v0, v0, v2","",143
310546978610287,4294967295,143,"v_add_f32_e32 v0, v0, v2","",143
310546978606207,4294967295,143,"v_add_f32_e32 v0, v0, v2","",143
310546978606287,4294967295,143,"v_add_f32_e32 v0, v0, v2","",143
310546978610247,4294967295,143,"v_add_f32_e32 v0, v0, v2","",143
310546978607567,4294967295,143,"v_add_f32_e32 v0, v0, v2","",143
310546978607607,4294967295,143,"v_add_f32_e32 v0, v0, v2","",143
310546978610767,4294967295,143,"v_add_f32_e32 v0, v0, v2","",143
310546978610287,4294967295,143,"v_add_f32_e32 v0, v0, v2","",143
310546978607607,4294967295,143,"v_add_f32_e32 v0, v0, v2","",143
310546978607807,4294967295,143,"v_add_f32_e32 v0, v0, v2","",143
310546978607807,4294967295,143,"v_add_f32_e32 v0, v0, v2","",143
310546978607807,4294967295,143,"v_add_f32_e32 v0, v0, v2","",143
310546978609927,4294967295,143,"v_add_f32_e32 v0, v0, v2","",143
310546978609967,4294967295,143,"v_add_f32_e32 v0, v0, v2","",143
310546978607807,4294967295,143,"v_add_f32_e32 v0, v0, v2","",143
310546978607967,4294967295,143,"v_add_f32_e32 v0, v0, v2","",143
310546978607967,4294967295,143,"v_add_f32_e32 v0, v0, v2","",143
310546978611167,4294967295,143,"v_add_f32_e32 v0, v0, v2","",143
310546978611167,4294967295,143,"v_add_f32_e32 v0, v0, v2","",143
310546978609967,4294967295,143,"v_add_f32_e32 v0, v0, v2","",143
310546978607967,4294967295,143,"v_add_f32_e32 v0, v0, v2","",143
310546978610767,4294967295,143,"v_add_f32_e32 v0, v0, v2","",143
310546978607967,4294967295,143,"v_add_f32_e32 v0, v0, v2","",143
310546978607967,4294967295,143,"v_add_f32_e32 v0, v0, v2","",143
310546978607967,4294967295,143,"v_add_f32_e32 v0, v0, v2","",143
310546978610567,4294967295,143,"v_add_f32_e32 v0, v0, v2","",143
310546978610607,4294967295,143,"v_add_f32_e32 v0, v0, v2","",143
310546978609927,4294967295,143,"v_add_f32_e32 v0, v0, v2","",143
310546978609967,4294967295,143,"v_add_f32_e32 v0, v0, v2","",143
310546978609967,4294967295,143,"v_add_f32_e32 v0, v0, v2","",143
310546978610767,4294967295,143,"v_add_f32_e32 v0, v0, v2","",143
310546978612487,4294967295,143,"v_add_f32_e32 v0, v0, v2","",143
310546978610807,4294967295,143,"v_add_f32_e32 v0, v0, v2","",143
310546978610607,4294967295,143,"v_add_f32_e32 v0, v0, v2","",143
310546978612487,4294967295,143,"v_add_f32_e32 v0, v0, v2","",143
310546978612487,4294967295,143,"v_add_f32_e32 v0, v0, v2","",143
310546978612487,4294967295,143,"v_add_f32_e32 v0, v0, v2","",143
310546978612687,4294967295,143,"v_add_f32_e32 v0, v0, v2","",143
310546978612727,4294967295,143,"v_add_f32_e32 v0, v0, v2","",143
310546978612727,4294967295,143,"v_add_f32_e32 v0, v0, v2","",143
310546978612727,4294967295,143,"v_add_f32_e32 v0, v0, v2","",143
310546978614007,4294967295,143,"v_add_f32_e32 v0, v0, v2","",143
310546978614047,4294967295,143,"v_add_f32_e32 v0, v0, v2","",143
310546978614047,4294967295,143,"v_add_f32_e32 v0, v0, v2","",143
310546978614047,4294967295,143,"v_add_f32_e32 v0, v0, v2","",143
310546978614967,4294967295,143,"v_add_f32_e32 v0, v0, v2","",143
310546978614967,4294967295,143,"v_add_f32_e32 v0, v0, v2","",143
310546978614967,4294967295,143,"v_add_f32_e32 v0, v0, v2","",143
310546978614967,4294967295,143,"v_add_f32_e32 v0, v0, v2","",143
310546979601416,4294967295,145,"v_add_f32_e32 v0, v0, v2","",145
310546979601416,4294967295,145,"v_add_f32_e32 v0, v0, v2","",145
310546979601936,4294967295,145,"v_add_f32_e32 v0, v0, v2","",145
310546979601936,4294967295,145,"v_add_f32_e32 v0, v0, v2","",145
310546979601936,4294967295,145,"v_add_f32_e32 v0, v0, v2","",145
310546979603696,0,145,"s_endpgm","",145
310546979603776,4294967295,145,"v_add_f32_e32 v0, v0, v2","",145
310546979603816,4294967295,145,"v_add_f32_e32 v0, v0, v2","",145
310546979603776,4294967295,145,"v_add_f32_e32 v0, v0, v2","",145
310546979603816,4294967295,145,"v_add_f32_e32 v0, v0, v2","",145
310546979603816,4294967295,145,"v_add_f32_e32 v0, v0, v2","",145
310546979604936,4294967295,145,"v_add_f32_e32 v0, v0, v2","",145
310546979604936,4294967295,145,"v_add_f32_e32 v0, v0, v2","",145
310546979604936,4294967295,145,"v_add_f32_e32 v0, v0, v2","",145
310546979604976,4294967295,145,"v_add_f32_e32 v0, v0, v2","",145
310546979604976,4294967295,145,"v_add_f32_e32 v0, v0, v2","",145
310546979604936,4294967295,145,"v_add_f32_e32 v0, v0, v2","",145
310546979604736,4294967295,145,"v_add_f32_e32 v0, v0, v2","",145
310546979604736,4294967295,145,"v_add_f32_e32 v0, v0, v2","",145
310546979604736,4294967295,145,"v_add_f32_e32 v0, v0, v2","",145
310546979604736,4294967295,145,"v_add_f32_e32 v0, v0, v2","",145
310546979605856,4294967295,145,"v_add_f32_e32 v0, v0, v2","",145
310546979607336,4294967295,145,"v_add_f32_e32 v0, v0, v2","",145
310546979607336,4294967295,145,"v_add_f32_e32 v0, v0, v2","",145
310546979607336,4294967295,145,"v_add_f32_e32 v0, v0, v2","",145
310546979605856,4294967295,145,"v_add_f32_e32 v0, v0, v2","",145
310546979606056,4294967295,145,"v_add_f32_e32 v0, v0, v2","",145
310546979606096,4294967295,145,"v_add_f32_e32 v0, v0, v2","",145
310546979606096,4294967295,145,"v_add_f32_e32 v0, v0, v2","",145
310546979606096,4294967295,145,"v_add_f32_e32 v0, v0, v2","",145
310546979605856,4294967295,145,"v_add_f32_e32 v0, v0, v2","",145
310546979605896,4294967295,145,"v_add_f32_e32 v0, v0, v2","",145
310546979607336,4294967295,145,"v_add_f32_e32 v0, v0, v2","",145
310546979607336,4294967295,145,"v_add_f32_e32 v0, v0, v2","",145
310546979607336,4294967295,145,"v_add_f32_e32 v0, v0, v2","",145
310546979607336,4294967295,145,"v_add_f32_e32 v0, v0, v2","",145
310546979608736,4294967295,145,"v_add_f32_e32 v0, v0, v2","",145
310546979608696,4294967295,145,"v_add_f32_e32 v0, v0, v2","",145
310546979608736,4294967295,145,"v_add_f32_e32 v0, v0, v2","",145
310546979608736,4294967295,145,"v_add_f32_e32 v0, v0, v2","",145
310546979604936,4294967295,145,"v_add_f32_e32 v0, v0, v2","",145
310546979608736,4294967295,145,"v_add_f32_e32 v0, v0, v2","",145
310546979609016,4294967295,145,"v_add_f32_e32 v0, v0, v2","",145
310546979608696,4294967295,145,"v_add_f32_e32 v0, v0, v2","",145
310546979608736,4294967295,145,"v_add_f32_e32 v0, v0, v2","",145
310546979608736,4294967295,145,"v_add_f32_e32 v0, v0, v2","",145
310546979609016,4294967295,145,"v_add_f32_e32 v0, v0, v2","",145
310546979609016,4294967295,145,"v_add_f32_e32 v0, v0, v2","",145
310546979609056,4294967295,145,"v_add_f32_e32 v0, v0, v2","",145
310546979609056,4294967295,145,"v_add_f32_e32 v0, v0, v2","",145
310546979608696,4294967295,145,"v_add_f32_e32 v0, v0, v2","",145
310546979608736,4294967295,145,"v_add_f32_e32 v0, v0, v2","",145
310546979608736,4294967295,145,"v_add_f32_e32 v0, v0, v2","",145
310546979608736,4294967295,145,"v_add_f32_e32 v0, v0, v2","",145
310546979608736,4294967295,145,"v_add_f32_e32 v0, v0, v2","",145
310546979609416,4294967295,145,"v_add_f32_e32 v0, v0, v2","",145
310546979609416,4294967295,145,"v_add_f32_e32 v0, v0, v2","",145
310546979609416,4294967295,145,"v_add_f32_e32 v0, v0, v2","",145
310546979609416,4294967295,145,"v_add_f32_e32 v0, v0, v2","",145
310546979609456,4294967295,145,"v_add_f32_e32 v0, v0, v2","",145
310546979609416,4294967295,145,"v_add_f32_e32 v0, v0, v2","",145
310546979609416,4294967295,145,"v_add_f32_e32 v0, v0, v2","",145
310546979609416,4294967295,145,"v_add_f32_e32 v0, v0, v2","",145
310546979609456,4294967295,145,"v_add_f32_e32 v0, v0, v2","",145
310546979609456,4294967295,145,"v_add_f32_e32 v0, v0, v2","",145
310546979609416,4294967295,145,"v_add_f32_e32 v0, v0, v2","",145
310546979609456,4294967295,145,"v_add_f32_e32 v0, v0, v2","",145
310546979609456,4294967295,145,"v_add_f32_e32 v0, v0, v2","",145
310546979604936,4294967295,145,"v_add_f32_e32 v0, v0, v2","",145
310546979604976,4294967295,145,"v_add_f32_e32 v0, v0, v2","",145
310546979604776,4294967295,145,"v_add_f32_e32 v0, v0, v2","",145
310546979604856,4294967295,145,"v_add_f32_e32 v0, v0, v2","",145
310546979604896,4294967295,145,"v_add_f32_e32 v0, v0, v2","",145
310546979610016,4294967295,145,"v_add_f32_e32 v0, v0, v2","",145
310546979610016,4294967295,145,"v_add_f32_e32 v0, v0, v2","",145
310546979610016,4294967295,145,"v_add_f32_e32 v0, v0, v2","",145
310546979610016,4294967295,145,"v_add_f32_e32 v0, v0, v2","",145
310546979609016,4294967295,145,"v_add_f32_e32 v0, v0, v2","",145
310546979610016,4294967295,145,"v_add_f32_e32 v0, v0, v2","",145
310546979609416,4294967295,145,"v_add_f32_e32 v0, v0, v2","",145
310546979609456,4294967295,145,"v_add_f32_e32 v0, v0, v2","",145
310546979610856,4294967295,145,"v_add_f32_e32 v0, v0, v2","",145
310546979610856,4294967295,145,"v_add_f32_e32 v0, v0, v2","",145
310546979610856,4294967295,145,"v_add_f32_e32 v0, v0, v2","",145
310546979610856,4294967295,145,"v_add_f32_e32 v0, v0, v2","",145
310546979609056,4294967295,145,"v_cmp_eq_f32_e32 vcc_lo, 0x449a522b, v0","",145
310546979609456,4294967295,145,"v_add_f32_e32 v0, v0, v2","",145
310546979609056,4294967295,145,"v_add_f32_e32 v0, v0, v2","",145
310546979610816,4294967295,145,"v_add_f32_e32 v0, v0, v2","",145
310546979610016,4294967295,145,"v_add_f32_e32 v0, v0, v2","",145
310546979608736,4294967295,145,"v_add_f32_e32 v0, v0, v2","",145
310546979608736,4294967295,145,"v_add_f32_e32 v0, v0, v2","",145
310546979606376,4294967295,145,"v_add_f32_e32 v0, v0, v2","",145
310546979606416,4294967295,145,"v_add_f32_e32 v0, v0, v2","",145
310546979606496,4294967295,145,"v_add_f32_e32 v0, v0, v2","",145
310546979611496,4294967295,145,"v_add_f32_e32 v0, v0, v2","",145
310546979611496,4294967295,145,"v_add_f32_e32 v0, v0, v2","",145
310546979611496,4294967295,145,"v_add_f32_e32 v0, v0, v2","",145
310546979611496,4294967295,145,"v_add_f32_e32 v0, v0, v2","",145
310546979608736,4294967295,145,"v_add_f32_e32 v0, v0, v2","",145
310546979610856,4294967295,145,"v_add_f32_e32 v0, v0, v2","",145
310546979611856,4294967295,145,"s_wait_loadcnt 0x0","",145
310546979611896,4294967295,145,"v_add_f32_e32 v0, v0, v2","",145
310546979611896,4294967295,145,"s_wait_loadcnt 0x0","",145
310546979610016,4294967295,145,"v_add_f32_e32 v0, v0, v2","",145
310546979610016,4294967295,145,"v_add_f32_e32 v0, v0, v2","",145
310546979610856,4294967295,145,"v_add_f32_e32 v0, v0, v2","",145
310546979610856,4294967295,145,"v_add_f32_e32 v0, v0, v2","",145
310546979612696,4294967295,145,"v_add_f32_e32 v0, v0, v2","",145
310546979612696,4294967295,145,"v_add_f32_e32 v0, v0, v2","",145
310546979612736,4294967295,145,"v_add_f32_e32 v0, v0, v2","",145
310546979612736,4294967295,145,"v_add_f32_e32 v0, v0, v2","",145
310546979613536,4294967295,145,"v_add_f32_e32 v0, v0, v2","",145
310546979613536,4294967295,145,"v_add_f32_e32 v0, v0, v2","",145
310546979613536,4294967295,145,"v_add_f32_e32 v0, v0, v2","",145
310546979613536,4294967295,145,"v_add_f32_e32 v0, v0, v2","",145
310546979615456,4294967295,145,"v_add_f32_e32 v0, v0, v2","",145
310546979615496,4294967295,145,"v_add_f32_e32 v0, v0, v2","",145
310546979615496,4294967295,145,"v_add_f32_e32 v0, v0, v2","",145
310546979615496,4294967295,145,"v_add_f32_e32 v0, v0, v2","",145
310546980604785,4294967295,147,"v_add_f32_e32 v0, v0, v2","",147
310546980604825,4294967295,147,"s_and_b32 exec_lo, exec_lo, vcc_lo","",147
310546980605145,4294967295,147,"s_clause 0x1","",147
310546980605145,4294967295,147,"v_add_f32_e32 v0, v0, v2","",147
310546980605825,4294967295,147,"v_add_f32_e32 v0, v0, v2","",147
310546980605865,4294967295,147,"v_add_f32_e32 v0, v0, v2","",147
310546980605865,4294967295,147,"v_add_f32_e32 v0, v0, v2","",147
310546980606625,4294967295,147,"v_add_f32_e32 v0, v0, v2","",147
310546980606665,4294967295,147,"v_add_f32_e32 v0, v0, v2","",147
310546980606665,4294967295,147,"v_add_f32_e32 v0, v0, v2","",147
310546980606625,4294967295,147,"v_add_f32_e32 v0, v0, v2","",147
310546980607105,4294967295,147,"v_add_f32_e32 v0, v0, v2","",147
310546980607105,4294967295,147,"v_add_f32_e32 v0, v0, v2","",147
310546980607705,4294967295,147,"v_add_f32_e32 v0, v0, v2","",147
310546980607145,4294967295,147,"v_add_f32_e32 v0, v0, v2","",147
310546980608385,4294967295,147,"v_add_f32_e32 v0, v0, v2","",147
310546980608265,4294967295,147,"v_add_f32_e32 v0, v0, v2","",147
310546980609425,4294967295,147,"v_add_f32_e32 v0, v0, v2","",147
310546980609465,4294967295,147,"v_add_f32_e32 v0, v0, v2","",147
310546980609465,4294967295,147,"v_add_f32_e32 v0, v0, v2","",147
310546980608265,4294967295,147,"v_add_f32_e32 v0, v0, v2","",147
310546980608265,4294967295,147,"v_add_f32_e32 v0, v0, v2","",147
310546980608265,4294967295,147,"v_add_f32_e32 v0, v0, v2","",147
310546980611425,4294967295,147,"v_add_f32_e32 v0, v0, v2","",147
310546980611465,4294967295,147,"v_add_f32_e32 v0, v0, v2","",147
310546980611465,4294967295,147,"v_add_f32_e32 v0, v0, v2","",147
310546980611465,4294967295,147,"v_add_f32_e32 v0, v0, v2","",147
310546980611625,4294967295,147,"v_add_f32_e32 v0, v0, v2","",147
310546980610785,4294967295,147,"v_add_f32_e32 v0, v0, v2","",147
310546980608425,4294967295,147,"v_add_f32_e32 v0, v0, v2","",147
310546980611625,4294967295,147,"v_add_f32_e32 v0, v0, v2","",147
310546980608425,4294967295,147,"v_add_f32_e32 v0, v0, v2","",147
310546980610825,4294967295,147,"v_add_f32_e32 v0, v0, v2","",147
310546980612265,4294967295,147,"v_add_f32_e32 v0, v0, v2","",147
310546980611625,4294967295,147,"v_add_f32_e32 v0, v0, v2","",147
310546980611625,4294967295,147,"v_add_f32_e32 v0, v0, v2","",147
310546980611625,4294967295,147,"v_add_f32_e32 v0, v0, v2","",147
310546980611625,4294967295,147,"v_add_f32_e32 v0, v0, v2","",147
310546980612665,4294967295,147,"v_add_f32_e32 v0, v0, v2","",147
310546980611625,4294967295,147,"v_add_f32_e32 v0, v0, v2","",147
310546980612265,4294967295,147,"v_add_f32_e32 v0, v0, v2","",147
310546980606625,4294967295,147,"v_add_f32_e32 v0, v0, v2","",147
310546980606665,4294967295,147,"v_add_f32_e32 v0, v0, v2","",147
310546980606665,4294967295,147,"v_add_f32_e32 v0, v0, v2","",147
310546980613585,4294967295,147,"v_add_f32_e32 v0, v0, v2","",147
310546980613625,4294967295,147,"v_add_f32_e32 v0, v0, v2","",147
310546980613625,4294967295,147,"v_add_f32_e32 v0, v0, v2","",147
310546980613625,4294967295,147,"v_add_f32_e32 v0, v0, v2","",147
310546980613585,4294967295,147,"v_add_f32_e32 v0, v0, v2","",147
310546980613585,4294967295,147,"v_add_f32_e32 v0, v0, v2","",147
310546980613585,4294967295,147,"v_add_f32_e32 v0, v0, v2","",147
310546980610825,4294967295,147,"s_and_b32 s4, s4, 0xffff","",147
310546980610825,4294967295,147,"v_add_f32_e32 v0, v0, v2","",147
310546980611625,4294967295,147,"v_add_f32_e32 v0, v0, v2","",147
310546980611625,4294967295,147,"v_add_f32_e32 v0, v0, v2","",147
310546980613625,4294967295,147,"v_add_f32_e32 v0, v0, v2","",147
310546980612665,4294967295,147,"v_add_f32_e32 v0, v0, v2","",147
310546980612705,4294967295,147,"v_add_f32_e32 v0, v0, v2","",147
310546980612705,4294967295,147,"v_add_f32_e32 v0, v0, v2","",147
310546980613585,4294967295,147,"v_add_f32_e32 v0, v0, v2","",147
310546980613505,4294967295,147,"v_add_f32_e32 v0, v0, v2","",147
310546980613505,4294967295,147,"v_add_f32_e32 v0, v0, v2","",147
310546980613505,4294967295,147,"v_add_f32_e32 v0, v0, v2","",147
310546980612265,4294967295,147,"v_add_f32_e32 v0, v0, v2","",147
310546980611665,4294967295,147,"v_add_f32_e32 v0, v0, v2","",147
310546980613585,4294967295,147,"v_add_f32_e32 v0, v0, v2","",147
310546980613585,4294967295,147,"v_add_f32_e32 v0, v0, v2","",147
310546980613625,4294967295,147,"v_add_f32_e32 v0, v0, v2","",147
310546980612705,4294967295,147,"v_add_f32_e32 v0, v0, v2","",147
310546980613505,4294967295,147,"v_add_f32_e32 v0, v0, v2","",147
310546980611625,4294967295,147,"v_add_f32_e32 v0, v0, v2","",147
310546980613585,4294967295,147,"v_add_f32_e32 v0, v0, v2","",147
310546980613585,4294967295,147,"v_add_f32_e32 v0, v0, v2","",147
310546980613585,4294967295,147,"v_add_f32_e32 v0, v0, v2","",147
310546980613625,4294967295,147,"v_add_f32_e32 v0, v0, v2","",147
310546980612305,4294967295,147,"v_add_f32_e32 v0, v0, v2","",147
310546980612305,4294967295,147,"v_add_f32_e32 v0, v0, v2","",147
310546980612345,4294967295,147,"v_add_f32_e32 v0, v0, v2","",147
310546980612705,4294967295,147,"v_add_f32_e32 v0, v0, v2","",147
310546980612705,4294967295,147,"v_add_f32_e32 v0, v0, v2","",147
310546980613585,4294967295,147,"v_add_f32_e32 v0, v0, v2","",147
310546980613585,4294967295,147,"v_add_f32_e32 v0, v0, v2","",147
310546980613585,4294967295,147,"v_add_f32_e32 v0, v0, v2","",147
310546980613625,4294967295,147,"v_add_f32_e32 v0, v0, v2","",147
310546980612705,4294967295,147,"v_add_f32_e32 v0, v0, v2","",147
310546980613745,4294967295,147,"v_add_f32_e32 v0, v0, v2","",147
310546980611625,4294967295,147,"v_add_f32_e32 v0, v0, v2","",147
310546980611625,4294967295,147,"v_add_f32_e32 v0, v0, v2","",147
310546980612305,4294967295,147,"v_add_f32_e32 v0, v0, v2","",147
310546980612305,4294967295,147,"v_add_f32_e32 v0, v0, v2","",147
310546980613745,4294967295,147,"v_add_f32_e32 v0, v0, v2","",147
310546980613785,4294967295,147,"v_add_f32_e32 v0, v0, v2","",147
310546980613785,4294967295,147,"v_add_f32_e32 v0, v0, v2","",147
310546980613785,4294967295,147,"v_add_f32_e32 v0, v0, v2","",147
310546980613785,4294967295,147,"v_add_f32_e32 v0, v0, v2","",147
310546980611665,4294967295,147,"v_add_f32_e32 v0, v0, v2","",147
310546980613785,4294967295,147,"v_add_f32_e32 v0, v0, v2","",147
310546980611625,4294967295,147,"v_add_f32_e32 v0, v0, v2","",147
310546980611665,4294967295,147,"v_add_f32_e32 v0, v0, v2","",147
310546980614585,4294967295,147,"v_add_f32_e32 v0, v0, v2","",147
310546980614585,4294967295,147,"v_add_f32_e32 v0, v0, v2","",147
310546980614625,4294967295,147,"v_add_f32_e32 v0, v0, v2","",147
310546980614625,4294967295,147,"v_add_f32_e32 v0, v0, v2","",147
310546980613785,4294967295,147,"v_add_f32_e32 v0, v0, v2","",147
310546980615585,4294967295,147,"v_add_f32_e32 v0, v0, v2","",147
310546980615585,4294967295,147,"v_add_f32_e32 v0, v0, v2","",147
310546980615585,4294967295,147,"v_add_f32_e32 v0, v0, v2","",147
310546980615585,4294967295,147,"v_add_f32_e32 v0, v0, v2","",147
310546980611265,4294967295,147,"v_add_f32_e32 v0, v0, v2","",147
310546980611505,4294967295,147,"s_load_b128 s[0:3], s[0:1], 0x0","",147
310546980611585,4294967295,147,"v_add_f32_e32 v0, v0, v2","",147
310546980616785,4294967295,147,"v_add_f32_e32 v0, v0, v2","",147
310546980616785,4294967295,147,"v_add_f32_e32 v0, v0, v2","",147
310546980616825,4294967295,147,"v_add_f32_e32 v0, v0, v2","",147
310546980616825,4294967295,147,"v_add_f32_e32 v0, v0, v2","",147
310546980619185,4294967295,147,"v_add_f32_e32 v0, v0, v2","",147
310546980619225,4294967295,147,"v_add_f32_e32 v0, v0, v2","",147
310546980619225,4294967295,147,"v_add_f32_e32 v0, v0, v2","",147
310546980619225,4294967295,147,"v_add_f32_e32 v0, v0, v2","",147
310546981607995,4294967295,149,"v_add_f32_e32 v0, v0, v2","",149
310546981608035,4294967295,149,"v_add_f32_e32 v0, v0, v2","",149
310546981608035,4294967295,149,"v_add_f32_e32 v0, v0, v2","",149
310546981608035,4294967295,149,"v_add_f32_e32 v0, v0, v2","",149
310546981609475,4294967295,149,"v_add_f32_e32 v0, v0, v2","",149
310546981608635,4294967295,149,"v_add_f32_e32 v0, v0, v2","",149
310546981608635,4294967295,149,"v_add_f32_e32 v0, v0, v2","",149
310546981608635,4294967295,149,"v_add_f32_e32 v0, v0, v2","",149
310546981608675,4294967295,149,"v_add_f32_e32 v0, v0, v2","",149
310546981610435,4294967295,149,"v_add_f32_e32 v0, v0, v2","",149
310546981610435,4294967295,149,"v_add_f32_e32 v0, v0, v2","",149
310546981610435,4294967295,149,"v_add_f32_e32 v0, v0, v2","",149
310546981610435,4294967295,149,"v_add_f32_e32 v0, v0, v2","",149
310546981610435,4294967295,149,"v_add_f32_e32 v0, v0, v2","",149
310546981610435,4294967295,149,"v_add_f32_e32 v0, v0, v2","",149
310546981610435,4294967295,149,"v_add_f32_e32 v0, v0, v2","",149
310546981610475,4294967295,149,"v_add_f32_e32 v0, v0, v2","",149
310546981611595,4294967295,149,"v_add_f32_e32 v0, v0, v2","",149
310546981611595,4294967295,149,"v_add_f32_e32 v0, v0, v2","",149
310546981612355,4294967295,149,"v_add_f32_e32 v0, v0, v2","",149
310546981612355,4294967295,149,"v_add_f32_e32 v0, v0, v2","",149
310546981612355,4294967295,149,"v_add_f32_e32 v0, v0, v2","",149
310546981612355,4294967295,149,"v_add_f32_e32 v0, v0, v2","",149
310546981613515,4294967295,149,"v_add_f32_e32 v0, v0, v2","",149
310546981613555,4294967295,149,"v_add_f32_e32 v0, v0, v2","",149
310546981613555,4294967295,149,"v_add_f32_e32 v0, v0, v2","",149
310546981613555,4294967295,149,"v_add_f32_e32 v0, v0, v2","",149
310546981613515,4294967295,149,"v_add_f32_e32 v0, v0, v2","",149
310546981613555,4294967295,149,"v_add_f32_e32 v0, v0, v2","",149
310546981613195,4294967295,149,"v_lshlrev_b64_e32 v[0:1], 4, v[0:1]","",149
310546981613235,4294967295,149,"v_add_f32_e32 v0, v0, v2","",149
310546981612355,4294967295,149,"v_add_f32_e32 v0, v0, v2","",149
310546981614235,4294967295,149,"v_add_f32_e32 v0, v0, v2","",149
310546981614275,4294967295,149,"v_add_f32_e32 v0, v0, v2","",149
310546981614275,4294967295,149,"v_add_f32_e32 v0, v0, v2","",149
310546981613555,4294967295,149,"v_add_f32_e32 v0, v0, v2","",149
310546981614275,4294967295,149,"v_add_f32_e32 v0, v0, v2","",149
310546981614475,4294967295,149,"v_add_f32_e32 v0, v0, v2","",149
310546981612355,4294967295,149,"v_add_f32_e32 v0, v0, v2","",149
310546981612355,4294967295,149,"v_add_f32_e32 v0, v0, v2","",149
310546981613515,4294967295,149,"v_add_f32_e32 v0, v0, v2","",149
310546981613555,4294967295,149,"v_add_f32_e32 v0, v0, v2","",149
310546981614675,4294967295,149,"v_add_f32_e32 v0, v0, v2","",149
310546981614675,4294967295,149,"v_add_f32_e32 v0, v0, v2","",149
310546981613555,4294967295,149,"v_add_f32_e32 v0, v0, v2","",149
310546981614715,4294967295,149,"v_add_f32_e32 v0, v0, v2","",149
310546981614675,4294967295,149,"v_add_f32_e32 v0, v0, v2","",149
310546981614675,4294967295,149,"v_add_f32_e32 v0, v0, v2","",149
310546981614715,4294967295,149,"v_add_f32_e32 v0, v0, v2","",149
310546981614715,4294967295,149,"v_add_f32_e32 v0, v0, v2","",149
310546981614715,4294967295,149,"v_add_f32_e32 v0, v0, v2","",149
310546981609555,4294967295,149,"v_add_f32_e32 v0, v0, v2","",149
310546981609635,4294967295,149,"v_add_f32_e32 v0, v0, v2","",149
310546981613555,4294967295,149,"v_add_f32_e32 v0, v0, v2","",149
310546981614675,4294967295,149,"v_add_f32_e32 v0, v0, v2","",149
310546981614675,4294967295,149,"v_add_f32_e32 v0, v0, v2","",149
310546981614715,4294967295,149,"v_add_f32_e32 v0, v0, v2","",149
310546981614715,4294967295,149,"v_add_f32_e32 v0, v0, v2","",149
310546981614715,4294967295,149,"v_add_f32_e32 v0, v0, v2","",149
310546981610075,4294967295,149,"v_add_f32_e32 v0, v0, v2","",149
310546981614995,4294967295,149,"v_add_f32_e32 v0, v0, v2","",149
310546981614995,4294967295,149,"v_add_f32_e32 v0, v0, v2","",149
310546981615035,4294967295,149,"v_add_f32_e32 v0, v0, v2","",149
310546981615035,4294967295,149,"v_add_f32_e32 v0, v0, v2","",149
310546981615035,4294967295,149,"v_add_f32_e32 v0, v0, v2","",149
310546981614675,4294967295,149,"v_add_f32_e32 v0, v0, v2","",149
310546981614715,4294967295,149,"v_add_f32_e32 v0, v0, v2","",149
310546981614715,4294967295,149,"v_add_f32_e32 v0, v0, v2","",149
310546981613555,4294967295,149,"v_add_f32_e32 v0, v0, v2","",149
310546981613555,4294967295,149,"v_add_f32_e32 v0, v0, v2","",149
310546981615755,4294967295,149,"v_add_f32_e32 v0, v0, v2","",149
310546981614995,4294967295,149,"v_add_f32_e32 v0, v0, v2","",149
310546981615755,4294967295,149,"v_add_f32_e32 v0, v0, v2","",149
310546981615755,4294967295,149,"v_add_f32_e32 v0, v0, v2","",149
310546981615795,4294967295,149,"v_add_f32_e32 v0, v0, v2","",149
310546981615035,4294967295,149,"v_add_f32_e32 v0, v0, v2","",149
310546981615955,4294967295,149,"v_add_f32_e32 v0, v0, v2","",149
310546981615955,4294967295,149,"v_add_f32_e32 v0, v0, v2","",149
310546981615955,4294967295,149,"v_add_f32_e32 v0, v0, v2","",149
310546981615035,4294967295,149,"v_add_f32_e32 v0, v0, v2","",149
310546981613235,4294967295,149,"v_add_f32_e32 v0, v0, v2","",149
310546981614275,4294967295,149,"v_add_f32_e32 v0, v0, v2","",149
310546981614995,4294967295,149,"v_add_f32_e32 v0, v0, v2","",149
310546981613235,4294967295,149,"v_add_f32_e32 v0, v0, v2","",149
310546981615955,4294967295,149,"v_add_f32_e32 v0, v0, v2","",149
310546981615955,4294967295,149,"v_add_f32_e32 v0, v0, v2","",149
310546981615955,4294967295,149,"v_add_f32_e32 v0, v0, v2","",149
310546981615955,4294967295,149,"v_add_f32_e32 v0, v0, v2","",149
310546981616115,4294967295,149,"v_add_f32_e32 v0, v0, v2","",149
310546981614275,4294967295,149,"v_add_f32_e32 v0, v0, v2","",149
310546981614275,4294967295,149,"v_add_f32_e32 v0, v0, v2","",149
310546981614995,0,149,"s_endpgm","",149
310546981615035,4294967295,149,"v_add_f32_e32 v0, v0, v2","",149
310546981616675,4294967295,149,"v_add_f32_e32 v0, v0, v2","",149
310546981616675,4294967295,149,"v_add_f32_e32 v0, v0, v2","",149
310546981616715,4294967295,149,"v_add_f32_e32 v0, v0, v2","",149
310546981614995,4294967295,149,"v_add_f32_e32 v0, v0, v2","",149
310546981616115,4294967295,149,"v_add_f32_e32 v0, v0, v2","",149
310546981616115,4294967295,149,"v_add_f32_e32 v0, v0, v2","",149
310546981614475,4294967295,149,"v_add_f32_e32 v0, v0, v2","",149
310546981614515,4294967295,149,"v_add_f32_e32 v0, v0, v2","",149
310546981614515,4294967295,149,"v_add_f32_e32 v0, v0, v2","",149
310546981615035,4294967295,149,"v_add_f32_e32 v0, v0, v2","",149
310546981616115,4294967295,149,"v_add_f32_e32 v0, v0, v2","",149
310546981617395,4294967295,149,"s_clause 0x1","",149
310546981617435,4294967295,149,"s_clause 0x1","",149
310546981617435,4294967295,149,"v_add_f32_e32 v0, v0, v2","",149
310546981617435,4294967295,149,"v_add_f32_e32 v0, v0, v2","",149
310546981618635,4294967295,149,"v_add_f32_e32 v0, v0, v2","",149
310546981618635,4294967295,149,"v_add_f32_e32 v0, v0, v2","",149
310546981618635,4294967295,149,"v_add_f32_e32 v0, v0, v2","",149
310546981618635,4294967295,149,"v_add_f32_e32 v0, v0, v2","",149
310546981618195,4294967295,149,"v_add_f32_e32 v0, v0, v2","",149
310546981618195,4294967295,149,"v_add_f32_e32 v0, v0, v2","",149
310546981618195,4294967295,149,"v_add_f32_e32 v0, v0, v2","",149
310546981618235,4294967295,149,"v_add_f32_e32 v0, v0, v2","",149
310546982611644,4294967295,151,"v_add_f32_e32 v0, v0, v2","",151
310546982612124,4294967295,151,"v_add_f32_e32 v0, v0, v2","",151
310546982612884,4294967295,151,"v_add_f32_e32 v0, v0, v2","",151
310546982612604,4294967295,151,"v_add_f32_e32 v0, v0, v2","",151
310546982612604,4294967295,151,"v_add_f32_e32 v0, v0, v2","",151
310546982612604,4294967295,151,"v_add_f32_e32 v0, v0, v2","",151
310546982612604,4294967295,151,"v_add_f32_e32 v0, v0, v2","",151
310546982611644,4294967295,151,"v_add_f32_e32 v0, v0, v2","",151
310546982613364,4294967295,151,"v_add_f32_e32 v0, v0, v2","",151
310546982614164,4294967295,151,"v_add_f32_e32 v0, v0, v2","",151
310546982614164,4294967295,151,"v_add_f32_e32 v0, v0, v2","",151
310546982614164,4294967295,151,"v_add_f32_e32 v0, v0, v2","",151
310546982614164,4294967295,151,"v_add_f32_e32 v0, v0, v2","",151
310546982614164,4294967295,151,"v_add_f32_e32 v0, v0, v2","",151
310546982614164,4294967295,151,"v_add_f32_e32 v0, v0, v2","",151
310546982614164,4294967295,151,"v_add_f32_e32 v0, v0, v2","",151
310546982613364,4294967295,151,"v_add_f32_e32 v0, v0, v2","",151
310546982612164,4294967295,151,"s_clause 0x1","",151
310546982612124,4294967295,151,"v_add_f32_e32 v0, v0, v2","",151
310546982615204,4294967295,151,"v_add_f32_e32 v0, v0, v2","",151
310546982615244,4294967295,151,"v_add_f32_e32 v0, v0, v2","",151
310546982615244,4294967295,151,"v_add_f32_e32 v0, v0, v2","",151
310546982615244,4294967295,151,"v_add_f32_e32 v0, v0, v2","",151
310546982612124,4294967295,151,"v_add_f32_e32 v0, v0, v2","",151
310546982616284,4294967295,151,"v_add_f32_e32 v0, v0, v2","",151
310546982616964,4294967295,151,"v_add_f32_e32 v0, v0, v2","",151
310546982614164,4294967295,151,"v_add_f32_e32 v0, v0, v2","",151
310546982611884,4294967295,151,"v_add_f32_e32 v0, v0, v2","",151
310546982614164,4294967295,151,"v_add_f32_e32 v0, v0, v2","",151
310546982616284,4294967295,151,"v_add_f32_e32 v0, v0, v2","",151
310546982611964,4294967295,151,"v_add_f32_e32 v0, v0, v2","",151
310546982616324,4294967295,151,"v_add_f32_e32 v0, v0, v2","",151
310546982618644,4294967295,151,"v_add_f32_e32 v0, v0, v2","",151
310546982618644,4294967295,151,"v_add_f32_e32 v0, v0, v2","",151
310546982617164,4294967295,151,"v_add_f32_e32 v0, v0, v2","",151
310546982617164,4294967295,151,"v_add_f32_e32 v0, v0, v2","",151
310546982617164,4294967295,151,"v_add_f32_e32 v0, v0, v2","",151
310546982617204,4294967295,151,"v_add_f32_e32 v0, v0, v2","",151
310546982618124,4294967295,151,"v_add_f32_e32 v0, v0, v2","",151
310546982618644,4294967295,151,"v_add_f32_e32 v0, v0, v2","",151
310546982617164,4294967295,151,"v_add_f32_e32 v0, v0, v2","",151
310546982619004,4294967295,151,"v_add_f32_e32 v0, v0, v2","",151
310546982614164,4294967295,151,"v_add_f32_e32 v0, v0, v2","",151
310546982614164,4294967295,151,"v_add_f32_e32 v0, v0, v2","",151
310546982612964,4294967295,151,"v_add_f32_e32 v0, v0, v2","",151
310546982613004,4294967295,151,"v_add_f32_e32 v0, v0, v2","",151
310546982613084,4294967295,151,"v_add_f32_e32 v0, v0, v2","",151
310546982619124,4294967295,151,"v_add_f32_e32 v0, v0, v2","",151
310546982618644,4294967295,151,"v_add_f32_e32 v0, v0, v2","",151
310546982613364,4294967295,151,"v_add_f32_e32 v0, v0, v2","",151
310546982613404,4294967295,151,"v_add_f32_e32 v0, v0, v2","",151
310546982618644,4294967295,151,"v_add_f32_e32 v0, v0, v2","",151
310546982619124,4294967295,151,"v_add_f32_e32 v0, v0, v2","",151
310546982619124,4294967295,151,"v_add_f32_e32 v0, v0, v2","",151
310546982619164,4294967295,151,"v_add_f32_e32 v0, v0, v2","",151
310546982619164,4294967295,151,"v_add_f32_e32 v0, v0, v2","",151
310546982617164,4294967295,151,"v_add_f32_e32 v0, v0, v2","",151
310546982617164,4294967295,151,"v_add_f32_e32 v0, v0, v2","",151
310546982617204,4294967295,151,"v_add_f32_e32 v0, v0, v2","",151
310546982614204,4294967295,151,"v_add_f32_e32 v0, v0, v2","",151
310546982618124,4294967295,151,"v_add_f32_e32 v0, v0, v2","",151
310546982620044,4294967295,151,"v_add_f32_e32 v0, v0, v2","",151
310546982619484,4294967295,151,"v_add_f32_e32 v0, v0, v2","",151
310546982619444,4294967295,151,"v_add_f32_e32 v0, v0, v2","",151
310546982616964,4294967295,151,"v_add_f32_e32 v0, v0, v2","",151
310546982620164,4294967295,151,"v_add_f32_e32 v0, v0, v2","",151
310546982620164,4294967295,151,"v_add_f32_e32 v0, v0, v2","",151
310546982620204,4294967295,151,"v_add_f32_e32 v0, v0, v2","",151
310546982620204,4294967295,151,"v_add_f32_e32 v0, v0, v2","",151
310546982618124,4294967295,151,"v_add_f32_e32 v0, v0, v2","",151
310546982620044,4294967295,151,"v_add_f32_e32 v0, v0, v2","",151
310546982619484,4294967295,151,"v_add_f32_e32 v0, v0, v2","",151
310546982619004,4294967295,151,"v_add_f32_e32 v0, v0, v2","",151
310546982620804,4294967295,151,"v_add_f32_e32 v0, v0, v2","",151
310546982616964,4294967295,151,"v_add_f32_e32 v0, v0, v2","",151
310546982616964,4294967295,151,"v_add_f32_e32 v0, v0, v2","",151
310546982620444,4294967295,151,"v_add_f32_e32 v0, v0, v2","",151
310546982618124,4294967295,151,"v_add_f32_e32 v0, v0, v2","",151
310546982620884,4294967295,151,"v_add_f32_e32 v0, v0, v2","",151
310546982620844,4294967295,151,"v_add_f32_e32 v0, v0, v2","",151
310546982620324,4294967295,151,"v_add_f32_e32 v0, v0, v2","",151
310546982620364,4294967295,151,"v_add_f32_e32 v0, v0, v2","",151
310546982620364,4294967295,151,"v_add_f32_e32 v0, v0, v2","",151
310546982620364,4294967295,151,"v_add_f32_e32 v0, v0, v2","",151
310546982618644,4294967295,151,"v_add_f32_e32 v0, v0, v2","",151
310546982618644,4294967295,151,"v_add_f32_e32 v0, v0, v2","",151
310546982619484,4294967295,151,"v_add_f32_e32 v0, v0, v2","",151
310546982620844,4294967295,151,"v_add_f32_e32 v0, v0, v2","",151
310546982620844,4294967295,151,"v_add_f32_e32 v0, v0, v2","",151
310546982620844,4294967295,151,"v_add_f32_e32 v0, v0, v2","",151
310546982620844,4294967295,151,"v_add_f32_e32 v0, v0, v2","",151
310546982620844,4294967295,151,"v_add_f32_e32 v0, v0, v2","",151
310546982619484,4294967295,151,"v_add_f32_e32 v0, v0, v2","",151
310546982618644,4294967295,151,"v_add_f32_e32 v0, v0, v2","",151
310546982618684,4294967295,151,"v_add_f32_e32 v0, v0, v2","",151
310546982620844,4294967295,151,"v_add_f32_e32 v0, v0, v2","",151
310546982620044,4294967295,151,"v_add_f32_e32 v0, v0, v2","",151
310546982620044,4294967295,151,"v_add_f32_e32 v0, v0, v2","",151
310546982620844,4294967295,151,"v_add_f32_e32 v0, v0, v2","",151
310546982620844,4294967295,151,"v_add_f32_e32 v0, v0, v2","",151
310546982620844,4294967295,151,"v_add_f32_e32 v0, v0, v2","",151
310546982620844,4294967295,151,"v_add_f32_e32 v0, v0, v2","",151
310546982618644,4294967295,151,"v_add_f32_e32 v0, v0, v2","",151
310546982618644,4294967295,151,"v_add_f32_e32 v0, v0, v2","",151
310546982618684,4294967295,151,"v_add_f32_e32 v0, v0, v2","",151
310546982619004,4294967295,151,"v_mad_co_u64_u32 v[0:1], null, s4, ttmp9, v[0:1]","",151
310546982619004,4294967295,151,"v_add_f32_e32 v0, v0, v2","",151
310546982619124,4294967295,151,"v_add_f32_e32 v0, v0, v2","",151
310546982619164,4294967295,151,"v_add_f32_e32 v0, v0, v2","",151
310546982619164,4294967295,151,"v_add_f32_e32 v0, v0, v2","",151
310546982620444,4294967295,151,"v_add_f32_e32 v0, v0, v2","",151
310546982620444,4294967295,151,"v_add_f32_e32 v0, v0, v2","",151
310546982619484,4294967295,151,"v_add_f32_e32 v0, v0, v2","",151
310546982619484,4294967295,151,"v_add_f32_e32 v0, v0, v2","",151
310546982620844,4294967295,151,"v_add_f32_e32 v0, v0, v2","",151
310546982620844,4294967295,151,"v_add_f32_e32 v0, v0, v2","",151
310546982620844,4294967295,151,"s_wait_loadcnt 0x0","",151
310546982620484,4294967295,151,"v_add_f32_e32 v0, v0, v2","",151
310546982622364,4294967295,151,"v_add_f32_e32 v0, v0, v2","",151
310546982622364,4294967295,151,"v_add_f32_e32 v0, v0, v2","",151
310546982622364,4294967295,151,"v_add_f32_e32 v0, v0, v2","",151
310546982622364,4294967295,151,"v_add_f32_e32 v0, v0, v2","",151
310546983614373,4294967295,154,"v_add_f32_e32 v0, v0, v2","",154
310546983614333,4294967295,154,"v_add_f32_e32 v0, v0, v2","",154
310546983614333,4294967295,154,"v_add_f32_e32 v0, v0, v2","",154
310546983614373,4294967295,154,"v_add_f32_e32 v0, v0, v2","",154
310546983617133,4294967295,154,"v_add_f32_e32 v0, v0, v2","",154
310546983615373,4294967295,154,"v_add_f32_e32 v0, v0, v2","",154
310546983616733,4294967295,154,"v_add_f32_e32 v0, v0, v2","",154
310546983615853,4294967295,154,"v_add_f32_e32 v0, v0, v2","",154
310546983615413,4294967295,154,"v_add_f32_e32 v0, v0, v2","",154
310546983616733,4294967295,154,"v_add_f32_e32 v0, v0, v2","",154
310546983616733,4294967295,154,"v_add_f32_e32 v0, v0, v2","",154
310546983616733,4294967295,154,"v_add_f32_e32 v0, v0, v2","",154
310546983615413,4294967295,154,"v_add_f32_e32 v0, v0, v2","",154
310546983616733,4294967295,154,"v_add_f32_e32 v0, v0, v2","",154
310546983615413,4294967295,154,"v_add_f32_e32 v0, v0, v2","",154
310546983616933,4294967295,154,"v_add_f32_e32 v0, v0, v2","",154
310546983616733,4294967295,154,"v_add_f32_e32 v0, v0, v2","",154
310546983616733,4294967295,154,"v_add_f32_e32 v0, v0, v2","",154
310546983617213,4294967295,154,"v_add_f32_e32 v0, v0, v2","",154
310546983616773,4294967295,154,"v_add_f32_e32 v0, v0, v2","",154
310546983616733,4294967295,154,"v_add_f32_e32 v0, v0, v2","",154
310546983615893,4294967295,154,"v_add_f32_e32 v0, v0, v2","",154
310546983616733,4294967295,154,"v_add_f32_e32 v0, v0, v2","",154
310546983617453,4294967295,154,"v_add_f32_e32 v0, v0, v2","",154
310546983617573,4294967295,154,"v_add_f32_e32 v0, v0, v2","",154
310546983617613,4294967295,154,"v_add_f32_e32 v0, v0, v2","",154
310546983618733,4294967295,154,"v_add_f32_e32 v0, v0, v2","",154
310546983615893,4294967295,154,"v_add_f32_e32 v0, v0, v2","",154
310546983615893,4294967295,154,"v_add_f32_e32 v0, v0, v2","",154
310546983618453,4294967295,154,"v_add_f32_e32 v0, v0, v2","",154
310546983617613,4294967295,154,"v_add_f32_e32 v0, v0, v2","",154
310546983617453,4294967295,154,"v_add_f32_e32 v0, v0, v2","",154
310546983618453,4294967295,154,"v_add_f32_e32 v0, v0, v2","",154
310546983617613,4294967295,154,"v_add_f32_e32 v0, v0, v2","",154
310546983618733,4294967295,154,"v_add_f32_e32 v0, v0, v2","",154
310546983618773,4294967295,154,"v_add_f32_e32 v0, v0, v2","",154
310546983617613,4294967295,154,"v_add_f32_e32 v0, v0, v2","",154
310546983618773,4294967295,154,"v_add_f32_e32 v0, v0, v2","",154
310546983617213,4294967295,154,"v_add_f32_e32 v0, v0, v2","",154
310546983617253,4294967295,154,"v_add_f32_e32 v0, v0, v2","",154
310546983617253,4294967295,154,"v_add_f32_e32 v0, v0, v2","",154
310546983622173,4294967295,154,"v_add_f32_e32 v0, v0, v2","",154
310546983622493,4294967295,154,"v_add_f32_e32 v0, v0, v2","",154
310546983622533,4294967295,154,"v_add_f32_e32 v0, v0, v2","",154
310546983622533,4294967295,154,"v_add_f32_e32 v0, v0, v2","",154
310546983622533,4294967295,154,"v_add_f32_e32 v0, v0, v2","",154
310546983619293,4294967295,154,"v_add_f32_e32 v0, v0, v2","",154
310546983617453,4294967295,154,"v_add_f32_e32 v0, v0, v2","",154
310546983617453,4294967295,154,"v_add_f32_e32 v0, v0, v2","",154
310546983620413,4294967295,154,"v_add_f32_e32 v0, v0, v2","",154
310546983620413,4294967295,154,"v_add_f32_e32 v0, v0, v2","",154
310546983620413,4294967295,154,"v_add_f32_e32 v0, v0, v2","",154
310546983620413,4294967295,154,"v_add_f32_e32 v0, v0, v2","",154
310546983618453,4294967295,154,"v_add_f32_e32 v0, v0, v2","",154
310546983619293,4294967295,154,"v_add_f32_e32 v0, v0, v2","",154
310546983617613,4294967295,154,"v_add_f32_e32 v0, v0, v2","",154
310546983617613,4294967295,154,"v_add_f32_e32 v0, v0, v2","",154
310546983617613,4294967295,154,"v_add_f32_e32 v0, v0, v2","",154
310546983622173,4294967295,154,"v_add_f32_e32 v0, v0, v2","",154
310546983622213,4294967295,154,"v_add_f32_e32 v0, v0, v2","",154
310546983622213,4294967295,154,"v_add_f32_e32 v0, v0, v2","",154
310546983618493,4294967295,154,"v_add_f32_e32 v0, v0, v2","",154
310546983618493,4294967295,154,"v_add_f32_e32 v0, v0, v2","",154
310546983622493,4294967295,154,"v_add_f32_e32 v0, v0, v2","",154
310546983619293,4294967295,154,"v_add_f32_e32 v0, v0, v2","",154
310546983622533,4294967295,154,"v_add_f32_e32 v0, v0, v2","",154
310546983622613,4294967295,154,"v_add_f32_e32 v0, v0, v2","",154
310546983622613,4294967295,154,"v_add_f32_e32 v0, v0, v2","",154
310546983622613,4294967295,154,"v_add_f32_e32 v0, v0, v2","",154
310546983622613,4294967295,154,"v_add_f32_e32 v0, v0, v2","",154
310546983619293,4294967295,154,"v_add_f32_e32 v0, v0, v2","",154
310546983622853,4294967295,154,"v_add_f32_e32 v0, v0, v2","",154
310546983622853,4294967295,154,"v_add_f32_e32 v0, v0, v2","",154
310546983622853,4294967295,154,"v_add_f32_e32 v0, v0, v2","",154
310546983622853,4294967295,154,"v_add_f32_e32 v0, v0, v2","",154
310546983622533,4294967295,154,"v_add_f32_e32 v0, v0, v2","",154
310546983624093,4294967295,154,"v_add_f32_e32 v0, v0, v2","",154
310546983624733,4294967295,154,"v_add_f32_e32 v0, v0, v2","",154
310546983624773,4294967295,154,"v_add_f32_e32 v0, v0, v2","",154
310546983624773,4294967295,154,"v_add_f32_e32 v0, v0, v2","",154
310546983623853,4294967295,154,"v_add_f32_e32 v0, v0, v2","",154
310546983623853,4294967295,154,"v_add_f32_e32 v0, v0, v2","",154
310546983623893,4294967295,154,"v_add_f32_e32 v0, v0, v2","",154
310546983623893,4294967295,154,"v_add_f32_e32 v0, v0, v2","",154
310546983622533,4294967295,154,"v_add_f32_e32 v0, v0, v2","",154
310546983624773,4294967295,154,"v_add_f32_e32 v0, v0, v2","",154
310546983624093,4294967295,154,"v_add_f32_e32 v0, v0, v2","",154
310546983624093,4294967295,154,"v_add_f32_e32 v0, v0, v2","",154
310546983624813,4294967295,154,"v_add_f32_e32 v0, v0, v2","",154
310546983624813,4294967295,154,"v_add_f32_e32 v0, v0, v2","",154
310546983624853,4294967295,154,"v_add_f32_e32 v0, v0, v2","",154
310546983624853,4294967295,154,"v_add_f32_e32 v0, v0, v2","",154
310546983624093,4294967295,154,"v_add_f32_e32 v0, v0, v2","",154
310546983625173,4294967295,154,"v_add_f32_e32 v0, v0, v2","",154
310546983625173,4294967295,154,"v_add_f32_e32 v0, v0, v2","",154
310546983625213,4294967295,154,"v_add_f32_e32 v0, v0, v2","",154
310546983625213,4294967295,154,"v_add_f32_e32 v0, v0, v2","",154
310546983625493,4294967295,154,"v_add_f32_e32 v0, v0, v2","",154
310546983626213,4294967295,154,"v_add_f32_e32 v0, v0, v2","",154
310546983625413,4294967295,154,"v_add_f32_e32 v0, v0, v2","",154
310546983625413,4294967295,154,"v_add_f32_e32 v0, v0, v2","",154
310546983625413,4294967295,154,"v_add_f32_e32 v0, v0, v2","",154
310546983626213,4294967295,154,"v_add_f32_e32 v0, v0, v2","",154
310546983626213,4294967295,154,"v_add_f32_e32 v0, v0, v2","",154
310546983626413,4294967295,154,"v_add_f32_e32 v0, v0, v2","",154
310546983626413,4294967295,154,"v_add_f32_e32 v0, v0, v2","",154
310546983626413,4294967295,154,"v_add_f32_e32 v0, v0, v2","",154
310546983626413,4294967295,154,"v_add_f32_e32 v0, v0, v2","",154
310546983625453,4294967295,154,"v_add_f32_e32 v0, v0, v2","",154
310546983626253,4294967295,154,"v_add_f32_e32 v0, v0, v2","",154
310546983625533,4294967295,154,"v_add_f32_e32 v0, v0, v2","",154
310546983625533,4294967295,154,"v_add_f32_e32 v0, v0, v2","",154
310546983625533,4294967295,154,"v_add_f32_e32 v0, v0, v2","",154
310546983626533,4294967295,154,"v_add_f32_e32 v0, v0, v2","",154
310546983621493,4294967295,154,"v_add_f32_e32 v0, v0, v2","",154
310546983621573,4294967295,154,"v_add_f32_e32 v0, v0, v2","",154
310546983621613,4294967295,154,"v_add_f32_e32 v0, v0, v2","",154
310546983626533,4294967295,154,"v_add_f32_e32 v0, v0, v2","",154
310546983626573,4294967295,154,"v_add_f32_e32 v0, v0, v2","",154
310546983626573,4294967295,154,"v_add_f32_e32 v0, v0, v2","",154
310546983627813,4294967295,154,"v_add_f32_e32 v0, v0, v2","",154
310546983627813,4294967295,154,"v_add_f32_e32 v0, v0, v2","",154
310546983627813,4294967295,154,"v_add_f32_e32 v0, v0, v2","",154
310546983627853,4294967295,154,"v_add_f32_e32 v0, v0, v2","",154
310546983628733,4294967295,154,"v_add_f32_e32 v0, v0, v2","",154
310546983628733,4294967295,154,"v_add_f32_e32 v0, v0, v2","",154
310546983628733,4294967295,154,"v_add_f32_e32 v0, v0, v2","",154
310546983628773,4294967295,154,"v_add_f32_e32 v0, v0, v2","",154
310546984618183,0,156,"s_endpgm","",156
310546984618143,4294967295,156,"v_add_f32_e32 v0, v0, v2","",156
310546984618143,4294967295,156,"v_add_f32_e32 v0, v0, v2","",156
310546984618223,0,156,"s_endpgm","",156
310546984618783,0,156,"s_cbranch_execz 6","",156
310546984618783,4294967295,156,"v_add_f32_e32 v0, v0, v2","",156
310546984620103,4294967295,156,"s_cbranch_execz 28","",156
310546984620103,4294967295,156,"s_and_saveexec_b32 s2, vcc_lo","",156
310546984620103,4294967295,156,"s_cbranch_execz 28","",156
310546984620103,4294967295,156,"s_cbranch_execz 28","",156
310546984622343,4294967295,156,"v_add_f32_e32 v0, v0, v2","",156
310546984622343,4294967295,156,"v_add_co_u32 v0, vcc_lo, s0, v0","",156
310546984622383,4294967295,156,"v_add_f32_e32 v0, v0, v2","",156
310546984622343,4294967295,156,"v_add_f32_e32 v0, v0, v2","",156
310546984622343,4294967295,156,"v_add_f32_e32 v0, v0, v2","",156
310546984622383,4294967295,156,"v_add_f32_e32 v0, v0, v2","",156
310546984622383,4294967295,156,"v_add_f32_e32 v0, v0, v2","",156
310546984622943,4294967295,156,"v_add_f32_e32 v0, v0, v2","",156
310546984622943,4294967295,156,"v_add_f32_e32 v0, v0, v2","",156
310546984622943,4294967295,156,"v_add_f32_e32 v0, v0, v2","",156
310546984622943,4294967295,156,"v_add_f32_e32 v0, v0, v2","",156
310546984622943,4294967295,156,"v_add_f32_e32 v0, v0, v2","",156
310546984623623,4294967295,156,"v_add_f32_e32 v0, v0, v2","",156
310546984623623,4294967295,156,"v_add_f32_e32 v0, v0, v2","",156
310546984623623,4294967295,156,"v_add_f32_e32 v0, v0, v2","",156
310546984623623,4294967295,156,"v_add_f32_e32 v0, v0, v2","",156
310546984624463,4294967295,156,"v_add_f32_e32 v0, v0, v2","",156
310546984624463,4294967295,156,"v_add_f32_e32 v0, v0, v2","",156
310546984624463,4294967295,156,"v_add_f32_e32 v0, v0, v2","",156
310546984624463,4294967295,156,"v_add_f32_e32 v0, v0, v2","",156
310546984622943,4294967295,156,"v_add_f32_e32 v0, v0, v2","",156
310546984622943,4294967295,156,"v_add_f32_e32 v0, v0, v2","",156
310546984622943,4294967295,156,"v_add_f32_e32 v0, v0, v2","",156
310546984622943,4294967295,156,"v_add_f32_e32 v0, v0, v2","",156
310546984622943,4294967295,156,"v_add_f32_e32 v0, v0, v2","",156
310546984622943,4294967295,156,"v_add_f32_e32 v0, v0, v2","",156
310546984622943,4294967295,156,"v_add_f32_e32 v0, v0, v2","",156
310546984624463,4294967295,156,"v_add_f32_e32 v0, v0, v2","",156
310546984624463,4294967295,156,"v_add_f32_e32 v0, v0, v2","",156
310546984624463,4294967295,156,"v_add_f32_e32 v0, v0, v2","",156
310546984623903,4294967295,156,"v_add_f32_e32 v0, v0, v2","",156
310546984623903,4294967295,156,"v_add_f32_e32 v0, v0, v2","",156
310546984623903,4294967295,156,"v_add_f32_e32 v0, v0, v2","",156
310546984623943,4294967295,156,"v_add_f32_e32 v0, v0, v2","",156
310546984625263,4294967295,156,"v_add_f32_e32 v0, v0, v2","",156
310546984625263,4294967295,156,"v_add_f32_e32 v0, v0, v2","",156
310546984624783,4294967295,156,"v_add_f32_e32 v0, v0, v2","",156
310546984624783,4294967295,156,"v_add_f32_e32 v0, v0, v2","",156
310546984624783,4294967295,156,"v_add_f32_e32 v0, v0, v2","",156
310546984624823,4294967295,156,"v_add_f32_e32 v0, v0, v2","",156
310546984625583,4294967295,156,"v_add_f32_e32 v0, v0, v2","",156
310546984625623,4294967295,156,"v_add_f32_e32 v0, v0, v2","",156
310546984625623,4294967295,156,"v_add_f32_e32 v0, v0, v2","",156
310546984625623,4294967295,156,"v_add_f32_e32 v0, v0, v2","",156
310546984625263,4294967295,156,"v_add_f32_e32 v0, v0, v2","",156
310546984625263,4294967295,156,"v_add_f32_e32 v0, v0, v2","",156
310546984626583,4294967295,156,"v_add_f32_e32 v0, v0, v2","",156
310546984626583,4294967295,156,"v_add_f32_e32 v0, v0, v2","",156
310546984626583,0,156,"s_cbranch_execz 6","",156
310546984626583,4294967295,156,"v_add_f32_e32 v0, v0, v2","",156
310546984627023,4294967295,156,"v_add_f32_e32 v0, v0, v2","",156
310546984627023,4294967295,156,"v_add_f32_e32 v0, v0, v2","",156
310546984627023,4294967295,156,"v_add_f32_e32 v0, v0, v2","",156
310546984627063,4294967295,156,"v_add_f32_e32 v0, v0, v2","",156
310546984626583,4294967295,156,"v_add_f32_e32 v0, v0, v2","",156
310546984626583,4294967295,156,"v_add_f32_e32 v0, v0, v2","",156
310546984626583,4294967295,156,"v_add_f32_e32 v0, v0, v2","",156
310546984626583,4294967295,156,"v_add_f32_e32 v0, v0, v2","",156
310546984627343,4294967295,156,"v_add_f32_e32 v0, v0, v2","",156
310546984627383,4294967295,156,"v_add_f32_e32 v0, v0, v2","",156
310546984627383,4294967295,156,"v_add_f32_e32 v0, v0, v2","",156
310546984627383,4294967295,156,"v_add_f32_e32 v0, v0, v2","",156
310546984627783,4294967295,156,"v_add_f32_e32 v0, v0, v2","",156
310546984627543,4294967295,156,"v_add_f32_e32 v0, v0, v2","",156
310546984627543,4294967295,156,"v_add_f32_e32 v0, v0, v2","",156
310546984627543,4294967295,156,"v_add_f32_e32 v0, v0, v2","",156
310546984627583,4294967295,156,"v_add_f32_e32 v0, v0, v2","",156
310546984627543,4294967295,156,"s_wait_loadcnt 0x0","",156
310546984627783,4294967295,156,"v_add_f32_e32 v0, v0, v2","",156
310546984627783,4294967295,156,"v_add_f32_e32 v0, v0, v2","",156
310546984627783,4294967295,156,"v_add_f32_e32 v0, v0, v2","",156
310546984627823,4294967295,156,"v_add_f32_e32 v0, v0, v2","",156
310546984627823,4294967295,156,"v_add_f32_e32 v0, v0, v2","",156
310546984627783,4294967295,156,"v_add_f32_e32 v0, v0, v2","",156
310546984627823,4294967295,156,"v_add_f32_e32 v0, v0, v2","",156
310546984627543,4294967295,156,"s_wait_loadcnt 0x0","",156
310546984627583,4294967295,156,"global_load_b128 v[0:3], v[0:1], off","",156
310546984627583,4294967295,156,"s_wait_loadcnt 0x0","",156
310546984628223,4294967295,156,"v_add_f32_e32 v0, v0, v2","",156
310546984628223,4294967295,156,"v_add_f32_e32 v0, v0, v2","",156
310546984628223,4294967295,156,"v_add_f32_e32 v0, v0, v2","",156
310546984628263,4294967295,156,"v_add_f32_e32 v0, v0, v2","",156
310546984628703,4294967295,156,"v_add_f32_e32 v0, v0, v2","",156
310546984628703,4294967295,156,"v_add_f32_e32 v0, v0, v2","",156
310546984628743,4294967295,156,"v_add_f32_e32 v0, v0, v2","",156
310546984628743,4294967295,156,"v_add_f32_e32 v0, v0, v2","",156
310546984629103,4294967295,156,"v_add_f32_e32 v0, v0, v2","",156
310546984629103,4294967295,156,"v_add_f32_e32 v0, v0, v2","",156
310546984629143,4294967295,156,"v_add_f32_e32 v0, v0, v2","",156
310546984629143,4294967295,156,"v_add_f32_e32 v0, v0, v2","",156
310546984629623,4294967295,156,"v_add_f32_e32 v0, v0, v2","",156
310546984629623,4294967295,156,"v_add_f32_e32 v0, v0, v2","",156
310546984629623,4294967295,156,"v_add_f32_e32 v0, v0, v2","",156
310546984629663,4294967295,156,"v_add_f32_e32 v0, v0, v2","",156
310546984629623,4294967295,156,"v_add_f32_e32 v0, v0, v2","",156
310546984629623,4294967295,156,"s_wait_loadcnt 0x0","",156
310546984629623,4294967295,156,"v_add_f32_e32 v0, v0, v2","",156
310546984629663,4294967295,156,"s_wait_loadcnt 0x0","",156
310546984630343,4294967295,156,"v_add_f32_e32 v0, v0, v2","",156
310546984630343,4294967295,156,"v_add_f32_e32 v0, v0, v2","",156
310546984630343,4294967295,156,"v_add_f32_e32 v0, v0, v2","",156
310546984630383,4294967295,156,"v_add_f32_e32 v0, v0, v2","",156
310546984630983,4294967295,156,"v_add_f32_e32 v0, v0, v2","",156
310546984630983,4294967295,156,"v_add_f32_e32 v0, v0, v2","",156
310546984630983,4294967295,156,"v_add_f32_e32 v0, v0, v2","",156
310546984631023,4294967295,156,"v_add_f32_e32 v0, v0, v2","",156
310546984631503,4294967295,156,"v_add_f32_e32 v0, v0, v2","",156
310546984631543,4294967295,156,"v_add_f32_e32 v0, v0, v2","",156
310546984631543,4294967295,156,"v_add_f32_e32 v0, v0, v2","",156
310546984631543,4294967295,156,"v_add_f32_e32 v0, v0, v2","",156
310546985620832,4294967295,158,"v_add_f32_e32 v0, v0, v2","",158
310546985620832,4294967295,158,"v_add_f32_e32 v0, v0, v2","",158
310546985620832,4294967295,158,"v_add_f32_e32 v0, v0, v2","",158
310546985620872,4294967295,158,"v_add_f32_e32 v0, v0, v2","",158
310546985622032,4294967295,158,"v_add_f32_e32 v0, v0, v2","",158
310546985622072,4294967295,158,"v_add_f32_e32 v0, v0, v2","",158
310546985622032,4294967295,158,"v_add_f32_e32 v0, v0, v2","",158
310546985622032,4294967295,158,"v_add_f32_e32 v0, v0, v2","",158
310546985622192,4294967295,158,"v_add_f32_e32 v0, v0, v2","",158
310546985622792,4294967295,158,"v_add_f32_e32 v0, v0, v2","",158
310546985622792,4294967295,158,"v_add_f32_e32 v0, v0, v2","",158
310546985623512,4294967295,158,"v_add_f32_e32 v0, v0, v2","",158
310546985623512,4294967295,158,"v_add_f32_e32 v0, v0, v2","",158
310546985623552,4294967295,158,"v_add_f32_e32 v0, v0, v2","",158
310546985624072,4294967295,158,"v_add_f32_e32 v0, v0, v2","",158
310546985624072,4294967295,158,"v_add_f32_e32 v0, v0, v2","",158
310546985624752,4294967295,158,"v_add_f32_e32 v0, v0, v2","",158
310546985626352,4294967295,158,"v_add_f32_e32 v0, v0, v2","",158
310546985626392,4294967295,158,"v_add_f32_e32 v0, v0, v2","",158
310546985626392,4294967295,158,"v_add_f32_e32 v0, v0, v2","",158
310546985627352,4294967295,158,"v_add_f32_e32 v0, v0, v2","",158
310546985627352,4294967295,158,"v_add_f32_e32 v0, v0, v2","",158
310546985627392,4294967295,158,"v_add_f32_e32 v0, v0, v2","",158
310546985626392,4294967295,158,"v_add_f32_e32 v0, v0, v2","",158
310546985628272,4294967295,158,"v_add_f32_e32 v0, v0, v2","",158
310546985627352,4294967295,158,"v_add_f32_e32 v0, v0, v2","",158
310546985627352,4294967295,158,"v_add_f32_e32 v0, v0, v2","",158
310546985627392,4294967295,158,"v_add_f32_e32 v0, v0, v2","",158
310546985627392,4294967295,158,"v_add_f32_e32 v0, v0, v2","",158
310546985628272,4294967295,158,"v_add_f32_e32 v0, v0, v2","",158
310546985628272,4294967295,158,"v_add_f32_e32 v0, v0, v2","",158
310546985628272,4294967295,158,"v_add_f32_e32 v0, v0, v2","",158
310546985624752,4294967295,158,"v_add_f32_e32 v0, v0, v2","",158
310546985624752,4294967295,158,"v_add_f32_e32 v0, v0, v2","",158
310546985624752,4294967295,158,"v_add_f32_e32 v0, v0, v2","",158
310546985628272,4294967295,158,"v_add_f32_e32 v0, v0, v2","",158
310546985628272,4294967295,158,"v_add_f32_e32 v0, v0, v2","",158
310546985628272,4294967295,158,"v_add_f32_e32 v0, v0, v2","",158
310546985628272,4294967295,158,"v_add_f32_e32 v0, v0, v2","",158
310546985628312,4294967295,158,"v_add_f32_e32 v0, v0, v2","",158
310546985628312,4294967295,158,"v_add_f32_e32 v0, v0, v2","",158
310546985627832,4294967295,158,"v_add_f32_e32 v0, v0, v2","",158
310546985627832,4294967295,158,"v_add_f32_e32 v0, v0, v2","",158
310546985627832,4294967295,158,"v_add_f32_e32 v0, v0, v2","",158
310546985627832,4294967295,158,"v_add_f32_e32 v0, v0, v2","",158
310546985628272,4294967295,158,"v_add_f32_e32 v0, v0, v2","",158
310546985628272,4294967295,158,"v_add_f32_e32 v0, v0, v2","",158
310546985624072,4294967295,158,"v_add_f32_e32 v0, v0, v2","",158
310546985624072,4294967295,158,"v_add_f32_e32 v0, v0, v2","",158
310546985624112,4294967295,158,"v_add_f32_e32 v0, v0, v2","",158
310546985628272,4294967295,158,"v_add_f32_e32 v0, v0, v2","",158
310546985628272,4294967295,158,"v_add_f32_e32 v0, v0, v2","",158
310546985628312,4294967295,158,"v_add_f32_e32 v0, v0, v2","",158
310546985628312,4294967295,158,"v_add_f32_e32 v0, v0, v2","",158
310546985628592,4294967295,158,"v_add_f32_e32 v0, v0, v2","",158
310546985628592,4294967295,158,"v_add_f32_e32 v0, v0, v2","",158
310546985628632,4294967295,158,"v_add_f32_e32 v0, v0, v2","",158
310546985628632,4294967295,158,"v_add_f32_e32 v0, v0, v2","",158
310546985623672,4294967295,158,"v_add_f32_e32 v0, v0, v3","",158
310546985628632,4294967295,158,"v_add_f32_e32 v0, v0, v2","",158
310546985628632,4294967295,158,"v_add_f32_e32 v0, v0, v2","",158
310546985628592,4294967295,158,"v_add_f32_e32 v0, v0, v2","",158
310546985628632,4294967295,158,"v_add_f32_e32 v0, v0, v2","",158
310546985628632,4294967295,158,"v_add_f32_e32 v0, v0, v2","",158
310546985628632,4294967295,158,"v_add_f32_e32 v0, v0, v2","",158
310546985628632,4294967295,158,"v_add_f32_e32 v0, v0, v2","",158
310546985628672,4294967295,158,"v_add_f32_e32 v0, v0, v2","",158
310546985628672,4294967295,158,"v_add_f32_e32 v0, v0, v2","",158
310546985624312,4294967295,158,"v_add_f32_e32 v0, v0, v2","",158
310546985628272,4294967295,158,"v_add_f32_e32 v0, v0, v2","",158
310546985628272,4294967295,158,"v_add_f32_e32 v0, v0, v2","",158
310546985628272,4294967295,158,"v_add_f32_e32 v0, v0, v2","",158
310546985629232,4294967295,158,"v_add_f32_e32 v0, v0, v2","",158
310546985624632,4294967295,158,"v_add_f32_e32 v0, v0, v2","",158
310546985624712,4294967295,158,"v_add_f32_e32 v0, v0, v2","",158
310546985624792,4294967295,158,"v_add_f32_e32 v0, v0, v2","",158
310546985628632,4294967295,158,"v_add_f32_e32 v0, v0, v2","",158
310546985628632,4294967295,158,"v_add_f32_e32 v0, v0, v2","",158
310546985628632,4294967295,158,"v_add_f32_e32 v0, v0, v2","",158
310546985628272,4294967295,158,"v_add_f32_e32 v0, v0, v2","",158
310546985628272,4294967295,158,"v_add_f32_e32 v0, v0, v2","",158
310546985629232,4294967295,158,"v_add_f32_e32 v0, v0, v2","",158
310546985628632,4294967295,158,"v_add_f32_e32 v0, v0, v2","",158
310546985628312,4294967295,158,"v_add_f32_e32 v0, v0, v2","",158
310546985628272,4294967295,158,"v_add_f32_e32 v0, v0, v2","",158
310546985628272,4294967295,158,"v_add_f32_e32 v0, v0, v2","",158
310546985628632,4294967295,158,"v_add_f32_e32 v0, v0, v2","",158
310546985628632,4294967295,158,"v_add_f32_e32 v0, v0, v2","",158
310546985630352,4294967295,158,"v_add_f32_e32 v0, v0, v2","",158
310546985630352,4294967295,158,"v_add_f32_e32 v0, v0, v2","",158
310546985630352,4294967295,158,"v_add_f32_e32 v0, v0, v2","",158
310546985628272,4294967295,158,"v_add_f32_e32 v0, v0, v2","",158
310546985630752,4294967295,158,"v_add_f32_e32 v0, v0, v2","",158
310546985630752,4294967295,158,"v_add_f32_e32 v0, v0, v2","",158
310546985630792,4294967295,158,"v_add_f32_e32 v0, v0, v2","",158
310546985630792,4294967295,158,"v_add_f32_e32 v0, v0, v2","",158
310546985631272,4294967295,158,"v_add_f32_e32 v0, v0, v2","",158
310546985631592,4294967295,158,"v_add_f32_e32 v0, v0, v2","",158
310546985631632,4294967295,158,"v_add_f32_e32 v0, v0, v2","",158
310546985631632,4294967295,158,"v_add_f32_e32 v0, v0, v2","",158
310546985631272,4294967295,158,"v_add_f32_e32 v0, v0, v2","",158
310546985631632,4294967295,158,"v_add_f32_e32 v0, v0, v2","",158
310546985629232,4294967295,158,"v_mad_co_u64_u32 v[0:1], null, s4, ttmp9, v[0:1]","",158
310546985629232,4294967295,158,"v_add_f32_e32 v0, v0, v2","",158
310546985631792,4294967295,158,"v_add_f32_e32 v0, v0, v2","",158
310546985631792,4294967295,158,"v_add_f32_e32 v0, v0, v2","",158
310546985631792,4294967295,158,"v_add_f32_e32 v0, v0, v2","",158
310546985631792,4294967295,158,"v_add_f32_e32 v0, v0, v2","",158
310546985632272,4294967295,158,"v_add_f32_e32 v0, v0, v2","",158
310546985632272,4294967295,158,"v_add_f32_e32 v0, v0, v2","",158
310546985632272,4294967295,158,"v_add_f32_e32 v0, v0, v2","",158
310546985632312,4294967295,158,"v_add_f32_e32 v0, v0, v2","",158
310546985635152,4294967295,158,"v_add_f32_e32 v0, v0, v2","",158
310546985635152,4294967295,158,"v_add_f32_e32 v0, v0, v2","",158
310546985635152,4294967295,158,"v_add_f32_e32 v0, v0, v2","",158
310546985635152,4294967295,158,"v_add_f32_e32 v0, v0, v2","",158
310546986624401,4294967295,160,"v_add_f32_e32 v0, v0, v2","",160
310546986624401,4294967295,160,"v_add_f32_e32 v0, v0, v2","",160
310546986624401,4294967295,160,"v_add_f32_e32 v0, v0, v2","",160
310546986624561,4294967295,160,"v_add_f32_e32 v0, v0, v2","",160
310546986625841,4294967295,160,"v_add_f32_e32 v0, v0, v2","",160
310546986625881,4294967295,160,"v_add_f32_e32 v0, v0, v2","",160
310546986625881,4294967295,160,"v_add_f32_e32 v0, v0, v2","",160
310546986625881,4294967295,160,"v_add_f32_e32 v0, v0, v2","",160
310546986624561,4294967295,160,"v_add_f32_e32 v0, v0, v2","",160
310546986624561,4294967295,160,"v_add_f32_e32 v0, v0, v2","",160
310546986626921,4294967295,160,"v_add_f32_e32 v0, v0, v2","",160
310546986626961,4294967295,160,"v_add_f32_e32 v0, v0, v2","",160
310546986626961,4294967295,160,"v_add_f32_e32 v0, v0, v2","",160
310546986626961,4294967295,160,"v_add_f32_e32 v0, v0, v2","",160
310546986627601,4294967295,160,"v_add_f32_e32 v0, v0, v2","",160
310546986627681,4294967295,160,"v_add_f32_e32 v0, v0, v2","",160
310546986627681,4294967295,160,"v_add_f32_e32 v0, v0, v2","",160
310546986627721,4294967295,160,"v_add_f32_e32 v0, v0, v2","",160
310546986627721,4294967295,160,"v_add_f32_e32 v0, v0, v2","",160
310546986628441,4294967295,160,"v_add_f32_e32 v0, v0, v2","",160
310546986628441,4294967295,160,"v_add_f32_e32 v0, v0, v2","",160
310546986628441,4294967295,160,"v_add_f32_e32 v0, v0, v2","",160
310546986628481,4294967295,160,"v_add_f32_e32 v0, v0, v2","",160
310546986627601,4294967295,160,"v_add_f32_e32 v0, v0, v2","",160
310546986628161,4294967295,160,"v_add_f32_e32 v0, v0, v2","",160
310546986628161,4294967295,160,"v_add_f32_e32 v0, v0, v2","",160
310546986628201,4294967295,160,"v_add_f32_e32 v0, v0, v2","",160
310546986628201,4294967295,160,"v_add_f32_e32 v0, v0, v2","",160
310546986629561,4294967295,160,"v_add_f32_e32 v0, v0, v2","",160
310546986629561,4294967295,160,"v_add_f32_e32 v0, v0, v2","",160
310546986629561,4294967295,160,"v_add_f32_e32 v0, v0, v2","",160
310546986629561,4294967295,160,"s_wait_loadcnt 0x0","",160
310546986629521,4294967295,160,"v_add_f32_e32 v0, v0, v2","",160
310546986627601,4294967295,160,"v_add_f32_e32 v0, v0, v2","",160
310546986627641,4294967295,160,"v_add_f32_e32 v0, v0, v2","",160
310546986629841,4294967295,160,"v_add_f32_e32 v0, v0, v2","",160
310546986629561,4294967295,160,"v_add_f32_e32 v0, v0, v2","",160
310546986629561,4294967295,160,"v_add_f32_e32 v0, v0, v2","",160
310546986629561,4294967295,160,"v_add_f32_e32 v0, v0, v2","",160
310546986629561,4294967295,160,"v_add_f32_e32 v0, v0, v2","",160
310546986629841,4294967295,160,"v_add_f32_e32 v0, v0, v2","",160
310546986629881,4294967295,160,"v_add_f32_e32 v0, v0, v2","",160
310546986629881,4294967295,160,"v_add_f32_e32 v0, v0, v2","",160
310546986629921,4294967295,160,"v_add_f32_e32 v0, v0, v2","",160
310546986629881,4294967295,160,"v_add_f32_e32 v0, v0, v2","",160
310546986629881,4294967295,160,"v_add_f32_e32 v0, v0, v2","",160
310546986629881,4294967295,160,"v_add_f32_e32 v0, v0, v2","",160
310546986629881,4294967295,160,"v_add_f32_e32 v0, v0, v2","",160
310546986629561,4294967295,160,"v_add_f32_e32 v0, v0, v2","",160
310546986629841,4294967295,160,"v_add_f32_e32 v0, v0, v2","",160
310546986629881,4294967295,160,"v_add_f32_e32 v0, v0, v2","",160
310546986629881,4294967295,160,"v_add_f32_e32 v0, v0, v2","",160
310546986629841,4294967295,160,"v_add_f32_e32 v0, v0, v2","",160
310546986629881,4294967295,160,"v_add_f32_e32 v0, v0, v2","",160
310546986629881,4294967295,160,"v_add_f32_e32 v0, v0, v2","",160
310546986629881,4294967295,160,"v_add_f32_e32 v0, v0, v2","",160
310546986632281,4294967295,160,"v_add_f32_e32 v0, v0, v2","",160
310546986632321,4294967295,160,"v_add_f32_e32 v0, v0, v2","",160
310546986632321,4294967295,160,"v_add_f32_e32 v0, v0, v2","",160
310546986632321,4294967295,160,"v_add_f32_e32 v0, v0, v2","",160
310546986630921,4294967295,160,"v_add_f32_e32 v0, v0, v2","",160
310546986630881,4294967295,160,"v_add_f32_e32 v0, v0, v2","",160
310546986630921,4294967295,160,"v_add_f32_e32 v0, v0, v2","",160
310546986630921,4294967295,160,"v_add_co_u32 v0, vcc_lo, s0, v0","",160
310546986630921,4294967295,160,"v_add_f32_e32 v0, v0, v2","",160
310546986632281,4294967295,160,"v_add_f32_e32 v0, v0, v2","",160
310546986632321,4294967295,160,"v_add_f32_e32 v0, v0, v2","",160
310546986632321,4294967295,160,"v_add_f32_e32 v0, v0, v2","",160
310546986632321,4294967295,160,"v_add_f32_e32 v0, v0, v2","",160
310546986632281,4294967295,160,"v_add_f32_e32 v0, v0, v2","",160
310546986632321,4294967295,160,"v_add_f32_e32 v0, v0, v2","",160
310546986630921,4294967295,160,"v_add_f32_e32 v0, v0, v2","",160
310546986630921,4294967295,160,"v_add_f32_e32 v0, v0, v2","",160
310546986630921,4294967295,160,"v_add_f32_e32 v0, v0, v2","",160
310546986629881,4294967295,160,"v_add_f32_e32 v0, v0, v2","",160
310546986629881,4294967295,160,"v_add_f32_e32 v0, v0, v2","",160
310546986629881,4294967295,160,"v_add_f32_e32 v0, v0, v2","",160
310546986632321,4294967295,160,"v_add_f32_e32 v0, v0, v2","",160
310546986632321,4294967295,160,"v_add_f32_e32 v0, v0, v2","",160
310546986632321,4294967295,160,"v_add_f32_e32 v0, v0, v2","",160
310546986632321,4294967295,160,"v_add_f32_e32 v0, v0, v2","",160
310546986632841,4294967295,160,"v_add_f32_e32 v0, v0, v2","",160
310546986632841,4294967295,160,"v_add_f32_e32 v0, v0, v2","",160
310546986632841,4294967295,160,"v_add_f32_e32 v0, v0, v2","",160
310546986632881,4294967295,160,"v_add_f32_e32 v0, v0, v2","",160
310546986632841,4294967295,160,"v_add_f32_e32 v0, v0, v2","",160
310546986632841,4294967295,160,"v_add_f32_e32 v0, v0, v2","",160
310546986632841,4294967295,160,"v_add_f32_e32 v0, v0, v2","",160
310546986632881,4294967295,160,"v_add_f32_e32 v0, v0, v2","",160
310546986633241,4294967295,160,"v_add_f32_e32 v0, v0, v2","",160
310546986633241,4294967295,160,"v_add_f32_e32 v0, v0, v2","",160
310546986633681,4294967295,160,"v_add_f32_e32 v0, v0, v2","",160
310546986633681,4294967295,160,"v_add_f32_e32 v0, v0, v2","",160
310546986633681,4294967295,160,"v_add_f32_e32 v0, v0, v2","",160
310546986633961,4294967295,160,"v_add_f32_e32 v0, v0, v2","",160
310546986634001,4294967295,160,"v_add_f32_e32 v0, v0, v2","",160
310546986634001,4294967295,160,"v_add_f32_e32 v0, v0, v2","",160
310546986634001,4294967295,160,"v_add_f32_e32 v0, v0, v2","",160
310546986633241,4294967295,160,"v_add_f32_e32 v0, v0, v2","",160
310546986633241,4294967295,160,"v_add_f32_e32 v0, v0, v2","",160
310546986633681,4294967295,160,"v_add_f32_e32 v0, v0, v2","",160
310546986632841,4294967295,160,"v_add_f32_e32 v0, v0, v2","",160
310546986632841,4294967295,160,"v_add_f32_e32 v0, v0, v2","",160
310546986635202,4294967295,160,"v_add_f32_e32 v0, v0, v2","",160
310546986635242,4294967295,160,"v_add_f32_e32 v0, v0, v2","",160
310546986635242,4294967295,160,"v_add_f32_e32 v0, v0, v2","",160
310546986635242,4294967295,160,"v_add_f32_e32 v0, v0, v2","",160
310546986636322,4294967295,160,"v_add_f32_e32 v0, v0, v2","",160
310546986636322,4294967295,160,"v_add_f32_e32 v0, v0, v2","",160
310546986636322,4294967295,160,"v_add_f32_e32 v0, v0, v2","",160
310546986636362,4294967295,160,"v_add_f32_e32 v0, v0, v2","",160
310546986636682,4294967295,160,"v_add_f32_e32 v0, v0, v2","",160
310546986636682,4294967295,160,"v_add_f32_e32 v0, v0, v2","",160
310546986636682,4294967295,160,"v_add_f32_e32 v0, v0, v2","",160
310546986636682,4294967295,160,"v_add_f32_e32 v0, v0, v2","",160
310546986637842,4294967295,160,"v_add_f32_e32 v0, v0, v2","",160
310546986637842,4294967295,160,"v_add_f32_e32 v0, v0, v2","",160
310546986637882,4294967295,160,"v_add_f32_e32 v0, v0, v2","",160
310546986637882,4294967295,160,"v_add_f32_e32 v0, v0, v2","",160
310546987626971,4294967295,162,"v_add_f32_e32 v0, v0, v2","",162
310546987627011,4294967295,162,"v_add_f32_e32 v0, v0, v2","",162
310546987627011,4294967295,162,"v_add_f32_e32 v0, v0, v2","",162
310546987627011,4294967295,162,"v_add_f32_e32 v0, v0, v2","",162
310546987627531,0,162,"s_endpgm","",162
310546987627531,4294967295,162,"v_add_f32_e32 v0, v0, v2","",162
310546987627531,4294967295,162,"v_add_f32_e32 v0, v0, v2","",162
310546987627531,4294967295,162,"v_add_f32_e32 v0, v0, v2","",162
310546987627531,4294967295,162,"v_add_f32_e32 v0, v0, v2","",162
310546987628811,4294967295,162,"v_add_f32_e32 v0, v0, v2","",162
310546987628451,4294967295,162,"v_add_f32_e32 v0, v0, v2","",162
310546987628811,4294967295,162,"v_add_f32_e32 v0, v0, v2","",162
310546987628851,4294967295,162,"v_add_f32_e32 v0, v0, v2","",162
310546987628851,4294967295,162,"v_add_f32_e32 v0, v0, v2","",162
310546987629291,4294967295,162,"v_add_f32_e32 v0, v0, v2","",162
310546987630011,4294967295,162,"v_add_f32_e32 v0, v0, v2","",162
310546987630051,4294967295,162,"v_add_f32_e32 v0, v0, v2","",162
310546987630051,4294967295,162,"v_add_f32_e32 v0, v0, v2","",162
310546987630051,4294967295,162,"v_add_f32_e32 v0, v0, v2","",162
310546987632771,4294967295,162,"v_add_f32_e32 v0, v0, v2","",162
310546987632771,4294967295,162,"v_add_f32_e32 v0, v0, v2","",162
310546987632771,4294967295,162,"v_add_f32_e32 v0, v0, v2","",162
310546987632771,4294967295,162,"v_add_f32_e32 v0, v0, v2","",162
310546987628491,4294967295,162,"v_add_f32_e32 v0, v0, v2","",162
310546987628491,4294967295,162,"v_add_f32_e32 v0, v0, v2","",162
310546987628491,4294967295,162,"v_add_f32_e32 v0, v0, v2","",162
310546987627531,4294967295,162,"v_add_f32_e32 v0, v0, v2","",162
310546987633171,4294967295,162,"v_add_f32_e32 v0, v0, v2","",162
310546987627571,4294967295,162,"v_add_f32_e32 v0, v0, v2","",162
310546987633171,4294967295,162,"v_add_f32_e32 v0, v0, v2","",162
310546987633171,4294967295,162,"v_add_f32_e32 v0, v0, v2","",162
310546987632971,4294967295,162,"v_add_f32_e32 v0, v0, v2","",162
310546987632971,4294967295,162,"v_add_f32_e32 v0, v0, v2","",162
310546987633531,4294967295,162,"v_add_f32_e32 v0, v0, v2","",162
310546987633171,4294967295,162,"v_add_f32_e32 v0, v0, v2","",162
310546987633171,4294967295,162,"v_add_f32_e32 v0, v0, v2","",162
310546987632971,4294967295,162,"v_add_f32_e32 v0, v0, v2","",162
310546987632971,4294967295,162,"v_add_f32_e32 v0, v0, v2","",162
310546987633211,4294967295,162,"v_add_f32_e32 v0, v0, v2","",162
310546987633531,4294967295,162,"v_add_f32_e32 v0, v0, v2","",162
310546987633531,4294967295,162,"v_add_f32_e32 v0, v0, v2","",162
310546987633531,4294967295,162,"v_add_f32_e32 v0, v0, v2","",162
310546987633571,4294967295,162,"v_add_f32_e32 v0, v0, v2","",162
310546987632971,4294967295,162,"v_add_f32_e32 v0, v0, v2","",162
310546987633571,4294967295,162,"v_add_f32_e32 v0, v0, v2","",162
310546987634011,4294967295,162,"v_add_f32_e32 v0, v0, v2","",162
310546987634051,4294967295,162,"v_add_f32_e32 v0, v0, v2","",162
310546987634051,4294967295,162,"v_add_f32_e32 v0, v0, v2","",162
310546987632971,4294967295,162,"v_add_f32_e32 v0, v0, v2","",162
310546987629291,4294967295,162,"v_add_f32_e32 v0, v0, v2","",162
310546987633531,4294967295,162,"v_add_f32_e32 v0, v0, v2","",162
310546987634051,4294967295,162,"v_add_f32_e32 v0, v0, v2","",162
310546987634011,4294967295,162,"v_add_f32_e32 v0, v0, v2","",162
310546987634051,4294967295,162,"v_add_f32_e32 v0, v0, v2","",162
310546987634051,4294967295,162,"v_add_f32_e32 v0, v0, v2","",162
310546987634531,4294967295,162,"v_add_f32_e32 v0, v0, v2","",162
310546987634531,4294967295,162,"v_add_f32_e32 v0, v0, v2","",162
310546987634531,4294967295,162,"v_add_f32_e32 v0, v0, v2","",162
310546987634531,4294967295,162,"v_add_f32_e32 v0, v0, v2","",162
310546987635011,4294967295,162,"v_add_f32_e32 v0, v0, v2","",162
310546987633531,4294967295,162,"v_add_f32_e32 v0, v0, v2","",162
310546987633571,4294967295,162,"v_mad_co_u64_u32 v[0:1], null, s4, ttmp9, v[0:1]","",162
310546987634971,4294967295,162,"v_add_f32_e32 v0, v0, v2","",162
310546987634971,4294967295,162,"v_add_f32_e32 v0, v0, v2","",162
310546987635011,4294967295,162,"v_add_f32_e32 v0, v0, v2","",162
310546987635011,4294967295,162,"v_add_f32_e32 v0, v0, v2","",162
310546987634971,4294967295,162,"v_add_f32_e32 v0, v0, v2","",162
310546987635011,4294967295,162,"v_add_f32_e32 v0, v0, v2","",162
310546987635011,4294967295,162,"v_add_f32_e32 v0, v0, v2","",162
310546987633571,4294967295,162,"v_add_f32_e32 v0, v0, v2","",162
310546987633171,4294967295,162,"v_add_f32_e32 v0, v0, v2","",162
310546987633171,4294967295,162,"v_add_f32_e32 v0, v0, v2","",162
310546987633171,4294967295,162,"v_add_f32_e32 v0, v0, v2","",162
310546987632971,4294967295,162,"v_add_f32_e32 v0, v0, v2","",162
310546987633211,4294967295,162,"v_add_f32_e32 v0, v0, v2","",162
310546987633571,4294967295,162,"v_add_f32_e32 v0, v0, v2","",162
310546987633571,4294967295,162,"v_add_f32_e32 v0, v0, v2","",162
310546987635051,4294967295,162,"v_add_f32_e32 v0, v0, v2","",162
310546987635051,4294967295,162,"v_add_f32_e32 v0, v0, v2","",162
310546987635051,4294967295,162,"v_add_f32_e32 v0, v0, v2","",162
310546987635011,4294967295,162,"s_and_saveexec_b32 s2, vcc_lo","",162
310546987635011,4294967295,162,"v_add_f32_e32 v0, v0, v2","",162
310546987632971,4294967295,162,"v_add_f32_e32 v0, v0, v2","",162
310546987635011,4294967295,162,"v_add_f32_e32 v0, v0, v2","",162
310546987633171,4294967295,162,"s_cbranch_execz 28","",162
310546987635051,4294967295,162,"v_add_f32_e32 v0, v0, v2","",162
310546987635011,4294967295,162,"v_add_f32_e32 v0, v0, v2","",162
310546987635011,4294967295,162,"v_add_f32_e32 v0, v0, v2","",162
310546987635011,4294967295,162,"v_add_f32_e32 v0, v0, v2","",162
310546987635291,4294967295,162,"v_add_f32_e32 v0, v0, v2","",162
310546987635331,4294967295,162,"v_add_f32_e32 v0, v0, v2","",162
310546987635331,4294967295,162,"v_add_f32_e32 v0, v0, v2","",162
310546987635331,4294967295,162,"v_add_f32_e32 v0, v0, v2","",162
310546987635011,4294967295,162,"v_add_f32_e32 v0, v0, v2","",162
310546987635011,4294967295,162,"v_add_f32_e32 v0, v0, v2","",162
310546987633171,4294967295,162,"v_add_f32_e32 v0, v0, v2","",162
310546987636211,4294967295,162,"v_add_f32_e32 v0, v0, v2","",162
310546987636211,4294967295,162,"v_add_f32_e32 v0, v0, v2","",162
310546987636211,4294967295,162,"v_add_f32_e32 v0, v0, v2","",162
310546987635011,4294967295,162,"v_add_f32_e32 v0, v0, v2","",162
310546987635011,4294967295,162,"v_add_f32_e32 v0, v0, v2","",162
310546987636211,4294967295,162,"v_add_f32_e32 v0, v0, v2","",162
310546987632011,4294967295,162,"v_mad_co_u64_u32 v[0:1], null, s4, ttmp9, v[0:1]","",162
310546987636211,4294967295,162,"v_add_f32_e32 v0, v0, v2","",162
310546987636211,4294967295,162,"v_add_f32_e32 v0, v0, v2","",162
310546987636211,4294967295,162,"v_add_f32_e32 v0, v0, v2","",162
310546987632411,4294967295,162,"v_add_f32_e32 v0, v0, v2","",162
310546987636211,4294967295,162,"v_add_f32_e32 v0, v0, v2","",162
310546987636211,4294967295,162,"v_add_f32_e32 v0, v0, v2","",162
310546987636211,4294967295,162,"v_add_f32_e32 v0, v0, v2","",162
310546987636211,4294967295,162,"v_add_f32_e32 v0, v0, v2","",162
310546987636211,4294967295,162,"v_add_f32_e32 v0, v0, v2","",162
310546987636211,4294967295,162,"v_add_f32_e32 v0, v0, v2","",162
310546987636211,4294967295,162,"v_add_f32_e32 v0, v0, v2","",162
310546987638171,4294967295,162,"v_add_f32_e32 v0, v0, v2","",162
310546987638171,4294967295,162,"v_add_f32_e32 v0, v0, v2","",162
310546987638171,4294967295,162,"v_add_f32_e32 v0, v0, v2","",162
310546987638171,4294967295,162,"v_add_f32_e32 v0, v0, v2","",162
310546987640371,4294967295,162,"v_add_f32_e32 v0, v0, v2","",162
310546987640411,4294967295,162,"v_add_f32_e32 v0, v0, v2","",162
310546987640411,4294967295,162,"v_add_f32_e32 v0, v0, v2","",162
310546987640411,4294967295,162,"v_add_f32_e32 v0, v0, v2","",162
310546988623780,4294967295,164,"v_add_f32_e32 v0, v0, v2","",164
310546988625700,4294967295,164,"v_add_f32_e32 v0, v0, v2","",164
310546988625740,4294967295,164,"v_add_f32_e32 v0, v0, v2","",164
310546988625700,4294967295,164,"v_add_f32_e32 v0, v0, v2","",164
310546988625740,4294967295,164,"v_add_f32_e32 v0, v0, v2","",164
310546988627580,4294967295,164,"v_add_f32_e32 v0, v0, v2","",164
310546988627580,4294967295,164,"v_add_f32_e32 v0, v0, v2","",164
310546988627580,4294967295,164,"v_add_f32_e32 v0, v0, v2","",164
310546988627620,4294967295,164,"v_add_f32_e32 v0, v0, v2","",164
310546988628700,4294967295,164,"v_add_f32_e32 v0, v0, v2","",164
310546988628860,4294967295,164,"v_add_f32_e32 v0, v0, v2","",164
310546988628860,4294967295,164,"v_add_f32_e32 v0, v0, v2","",164
310546988628900,4294967295,164,"v_add_f32_e32 v0, v0, v2","",164
310546988629500,4294967295,164,"v_add_f32_e32 v0, v0, v2","",164
310546988629220,4294967295,164,"v_add_f32_e32 v0, v0, v2","",164
310546988629220,4294967295,164,"v_add_f32_e32 v0, v0, v2","",164
310546988629220,4294967295,164,"v_add_f32_e32 v0, v0, v2","",164
310546988629500,4294967295,164,"v_add_f32_e32 v0, v0, v2","",164
310546988629500,4294967295,164,"v_add_f32_e32 v0, v0, v2","",164
310546988629540,4294967295,164,"v_add_f32_e32 v0, v0, v2","",164
310546988630540,4294967295,164,"v_add_f32_e32 v0, v0, v2","",164
310546988629820,4294967295,164,"v_add_f32_e32 v0, v0, v2","",164
310546988629820,4294967295,164,"v_add_f32_e32 v0, v0, v2","",164
310546988629860,4294967295,164,"v_add_f32_e32 v0, v0, v2","",164
310546988629860,4294967295,164,"v_add_f32_e32 v0, v0, v2","",164
310546988630540,4294967295,164,"v_add_f32_e32 v0, v0, v2","",164
310546988630540,4294967295,164,"v_add_f32_e32 v0, v0, v2","",164
310546988630580,4294967295,164,"v_add_f32_e32 v0, v0, v2","",164
310546988630580,4294967295,164,"v_add_f32_e32 v0, v0, v2","",164
310546988625820,4294967295,164,"v_add_f32_e32 v0, v0, v2","",164
310546988630940,4294967295,164,"v_add_f32_e32 v0, v0, v2","",164
310546988625980,4294967295,164,"v_add_f32_e32 v0, v0, v2","",164
310546988626020,4294967295,164,"v_add_f32_e32 v0, v0, v2","",164
310546988630540,4294967295,164,"v_add_f32_e32 v0, v0, v2","",164
310546988630540,4294967295,164,"v_add_f32_e32 v0, v0, v2","",164
310546988630540,4294967295,164,"v_add_f32_e32 v0, v0, v2","",164
310546988629860,4294967295,164,"v_add_f32_e32 v0, v0, v2","",164
310546988628740,4294967295,164,"v_add_f32_e32 v0, v0, v2","",164
310546988631220,4294967295,164,"v_add_f32_e32 v0, v0, v2","",164
310546988631220,4294967295,164,"v_add_f32_e32 v0, v0, v2","",164
310546988631260,4294967295,164,"v_add_f32_e32 v0, v0, v2","",164
310546988631260,4294967295,164,"v_add_f32_e32 v0, v0, v2","",164
310546988629860,4294967295,164,"v_add_f32_e32 v0, v0, v2","",164
310546988628740,4294967295,164,"v_add_f32_e32 v0, v0, v2","",164
310546988632220,4294967295,164,"v_add_f32_e32 v0, v0, v2","",164
310546988633100,4294967295,164,"v_add_f32_e32 v0, v0, v2","",164
310546988628740,4294967295,164,"v_add_f32_e32 v0, v0, v2","",164
310546988631220,4294967295,164,"v_add_f32_e32 v0, v0, v2","",164
310546988631260,4294967295,164,"v_add_f32_e32 v0, v0, v2","",164
310546988631260,4294967295,164,"v_add_f32_e32 v0, v0, v2","",164
310546988631260,4294967295,164,"v_add_f32_e32 v0, v0, v2","",164
310546988633100,4294967295,164,"v_add_f32_e32 v0, v0, v2","",164
310546988633140,4294967295,164,"v_add_f32_e32 v0, v0, v2","",164
310546988633140,4294967295,164,"v_add_f32_e32 v0, v0, v2","",164
310546988632220,4294967295,164,"s_and_b32 exec_lo, exec_lo, vcc_lo","",164
310546988632220,4294967295,164,"v_add_f32_e32 v0, v0, v2","",164
310546988629860,4294967295,164,"v_add_f32_e32 v0, v0, v2","",164
310546988632220,4294967295,164,"v_add_f32_e32 v0, v0, v2","",164
310546988630940,4294967295,164,"v_add_f32_e32 v0, v0, v2","",164
310546988630980,4294967295,164,"v_add_f32_e32 v0, v0, v2","",164
310546988633420,4294967295,164,"v_add_f32_e32 v0, v0, v2","",164
310546988633420,4294967295,164,"v_add_f32_e32 v0, v0, v2","",164
310546988633420,4294967295,164,"v_add_f32_e32 v0, v0, v2","",164
310546988633420,4294967295,164,"v_add_f32_e32 v0, v0, v2","",164
310546988633420,4294967295,164,"v_add_f32_e32 v0, v0, v2","",164
310546988633100,4294967295,164,"v_add_f32_e32 v0, v0, v2","",164
310546988633420,4294967295,164,"v_add_f32_e32 v0, v0, v2","",164
310546988629500,4294967295,164,"v_add_f32_e32 v0, v0, v2","",164
310546988633420,4294967295,164,"v_add_f32_e32 v0, v0, v2","",164
310546988633420,4294967295,164,"v_add_f32_e32 v0, v0, v2","",164
310546988633780,4294967295,164,"v_add_f32_e32 v0, v0, v2","",164
310546988633100,4294967295,164,"v_add_f32_e32 v0, v0, v2","",164
310546988633140,4294967295,164,"v_add_f32_e32 v0, v0, v2","",164
310546988633140,4294967295,164,"v_add_f32_e32 v0, v0, v2","",164
310546988633820,4294967295,164,"v_add_f32_e32 v0, v0, v2","",164
310546988629540,4294967295,164,"v_add_f32_e32 v0, v0, v2","",164
310546988633780,4294967295,164,"v_add_f32_e32 v0, v0, v2","",164
310546988629540,4294967295,164,"v_add_f32_e32 v0, v0, v2","",164
310546988633820,4294967295,164,"v_add_f32_e32 v0, v0, v2","",164
310546988633820,4294967295,164,"v_add_f32_e32 v0, v0, v2","",164
310546988633820,4294967295,164,"v_add_f32_e32 v0, v0, v2","",164
310546988634220,4294967295,164,"v_add_f32_e32 v0, v0, v2","",164
310546988634220,4294967295,164,"v_add_f32_e32 v0, v0, v2","",164
310546988634220,4294967295,164,"v_add_f32_e32 v0, v0, v2","",164
310546988634220,4294967295,164,"v_add_f32_e32 v0, v0, v2","",164
310546988634460,4294967295,164,"v_add_f32_e32 v0, v0, v2","",164
310546988633780,4294967295,164,"v_add_f32_e32 v0, v0, v2","",164
310546988634460,4294967295,164,"v_add_f32_e32 v0, v0, v2","",164
310546988633420,4294967295,164,"v_add_f32_e32 v0, v0, v2","",164
310546988633420,4294967295,164,"v_add_f32_e32 v0, v0, v2","",164
310546988633420,4294967295,164,"v_add_f32_e32 v0, v0, v2","",164
310546988634460,4294967295,164,"v_add_f32_e32 v0, v0, v2","",164
310546988634500,4294967295,164,"v_add_f32_e32 v0, v0, v2","",164
310546988633780,4294967295,164,"v_add_f32_e32 v0, v0, v2","",164
310546988633780,4294967295,164,"v_add_f32_e32 v0, v0, v2","",164
310546988633780,4294967295,164,"v_add_f32_e32 v0, v0, v2","",164
310546988635380,4294967295,164,"v_add_f32_e32 v0, v0, v2","",164
310546988635380,4294967295,164,"v_add_f32_e32 v0, v0, v2","",164
310546988635420,4294967295,164,"v_add_f32_e32 v0, v0, v2","",164
310546988635420,4294967295,164,"v_add_f32_e32 v0, v0, v2","",164
310546988633780,4294967295,164,"v_add_f32_e32 v0, v0, v2","",164
310546988633780,4294967295,164,"v_add_f32_e32 v0, v0, v2","",164
310546988635700,4294967295,164,"v_add_f32_e32 v0, v0, v2","",164
310546988635860,4294967295,164,"v_add_f32_e32 v0, v0, v2","",164
310546988635860,4294967295,164,"v_add_f32_e32 v0, v0, v2","",164
310546988635860,4294967295,164,"v_add_f32_e32 v0, v0, v2","",164
310546988636060,4294967295,164,"v_add_f32_e32 v0, v0, v2","",164
310546988636060,4294967295,164,"v_add_f32_e32 v0, v0, v2","",164
310546988636060,4294967295,164,"v_add_f32_e32 v0, v0, v2","",164
310546988636100,4294967295,164,"v_add_f32_e32 v0, v0, v2","",164
310546988633100,4294967295,164,"v_add_f32_e32 v0, v0, v2","",164
310546988633140,4294967295,164,"v_add_f32_e32 v0, v0, v2","",164
310546988633140,4294967295,164,"v_add_f32_e32 v0, v0, v2","",164
310546988635700,4294967295,164,"v_add_f32_e32 v0, v0, v2","",164
310546988635740,4294967295,164,"v_add_f32_e32 v0, v0, v2","",164
310546988635740,4294967295,164,"v_add_f32_e32 v0, v0, v2","",164
310546988638180,4294967295,164,"v_add_f32_e32 v0, v0, v2","",164
310546988638180,4294967295,164,"v_add_f32_e32 v0, v0, v2","",164
310546988638180,4294967295,164,"v_add_f32_e32 v0, v0, v2","",164
310546988638180,4294967295,164,"v_add_f32_e32 v0, v0, v2","",164
310546989633790,4294967295,166,"s_and_b32 s4, s4, 0xffff","",166
310546989634350,4294967295,166,"v_cmp_eq_f32_e32 vcc_lo, 0x449a522b, v0","",166
310546989634350,4294967295,166,"v_add_f32_e32 v0, v0, v2","",166
310546989634390,4294967295,166,"v_add_f32_e32 v0, v0, v2","",166
310546989634590,4294967295,166,"v_add_f32_e32 v0, v0, v2","",166
310546989634590,4294967295,166,"v_add_f32_e32 v0, v0, v2","",166
310546989635070,4294967295,166,"v_add_f32_e32 v0, v0, v2","",166
310546989635550,4294967295,166,"v_add_f32_e32 v0, v0, v2","",166
310546989635550,4294967295,166,"v_add_f32_e32 v0, v0, v2","",166
310546989635590,4294967295,166,"v_add_f32_e32 v0, v0, v2","",166
310546989635590,4294967295,166,"v_add_f32_e32 v0, v0, v2","",166
310546989634990,4294967295,166,"v_add_f32_e32 v0, v0, v2","",166
310546989635030,4294967295,166,"v_cmp_eq_f32_e32 vcc_lo, 0x449a522b, v0","",166
310546989634990,4294967295,166,"v_add_f32_e32 v0, v0, v2","",166
310546989637150,4294967295,166,"v_add_f32_e32 v0, v0, v2","",166
310546989637150,4294967295,166,"v_add_f32_e32 v0, v0, v2","",166
310546989637150,4294967295,166,"v_add_f32_e32 v0, v0, v2","",166
310546989635110,4294967295,166,"v_add_f32_e32 v0, v0, v2","",166
310546989638910,4294967295,166,"v_add_f32_e32 v0, v0, v2","",166
310546989638910,4294967295,166,"v_add_f32_e32 v0, v0, v2","",166
310546989638910,4294967295,166,"v_add_f32_e32 v0, v0, v2","",166
310546989638950,4294967295,166,"v_add_f32_e32 v0, v0, v2","",166
310546989640110,4294967295,166,"v_add_f32_e32 v0, v0, v2","",166
310546989639470,4294967295,166,"v_add_f32_e32 v0, v0, v2","",166
310546989639470,4294967295,166,"v_add_f32_e32 v0, v0, v2","",166
310546989639470,4294967295,166,"v_add_f32_e32 v0, v0, v2","",166
310546989639470,4294967295,166,"v_add_f32_e32 v0, v0, v2","",166
310546989640110,4294967295,166,"v_add_f32_e32 v0, v0, v2","",166
310546989640230,4294967295,166,"v_add_f32_e32 v0, v0, v2","",166
310546989639950,4294967295,166,"v_add_f32_e32 v0, v0, v2","",166
310546989640110,4294967295,166,"v_add_f32_e32 v0, v0, v2","",166
310546989640310,4294967295,166,"v_add_f32_e32 v0, v0, v2","",166
310546989640110,4294967295,166,"v_add_f32_e32 v0, v0, v2","",166
310546989635110,4294967295,166,"v_add_f32_e32 v0, v0, v2","",166
310546989635110,4294967295,166,"v_add_f32_e32 v0, v0, v2","",166
310546989639950,4294967295,166,"v_add_f32_e32 v0, v0, v2","",166
310546989640150,4294967295,166,"v_add_f32_e32 v0, v0, v2","",166
310546989640110,4294967295,166,"v_add_f32_e32 v0, v0, v2","",166
310546989640110,4294967295,166,"v_add_f32_e32 v0, v0, v2","",166
310546989640110,4294967295,166,"v_add_f32_e32 v0, v0, v2","",166
310546989640110,4294967295,166,"v_add_f32_e32 v0, v0, v2","",166
310546989640750,4294967295,166,"v_add_f32_e32 v0, v0, v2","",166
310546989640750,4294967295,166,"v_add_f32_e32 v0, v0, v2","",166
310546989640750,4294967295,166,"v_add_f32_e32 v0, v0, v2","",166
310546989640790,4294967295,166,"v_add_f32_e32 v0, v0, v2","",166
310546989640310,4294967295,166,"v_add_f32_e32 v0, v0, v2","",166
310546989640350,4294967295,166,"v_add_f32_e32 v0, v0, v2","",166
310546989640350,4294967295,166,"v_add_f32_e32 v0, v0, v2","",166
310546989640830,4294967295,166,"v_add_f32_e32 v0, v0, v2","",166
310546989640830,4294967295,166,"v_add_f32_e32 v0, v0, v2","",166
310546989640870,4294967295,166,"v_add_f32_e32 v0, v0, v2","",166
310546989640870,4294967295,166,"v_add_f32_e32 v0, v0, v2","",166
310546989640150,4294967295,166,"v_add_f32_e32 v0, v0, v2","",166
310546989640590,4294967295,166,"v_add_f32_e32 v0, v0, v2","",166
310546989639950,4294967295,166,"v_add_f32_e32 v0, v0, v2","",166
310546989639950,4294967295,166,"v_add_f32_e32 v0, v0, v2","",166
310546989641190,4294967295,166,"v_add_f32_e32 v0, v0, v2","",166
310546989641230,4294967295,166,"v_add_f32_e32 v0, v0, v2","",166
310546989640750,4294967295,166,"v_add_f32_e32 v0, v0, v2","",166
310546989640750,4294967295,166,"v_add_f32_e32 v0, v0, v2","",166
310546989641230,4294967295,166,"v_add_f32_e32 v0, v0, v2","",166
310546989636670,4294967295,166,"v_add_f32_e32 v0, v0, v2","",166
310546989636710,4294967295,166,"v_add_f32_e32 v0, v0, v2","",166
310546989636790,4294967295,166,"v_add_f32_e32 v0, v0, v2","",166
310546989639950,4294967295,166,"v_add_f32_e32 v0, v0, v2","",166
310546989641230,4294967295,166,"v_add_f32_e32 v0, v0, v2","",166
310546989640750,4294967295,166,"v_add_f32_e32 v0, v0, v2","",166
310546989640790,4294967295,166,"v_add_f32_e32 v0, v0, v2","",166
310546989640230,4294967295,166,"v_add_f32_e32 v0, v0, v2","",166
310546989640230,4294967295,166,"v_add_f32_e32 v0, v0, v2","",166
310546989641790,4294967295,166,"v_add_f32_e32 v0, v0, v2","",166
310546989641790,4294967295,166,"v_add_f32_e32 v0, v0, v2","",166
310546989641350,4294967295,166,"v_add_f32_e32 v0, v0, v2","",166
310546989641390,4294967295,166,"v_add_f32_e32 v0, v0, v2","",166
310546989641390,4294967295,166,"v_add_f32_e32 v0, v0, v2","",166
310546989641390,4294967295,166,"v_add_f32_e32 v0, v0, v2","",166
310546989641230,4294967295,166,"v_add_f32_e32 v0, v0, v2","",166
310546989641110,4294967295,166,"v_add_f32_e32 v0, v0, v2","",166
310546989641150,4294967295,166,"v_add_f32_e32 v0, v0, v2","",166
310546989641150,4294967295,166,"v_add_f32_e32 v0, v0, v2","",166
310546989641150,4294967295,166,"v_add_f32_e32 v0, v0, v2","",166
310546989640750,4294967295,166,"v_add_f32_e32 v0, v0, v2","",166
310546989640750,4294967295,166,"v_add_f32_e32 v0, v0, v2","",166
310546989640750,4294967295,166,"v_add_f32_e32 v0, v0, v2","",166
310546989641790,4294967295,166,"v_add_f32_e32 v0, v0, v2","",166
310546989639950,4294967295,166,"v_add_f32_e32 v0, v0, v2","",166
310546989639950,4294967295,166,"v_add_f32_e32 v0, v0, v2","",166
310546989640790,4294967295,166,"v_add_f32_e32 v0, v0, v2","",166
310546989641790,4294967295,166,"v_add_f32_e32 v0, v0, v2","",166
310546989641830,4294967295,166,"v_add_f32_e32 v0, v0, v2","",166
310546989641830,4294967295,166,"v_add_f32_e32 v0, v0, v2","",166
310546989639990,4294967295,166,"v_add_f32_e32 v0, v0, v2","",166
310546989640110,4294967295,166,"v_add_f32_e32 v0, v0, v2","",166
310546989640150,4294967295,166,"v_add_f32_e32 v0, v0, v2","",166
310546989641470,4294967295,166,"v_add_f32_e32 v0, v0, v2","",166
310546989641470,4294967295,166,"v_add_f32_e32 v0, v0, v2","",166
310546989641470,4294967295,166,"v_add_f32_e32 v0, v0, v2","",166
310546989640150,4294967295,166,"v_add_f32_e32 v0, v0, v2","",166
310546989642070,4294967295,166,"v_add_f32_e32 v0, v0, v2","",166
310546989642070,4294967295,166,"v_add_f32_e32 v0, v0, v2","",166
310546989642110,4294967295,166,"v_add_f32_e32 v0, v0, v2","",166
310546989642110,4294967295,166,"v_add_f32_e32 v0, v0, v2","",166
310546989640150,4294967295,166,"v_add_f32_e32 v0, v0, v2","",166
310546989641270,4294967295,166,"v_add_f32_e32 v0, v0, v2","",166
310546989640590,4294967295,166,"v_add_f32_e32 v0, v0, v2","",166
310546989640630,4294967295,166,"v_add_f32_e32 v0, v0, v2","",166
310546989640630,4294967295,166,"v_add_f32_e32 v0, v0, v2","",166
310546989641270,4294967295,166,"v_add_f32_e32 v0, v0, v2","",166
310546989642110,4294967295,166,"v_add_f32_e32 v0, v0, v2","",166
310546989642110,4294967295,166,"v_add_f32_e32 v0, v0, v2","",166
310546989642150,4294967295,166,"v_add_f32_e32 v0, v0, v2","",166
310546989641830,4294967295,166,"v_add_f32_e32 v0, v0, v2","",166
310546989641830,4294967295,166,"v_add_f32_e32 v0, v0, v2","",166
310546989643830,4294967295,166,"v_add_f32_e32 v0, v0, v2","",166
310546989643870,4294967295,166,"v_add_f32_e32 v0, v0, v2","",166
310546990629119,4294967295,169,"v_add_f32_e32 v0, v0, v2","",169
310546990629119,4294967295,169,"v_add_f32_e32 v0, v0, v2","",169
310546990629519,4294967295,169,"v_add_f32_e32 v0, v0, v2","",169
310546990629199,4294967295,169,"v_add_f32_e32 v0, v0, v2","",169
310546990629119,4294967295,169,"v_add_f32_e32 v0, v0, v2","",169
310546990629199,4294967295,169,"v_add_f32_e32 v0, v0, v2","",169
310546990629199,4294967295,169,"v_add_f32_e32 v0, v0, v2","",169
310546990629239,4294967295,169,"v_add_f32_e32 v0, v0, v2","",169
310546990631039,4294967295,169,"v_add_f32_e32 v0, v0, v2","",169
310546990631079,4294967295,169,"v_add_f32_e32 v0, v0, v2","",169
310546990631079,4294967295,169,"v_add_f32_e32 v0, v0, v2","",169
310546990631079,4294967295,169,"v_add_f32_e32 v0, v0, v2","",169
310546990630239,4294967295,169,"v_add_f32_e32 v0, v0, v2","",169
310546990630279,4294967295,169,"v_add_f32_e32 v0, v0, v2","",169
310546990631039,4294967295,169,"v_add_f32_e32 v0, v0, v2","",169
310546990631079,4294967295,169,"v_add_f32_e32 v0, v0, v2","",169
310546990630279,4294967295,169,"v_add_f32_e32 v0, v0, v2","",169
310546990630279,4294967295,169,"v_add_f32_e32 v0, v0, v2","",169
310546990631079,4294967295,169,"v_add_f32_e32 v0, v0, v2","",169
310546990631079,4294967295,169,"v_add_f32_e32 v0, v0, v2","",169
310546990632319,4294967295,169,"v_add_f32_e32 v0, v0, v2","",169
310546990631799,4294967295,169,"v_add_f32_e32 v0, v0, v2","",169
310546990631799,4294967295,169,"v_add_f32_e32 v0, v0, v2","",169
310546990631799,4294967295,169,"v_add_f32_e32 v0, v0, v2","",169
310546990631799,4294967295,169,"v_add_f32_e32 v0, v0, v2","",169
310546990632319,4294967295,169,"v_add_f32_e32 v0, v0, v2","",169
310546990632359,4294967295,169,"v_add_f32_e32 v0, v0, v2","",169
310546990632359,4294967295,169,"v_add_f32_e32 v0, v0, v2","",169
310546990633999,4294967295,169,"v_add_f32_e32 v0, v0, v2","",169
310546990633999,4294967295,169,"v_add_f32_e32 v0, v0, v2","",169
310546990633999,4294967295,169,"v_add_f32_e32 v0, v0, v2","",169
310546990635159,4294967295,169,"v_add_f32_e32 v0, v0, v2","",169
310546990635199,4294967295,169,"v_add_f32_e32 v0, v0, v2","",169
310546990635159,4294967295,169,"v_add_f32_e32 v0, v0, v2","",169
310546990635199,4294967295,169,"v_add_f32_e32 v0, v0, v2","",169
310546990633999,4294967295,169,"v_add_f32_e32 v0, v0, v2","",169
310546990633999,4294967295,169,"v_add_f32_e32 v0, v0, v2","",169
310546990634039,4294967295,169,"v_add_f32_e32 v0, v0, v2","",169
310546990634679,4294967295,169,"v_add_f32_e32 v0, v0, v2","",169
310546990634679,4294967295,169,"v_add_f32_e32 v0, v0, v2","",169
310546990634679,4294967295,169,"v_add_f32_e32 v0, v0, v2","",169
310546990633999,4294967295,169,"v_add_f32_e32 v0, v0, v2","",169
310546990634039,4294967295,169,"v_add_f32_e32 v0, v0, v2","",169
310546990634679,4294967295,169,"v_add_f32_e32 v0, v0, v2","",169
310546990635159,4294967295,169,"v_add_f32_e32 v0, v0, v2","",169
310546990635159,4294967295,169,"v_add_f32_e32 v0, v0, v2","",169
310546990635159,4294967295,169,"v_add_f32_e32 v0, v0, v2","",169
310546990635159,4294967295,169,"v_add_f32_e32 v0, v0, v2","",169
310546990635159,4294967295,169,"v_add_f32_e32 v0, v0, v2","",169
310546990635199,4294967295,169,"v_add_f32_e32 v0, v0, v2","",169
310546990635159,4294967295,169,"v_add_f32_e32 v0, v0, v2","",169
310546990635199,4294967295,169,"v_add_f32_e32 v0, v0, v2","",169
310546990635919,4294967295,169,"v_add_f32_e32 v0, v0, v2","",169
310546990635919,4294967295,169,"v_add_f32_e32 v0, v0, v2","",169
310546990635919,4294967295,169,"v_add_f32_e32 v0, v0, v2","",169
310546990635919,4294967295,169,"v_add_f32_e32 v0, v0, v2","",169
310546990635639,4294967295,169,"v_add_f32_e32 v0, v0, v2","",169
310546990635639,4294967295,169,"v_add_f32_e32 v0, v0, v2","",169
310546990635639,4294967295,169,"v_add_f32_e32 v0, v0, v2","",169
310546990635639,4294967295,169,"v_add_f32_e32 v0, v0, v2","",169
310546990636439,4294967295,169,"v_add_f32_e32 v0, v0, v2","",169
310546990636479,4294967295,169,"v_add_f32_e32 v0, v0, v2","",169
310546990636439,4294967295,169,"v_add_f32_e32 v0, v0, v2","",169
310546990636999,4294967295,169,"v_add_f32_e32 v0, v0, v2","",169
310546990636999,4294967295,169,"v_add_f32_e32 v0, v0, v2","",169
310546990637039,4294967295,169,"v_add_f32_e32 v0, v0, v2","",169
310546990637039,4294967295,169,"v_add_f32_e32 v0, v0, v2","",169
310546990637519,4294967295,169,"v_add_f32_e32 v0, v0, v2","",169
310546990637519,4294967295,169,"v_add_f32_e32 v0, v0, v2","",169
310546990637559,4294967295,169,"v_add_f32_e32 v0, v0, v2","",169
310546990637559,4294967295,169,"v_add_f32_e32 v0, v0, v2","",169
310546990636999,4294967295,169,"v_add_f32_e32 v0, v0, v2","",169
310546990636999,4294967295,169,"v_add_f32_e32 v0, v0, v2","",169
310546990637039,4294967295,169,"v_add_f32_e32 v0, v0, v2","",169
310546990637039,4294967295,169,"v_add_f32_e32 v0, v0, v2","",169
310546990636479,4294967295,169,"v_add_f32_e32 v0, v0, v2","",169
310546990636839,4294967295,169,"v_add_f32_e32 v0, v0, v2","",169
310546990636839,4294967295,169,"v_add_f32_e32 v0, v0, v2","",169
310546990636879,4294967295,169,"v_add_f32_e32 v0, v0, v2","",169
310546990636879,4294967295,169,"v_add_f32_e32 v0, v0, v2","",169
310546990638479,4294967295,169,"v_add_f32_e32 v0, v0, v2","",169
310546990638479,4294967295,169,"v_add_f32_e32 v0, v0, v2","",169
310546990638479,4294967295,169,"v_add_f32_e32 v0, v0, v2","",169
310546990638599,4294967295,169,"v_add_f32_e32 v0, v0, v2","",169
310546990638599,4294967295,169,"v_add_f32_e32 v0, v0, v2","",169
310546990638479,4294967295,169,"v_add_f32_e32 v0, v0, v2","",169
310546990638599,4294967295,169,"v_add_f32_e32 v0, v0, v2","",169
310546990638639,4294967295,169,"v_add_f32_e32 v0, v0, v2","",169
310546990638759,4294967295,169,"v_add_f32_e32 v0, v0, v2","",169
310546990638759,4294967295,169,"v_add_f32_e32 v0, v0, v2","",169
310546990638759,4294967295,169,"v_add_f32_e32 v0, v0, v2","",169
310546990638759,4294967295,169,"v_add_f32_e32 v0, v0, v2","",169
310546990638479,4294967295,169,"v_add_f32_e32 v0, v0, v2","",169
310546990638479,4294967295,169,"v_add_f32_e32 v0, v0, v2","",169
310546990638479,4294967295,169,"v_add_f32_e32 v0, v0, v2","",169
310546990638479,4294967295,169,"v_add_f32_e32 v0, v0, v2","",169
310546990639159,4294967295,169,"v_add_f32_e32 v0, v0, v2","",169
310546990639199,4294967295,169,"v_add_f32_e32 v0, v0, v2","",169
310546990639199,4294967295,169,"v_add_f32_e32 v0, v0, v2","",169
310546990639199,4294967295,169,"v_add_f32_e32 v0, v0, v2","",169
310546990639159,4294967295,169,"v_add_f32_e32 v0, v0, v2","",169
310546990639199,4294967295,169,"v_add_f32_e32 v0, v0, v2","",169
310546990639199,4294967295,169,"v_add_f32_e32 v0, v0, v2","",169
310546990639199,4294967295,169,"v_add_f32_e32 v0, v0, v2","",169
310546990639359,4294967295,169,"v_add_f32_e32 v0, v0, v2","",169
310546990639399,4294967295,169,"v_add_f32_e32 v0, v0, v2","",169
310546990639399,4294967295,169,"v_add_f32_e32 v0, v0, v2","",169
310546990639399,4294967295,169,"v_add_f32_e32 v0, v0, v2","",169
310546990639839,4294967295,169,"v_add_f32_e32 v0, v0, v2","",169
310546990639839,4294967295,169,"v_add_f32_e32 v0, v0, v2","",169
310546990639879,4294967295,169,"v_add_f32_e32 v0, v0, v2","",169
310546990639879,4294967295,169,"v_add_f32_e32 v0, v0, v2","",169
310546990640679,4294967295,169,"v_add_f32_e32 v0, v0, v2","",169
310546990640719,4294967295,169,"v_add_f32_e32 v0, v0, v2","",169
310546990640719,4294967295,169,"v_add_f32_e32 v0, v0, v2","",169
310546990640719,4294967295,169,"v_add_f32_e32 v0, v0, v2","",169
310546990641239,4294967295,169,"v_add_f32_e32 v0, v0, v2","",169
310546990641239,4294967295,169,"v_add_f32_e32 v0, v0, v2","",169
310546990641239,4294967295,169,"v_add_f32_e32 v0, v0, v2","",169
310546990641239,4294967295,169,"v_add_f32_e32 v0, v0, v2","",169
310546990642159,4294967295,169,"v_add_f32_e32 v0, v0, v2","",169
310546990642159,4294967295,169,"v_add_f32_e32 v0, v0, v2","",169
310546990642199,4294967295,169,"v_add_f32_e32 v0, v0, v2","",169
310546990642199,4294967295,169,"v_add_f32_e32 v0, v0, v2","",169
310546990642919,4294967295,169,"v_add_f32_e32 v0, v0, v2","",169
310546990642919,4294967295,169,"v_add_f32_e32 v0, v0, v2","",169
310546990642919,4294967295,169,"v_add_f32_e32 v0, v0, v2","",169
310546990642959,4294967295,169,"v_add_f32_e32 v0, v0, v2","",169
310546991633248,4294967295,171,"v_mad_co_u64_u32 v[0:1], null, s4, ttmp9, v[0:1]","",171
310546991633288,4294967295,171,"v_add_f32_e32 v0, v0, v2","",171
310546991633288,4294967295,171,"v_add_f32_e32 v0, v0, v2","",171
310546991633288,4294967295,171,"v_add_f32_e32 v0, v0, v2","",171
310546991634128,4294967295,171,"v_cmp_gt_u64_e32 vcc_lo, s[2:3], v[0:1]","",171
310546991634128,4294967295,171,"v_add_f32_e32 v0, v0, v2","",171
310546991634128,4294967295,171,"v_mad_co_u64_u32 v[0:1], null, s4, ttmp9, v[0:1]","",171
310546991634128,4294967295,171,"v_add_f32_e32 v0, v0, v2","",171
310546991634168,4294967295,171,"v_add_f32_e32 v0, v0, v2","",171
310546991634128,4294967295,171,"v_add_f32_e32 v0, v0, v2","",171
310546991634128,4294967295,171,"v_add_f32_e32 v0, v0, v2","",171
310546991634128,4294967295,171,"v_add_f32_e32 v0, v0, v2","",171
310546991634168,4294967295,171,"v_add_f32_e32 v0, v0, v2","",171
310546991634128,4294967295,171,"v_add_f32_e32 v0, v0, v2","",171
310546991634928,4294967295,171,"v_add_f32_e32 v0, v0, v2","",171
310546991634928,4294967295,171,"v_add_f32_e32 v0, v0, v2","",171
310546991634928,4294967295,171,"v_add_f32_e32 v0, v0, v2","",171
310546991634968,4294967295,171,"v_add_f32_e32 v0, v0, v2","",171
310546991634568,4294967295,171,"v_add_f32_e32 v0, v0, v2","",171
310546991634568,4294967295,171,"v_add_f32_e32 v0, v0, v2","",171
310546991634568,4294967295,171,"v_add_f32_e32 v0, v0, v2","",171
310546991635208,4294967295,171,"v_add_f32_e32 v0, v0, v2","",171
310546991635208,4294967295,171,"v_add_f32_e32 v0, v0, v2","",171
310546991635248,4294967295,171,"v_add_f32_e32 v0, v0, v2","",171
310546991635248,4294967295,171,"v_add_f32_e32 v0, v0, v2","",171
310546991635288,4294967295,171,"v_add_f32_e32 v0, v0, v2","",171
310546991635248,4294967295,171,"v_add_f32_e32 v0, v0, v2","",171
310546991635248,4294967295,171,"v_add_f32_e32 v0, v0, v2","",171
310546991635288,4294967295,171,"v_add_f32_e32 v0, v0, v2","",171
310546991635208,4294967295,171,"v_add_f32_e32 v0, v0, v2","",171
310546991635208,4294967295,171,"v_add_f32_e32 v0, v0, v2","",171
310546991635248,4294967295,171,"v_add_f32_e32 v0, v0, v2","",171
310546991635488,4294967295,171,"v_add_f32_e32 v0, v0, v2","",171
310546991635488,4294967295,171,"v_add_f32_e32 v0, v0, v2","",171
310546991635528,4294967295,171,"v_add_f32_e32 v0, v0, v2","",171
310546991635208,4294967295,171,"v_add_f32_e32 v0, v0, v2","",171
310546991635208,4294967295,171,"v_add_f32_e32 v0, v0, v2","",171
310546991635248,4294967295,171,"v_add_f32_e32 v0, v0, v2","",171
310546991635248,4294967295,171,"v_add_f32_e32 v0, v0, v2","",171
310546991636888,4294967295,171,"v_add_f32_e32 v0, v0, v2","",171
310546991636888,4294967295,171,"v_add_f32_e32 v0, v0, v2","",171
310546991636928,4294967295,171,"v_add_f32_e32 v0, v0, v2","",171
310546991636928,4294967295,171,"v_add_f32_e32 v0, v0, v2","",171
310546991636048,4294967295,171,"v_add_f32_e32 v0, v0, v2","",171
310546991636088,4294967295,171,"v_add_f32_e32 v0, v0, v2","",171
310546991636048,4294967295,171,"v_add_f32_e32 v0, v0, v2","",171
310546991636048,4294967295,171,"v_add_f32_e32 v0, v0, v2","",171
310546991638528,4294967295,171,"v_add_f32_e32 v0, v0, v2","",171
310546991638528,4294967295,171,"v_add_f32_e32 v0, v0, v2","",171
310546991638528,4294967295,171,"v_add_f32_e32 v0, v0, v2","",171
310546991638568,4294967295,171,"v_add_f32_e32 v0, v0, v2","",171
310546991638528,4294967295,171,"v_add_f32_e32 v0, v0, v2","",171
310546991638528,4294967295,171,"v_add_f32_e32 v0, v0, v2","",171
310546991638528,4294967295,171,"v_add_f32_e32 v0, v0, v2","",171
310546991638568,4294967295,171,"v_add_f32_e32 v0, v0, v2","",171
310546991638528,4294967295,171,"v_add_f32_e32 v0, v0, v2","",171
310546991638528,4294967295,171,"v_add_f32_e32 v0, v0, v2","",171
310546991638528,4294967295,171,"v_add_f32_e32 v0, v0, v2","",171
310546991638568,4294967295,171,"v_add_f32_e32 v0, v0, v2","",171
310546991638528,4294967295,171,"v_add_f32_e32 v0, v0, v2","",171
310546991638528,4294967295,171,"v_add_f32_e32 v0, v0, v2","",171
310546991638528,4294967295,171,"v_add_f32_e32 v0, v0, v2","",171
310546991638568,4294967295,171,"v_add_f32_e32 v0, v0, v2","",171
310546991638528,4294967295,171,"v_add_f32_e32 v0, v0, v2","",171
310546991638528,4294967295,171,"v_add_f32_e32 v0, v0, v2","",171
310546991638528,4294967295,171,"v_add_f32_e32 v0, v0, v2","",171
310546991638568,4294967295,171,"v_add_f32_e32 v0, v0, v2","",171
310546991638568,4294967295,171,"v_add_f32_e32 v0, v0, v2","",171
310546991638568,4294967295,171,"v_add_f32_e32 v0, v0, v2","",171
310546991638568,4294967295,171,"v_add_f32_e32 v0, v0, v2","",171
310546991638608,4294967295,171,"v_add_f32_e32 v0, v0, v2","",171
310546991640168,4294967295,171,"v_add_f32_e32 v0, v0, v2","",171
310546991640168,4294967295,171,"v_add_f32_e32 v0, v0, v2","",171
310546991640168,4294967295,171,"v_add_f32_e32 v0, v0, v2","",171
310546991640168,4294967295,171,"v_add_f32_e32 v0, v0, v2","",171
310546991639968,4294967295,171,"v_add_f32_e32 v0, v0, v2","",171
310546991639968,4294967295,171,"v_add_f32_e32 v0, v0, v2","",171
310546991639968,4294967295,171,"v_add_f32_e32 v0, v0, v2","",171
310546991639968,4294967295,171,"v_add_f32_e32 v0, v0, v2","",171
310546991639968,4294967295,171,"v_add_f32_e32 v0, v0, v2","",171
310546991639968,4294967295,171,"v_add_f32_e32 v0, v0, v2","",171
310546991640008,4294967295,171,"v_add_f32_e32 v0, v0, v2","",171
310546991641488,4294967295,171,"v_add_f32_e32 v0, v0, v2","",171
310546991641488,4294967295,171,"v_add_f32_e32 v0, v0, v2","",171
310546991641488,4294967295,171,"v_add_f32_e32 v0, v0, v2","",171
310546991641528,4294967295,171,"v_add_f32_e32 v0, v0, v2","",171
310546991641048,4294967295,171,"v_add_f32_e32 v0, v0, v2","",171
310546991641048,4294967295,171,"v_add_f32_e32 v0, v0, v2","",171
310546991641088,4294967295,171,"v_add_f32_e32 v0, v0, v2","",171
310546991641088,4294967295,171,"v_add_f32_e32 v0, v0, v2","",171
310546991640128,4294967295,171,"v_add_f32_e32 v0, v0, v2","",171
310546991640128,4294967295,171,"v_add_f32_e32 v0, v0, v2","",171
310546991640168,4294967295,171,"v_add_f32_e32 v0, v0, v2","",171
310546991640168,4294967295,171,"v_add_f32_e32 v0, v0, v2","",171
310546991641848,4294967295,171,"v_add_f32_e32 v0, v0, v2","",171
310546991641888,4294967295,171,"v_add_f32_e32 v0, v0, v2","",171
310546991641888,4294967295,171,"v_add_f32_e32 v0, v0, v2","",171
310546991641888,4294967295,171,"v_add_f32_e32 v0, v0, v2","",171
310546991641568,4294967295,171,"v_add_f32_e32 v0, v0, v2","",171
310546991641568,4294967295,171,"v_add_f32_e32 v0, v0, v2","",171
310546991643088,4294967295,171,"v_add_f32_e32 v0, v0, v2","",171
310546991643088,4294967295,171,"v_add_f32_e32 v0, v0, v2","",171
310546991643088,4294967295,171,"v_add_f32_e32 v0, v0, v2","",171
310546991643088,4294967295,171,"v_add_f32_e32 v0, v0, v2","",171
310546991641568,4294967295,171,"v_add_f32_e32 v0, v0, v2","",171
310546991641608,4294967295,171,"v_add_f32_e32 v0, v0, v2","",171
310546991643448,4294967295,171,"v_add_f32_e32 v0, v0, v2","",171
310546991643448,4294967295,171,"v_add_f32_e32 v0, v0, v2","",171
310546991643448,4294967295,171,"v_add_f32_e32 v0, v0, v2","",171
310546991643488,4294967295,171,"v_add_f32_e32 v0, v0, v2","",171
310546991643888,4294967295,171,"v_add_f32_e32 v0, v0, v2","",171
310546991643928,4294967295,171,"v_add_f32_e32 v0, v0, v2","",171
310546991643928,4294967295,171,"v_add_f32_e32 v0, v0, v2","",171
310546991643928,4294967295,171,"v_add_f32_e32 v0, v0, v2","",171
310546991643888,4294967295,171,"v_add_f32_e32 v0, v0, v2","",171
310546991643928,4294967295,171,"v_add_f32_e32 v0, v0, v2","",171
310546991643928,4294967295,171,"v_add_f32_e32 v0, v0, v2","",171
310546991645888,4294967295,171,"v_add_f32_e32 v0, v0, v2","",171
310546991645888,4294967295,171,"v_add_f32_e32 v0, v0, v2","",171
310546991645888,4294967295,171,"v_add_f32_e32 v0, v0, v2","",171
310546991645928,4294967295,171,"v_add_f32_e32 v0, v0, v2","",171
310546992636258,4294967295,173,"v_add_f32_e32 v0, v0, v2","",173
310546992636258,4294967295,173,"v_add_f32_e32 v0, v0, v2","",173
310546992636258,4294967295,173,"v_add_f32_e32 v0, v0, v2","",173
310546992636258,0,173,"s_cbranch_execz 6","",173
310546992637258,4294967295,173,"v_add_f32_e32 v0, v0, v2","",173
310546992637258,4294967295,173,"v_add_f32_e32 v0, v0, v2","",173
310546992637258,4294967295,173,"v_add_f32_e32 v0, v0, v2","",173
310546992637258,4294967295,173,"v_add_f32_e32 v0, v0, v2","",173
310546992638018,4294967295,173,"v_add_f32_e32 v0, v0, v2","",173
310546992638018,4294967295,173,"v_add_f32_e32 v0, v0, v2","",173
310546992637778,4294967295,173,"v_add_f32_e32 v0, v0, v2","",173
310546992637818,4294967295,173,"v_add_f32_e32 v0, v0, v2","",173
310546992637818,4294967295,173,"v_add_f32_e32 v0, v0, v2","",173
310546992637818,4294967295,173,"v_add_f32_e32 v0, v0, v2","",173
310546992638418,0,173,"s_cbranch_execz 6","",173
310546992638458,4294967295,173,"v_add_f32_e32 v0, v0, v2","",173
310546992638458,4294967295,173,"v_add_f32_e32 v0, v0, v2","",173
310546992638458,4294967295,173,"v_add_f32_e32 v0, v0, v2","",173
310546992639258,4294967295,173,"v_add_f32_e32 v0, v0, v2","",173
310546992639258,4294967295,173,"v_add_f32_e32 v0, v0, v2","",173
310546992639258,4294967295,173,"v_add_f32_e32 v0, v0, v2","",173
310546992639258,4294967295,173,"v_add_f32_e32 v0, v0, v2","",173
310546992639258,4294967295,173,"v_add_f32_e32 v0, v0, v2","",173
310546992639778,4294967295,173,"v_add_f32_e32 v0, v0, v2","",173
310546992639778,4294967295,173,"v_add_f32_e32 v0, v0, v2","",173
310546992639778,4294967295,173,"v_add_f32_e32 v0, v0, v2","",173
310546992639258,4294967295,173,"v_add_f32_e32 v0, v0, v2","",173
310546992641258,4294967295,173,"v_add_f32_e32 v0, v0, v2","",173
310546992641298,4294967295,173,"v_add_f32_e32 v0, v0, v2","",173
310546992641298,4294967295,173,"v_add_f32_e32 v0, v0, v2","",173
310546992639258,4294967295,173,"v_add_co_u32 v0, vcc_lo, s0, v0","",173
310546992641298,4294967295,173,"v_add_f32_e32 v0, v0, v2","",173
310546992639258,4294967295,173,"v_add_f32_e32 v0, v0, v2","",173
310546992641538,4294967295,173,"v_add_f32_e32 v0, v0, v2","",173
310546992641538,4294967295,173,"v_add_f32_e32 v0, v0, v2","",173
310546992641578,4294967295,173,"v_add_f32_e32 v0, v0, v2","",173
310546992641578,4294967295,173,"v_add_f32_e32 v0, v0, v2","",173
310546992640938,4294967295,173,"v_add_f32_e32 v0, v0, v2","",173
310546992640938,4294967295,173,"v_add_f32_e32 v0, v0, v2","",173
310546992640978,4294967295,173,"v_add_f32_e32 v0, v0, v2","",173
310546992640978,4294967295,173,"v_add_f32_e32 v0, v0, v2","",173
310546992642658,4294967295,173,"v_add_f32_e32 v0, v0, v2","",173
310546992641818,4294967295,173,"v_add_f32_e32 v0, v0, v2","",173
310546992641818,4294967295,173,"v_add_f32_e32 v0, v0, v2","",173
310546992641818,4294967295,173,"v_add_f32_e32 v0, v0, v2","",173
310546992641818,4294967295,173,"v_add_f32_e32 v0, v0, v2","",173
310546992642658,4294967295,173,"v_add_f32_e32 v0, v0, v2","",173
310546992642698,4294967295,173,"v_add_f32_e32 v0, v0, v2","",173
310546992642098,4294967295,173,"v_add_f32_e32 v0, v0, v2","",173
310546992642818,4294967295,173,"v_add_f32_e32 v0, v0, v2","",173
310546992642818,4294967295,173,"v_add_f32_e32 v0, v0, v2","",173
310546992642818,4294967295,173,"v_add_f32_e32 v0, v0, v2","",173
310546992643538,4294967295,173,"v_add_f32_e32 v0, v0, v2","",173
310546992642098,4294967295,173,"v_add_f32_e32 v0, v0, v2","",173
310546992642098,4294967295,173,"v_add_f32_e32 v0, v0, v2","",173
310546992642098,4294967295,173,"v_add_f32_e32 v0, v0, v2","",173
310546992643538,4294967295,173,"v_add_f32_e32 v0, v0, v2","",173
310546992638418,4294967295,173,"v_add_f32_e32 v0, v0, v2","",173
310546992643538,4294967295,173,"v_add_f32_e32 v0, v0, v2","",173
310546992642658,4294967295,173,"v_add_f32_e32 v0, v0, v2","",173
310546992642658,4294967295,173,"v_add_f32_e32 v0, v0, v2","",173
310546992642658,4294967295,173,"v_add_f32_e32 v0, v0, v2","",173
310546992643298,4294967295,173,"v_add_f32_e32 v0, v0, v2","",173
310546992643298,4294967295,173,"v_add_f32_e32 v0, v0, v2","",173
310546992643338,4294967295,173,"v_add_f32_e32 v0, v0, v2","",173
310546992643338,4294967295,173,"v_add_f32_e32 v0, v0, v2","",173
310546992644058,4294967295,173,"v_add_f32_e32 v0, v0, v2","",173
310546992644058,4294967295,173,"v_add_f32_e32 v0, v0, v2","",173
310546992644098,4294967295,173,"v_add_f32_e32 v0, v0, v2","",173
310546992644098,4294967295,173,"v_add_f32_e32 v0, v0, v2","",173
310546992643538,4294967295,173,"v_add_f32_e32 v0, v0, v2","",173
310546992643578,4294967295,173,"v_add_f32_e32 v0, v0, v2","",173
310546992639458,0,173,"s_cbranch_execz 6","",173
310546992643538,4294967295,173,"v_add_f32_e32 v0, v0, v2","",173
310546992643578,4294967295,173,"v_add_f32_e32 v0, v0, v2","",173
310546992643578,4294967295,173,"v_add_f32_e32 v0, v0, v2","",173
310546992639698,4294967295,173,"v_add_f32_e32 v0, v0, v2","",173
310546992644058,4294967295,173,"v_add_f32_e32 v0, v0, v2","",173
310546992643538,4294967295,173,"v_add_co_u32 v0, vcc_lo, s0, v0","",173
310546992643538,4294967295,173,"v_add_f32_e32 v0, v0, v2","",173
310546992643578,4294967295,173,"v_add_f32_e32 v0, v0, v2","",173
310546992645458,4294967295,173,"v_add_f32_e32 v0, v0, v2","",173
310546992645458,4294967295,173,"v_add_f32_e32 v0, v0, v2","",173
310546992645458,4294967295,173,"v_add_f32_e32 v0, v0, v2","",173
310546992645498,4294967295,173,"v_add_f32_e32 v0, v0, v2","",173
310546992644658,4294967295,173,"v_add_f32_e32 v0, v0, v2","",173
310546992644658,4294967295,173,"v_add_f32_e32 v0, v0, v2","",173
310546992644658,4294967295,173,"v_add_f32_e32 v0, v0, v2","",173
310546992644698,4294967295,173,"v_add_f32_e32 v0, v0, v2","",173
310546992644058,4294967295,173,"v_add_f32_e32 v0, v0, v2","",173
310546992645458,4294967295,173,"v_add_f32_e32 v0, v0, v2","",173
310546992645458,4294967295,173,"v_add_f32_e32 v0, v0, v2","",173
310546992645458,4294967295,173,"v_add_f32_e32 v0, v0, v2","",173
310546992645498,4294967295,173,"v_add_f32_e32 v0, v0, v2","",173
310546992645458,4294967295,173,"v_add_f32_e32 v0, v0, v2","",173
310546992645458,4294967295,173,"v_add_f32_e32 v0, v0, v2","",173
310546992645458,4294967295,173,"v_add_f32_e32 v0, v0, v2","",173
310546992645498,4294967295,173,"v_add_f32_e32 v0, v0, v2","",173
310546992645578,4294967295,173,"v_add_f32_e32 v0, v0, v2","",173
310546992645618,4294967295,173,"v_add_f32_e32 v0, v0, v2","",173
310546992645618,4294967295,173,"v_add_f32_e32 v0, v0, v2","",173
310546992645618,4294967295,173,"v_add_f32_e32 v0, v0, v2","",173
310546992647298,4294967295,173,"v_add_f32_e32 v0, v0, v2","",173
310546992647298,4294967295,173,"v_add_f32_e32 v0, v0, v2","",173
310546992646538,4294967295,173,"v_add_f32_e32 v0, v0, v2","",173
310546992646538,4294967295,173,"v_add_f32_e32 v0, v0, v2","",173
310546992646578,4294967295,173,"v_add_f32_e32 v0, v0, v2","",173
310546992646578,4294967295,173,"v_add_f32_e32 v0, v0, v2","",173
310546992650938,4294967295,173,"v_add_f32_e32 v0, v0, v2","",173
310546992650938,4294967295,173,"v_add_f32_e32 v0, v0, v2","",173
310546992649778,4294967295,173,"v_add_f32_e32 v0, v0, v2","",173
310546992649778,4294967295,173,"v_add_f32_e32 v0, v0, v2","",173
310546992649778,4294967295,173,"v_add_f32_e32 v0, v0, v2","",173
310546992649778,4294967295,173,"v_add_f32_e32 v0, v0, v2","",173
310546993642787,4294967295,175,"v_add_f32_e32 v0, v0, v2","",175
310546993644907,4294967295,175,"v_add_f32_e32 v0, v0, v2","",175
310546993643067,4294967295,175,"v_add_f32_e32 v0, v0, v2","",175
310546993643067,4294967295,175,"v_add_f32_e32 v0, v0, v2","",175
310546993643067,4294967295,175,"v_add_f32_e32 v0, v0, v2","",175
310546993644947,4294967295,175,"v_add_f32_e32 v0, v0, v2","",175
310546993644947,4294967295,175,"v_add_f32_e32 v0, v0, v2","",175
310546993644947,4294967295,175,"v_add_f32_e32 v0, v0, v2","",175
310546993645667,4294967295,175,"v_add_f32_e32 v0, v0, v2","",175
310546993644947,4294967295,175,"v_add_f32_e32 v0, v0, v2","",175
310546993644947,4294967295,175,"v_add_f32_e32 v0, v0, v2","",175
310546993646387,4294967295,175,"v_add_f32_e32 v0, v0, v2","",175
310546993646387,4294967295,175,"v_add_f32_e32 v0, v0, v2","",175
310546993645667,4294967295,175,"v_add_f32_e32 v0, v0, v2","",175
310546993644027,4294967295,175,"v_add_f32_e32 v0, v0, v2","",175
310546993644107,4294967295,175,"v_add_f32_e32 v0, v0, v2","",175
310546993646947,4294967295,175,"v_add_f32_e32 v0, v0, v2","",175
310546993648787,4294967295,175,"v_add_f32_e32 v0, v0, v2","",175
310546993644947,4294967295,175,"v_add_f32_e32 v0, v0, v2","",175
310546993647547,4294967295,175,"v_add_f32_e32 v0, v0, v2","",175
310546993644947,4294967295,175,"v_add_f32_e32 v0, v0, v2","",175
310546993648787,4294967295,175,"v_add_f32_e32 v0, v0, v2","",175
310546993644947,4294967295,175,"v_add_co_u32 v0, vcc_lo, s0, v0","",175
310546993646107,4294967295,175,"v_add_f32_e32 v0, v0, v2","",175
310546993648947,4294967295,175,"v_add_f32_e32 v0, v0, v2","",175
310546993648787,4294967295,175,"v_add_f32_e32 v0, v0, v2","",175
310546993648827,4294967295,175,"v_add_f32_e32 v0, v0, v2","",175
310546993649187,4294967295,175,"v_add_f32_e32 v0, v0, v2","",175
310546993647587,4294967295,175,"v_add_f32_e32 v0, v0, v2","",175
310546993649187,4294967295,175,"v_add_f32_e32 v0, v0, v2","",175
310546993649027,4294967295,175,"v_add_f32_e32 v0, v0, v2","",175
310546993648947,4294967295,175,"v_add_f32_e32 v0, v0, v2","",175
310546993650467,4294967295,175,"v_add_f32_e32 v0, v0, v2","",175
310546993646427,4294967295,175,"v_add_f32_e32 v0, v0, v2","",175
310546993650667,4294967295,175,"v_add_f32_e32 v0, v0, v2","",175
310546993646427,4294967295,175,"v_add_f32_e32 v0, v0, v2","",175
310546993651387,4294967295,175,"v_add_f32_e32 v0, v0, v2","",175
310546993651387,4294967295,175,"v_add_f32_e32 v0, v0, v2","",175
310546993651467,4294967295,175,"v_add_f32_e32 v0, v0, v2","",175
310546993650467,4294967295,175,"v_add_f32_e32 v0, v0, v2","",175
310546993650467,4294967295,175,"v_add_f32_e32 v0, v0, v2","",175
310546993651467,4294967295,175,"v_add_f32_e32 v0, v0, v2","",175
310546993646947,4294967295,175,"v_add_f32_e32 v0, v0, v2","",175
310546993646707,4294967295,175,"v_add_f32_e32 v0, v0, v2","",175
310546993650467,4294967295,175,"v_add_f32_e32 v0, v0, v2","",175
310546993646827,4294967295,175,"v_add_f32_e32 v0, v0, v2","",175
310546993651467,4294967295,175,"v_add_f32_e32 v0, v0, v2","",175
310546993652507,4294967295,175,"v_add_f32_e32 v0, v0, v2","",175
310546993652307,4294967295,175,"v_add_f32_e32 v0, v0, v2","",175
310546993652507,4294967295,175,"v_add_f32_e32 v0, v0, v2","",175
310546993650707,4294967295,175,"v_add_f32_e32 v0, v0, v2","",175
310546993651627,4294967295,175,"v_add_f32_e32 v0, v0, v2","",175
310546993651467,4294967295,175,"v_add_f32_e32 v0, v0, v2","",175
310546993649187,4294967295,175,"v_add_f32_e32 v0, v0, v2","",175
310546993649227,4294967295,175,"v_add_f32_e32 v0, v0, v2","",175
310546993648947,4294967295,175,"v_add_f32_e32 v0, v0, v2","",175
310546993648947,4294967295,175,"v_add_f32_e32 v0, v0, v2","",175
310546993647907,4294967295,175,"v_add_f32_e32 v0, v0, v2","",175
310546993650707,4294967295,175,"v_add_f32_e32 v0, v0, v2","",175
310546993650707,4294967295,175,"v_add_f32_e32 v0, v0, v2","",175
310546993648107,4294967295,175,"v_add_f32_e32 v0, v0, v2","",175
310546993652507,4294967295,175,"v_add_f32_e32 v0, v0, v2","",175
310546993651627,4294967295,175,"v_add_f32_e32 v0, v0, v2","",175
310546993651627,4294967295,175,"v_add_f32_e32 v0, v0, v2","",175
310546993651667,4294967295,175,"v_add_f32_e32 v0, v0, v2","",175
310546993654187,4294967295,175,"v_add_f32_e32 v0, v0, v2","",175
310546993654187,4294967295,175,"v_add_f32_e32 v0, v0, v2","",175
310546993654187,4294967295,175,"v_add_f32_e32 v0, v0, v2","",175
310546993648627,4294967295,175,"v_add_f32_e32 v0, v0, v2","",175
310546993649027,4294967295,175,"v_add_f32_e32 v0, v0, v2","",175
310546993654147,4294967295,175,"v_add_f32_e32 v0, v0, v2","",175
310546993648907,4294967295,175,"v_add_f32_e32 v0, v0, v2","",175
310546993654187,4294967295,175,"v_add_f32_e32 v0, v0, v2","",175
310546993652307,4294967295,175,"v_add_f32_e32 v0, v0, v2","",175
310546993651467,4294967295,175,"v_add_f32_e32 v0, v0, v2","",175
310546993651507,4294967295,175,"v_add_f32_e32 v0, v0, v2","",175
310546993654187,4294967295,175,"v_add_f32_e32 v0, v0, v2","",175
310546993654187,4294967295,175,"v_add_f32_e32 v0, v0, v2","",175
310546993655227,4294967295,175,"v_add_f32_e32 v0, v0, v2","",175
310546993652507,4294967295,175,"v_add_f32_e32 v0, v0, v2","",175
310546993649747,4294967295,175,"v_add_f32_e32 v0, v0, v2","",175
310546993652507,4294967295,175,"v_add_f32_e32 v0, v0, v2","",175
310546993652507,4294967295,175,"v_add_f32_e32 v0, v0, v2","",175
310546993652507,4294967295,175,"v_add_f32_e32 v0, v0, v2","",175
310546993650027,4294967295,175,"v_add_f32_e32 v0, v0, v2","",175
310546993654187,4294967295,175,"v_add_f32_e32 v0, v0, v2","",175
310546993654187,4294967295,175,"v_add_f32_e32 v0, v0, v2","",175
310546993655227,4294967295,175,"v_add_f32_e32 v0, v0, v2","",175
310546993652307,4294967295,175,"v_add_f32_e32 v0, v0, v2","",175
310546993652347,4294967295,175,"v_add_f32_e32 v0, v0, v2","",175
310546993655227,4294967295,175,"v_add_f32_e32 v0, v0, v2","",175
310546993654227,4294967295,175,"v_add_f32_e32 v0, v0, v2","",175
310546993654227,4294967295,175,"v_add_f32_e32 v0, v0, v2","",175
310546993655227,4294967295,175,"v_add_f32_e32 v0, v0, v2","",175
310546993655227,4294967295,175,"v_add_f32_e32 v0, v0, v2","",175
310546993655907,4294967295,175,"v_add_f32_e32 v0, v0, v2","",175
310546993655267,4294967295,175,"v_add_f32_e32 v0, v0, v2","",175
310546993655907,4294967295,175,"v_add_f32_e32 v0, v0, v2","",175
310546993655947,4294967295,175,"v_add_f32_e32 v0, v0, v2","",175
310546993656067,4294967295,175,"v_add_f32_e32 v0, v0, v2","",175
310546993655227,4294967295,175,"v_add_f32_e32 v0, v0, v2","",175
310546993656067,4294967295,175,"v_add_f32_e32 v0, v0, v2","",175
310546993655227,4294967295,175,"v_add_f32_e32 v0, v0, v2","",175
310546993656067,4294967295,175,"v_add_f32_e32 v0, v0, v2","",175
310546993656107,4294967295,175,"v_add_f32_e32 v0, v0, v2","",175
310546993656067,4294967295,175,"v_add_f32_e32 v0, v0, v2","",175
310546993656067,4294967295,175,"v_add_f32_e32 v0, v0, v2","",175
310546993656427,4294967295,175,"v_add_f32_e32 v0, v0, v2","",175
310546993656107,4294967295,175,"v_add_f32_e32 v0, v0, v2","",175
310546993656107,4294967295,175,"v_add_f32_e32 v0, v0, v2","",175
310546993656547,4294967295,175,"v_add_f32_e32 v0, v0, v2","",175
310546993656547,4294967295,175,"v_add_f32_e32 v0, v0, v2","",175
310546993656547,4294967295,175,"v_add_f32_e32 v0, v0, v2","",175
310546993656427,4294967295,175,"v_add_f32_e32 v0, v0, v2","",175
310546993656427,4294967295,175,"v_add_f32_e32 v0, v0, v2","",175
310546993656427,4294967295,175,"v_add_f32_e32 v0, v0, v2","",175
310546993656547,4294967295,175,"v_add_f32_e32 v0, v0, v2","",175
310546994686677,4294967295,177,"v_add_f32_e32 v0, v0, v2","",177
310546994686917,4294967295,177,"v_add_f32_e32 v0, v0, v2","",177
310546994686917,4294967295,177,"v_add_f32_e32 v0, v0, v2","",177
310546994686917,4294967295,177,"v_add_f32_e32 v0, v0, v2","",177
310546994686917,4294967295,177,"v_add_f32_e32 v0, v0, v2","",177
310546994687197,4294967295,177,"v_add_f32_e32 v0, v0, v2","",177
310546994687197,4294967295,177,"v_add_f32_e32 v0, v0, v2","",177
310546994687197,4294967295,177,"v_add_f32_e32 v0, v0, v2","",177
310546994688477,4294967295,177,"v_add_f32_e32 v0, v0, v2","",177
310546994687197,4294967295,177,"v_add_f32_e32 v0, v0, v2","",177
310546994688397,4294967295,177,"v_add_f32_e32 v0, v0, v2","",177
310546994688917,4294967295,177,"v_add_f32_e32 v0, v0, v2","",177
310546994688917,4294967295,177,"v_add_f32_e32 v0, v0, v2","",177
310546994688917,4294967295,177,"v_add_f32_e32 v0, v0, v2","",177
310546994688917,4294967295,177,"v_add_f32_e32 v0, v0, v2","",177
310546994690037,4294967295,177,"v_add_f32_e32 v0, v0, v2","",177
310546994690037,4294967295,177,"v_add_f32_e32 v0, v0, v2","",177
310546994690077,4294967295,177,"v_add_f32_e32 v0, v0, v2","",177
310546994690077,4294967295,177,"v_add_f32_e32 v0, v0, v2","",177
310546994691237,4294967295,177,"v_add_f32_e32 v0, v0, v2","",177
310546994689957,4294967295,177,"v_add_f32_e32 v0, v0, v2","",177
310546994687197,4294967295,177,"v_add_f32_e32 v0, v0, v2","",177
310546994691317,4294967295,177,"v_add_f32_e32 v0, v0, v2","",177
310546994691357,4294967295,177,"v_add_f32_e32 v0, v0, v2","",177
310546994691357,4294967295,177,"v_add_f32_e32 v0, v0, v2","",177
310546994691357,4294967295,177,"v_add_f32_e32 v0, v0, v2","",177
310546994689957,4294967295,177,"v_add_f32_e32 v0, v0, v2","",177
310546994689957,4294967295,177,"v_add_f32_e32 v0, v0, v2","",177
310546994687197,4294967295,177,"v_add_f32_e32 v0, v0, v2","",177
310546994689997,4294967295,177,"v_add_f32_e32 v0, v0, v2","",177
310546994693157,4294967295,177,"v_add_f32_e32 v0, v0, v2","",177
310546994688397,4294967295,177,"v_add_f32_e32 v0, v0, v2","",177
310546994688397,4294967295,177,"v_add_f32_e32 v0, v0, v2","",177
310546994688397,4294967295,177,"v_add_f32_e32 v0, v0, v2","",177
310546994690037,4294967295,177,"v_add_f32_e32 v0, v0, v2","",177
310546994690077,4294967295,177,"v_add_f32_e32 v0, v0, v2","",177
310546994690077,4294967295,177,"v_add_f32_e32 v0, v0, v2","",177
310546994693757,4294967295,177,"v_add_f32_e32 v0, v0, v2","",177
310546994692957,4294967295,177,"v_add_f32_e32 v0, v0, v2","",177
310546994692957,4294967295,177,"v_add_f32_e32 v0, v0, v2","",177
310546994692957,4294967295,177,"v_add_f32_e32 v0, v0, v2","",177
310546994692997,4294967295,177,"v_add_f32_e32 v0, v0, v2","",177
310546994693757,4294967295,177,"v_add_f32_e32 v0, v0, v2","",177
310546994693757,4294967295,177,"v_add_f32_e32 v0, v0, v2","",177
310546994688477,4294967295,177,"v_add_f32_e32 v0, v0, v2","",177
310546994688517,4294967295,177,"v_add_f32_e32 v0, v0, v2","",177
310546994693757,4294967295,177,"v_add_f32_e32 v0, v0, v2","",177
310546994693757,4294967295,177,"v_add_f32_e32 v0, v0, v2","",177
310546994693157,4294967295,177,"v_add_f32_e32 v0, v0, v2","",177
310546994693157,4294967295,177,"v_add_f32_e32 v0, v0, v2","",177
310546994693157,4294967295,177,"v_add_f32_e32 v0, v0, v2","",177
310546994691237,4294967295,177,"v_add_f32_e32 v0, v0, v2","",177
310546994693157,4294967295,177,"v_add_f32_e32 v0, v0, v2","",177
310546994693157,4294967295,177,"v_add_f32_e32 v0, v0, v2","",177
310546994693157,4294967295,177,"v_add_f32_e32 v0, v0, v2","",177
310546994693157,4294967295,177,"v_add_f32_e32 v0, v0, v2","",177
310546994693757,4294967295,177,"v_add_f32_e32 v0, v0, v2","",177
310546994694357,4294967295,177,"v_add_f32_e32 v0, v0, v2","",177
310546994694357,4294967295,177,"v_add_f32_e32 v0, v0, v2","",177
310546994694357,4294967295,177,"v_add_f32_e32 v0, v0, v2","",177
310546994694397,4294967295,177,"v_add_f32_e32 v0, v0, v2","",177
310546994693757,4294967295,177,"v_add_f32_e32 v0, v0, v2","",177
310546994693757,4294967295,177,"v_add_f32_e32 v0, v0, v2","",177
310546994688957,4294967295,177,"v_add_f32_e32 v0, v0, v2","",177
310546994691277,4294967295,177,"v_add_f32_e32 v0, v0, v2","",177
310546994689117,4294967295,177,"v_add_f32_e32 v0, v0, v2","",177
310546994689237,4294967295,177,"v_add_f32_e32 v0, v0, v2","",177
310546994689357,4294967295,177,"v_add_f32_e32 v0, v0, v2","",177
310546994695397,4294967295,177,"v_add_f32_e32 v0, v0, v2","",177
310546994695397,4294967295,177,"v_add_f32_e32 v0, v0, v2","",177
310546994695397,4294967295,177,"v_add_f32_e32 v0, v0, v2","",177
310546994695437,4294967295,177,"v_add_f32_e32 v0, v0, v2","",177
310546994689677,4294967295,177,"v_add_f32_e32 v0, v0, v2","",177
310546994695397,4294967295,177,"v_add_f32_e32 v0, v0, v2","",177
310546994691277,4294967295,177,"v_add_f32_e32 v0, v0, v2","",177
310546994695397,4294967295,177,"v_add_f32_e32 v0, v0, v2","",177
310546994695397,4294967295,177,"v_add_f32_e32 v0, v0, v2","",177
310546994695437,4294967295,177,"v_add_f32_e32 v0, v0, v2","",177
310546994695597,4294967295,177,"v_add_f32_e32 v0, v0, v2","",177
310546994695597,4294967295,177,"v_add_f32_e32 v0, v0, v2","",177
310546994695597,4294967295,177,"v_add_f32_e32 v0, v0, v2","",177
310546994695637,4294967295,177,"v_add_f32_e32 v0, v0, v2","",177
310546994695597,4294967295,177,"v_add_f32_e32 v0, v0, v2","",177
310546994695597,4294967295,177,"v_add_f32_e32 v0, v0, v2","",177
310546994695637,4294967295,177,"v_add_f32_e32 v0, v0, v2","",177
310546994695637,4294967295,177,"v_add_f32_e32 v0, v0, v2","",177
310546994695677,4294967295,177,"v_add_f32_e32 v0, v0, v2","",177
310546994695637,4294967295,177,"v_add_f32_e32 v0, v0, v2","",177
310546994695597,4294967295,177,"v_add_f32_e32 v0, v0, v2","",177
310546994695597,4294967295,177,"v_add_f32_e32 v0, v0, v2","",177
310546994695597,4294967295,177,"v_add_f32_e32 v0, v0, v2","",177
310546994695717,4294967295,177,"v_add_f32_e32 v0, v0, v2","",177
310546994695717,4294967295,177,"v_add_f32_e32 v0, v0, v2","",177
310546994695757,4294967295,177,"v_add_f32_e32 v0, v0, v2","",177
310546994695757,4294967295,177,"v_add_f32_e32 v0, v0, v2","",177
310546994695597,4294967295,177,"v_add_f32_e32 v0, v0, v2","",177
310546994695877,4294967295,177,"v_add_f32_e32 v0, v0, v1","",177
310546994695597,4294967295,177,"v_add_f32_e32 v0, v0, v2","",177
310546994695637,4294967295,177,"v_add_f32_e32 v0, v0, v2","",177
310546994695837,4294967295,177,"v_add_f32_e32 v0, v0, v2","",177
310546994695837,4294967295,177,"v_add_f32_e32 v0, v0, v2","",177
310546994695877,4294967295,177,"v_add_f32_e32 v0, v0, v2","",177
310546994695877,4294967295,177,"v_add_f32_e32 v0, v0, v2","",177
310546994695877,4294967295,177,"v_add_f32_e32 v0, v0, v2","",177
310546994695877,4294967295,177,"v_add_f32_e32 v0, v0, v2","",177
310546994695877,4294967295,177,"v_add_f32_e32 v0, v0, v2","",177
310546994693757,4294967295,177,"v_add_f32_e32 v0, v0, v2","",177
310546994695877,4294967295,177,"v_add_f32_e32 v0, v0, v2","",177
310546994695877,4294967295,177,"v_add_f32_e32 v0, v0, v2","",177
310546994695877,4294967295,177,"v_add_f32_e32 v0, v0, v2","",177
310546994697197,4294967295,177,"v_add_f32_e32 v0, v0, v2","",177
310546994697197,4294967295,177,"v_add_f32_e32 v0, v0, v2","",177
310546994697237,4294967295,177,"v_add_f32_e32 v0, v0, v2","",177
310546994697237,4294967295,177,"v_add_f32_e32 v0, v0, v2","",177
310546994693757,4294967295,177,"v_add_f32_e32 v0, v0, v2","",177
310546994693757,4294967295,177,"v_add_f32_e32 v0, v0, v2","",177
310546994695677,4294967295,177,"v_add_f32_e32 v0, v0, v2","",177
310546994695717,4294967295,177,"v_add_f32_e32 v0, v0, v2","",177
310546994695717,4294967295,177,"v_add_f32_e32 v0, v0, v2","",177
310546994698117,4294967295,177,"v_add_f32_e32 v0, v0, v2","",177
310546994698157,4294967295,177,"v_add_f32_e32 v0, v0, v2","",177
310546994698157,4294967295,177,"v_add_f32_e32 v0, v0, v2","",177
310546994698157,4294967295,177,"v_add_f32_e32 v0, v0, v2","",177
310546995683966,4294967295,179,"s_and_saveexec_b32 s2, vcc_lo","",179
310546995683966,4294967295,179,"s_and_saveexec_b32 s2, vcc_lo","",179
310546995685966,4294967295,179,"v_add_f32_e32 v0, v0, v2","",179
310546995687166,4294967295,179,"v_add_f32_e32 v0, v0, v2","",179
310546995689366,4294967295,179,"v_add_f32_e32 v0, v0, v2","",179
310546995689366,4294967295,179,"v_add_f32_e32 v0, v0, v2","",179
310546995688246,4294967295,179,"v_add_f32_e32 v0, v0, v2","",179
310546995688366,4294967295,179,"v_add_f32_e32 v0, v0, v2","",179
310546995688366,4294967295,179,"v_add_f32_e32 v0, v0, v2","",179
310546995688286,4294967295,179,"v_add_co_u32 v0, vcc_lo, s0, v0","",179
310546995688366,4294967295,179,"v_add_f32_e32 v0, v0, v2","",179
310546995689566,4294967295,179,"v_add_f32_e32 v0, v0, v2","",179
310546995689566,4294967295,179,"v_add_f32_e32 v0, v0, v2","",179
310546995689606,4294967295,179,"v_add_f32_e32 v0, v0, v2","",179
310546995689606,4294967295,179,"v_add_f32_e32 v0, v0, v2","",179
310546995688286,4294967295,179,"v_add_f32_e32 v0, v0, v2","",179
310546995691726,4294967295,179,"v_add_f32_e32 v0, v0, v2","",179
310546995690166,4294967295,179,"v_add_f32_e32 v0, v0, v2","",179
310546995690966,4294967295,179,"v_add_f32_e32 v0, v0, v2","",179
310546995691006,4294967295,179,"v_add_f32_e32 v0, v0, v2","",179
310546995692446,4294967295,179,"v_add_f32_e32 v0, v0, v2","",179
310546995692406,4294967295,179,"v_add_f32_e32 v0, v0, v2","",179
310546995691246,4294967295,179,"v_add_f32_e32 v0, v0, v2","",179
310546995692406,4294967295,179,"v_add_f32_e32 v0, v0, v2","",179
310546995691006,4294967295,179,"v_add_f32_e32 v0, v0, v2","",179
310546995692406,4294967295,179,"v_add_f32_e32 v0, v0, v2","",179
310546995691046,4294967295,179,"v_add_f32_e32 v0, v0, v2","",179
310546995692446,4294967295,179,"v_add_f32_e32 v0, v0, v2","",179
310546995692246,4294967295,179,"v_add_f32_e32 v0, v0, v2","",179
310546995692246,4294967295,179,"v_add_f32_e32 v0, v0, v2","",179
310546995692406,4294967295,179,"v_add_f32_e32 v0, v0, v2","",179
310546995692286,4294967295,179,"v_add_f32_e32 v0, v0, v2","",179
310546995692286,4294967295,179,"v_add_f32_e32 v0, v0, v2","",179
310546995692686,4294967295,179,"v_add_f32_e32 v0, v0, v2","",179
310546995691726,4294967295,179,"v_add_f32_e32 v0, v0, v2","",179
310546995692726,4294967295,179,"v_add_f32_e32 v0, v0, v2","",179
310546995692406,4294967295,179,"v_add_f32_e32 v0, v0, v2","",179
310546995691766,4294967295,179,"s_load_b128 s[0:3], s[0:1], 0x0","",179
310546995691766,4294967295,179,"v_add_f32_e32 v0, v0, v2","",179
310546995692606,4294967295,179,"v_add_f32_e32 v0, v0, v2","",179
310546995690206,4294967295,179,"v_add_f32_e32 v0, v0, v2","",179
310546995690206,4294967295,179,"v_add_f32_e32 v0, v0, v2","",179
310546995690206,4294967295,179,"v_add_f32_e32 v0, v0, v2","",179
310546995687246,4294967295,179,"v_add_f32_e32 v0, v0, v2","",179
310546995692406,4294967295,179,"v_add_f32_e32 v0, v0, v2","",179
310546995691246,4294967295,179,"v_add_f32_e32 v0, v0, v2","",179
310546995692566,4294967295,179,"v_add_f32_e32 v0, v0, v2","",179
310546995692446,4294967295,179,"v_add_f32_e32 v0, v0, v2","",179
310546995692606,4294967295,179,"v_add_f32_e32 v0, v0, v2","",179
310546995692606,4294967295,179,"v_add_f32_e32 v0, v0, v2","",179
310546995692606,4294967295,179,"v_add_f32_e32 v0, v0, v2","",179
310546995687766,4294967295,179,"v_add_f32_e32 v0, v0, v2","",179
310546995692406,4294967295,179,"v_mad_co_u64_u32 v[0:1], null, s4, ttmp9, v[0:1]","",179
310546995692406,4294967295,179,"v_add_f32_e32 v0, v0, v2","",179
310546995692726,4294967295,179,"v_add_f32_e32 v0, v0, v2","",179
310546995692606,4294967295,179,"v_add_f32_e32 v0, v0, v2","",179
310546995692406,4294967295,179,"v_add_f32_e32 v0, v0, v2","",179
310546995690966,4294967295,179,"v_add_f32_e32 v0, v0, v2","",179
310546995692686,4294967295,179,"v_add_f32_e32 v0, v0, v2","",179
310546995692726,4294967295,179,"v_add_f32_e32 v0, v0, v2","",179
310546995692446,4294967295,179,"v_add_f32_e32 v0, v0, v2","",179
310546995692446,4294967295,179,"v_add_f32_e32 v0, v0, v2","",179
310546995693606,4294967295,179,"v_add_f32_e32 v0, v0, v2","",179
310546995692766,4294967295,179,"v_add_f32_e32 v0, v0, v2","",179
310546995692846,4294967295,179,"v_add_f32_e32 v0, v0, v2","",179
310546995694406,4294967295,179,"v_add_f32_e32 v0, v0, v2","",179
310546995688806,4294967295,179,"v_add_f32_e32 v0, v0, v2","",179
310546995688886,4294967295,179,"v_add_f32_e32 v0, v0, v2","",179
310546995693606,4294967295,179,"v_add_f32_e32 v0, v0, v2","",179
310546995693606,4294967295,179,"v_add_f32_e32 v0, v0, v2","",179
310546995693646,4294967295,179,"v_add_f32_e32 v0, v0, v2","",179
310546995693646,4294967295,179,"v_add_f32_e32 v0, v0, v2","",179
310546995693606,4294967295,179,"v_add_f32_e32 v0, v0, v2","",179
310546995693606,4294967295,179,"v_add_f32_e32 v0, v0, v2","",179
310546995693606,4294967295,179,"v_add_f32_e32 v0, v0, v2","",179
310546995693606,4294967295,179,"v_add_f32_e32 v0, v0, v2","",179
310546995694406,4294967295,179,"v_add_f32_e32 v0, v0, v2","",179
310546995692406,4294967295,179,"v_add_f32_e32 v0, v0, v2","",179
310546995692446,4294967295,179,"v_add_f32_e32 v0, v0, v2","",179
310546995691006,4294967295,179,"s_cbranch_execz 28","",179
310546995689766,4294967295,179,"v_add_co_u32 v0, vcc_lo, s0, v0","",179
310546995691006,4294967295,179,"v_add_f32_e32 v0, v0, v2","",179
310546995689886,4294967295,179,"v_add_f32_e32 v0, v0, v2","",179
310546995691286,4294967295,179,"v_add_f32_e32 v0, v0, v2","",179
310546995694446,4294967295,179,"v_add_f32_e32 v0, v0, v2","",179
310546995694446,4294967295,179,"v_add_f32_e32 v0, v0, v2","",179
310546995691286,4294967295,179,"v_add_f32_e32 v0, v0, v2","",179
310546995694926,4294967295,179,"v_add_f32_e32 v0, v0, v2","",179
310546995694966,4294967295,179,"v_add_f32_e32 v0, v0, v2","",179
310546995694966,4294967295,179,"v_add_f32_e32 v0, v0, v2","",179
310546995694966,4294967295,179,"v_add_f32_e32 v0, v0, v2","",179
310546995692846,4294967295,179,"v_add_f32_e32 v0, v0, v2","",179
310546995692886,4294967295,179,"v_add_f32_e32 v0, v0, v2","",179
310546995692886,4294967295,179,"v_add_f32_e32 v0, v0, v2","",179
310546995695086,4294967295,179,"v_add_f32_e32 v0, v0, v2","",179
310546995695086,4294967295,179,"v_add_f32_e32 v0, v0, v2","",179
310546995693646,4294967295,179,"v_add_f32_e32 v0, v0, v2","",179
310546995693646,4294967295,179,"v_add_f32_e32 v0, v0, v2","",179
310546995695086,4294967295,179,"v_add_f32_e32 v0, v0, v2","",179
310546995695126,4294967295,179,"v_add_f32_e32 v0, v0, v2","",179
310546995696366,4294967295,179,"v_add_f32_e32 v0, v0, v2","",179
310546995692606,4294967295,179,"v_add_f32_e32 v0, v0, v2","",179
310546995692606,4294967295,179,"v_add_f32_e32 v0, v0, v2","",179
310546995692686,4294967295,179,"v_add_f32_e32 v0, v0, v2","",179
310546995692726,4294967295,179,"v_add_f32_e32 v0, v0, v2","",179
310546995696366,4294967295,179,"v_add_f32_e32 v0, v0, v2","",179
310546995696406,4294967295,179,"v_add_f32_e32 v0, v0, v2","",179
310546995696406,4294967295,179,"v_add_f32_e32 v0, v0, v2","",179
310546995697766,4294967295,179,"v_add_f32_e32 v0, v0, v2","",179
310546995697766,4294967295,179,"v_add_f32_e32 v0, v0, v2","",179
310546995697806,4294967295,179,"v_add_f32_e32 v0, v0, v2","",179
310546995699726,4294967295,179,"v_add_f32_e32 v0, v0, v2","",179
310546995699726,4294967295,179,"v_add_f32_e32 v0, v0, v2","",179
310546995699726,4294967295,179,"v_add_f32_e32 v0, v0, v2","",179
310546995699766,4294967295,179,"v_add_f32_e32 v0, v0, v2","",179
310546995700246,4294967295,179,"v_add_f32_e32 v0, v0, v2","",179
310546995700246,4294967295,179,"v_add_f32_e32 v0, v0, v2","",179
310546995700246,4294967295,179,"v_add_f32_e32 v0, v0, v2","",179
310546995700246,4294967295,179,"v_add_f32_e32 v0, v0, v2","",179
310546996687254,4294967295,182,"v_add_f32_e32 v0, v0, v2","",182
310546996687254,4294967295,182,"v_add_f32_e32 v0, v0, v2","",182
310546996687254,4294967295,182,"v_add_f32_e32 v0, v0, v2","",182
310546996687254,4294967295,182,"v_add_f32_e32 v0, v0, v2","",182
310546996688174,4294967295,182,"v_add_f32_e32 v0, v0, v2","",182
310546996687974,4294967295,182,"v_add_f32_e32 v0, v0, v2","",182
310546996687814,4294967295,182,"v_add_f32_e32 v0, v0, v2","",182
310546996687854,4294967295,182,"v_add_f32_e32 v0, v0, v2","",182
310546996687854,4294967295,182,"v_add_f32_e32 v0, v0, v2","",182
310546996687854,4294967295,182,"v_add_f32_e32 v0, v0, v2","",182
310546996687894,4294967295,182,"v_add_f32_e32 v0, v0, v2","",182
310546996687814,4294967295,182,"v_add_f32_e32 v0, v0, v2","",182
310546996688614,4294967295,182,"v_add_f32_e32 v0, v0, v2","",182
310546996688574,4294967295,182,"v_add_f32_e32 v0, v0, v2","",182
310546996688574,4294967295,182,"v_add_f32_e32 v0, v0, v2","",182
310546996688614,4294967295,182,"v_add_f32_e32 v0, v0, v2","",182
310546996688974,4294967295,182,"v_add_f32_e32 v0, v0, v2","",182
310546996689014,4294967295,182,"v_add_f32_e32 v0, v0, v2","",182
310546996689014,4294967295,182,"v_add_f32_e32 v0, v0, v2","",182
310546996689014,4294967295,182,"v_add_f32_e32 v0, v0, v2","",182
310546996687814,4294967295,182,"v_add_f32_e32 v0, v0, v2","",182
310546996688614,4294967295,182,"v_add_f32_e32 v0, v0, v2","",182
310546996687854,4294967295,182,"v_add_f32_e32 v0, v0, v2","",182
310546996691294,4294967295,182,"v_add_f32_e32 v0, v0, v2","",182
310546996691254,4294967295,182,"v_add_f32_e32 v0, v0, v2","",182
310546996691254,4294967295,182,"v_add_f32_e32 v0, v0, v2","",182
310546996691294,4294967295,182,"v_add_f32_e32 v0, v0, v2","",182
310546996690694,4294967295,182,"v_add_f32_e32 v0, v0, v2","",182
310546996690694,4294967295,182,"v_add_f32_e32 v0, v0, v2","",182
310546996690694,4294967295,182,"v_add_f32_e32 v0, v0, v2","",182
310546996690734,4294967295,182,"v_add_f32_e32 v0, v0, v2","",182
310546996692134,4294967295,182,"v_add_f32_e32 v0, v0, v2","",182
310546996692134,4294967295,182,"v_add_f32_e32 v0, v0, v2","",182
310546996692174,4294967295,182,"v_add_f32_e32 v0, v0, v2","",182
310546996692174,4294967295,182,"v_add_f32_e32 v0, v0, v2","",182
310546996693414,4294967295,182,"v_add_f32_e32 v0, v0, v2","",182
310546996693374,4294967295,182,"v_add_f32_e32 v0, v0, v2","",182
310546996693414,4294967295,182,"v_add_f32_e32 v0, v0, v2","",182
310546996693414,4294967295,182,"v_add_f32_e32 v0, v0, v2","",182
310546996694214,4294967295,182,"v_add_f32_e32 v0, v0, v2","",182
310546996694254,4294967295,182,"v_add_f32_e32 v0, v0, v2","",182
310546996694254,4294967295,182,"v_add_f32_e32 v0, v0, v2","",182
310546996691054,4294967295,182,"v_add_f32_e32 v0, v0, v2","",182
310546996693934,4294967295,182,"v_add_f32_e32 v0, v0, v2","",182
310546996693934,4294967295,182,"v_add_f32_e32 v0, v0, v2","",182
310546996693974,4294967295,182,"v_add_f32_e32 v0, v0, v2","",182
310546996693974,4294967295,182,"v_add_f32_e32 v0, v0, v2","",182
310546996694254,4294967295,182,"v_add_f32_e32 v0, v0, v2","",182
310546996693094,4294967295,182,"v_add_f32_e32 v0, v0, v2","",182
310546996693134,4294967295,182,"v_add_f32_e32 v0, v0, v2","",182
310546996693094,4294967295,182,"v_add_f32_e32 v0, v0, v2","",182
310546996693134,4294967295,182,"v_add_f32_e32 v0, v0, v2","",182
310546996692894,4294967295,182,"v_add_f32_e32 v0, v0, v2","",182
310546996692894,4294967295,182,"v_add_f32_e32 v0, v0, v2","",182
310546996692894,4294967295,182,"v_add_f32_e32 v0, v0, v2","",182
310546996692894,4294967295,182,"v_add_f32_e32 v0, v0, v2","",182
310546996691174,4294967295,182,"v_add_f32_e32 v0, v0, v2","",182
310546996691054,4294967295,182,"v_add_f32_e32 v0, v0, v2","",182
310546996696814,4294967295,182,"v_add_f32_e32 v0, v0, v2","",182
310546996696814,4294967295,182,"v_add_f32_e32 v0, v0, v2","",182
310546996696814,4294967295,182,"v_add_f32_e32 v0, v0, v2","",182
310546996696854,4294967295,182,"v_add_f32_e32 v0, v0, v2","",182
310546996691054,4294967295,182,"v_add_f32_e32 v0, v0, v2","",182
310546996696574,4294967295,182,"v_add_f32_e32 v0, v0, v2","",182
310546996696574,4294967295,182,"v_add_f32_e32 v0, v0, v2","",182
310546996696574,4294967295,182,"v_add_f32_e32 v0, v0, v2","",182
310546996696574,4294967295,182,"v_add_f32_e32 v0, v0, v2","",182
310546996690334,4294967295,182,"v_add_f32_e32 v0, v0, v2","",182
310546996690414,4294967295,182,"v_add_f32_e32 v0, v0, v2","",182
310546996697014,4294967295,182,"v_add_f32_e32 v0, v0, v2","",182
310546996697014,4294967295,182,"v_add_f32_e32 v0, v0, v2","",182
310546996697054,4294967295,182,"v_add_f32_e32 v0, v0, v2","",182
310546996697054,4294967295,182,"v_add_f32_e32 v0, v0, v2","",182
310546996696014,4294967295,182,"v_add_f32_e32 v0, v0, v2","",182
310546996696814,4294967295,182,"v_add_f32_e32 v0, v0, v2","",182
310546996696814,4294967295,182,"v_add_f32_e32 v0, v0, v2","",182
310546996696814,4294967295,182,"v_add_f32_e32 v0, v0, v2","",182
310546996696814,4294967295,182,"v_add_f32_e32 v0, v0, v2","",182
310546996696814,4294967295,182,"v_add_f32_e32 v0, v0, v2","",182
310546996696814,4294967295,182,"v_add_f32_e32 v0, v0, v2","",182
310546996696854,4294967295,182,"v_add_f32_e32 v0, v0, v2","",182
310546996696814,4294967295,182,"v_add_f32_e32 v0, v0, v2","",182
310546996696814,4294967295,182,"v_add_f32_e32 v0, v0, v2","",182
310546996696814,4294967295,182,"v_add_f32_e32 v0, v0, v2","",182
310546996696814,4294967295,182,"v_add_f32_e32 v0, v0, v2","",182
310546996696814,4294967295,182,"v_add_f32_e32 v0, v0, v2","",182
310546996696574,4294967295,182,"v_add_f32_e32 v0, v0, v2","",182
310546996696574,4294967295,182,"v_add_f32_e32 v0, v0, v2","",182
310546996696574,4294967295,182,"v_add_f32_e32 v0, v0, v2","",182
310546996696574,4294967295,182,"v_add_f32_e32 v0, v0, v2","",182
310546996696054,4294967295,182,"v_add_f32_e32 v0, v0, v2","",182
310546996696054,4294967295,182,"v_add_f32_e32 v0, v0, v2","",182
310546996696054,4294967295,182,"v_add_f32_e32 v0, v0, v2","",182
310546996697494,4294967295,182,"v_add_f32_e32 v0, v0, v2","",182
310546996697134,4294967295,182,"v_add_f32_e32 v0, v0, v2","",182
310546996697134,4294967295,182,"v_add_f32_e32 v0, v0, v2","",182
310546996697134,4294967295,182,"v_add_f32_e32 v0, v0, v2","",182
310546996697174,4294967295,182,"v_add_f32_e32 v0, v0, v2","",182
310546996697494,4294967295,182,"v_add_f32_e32 v0, v0, v2","",182
310546996697534,4294967295,182,"v_add_f32_e32 v0, v0, v2","",182
310546996697534,4294967295,182,"v_add_f32_e32 v0, v0, v2","",182
310546996697534,4294967295,182,"v_add_f32_e32 v0, v0, v2","",182
310546996697494,4294967295,182,"v_add_f32_e32 v0, v0, v2","",182
310546996697534,4294967295,182,"v_add_f32_e32 v0, v0, v2","",182
310546996697534,4294967295,182,"v_add_f32_e32 v0, v0, v2","",182
310546996697734,4294967295,182,"v_add_f32_e32 v0, v0, v2","",182
310546996697734,4294967295,182,"v_add_f32_e32 v0, v0, v2","",182
310546996697734,4294967295,182,"v_add_f32_e32 v0, v0, v2","",182
310546996697774,4294967295,182,"v_add_f32_e32 v0, v0, v2","",182
310546996693454,4294967295,182,"v_add_f32_e32 v0, v0, v2","",182
310546996693534,4294967295,182,"v_add_f32_e32 v0, v0, v2","",182
310546996697534,4294967295,182,"v_add_f32_e32 v0, v0, v2","",182
310546996693934,4294967295,182,"v_add_f32_e32 v0, v0, v2","",182
310546996699134,4294967295,182,"v_add_f32_e32 v0, v0, v2","",182
310546996699134,4294967295,182,"v_add_f32_e32 v0, v0, v2","",182
310546996699174,4294967295,182,"v_add_f32_e32 v0, v0, v2","",182
310546996699174,4294967295,182,"v_add_f32_e32 v0, v0, v2","",182
310546996699654,4294967295,182,"v_add_f32_e32 v0, v0, v2","",182
310546996699694,4294967295,182,"v_add_f32_e32 v0, v0, v2","",182
310546996699694,4294967295,182,"v_add_f32_e32 v0, v0, v2","",182
310546996699694,4294967295,182,"v_add_f32_e32 v0, v0, v2","",182
310546996697534,4294967295,182,"v_add_f32_e32 v0, v0, v2","",182
310546996699654,4294967295,182,"v_add_f32_e32 v0, v0, v2","",182
310546996699694,4294967295,182,"v_add_f32_e32 v0, v0, v2","",182
310546996699694,4294967295,182,"v_add_f32_e32 v0, v0, v2","",182
310546996699694,4294967295,182,"v_add_f32_e32 v0, v0, v2","",182
310546996697534,4294967295,182,"v_add_f32_e32 v0, v0, v2","",182
310546996697534,4294967295,182,"v_add_f32_e32 v0, v0, v2","",182
310546997663303,4294967295,184,"v_add_f32_e32 v0, v0, v2","",184
310546997663263,4294967295,184,"s_and_b32 exec_lo, exec_lo, vcc_lo","",184
310546997663303,4294967295,184,"v_add_f32_e32 v0, v0, v2","",184
310546997663303,4294967295,184,"v_add_f32_e32 v0, v0, v2","",184
310546997664863,4294967295,184,"v_add_f32_e32 v0, v0, v2","",184
310546997664903,4294967295,184,"v_add_f32_e32 v0, v0, v2","",184
310546997664903,4294967295,184,"v_add_f32_e32 v0, v0, v2","",184
310546997664863,4294967295,184,"v_add_f32_e32 v0, v0, v2","",184
310546997664863,0,184,"s_endpgm","",184
310546997664903,4294967295,184,"v_add_f32_e32 v0, v0, v2","",184
310546997664903,4294967295,184,"v_add_f32_e32 v0, v0, v2","",184
310546997664943,4294967295,184,"v_add_f32_e32 v0, v0, v2","",184
310546997665023,0,184,"s_cbranch_execz 6","",184
310546997664943,4294967295,184,"v_cmp_gt_u64_e32 vcc_lo, s[2:3], v[0:1]","",184
310546997665023,4294967295,184,"v_add_f32_e32 v0, v0, v2","",184
310546997665023,4294967295,184,"v_add_f32_e32 v0, v0, v2","",184
310546997665023,4294967295,184,"v_add_f32_e32 v0, v0, v2","",184
310546997666023,4294967295,184,"v_add_f32_e32 v0, v0, v2","",184
310546997664983,4294967295,184,"v_add_f32_e32 v0, v0, v2","",184
310546997664983,0,184,"s_cbranch_execz 6","",184
310546997664983,4294967295,184,"v_add_f32_e32 v0, v0, v2","",184
310546997666303,4294967295,184,"v_add_f32_e32 v0, v0, v2","",184
310546997666303,4294967295,184,"v_add_f32_e32 v0, v0, v2","",184
310546997666303,4294967295,184,"v_add_f32_e32 v0, v0, v2","",184
310546997666303,4294967295,184,"s_load_b128 s[0:3], s[0:1], 0x0","",184
310546997666303,4294967295,184,"s_load_b128 s[0:3], s[0:1], 0x0","",184
310546997666303,4294967295,184,"v_lshlrev_b64_e32 v[0:1], 4, v[0:1]","",184
310546997666343,4294967295,184,"s_load_b128 s[0:3], s[0:1], 0x0","",184
310546997667664,4294967295,184,"v_add_f32_e32 v0, v0, v2","",184
310546997667664,4294967295,184,"v_add_f32_e32 v0, v0, v2","",184
310546997667664,4294967295,184,"v_add_f32_e32 v0, v0, v2","",184
310546997667704,4294967295,184,"v_add_f32_e32 v0, v0, v2","",184
310546997665463,4294967295,184,"v_add_f32_e32 v0, v0, v2","",184
310546997665463,4294967295,184,"v_add_f32_e32 v0, v0, v2","",184
310546997665463,4294967295,184,"v_add_f32_e32 v0, v0, v2","",184
310546997665463,4294967295,184,"v_add_f32_e32 v0, v0, v2","",184
310546997667664,4294967295,184,"v_add_f32_e32 v0, v0, v2","",184
310546997666023,4294967295,184,"v_add_f32_e32 v0, v0, v2","",184
310546997666023,4294967295,184,"v_add_f32_e32 v0, v0, v2","",184
310546997666023,4294967295,184,"v_add_f32_e32 v0, v0, v2","",184
310546997667784,4294967295,184,"v_add_f32_e32 v0, v0, v2","",184
310546997667664,4294967295,184,"v_add_f32_e32 v0, v0, v2","",184
310546997667784,4294967295,184,"v_add_f32_e32 v0, v0, v2","",184
310546997667784,4294967295,184,"v_add_f32_e32 v0, v0, v2","",184
310546997667784,4294967295,184,"v_add_f32_e32 v0, v0, v2","",184
310546997667824,4294967295,184,"v_add_f32_e32 v0, v0, v2","",184
310546997667664,4294967295,184,"v_add_f32_e32 v0, v0, v2","",184
310546997667664,4294967295,184,"v_add_f32_e32 v0, v0, v2","",184
310546997667664,4294967295,184,"v_add_f32_e32 v0, v0, v2","",184
310546997667664,4294967295,184,"v_add_f32_e32 v0, v0, v2","",184
310546997667704,4294967295,184,"v_add_f32_e32 v0, v0, v2","",184
310546997667664,4294967295,184,"v_add_f32_e32 v0, v0, v2","",184
310546997667664,4294967295,184,"v_add_f32_e32 v0, v0, v2","",184
310546997667704,4294967295,184,"v_add_f32_e32 v0, v0, v2","",184
310546997668424,4294967295,184,"v_add_f32_e32 v0, v0, v2","",184
310546997668464,4294967295,184,"s_load_b128 s[0:3], s[0:1], 0x0","",184
310546997668464,4294967295,184,"v_add_f32_e32 v0, v0, v2","",184
310546997667784,4294967295,184,"v_add_f32_e32 v0, v0, v2","",184
310546997669264,4294967295,184,"v_add_f32_e32 v0, v0, v2","",184
310546997669264,4294967295,184,"v_add_f32_e32 v0, v0, v2","",184
310546997669304,4294967295,184,"v_add_f32_e32 v0, v0, v2","",184
310546997667704,4294967295,184,"v_add_f32_e32 v0, v0, v2","",184
310546997667824,4294967295,184,"v_add_f32_e32 v0, v0, v2","",184
310546997667824,4294967295,184,"v_add_f32_e32 v0, v0, v2","",184
310546997667704,4294967295,184,"v_add_f32_e32 v0, v0, v2","",184
310546997669984,4294967295,184,"v_add_f32_e32 v0, v0, v2","",184
310546997669984,4294967295,184,"v_add_f32_e32 v0, v0, v2","",184
310546997669984,4294967295,184,"v_add_f32_e32 v0, v0, v2","",184
310546997669984,4294967295,184,"v_add_f32_e32 v0, v0, v2","",184
310546997668424,4294967295,184,"v_add_f32_e32 v0, v0, v2","",184
310546997668464,4294967295,184,"v_add_f32_e32 v0, v0, v2","",184
310546997668464,4294967295,184,"v_add_f32_e32 v0, v0, v2","",184
310546997668464,4294967295,184,"v_add_f32_e32 v0, v0, v2","",184
310546997670744,4294967295,184,"v_add_f32_e32 v0, v0, v2","",184
310546997670784,4294967295,184,"v_add_f32_e32 v0, v0, v2","",184
310546997670784,4294967295,184,"v_add_f32_e32 v0, v0, v2","",184
310546997670784,4294967295,184,"v_add_f32_e32 v0, v0, v2","",184
310546997670304,4294967295,184,"v_add_f32_e32 v0, v0, v2","",184
310546997670304,4294967295,184,"v_add_f32_e32 v0, v0, v2","",184
310546997670304,4294967295,184,"v_add_f32_e32 v0, v0, v2","",184
310546997670344,4294967295,184,"v_add_f32_e32 v0, v0, v2","",184
310546997670424,4294967295,184,"v_add_f32_e32 v0, v0, v2","",184
310546997670464,4294967295,184,"v_add_f32_e32 v0, v0, v2","",184
310546997670464,4294967295,184,"v_add_f32_e32 v0, v0, v2","",184
310546997670464,4294967295,184,"v_add_f32_e32 v0, v0, v2","",184
310546997670424,4294967295,184,"v_add_f32_e32 v0, v0, v2","",184
310546997670424,4294967295,184,"v_add_f32_e32 v0, v0, v2","",184
310546997670424,4294967295,184,"v_add_f32_e32 v0, v0, v2","",184
310546997670464,4294967295,184,"v_add_f32_e32 v0, v0, v2","",184
310546997672304,4294967295,184,"v_add_f32_e32 v0, v0, v2","",184
310546997672304,4294967295,184,"v_add_f32_e32 v0, v0, v2","",184
310546997672304,4294967295,184,"v_add_f32_e32 v0, v0, v2","",184
310546997672304,4294967295,184,"v_add_f32_e32 v0, v0, v2","",184
310546997672664,4294967295,184,"v_add_f32_e32 v0, v0, v2","",184
310546997672664,4294967295,184,"v_add_f32_e32 v0, v0, v2","",184
310546997672664,4294967295,184,"v_add_f32_e32 v0, v0, v2","",184
310546997672664,4294967295,184,"v_add_f32_e32 v0, v0, v2","",184
310546997672704,4294967295,184,"v_add_f32_e32 v0, v0, v2","",184
310546997673384,4294967295,184,"v_add_f32_e32 v0, v0, v2","",184
310546997673384,4294967295,184,"v_add_f32_e32 v0, v0, v2","",184
310546997673384,4294967295,184,"v_add_f32_e32 v0, v0, v2","",184
310546997673424,4294967295,184,"v_add_f32_e32 v0, v0, v2","",184
310546997673384,4294967295,184,"v_add_f32_e32 v0, v0, v2","",184
310546997673384,4294967295,184,"v_add_f32_e32 v0, v0, v2","",184
310546997673304,4294967295,184,"v_add_f32_e32 v0, v0, v2","",184
310546997673304,4294967295,184,"v_add_f32_e32 v0, v0, v2","",184
310546997673304,4294967295,184,"v_add_f32_e32 v0, v0, v2","",184
310546997673304,4294967295,184,"v_add_f32_e32 v0, v0, v2","",184
310546997674664,4294967295,184,"v_add_f32_e32 v0, v0, v2","",184
310546997674664,4294967295,184,"v_add_f32_e32 v0, v0, v2","",184
310546997674664,4294967295,184,"v_add_f32_e32 v0, v0, v2","",184
310546997674704,4294967295,184,"v_add_f32_e32 v0, v0, v2","",184
310546998664513,4294967295,186,"v_add_f32_e32 v0, v0, v2","",186
310546998664513,4294967295,186,"v_add_f32_e32 v0, v0, v2","",186
310546998664713,4294967295,186,"v_add_f32_e32 v0, v0, v2","",186
310546998664753,4294967295,186,"v_add_f32_e32 v0, v0, v2","",186
310546998664753,4294967295,186,"v_add_f32_e32 v0, v0, v2","",186
310546998665633,4294967295,186,"v_mad_co_u64_u32 v[0:1], null, s4, ttmp9, v[0:1]","",186
310546998665633,4294967295,186,"v_mad_co_u64_u32 v[0:1], null, s4, ttmp9, v[0:1]","",186
310546998665633,4294967295,186,"v_mad_co_u64_u32 v[0:1], null, s4, ttmp9, v[0:1]","",186
310546998665673,4294967295,186,"v_mad_co_u64_u32 v[0:1], null, s4, ttmp9, v[0:1]","",186
310546998664513,4294967295,186,"v_add_f32_e32 v0, v0, v2","",186
310546998664513,4294967295,186,"v_add_f32_e32 v0, v0, v2","",186
310546998664553,4294967295,186,"v_add_f32_e32 v0, v0, v2","",186
310546998664513,4294967295,186,"v_add_f32_e32 v0, v0, v2","",186
310546998664513,4294967295,186,"s_and_b32 exec_lo, exec_lo, vcc_lo","",186
310546998664553,4294967295,186,"v_add_f32_e32 v0, v0, v2","",186
310546998666833,4294967295,186,"v_add_f32_e32 v0, v0, v2","",186
310546998666833,4294967295,186,"v_add_f32_e32 v0, v0, v2","",186
310546998666833,4294967295,186,"v_add_f32_e32 v0, v0, v2","",186
310546998667793,4294967295,186,"v_add_f32_e32 v0, v0, v2","",186
310546998668073,4294967295,186,"v_add_f32_e32 v0, v0, v2","",186
310546998668073,4294967295,186,"v_add_f32_e32 v0, v0, v2","",186
310546998668073,4294967295,186,"v_add_f32_e32 v0, v0, v2","",186
310546998668113,4294967295,186,"v_add_f32_e32 v0, v0, v2","",186
310546998667793,4294967295,186,"v_add_f32_e32 v0, v0, v2","",186
310546998667513,4294967295,186,"v_add_f32_e32 v0, v0, v2","",186
310546998667513,4294967295,186,"v_add_f32_e32 v0, v0, v2","",186
310546998667513,4294967295,186,"v_add_f32_e32 v0, v0, v2","",186
310546998667513,4294967295,186,"v_add_f32_e32 v0, v0, v2","",186
310546998667513,4294967295,186,"v_add_f32_e32 v0, v0, v2","",186
310546998668873,4294967295,186,"v_add_f32_e32 v0, v0, v2","",186
310546998667513,4294967295,186,"v_add_f32_e32 v0, v0, v2","",186
310546998667513,0,186,"s_endpgm","",186
310546998667513,4294967295,186,"v_add_f32_e32 v0, v0, v2","",186
310546998669473,4294967295,186,"v_add_f32_e32 v0, v0, v2","",186
310546998669473,4294967295,186,"v_add_f32_e32 v0, v0, v2","",186
310546998669473,4294967295,186,"v_add_f32_e32 v0, v0, v2","",186
310546998669473,4294967295,186,"v_add_f32_e32 v0, v0, v2","",186
310546998669153,4294967295,186,"v_add_f32_e32 v0, v0, v2","",186
310546998669153,4294967295,186,"v_add_f32_e32 v0, v0, v2","",186
310546998669193,4294967295,186,"v_add_f32_e32 v0, v0, v2","",186
310546998669193,4294967295,186,"v_add_f32_e32 v0, v0, v2","",186
310546998670193,4294967295,186,"v_add_f32_e32 v0, v0, v2","",186
310546998670233,4294967295,186,"v_add_f32_e32 v0, v0, v2","",186
310546998670233,4294967295,186,"v_add_f32_e32 v0, v0, v2","",186
310546998670233,4294967295,186,"v_add_f32_e32 v0, v0, v2","",186
310546998670233,4294967295,186,"v_add_f32_e32 v0, v0, v2","",186
310546998671793,4294967295,186,"v_add_f32_e32 v0, v0, v2","",186
310546998671833,4294967295,186,"v_add_f32_e32 v0, v0, v2","",186
310546998671833,4294967295,186,"v_add_f32_e32 v0, v0, v2","",186
310546998671833,4294967295,186,"v_add_f32_e32 v0, v0, v2","",186
310546998668873,4294967295,186,"v_add_f32_e32 v0, v0, v2","",186
310546998670233,4294967295,186,"v_add_f32_e32 v0, v0, v2","",186
310546998670233,4294967295,186,"v_add_f32_e32 v0, v0, v2","",186
310546998670233,4294967295,186,"v_add_f32_e32 v0, v0, v2","",186
310546998672153,4294967295,186,"v_add_f32_e32 v0, v0, v2","",186
310546998672153,4294967295,186,"v_add_f32_e32 v0, v0, v2","",186
310546998672153,4294967295,186,"v_add_f32_e32 v0, v0, v2","",186
310546998672153,4294967295,186,"v_add_f32_e32 v0, v0, v2","",186
310546998671833,4294967295,186,"v_add_f32_e32 v0, v0, v2","",186
310546998671833,4294967295,186,"v_add_f32_e32 v0, v0, v2","",186
310546998671833,4294967295,186,"v_add_f32_e32 v0, v0, v2","",186
310546998671833,4294967295,186,"v_add_f32_e32 v0, v0, v2","",186
310546998672153,4294967295,186,"v_add_f32_e32 v0, v0, v2","",186
310546998672153,4294967295,186,"v_add_f32_e32 v0, v0, v2","",186
310546998672153,4294967295,186,"v_add_f32_e32 v0, v0, v2","",186
310546998672193,4294967295,186,"v_add_f32_e32 v0, v0, v2","",186
310546998668873,4294967295,186,"v_add_f32_e32 v0, v0, v2","",186
310546998668873,4294967295,186,"v_add_f32_e32 v0, v0, v2","",186
310546998672153,4294967295,186,"v_add_f32_e32 v0, v0, v2","",186
310546998672153,4294967295,186,"v_add_f32_e32 v0, v0, v2","",186
310546998672153,4294967295,186,"v_add_f32_e32 v0, v0, v2","",186
310546998672153,4294967295,186,"v_add_f32_e32 v0, v0, v2","",186
310546998672153,4294967295,186,"v_add_f32_e32 v0, v0, v2","",186
310546998672153,4294967295,186,"v_add_f32_e32 v0, v0, v2","",186
310546998672153,4294967295,186,"v_add_f32_e32 v0, v0, v2","",186
310546998672153,4294967295,186,"v_add_f32_e32 v0, v0, v2","",186
310546998673513,4294967295,186,"v_add_f32_e32 v0, v0, v2","",186
310546998673553,4294967295,186,"v_add_f32_e32 v0, v0, v2","",186
310546998673553,4294967295,186,"v_add_f32_e32 v0, v0, v2","",186
310546998673553,4294967295,186,"v_add_f32_e32 v0, v0, v2","",186
310546998673513,4294967295,186,"v_add_f32_e32 v0, v0, v2","",186
310546998673553,4294967295,186,"v_add_f32_e32 v0, v0, v2","",186
310546998673553,4294967295,186,"v_add_f32_e32 v0, v0, v2","",186
310546998673553,4294967295,186,"v_add_f32_e32 v0, v0, v2","",186
310546998672953,4294967295,186,"v_add_f32_e32 v0, v0, v2","",186
310546998672953,4294967295,186,"v_add_f32_e32 v0, v0, v2","",186
310546998672993,4294967295,186,"v_add_f32_e32 v0, v0, v2","",186
310546998672993,4294967295,186,"v_add_f32_e32 v0, v0, v2","",186
310546998673313,4294967295,186,"v_add_f32_e32 v0, v0, v2","",186
310546998673313,4294967295,186,"v_add_f32_e32 v0, v0, v2","",186
310546998673313,4294967295,186,"v_add_f32_e32 v0, v0, v2","",186
310546998673353,4294967295,186,"v_add_f32_e32 v0, v0, v2","",186
310546998673713,4294967295,186,"v_add_f32_e32 v0, v0, v2","",186
310546998673713,4294967295,186,"v_add_f32_e32 v0, v0, v2","",186
310546998673713,4294967295,186,"v_add_f32_e32 v0, v0, v2","",186
310546998673753,4294967295,186,"v_add_f32_e32 v0, v0, v2","",186
310546998673713,4294967295,186,"v_add_f32_e32 v0, v0, v2","",186
310546998673713,4294967295,186,"v_add_f32_e32 v0, v0, v2","",186
310546998673753,4294967295,186,"v_add_f32_e32 v0, v0, v2","",186
310546998673753,4294967295,186,"v_add_f32_e32 v0, v0, v2","",186
310546998674433,4294967295,186,"v_add_f32_e32 v0, v0, v2","",186
310546998674433,4294967295,186,"v_add_f32_e32 v0, v0, v2","",186
310546998674433,4294967295,186,"v_add_f32_e32 v0, v0, v2","",186
310546998674433,4294967295,186,"v_add_f32_e32 v0, v0, v2","",186
310546998675033,4294967295,186,"s_load_b128 s[0:3], s[0:1], 0x0","",186
310546998675033,4294967295,186,"s_cbranch_execz 28","",186
310546998675033,4294967295,186,"s_cbranch_execz 28","",186
310546998675033,4294967295,186,"v_add_f32_e32 v0, v0, v2","",186
310546998675153,4294967295,186,"v_add_f32_e32 v0, v0, v2","",186
310546998675153,4294967295,186,"v_add_f32_e32 v0, v0, v2","",186
310546998675193,4294967295,186,"v_add_f32_e32 v0, v0, v2","",186
310546998675193,4294967295,186,"v_add_f32_e32 v0, v0, v2","",186
310546998676873,4294967295,186,"v_add_f32_e32 v0, v0, v2","",186
310546998676873,4294967295,186,"v_add_f32_e32 v0, v0, v2","",186
310546998676873,4294967295,186,"v_add_f32_e32 v0, v0, v2","",186
310546998676913,4294967295,186,"v_add_f32_e32 v0, v0, v2","",186
310546998676873,4294967295,186,"v_add_f32_e32 v0, v0, v2","",186
310546998676873,4294967295,186,"v_add_f32_e32 v0, v0, v2","",186
310546998676873,4294967295,186,"v_add_f32_e32 v0, v0, v2","",186
310546998676873,4294967295,186,"v_add_f32_e32 v0, v0, v2","",186
310546998677393,4294967295,186,"v_add_f32_e32 v0, v0, v2","",186
310546998677393,4294967295,186,"v_add_f32_e32 v0, v0, v2","",186
310546998677433,4294967295,186,"v_add_f32_e32 v0, v0, v2","",186
310546998677433,4294967295,186,"v_add_f32_e32 v0, v0, v2","",186
310546999675282,4294967295,188,"v_add_f32_e32 v0, v0, v2","",188
310546999675282,4294967295,188,"v_add_f32_e32 v0, v0, v2","",188
310546999675282,4294967295,188,"v_add_f32_e32 v0, v0, v2","",188
310546999676322,4294967295,188,"v_add_f32_e32 v0, v0, v2","",188
310546999675322,4294967295,188,"v_add_f32_e32 v0, v0, v2","",188
310546999676082,4294967295,188,"v_add_co_u32 v0, vcc_lo, s0, v0","",188
310546999676082,4294967295,188,"v_add_co_u32 v0, vcc_lo, s0, v0","",188
310546999676122,4294967295,188,"v_add_co_u32 v0, vcc_lo, s0, v0","",188
310546999676322,4294967295,188,"v_add_f32_e32 v0, v0, v2","",188
310546999676322,4294967295,188,"v_add_f32_e32 v0, v0, v2","",188
310546999676322,4294967295,188,"v_add_f32_e32 v0, v0, v2","",188
310546999676922,4294967295,188,"s_and_saveexec_b32 s2, vcc_lo","",188
310546999677082,4294967295,188,"v_add_f32_e32 v0, v0, v2","",188
310546999677482,4294967295,188,"v_add_f32_e32 v0, v0, v2","",188
310546999677482,4294967295,188,"v_add_f32_e32 v0, v0, v2","",188
310546999677722,4294967295,188,"v_add_f32_e32 v0, v0, v2","",188
310546999678202,4294967295,188,"v_add_f32_e32 v0, v0, v2","",188
310546999676922,4294967295,188,"s_and_saveexec_b32 s2, vcc_lo","",188
310546999676922,4294967295,188,"v_add_f32_e32 v0, v0, v2","",188
310546999679962,4294967295,188,"v_add_f32_e32 v0, v0, v2","",188
310546999677082,4294967295,188,"v_add_f32_e32 v0, v0, v2","",188
310546999677082,4294967295,188,"v_add_f32_e32 v0, v0, v2","",188
310546999677122,4294967295,188,"v_add_f32_e32 v0, v0, v2","",188
310546999680402,4294967295,188,"v_add_f32_e32 v0, v0, v2","",188
310546999679962,4294967295,188,"v_add_f32_e32 v0, v0, v2","",188
310546999679282,4294967295,188,"v_add_f32_e32 v0, v0, v2","",188
310546999678202,4294967295,188,"v_add_f32_e32 v0, v0, v2","",188
310546999677522,4294967295,188,"v_add_f32_e32 v0, v0, v2","",188
310546999677522,4294967295,188,"v_add_f32_e32 v0, v0, v2","",188
310546999678202,4294967295,188,"v_add_f32_e32 v0, v0, v2","",188
310546999678202,4294967295,188,"v_add_f32_e32 v0, v0, v2","",188
310546999677722,4294967295,188,"v_add_f32_e32 v0, v0, v2","",188
310546999680402,4294967295,188,"v_add_f32_e32 v0, v0, v2","",188
310546999681522,4294967295,188,"v_add_f32_e32 v0, v0, v2","",188
310546999681522,4294967295,188,"v_add_f32_e32 v0, v0, v2","",188
310546999681562,4294967295,188,"v_add_f32_e32 v0, v0, v2","",188
310546999680002,4294967295,188,"v_add_f32_e32 v0, v0, v2","",188
310546999682522,4294967295,188,"v_add_f32_e32 v0, v0, v2","",188
310546999680402,4294967295,188,"v_add_f32_e32 v0, v0, v2","",188
310546999680002,4294967295,188,"v_add_f32_e32 v0, v0, v2","",188
310546999681002,4294967295,188,"v_add_f32_e32 v0, v0, v2","",188
310546999682562,4294967295,188,"v_add_f32_e32 v0, v0, v2","",188
310546999682562,4294967295,188,"v_add_f32_e32 v0, v0, v2","",188
310546999682562,4294967295,188,"v_add_f32_e32 v0, v0, v2","",188
310546999682042,4294967295,188,"v_add_f32_e32 v0, v0, v2","",188
310546999682042,4294967295,188,"v_add_f32_e32 v0, v0, v2","",188
310546999682042,4294967295,188,"v_add_f32_e32 v0, v0, v2","",188
310546999682082,4294967295,188,"v_add_f32_e32 v0, v0, v2","",188
310546999682562,4294967295,188,"v_add_f32_e32 v0, v0, v2","",188
310546999682562,4294967295,188,"v_add_f32_e32 v0, v0, v2","",188
310546999682562,4294967295,188,"v_add_f32_e32 v0, v0, v2","",188
310546999683002,4294967295,188,"v_add_f32_e32 v0, v0, v2","",188
310546999683362,4294967295,188,"v_add_f32_e32 v0, v0, v2","",188
310546999682602,4294967295,188,"v_add_f32_e32 v0, v0, v2","",188
310546999683002,4294967295,188,"v_add_f32_e32 v0, v0, v2","",188
310546999683402,4294967295,188,"v_add_f32_e32 v0, v0, v2","",188
310546999683402,4294967295,188,"v_add_f32_e32 v0, v0, v2","",188
310546999682562,4294967295,188,"v_add_f32_e32 v0, v0, v2","",188
310546999683002,4294967295,188,"v_add_f32_e32 v0, v0, v2","",188
310546999682562,4294967295,188,"v_add_f32_e32 v0, v0, v2","",188
310546999682562,4294967295,188,"v_add_f32_e32 v0, v0, v2","",188
310546999682562,4294967295,188,"v_add_f32_e32 v0, v0, v2","",188
310546999684402,4294967295,188,"v_add_f32_e32 v0, v0, v2","",188
310546999679322,4294967295,188,"s_and_b32 exec_lo, exec_lo, vcc_lo","",188
310546999679322,4294967295,188,"v_add_f32_e32 v0, v0, v2","",188
310546999681002,4294967295,188,"v_add_f32_e32 v0, v0, v2","",188
310546999683002,4294967295,188,"v_add_f32_e32 v0, v0, v2","",188
310546999682562,4294967295,188,"v_add_co_u32 v0, vcc_lo, s0, v0","",188
310546999682562,4294967295,188,"v_add_f32_e32 v0, v0, v2","",188
310546999681002,4294967295,188,"v_mad_co_u64_u32 v[0:1], null, s4, ttmp9, v[0:1]","",188
310546999682562,4294967295,188,"v_add_f32_e32 v0, v0, v2","",188
310546999684402,4294967295,188,"s_wait_loadcnt 0x0","",188
310546999681002,4294967295,188,"v_add_f32_e32 v0, v0, v2","",188
310546999682602,4294967295,188,"v_add_f32_e32 v0, v0, v2","",188
310546999684282,4294967295,188,"v_add_f32_e32 v0, v0, v2","",188
310546999684402,4294967295,188,"v_add_f32_e32 v0, v0, v2","",188
310546999679362,4294967295,188,"v_add_f32_e32 v0, v0, v2","",188
310546999683362,4294967295,188,"v_add_f32_e32 v0, v0, v2","",188
310546999683362,4294967295,188,"v_add_f32_e32 v0, v0, v2","",188
310546999683362,4294967295,188,"v_add_f32_e32 v0, v0, v2","",188
310546999679642,4294967295,188,"v_add_f32_e32 v0, v0, v2","",188
310546999684402,4294967295,188,"s_wait_loadcnt 0x0","",188
310546999685242,4294967295,188,"v_add_f32_e32 v0, v0, v2","",188
310546999685282,4294967295,188,"v_add_f32_e32 v0, v0, v2","",188
310546999685282,4294967295,188,"v_add_f32_e32 v0, v0, v2","",188
310546999685282,4294967295,188,"v_add_f32_e32 v0, v0, v2","",188
310546999685202,4294967295,188,"v_add_f32_e32 v0, v0, v2","",188
310546999685242,4294967295,188,"v_add_f32_e32 v0, v0, v2","",188
310546999685242,4294967295,188,"v_add_f32_e32 v0, v0, v2","",188
310546999683002,4294967295,188,"v_add_f32_e32 v0, v0, v2","",188
310546999683042,4294967295,188,"v_add_f32_e32 v0, v0, v2","",188
310546999685202,4294967295,188,"v_add_f32_e32 v0, v0, v2","",188
310546999685202,4294967295,188,"v_add_f32_e32 v0, v0, v2","",188
310546999685242,4294967295,188,"v_add_f32_e32 v0, v0, v2","",188
310546999685242,4294967295,188,"v_add_f32_e32 v0, v0, v2","",188
310546999685242,4294967295,188,"v_add_f32_e32 v0, v0, v2","",188
310546999684282,4294967295,188,"v_add_f32_e32 v0, v0, v2","",188
310546999685602,4294967295,188,"v_add_f32_e32 v0, v0, v2","",188
310546999685602,4294967295,188,"v_add_f32_e32 v0, v0, v2","",188
310546999685602,4294967295,188,"v_add_f32_e32 v0, v0, v2","",188
310546999685642,4294967295,188,"v_add_f32_e32 v0, v0, v2","",188
310546999684282,4294967295,188,"v_add_f32_e32 v0, v0, v2","",188
310546999685602,4294967295,188,"v_add_f32_e32 v0, v0, v2","",188
310546999685602,4294967295,188,"v_add_f32_e32 v0, v0, v2","",188
310546999685602,4294967295,188,"v_add_f32_e32 v0, v0, v2","",188
310546999685642,4294967295,188,"v_add_f32_e32 v0, v0, v2","",188
310546999683002,4294967295,188,"v_add_f32_e32 v0, v0, v2","",188
310546999683042,4294967295,188,"v_add_f32_e32 v0, v0, v2","",188
310546999685242,4294967295,188,"v_add_f32_e32 v0, v0, v2","",188
310546999686322,4294967295,188,"v_add_f32_e32 v0, v0, v2","",188
310546999686362,4294967295,188,"v_add_f32_e32 v0, v0, v2","",188
310546999686362,4294967295,188,"v_add_f32_e32 v0, v0, v2","",188
310546999686362,4294967295,188,"v_add_f32_e32 v0, v0, v2","",188
310546999685242,4294967295,188,"v_add_f32_e32 v0, v0, v2","",188
310546999685242,4294967295,188,"v_add_f32_e32 v0, v0, v2","",188
310546999687442,4294967295,188,"v_add_f32_e32 v0, v0, v2","",188
310546999687482,4294967295,188,"v_add_f32_e32 v0, v0, v2","",188
310546999687482,4294967295,188,"v_add_f32_e32 v0, v0, v2","",188
310546999687482,4294967295,188,"v_add_f32_e32 v0, v0, v2","",188
310547000676052,4294967295,190,"s_cbranch_execz 28","",190
310547000676012,4294967295,190,"s_cbranch_execz 28","",190
310547000678252,0,190,"s_endpgm","",190
310547000676052,4294967295,190,"s_cbranch_execz 28","",190
310547000676052,4294967295,190,"s_cbranch_execz 28","",190
310547000676692,0,190,"s_endpgm","",190
310547000677052,0,190,"s_cbranch_execz 6","",190
310547000677532,4294967295,190,"v_add_f32_e32 v0, v0, v2","",190
310547000677532,0,190,"s_cbranch_execz 6","",190
310547000677532,4294967295,190,"v_add_f32_e32 v0, v0, v2","",190
310547000677532,4294967295,190,"v_add_f32_e32 v0, v0, v2","",190
310547000678732,4294967295,190,"v_add_f32_e32 v0, v0, v2","",190
310547000678732,4294967295,190,"v_add_f32_e32 v0, v0, v2","",190
310547000678732,4294967295,190,"v_add_f32_e32 v0, v0, v2","",190
310547000678772,4294967295,190,"v_add_f32_e32 v0, v0, v2","",190
310547000679252,4294967295,190,"v_add_f32_e32 v0, v0, v2","",190
310547000679292,4294967295,190,"v_add_f32_e32 v0, v0, v2","",190
310547000679292,4294967295,190,"v_add_f32_e32 v0, v0, v2","",190
310547000680212,4294967295,190,"v_add_f32_e32 v0, v0, v2","",190
310547000680212,4294967295,190,"v_add_f32_e32 v0, v0, v2","",190
310547000681532,4294967295,190,"v_add_f32_e32 v0, v0, v2","",190
310547000681452,4294967295,190,"v_add_f32_e32 v0, v0, v2","",190
310547000681452,4294967295,190,"v_add_f32_e32 v0, v0, v2","",190
310547000681452,4294967295,190,"v_add_f32_e32 v0, v0, v2","",190
310547000681492,4294967295,190,"v_add_f32_e32 v0, v0, v2","",190
310547000680212,4294967295,190,"v_add_f32_e32 v0, v0, v2","",190
310547000683332,4294967295,190,"v_add_f32_e32 v0, v0, v2","",190
310547000680212,4294967295,190,"v_add_f32_e32 v0, v0, v2","",190
310547000683332,4294967295,190,"v_add_f32_e32 v0, v0, v2","",190
310547000683372,4294967295,190,"v_add_f32_e32 v0, v0, v2","",190
310547000683372,4294967295,190,"v_add_f32_e32 v0, v0, v2","",190
310547000683332,4294967295,190,"v_add_f32_e32 v0, v0, v2","",190
310547000683332,4294967295,190,"v_add_f32_e32 v0, v0, v2","",190
310547000683132,4294967295,190,"v_add_f32_e32 v0, v0, v2","",190
310547000683132,4294967295,190,"v_add_f32_e32 v0, v0, v2","",190
310547000683172,4294967295,190,"v_add_f32_e32 v0, v0, v2","",190
310547000683172,4294967295,190,"v_add_f32_e32 v0, v0, v2","",190
310547000683372,4294967295,190,"v_add_f32_e32 v0, v0, v2","",190
310547000683372,4294967295,190,"v_add_f32_e32 v0, v0, v2","",190
310547000684612,4294967295,190,"v_add_f32_e32 v0, v0, v2","",190
310547000684612,4294967295,190,"v_add_f32_e32 v0, v0, v2","",190
310547000684612,4294967295,190,"v_add_f32_e32 v0, v0, v2","",190
310547000684652,4294967295,190,"v_add_f32_e32 v0, v0, v2","",190
310547000683372,4294967295,190,"v_add_f32_e32 v0, v0, v2","",190
310547000684772,4294967295,190,"v_add_f32_e32 v0, v0, v2","",190
310547000683612,4294967295,190,"v_add_f32_e32 v0, v0, v2","",190
310547000683612,4294967295,190,"v_add_f32_e32 v0, v0, v2","",190
310547000683652,4294967295,190,"v_add_f32_e32 v0, v0, v2","",190
310547000683652,4294967295,190,"v_add_f32_e32 v0, v0, v2","",190
310547000684772,4294967295,190,"v_add_f32_e32 v0, v0, v2","",190
310547000684812,4294967295,190,"v_add_f32_e32 v0, v0, v2","",190
310547000684812,4294967295,190,"v_add_f32_e32 v0, v0, v2","",190
310547000681532,4294967295,190,"v_add_f32_e32 v0, v0, v2","",190
310547000681572,4294967295,190,"v_add_f32_e32 v0, v0, v2","",190
310547000681572,4294967295,190,"v_add_f32_e32 v0, v0, v2","",190
310547000684772,4294967295,190,"v_add_f32_e32 v0, v0, v2","",190
310547000684772,4294967295,190,"v_add_f32_e32 v0, v0, v2","",190
310547000684812,4294967295,190,"v_add_f32_e32 v0, v0, v2","",190
310547000684812,4294967295,190,"v_add_f32_e32 v0, v0, v2","",190
310547000683372,4294967295,190,"v_add_f32_e32 v0, v0, v2","",190
310547000683372,4294967295,190,"v_add_f32_e32 v0, v0, v2","",190
310547000683332,4294967295,190,"v_add_f32_e32 v0, v0, v2","",190
310547000683372,4294967295,190,"v_add_f32_e32 v0, v0, v2","",190
310547000684772,4294967295,190,"v_add_f32_e32 v0, v0, v2","",190
310547000684772,4294967295,190,"v_add_f32_e32 v0, v0, v2","",190
310547000684812,4294967295,190,"v_add_f32_e32 v0, v0, v2","",190
310547000684812,4294967295,190,"v_add_f32_e32 v0, v0, v2","",190
310547000683372,4294967295,190,"v_add_f32_e32 v0, v0, v2","",190
310547000684772,4294967295,190,"v_add_f32_e32 v0, v0, v2","",190
310547000684812,4294967295,190,"v_add_f32_e32 v0, v0, v2","",190
310547000684772,4294967295,190,"v_add_f32_e32 v0, v0, v2","",190
310547000684772,4294967295,190,"v_add_f32_e32 v0, v0, v2","",190
310547000684812,4294967295,190,"v_add_f32_e32 v0, v0, v2","",190
310547000684812,4294967295,190,"v_add_f32_e32 v0, v0, v2","",190
310547000684812,4294967295,190,"v_add_f32_e32 v0, v0, v2","",190
310547000684772,4294967295,190,"v_add_f32_e32 v0, v0, v2","",190
310547000684772,4294967295,190,"v_add_f32_e32 v0, v0, v2","",190
310547000680292,4294967295,190,"v_add_f32_e32 v0, v0, v2","",190
310547000684772,4294967295,190,"v_add_f32_e32 v0, v0, v2","",190
310547000685172,4294967295,190,"v_add_f32_e32 v0, v0, v2","",190
310547000680452,4294967295,190,"v_add_f32_e32 v0, v0, v2","",190
310547000685172,4294967295,190,"v_add_f32_e32 v0, v0, v2","",190
310547000685172,4294967295,190,"v_add_f32_e32 v0, v0, v2","",190
310547000685212,4294967295,190,"v_add_f32_e32 v0, v0, v2","",190
310547000685212,4294967295,190,"v_add_f32_e32 v0, v0, v2","",190
310547000685332,4294967295,190,"v_add_f32_e32 v0, v0, v2","",190
310547000685172,4294967295,190,"v_add_f32_e32 v0, v0, v2","",190
310547000685212,4294967295,190,"v_add_f32_e32 v0, v0, v2","",190
310547000685212,4294967295,190,"v_add_f32_e32 v0, v0, v2","",190
310547000685212,4294967295,190,"v_add_f32_e32 v0, v0, v2","",190
310547000685012,4294967295,190,"v_add_f32_e32 v0, v0, v2","",190
310547000685012,4294967295,190,"v_add_f32_e32 v0, v0, v2","",190
310547000685012,4294967295,190,"v_add_f32_e32 v0, v0, v2","",190
310547000685012,4294967295,190,"v_add_f32_e32 v0, v0, v2","",190
310547000684772,4294967295,190,"v_add_f32_e32 v0, v0, v2","",190
310547000684772,4294967295,190,"v_add_f32_e32 v0, v0, v2","",190
310547000684812,4294967295,190,"v_add_f32_e32 v0, v0, v2","",190
310547000685332,4294967295,190,"v_add_f32_e32 v0, v0, v2","",190
310547000685332,4294967295,190,"v_add_f32_e32 v0, v0, v2","",190
310547000685332,4294967295,190,"v_add_f32_e32 v0, v0, v2","",190
310547000685332,4294967295,190,"v_add_f32_e32 v0, v0, v2","",190
310547000685332,4294967295,190,"v_add_f32_e32 v0, v0, v2","",190
310547000685372,4294967295,190,"v_add_f32_e32 v0, v0, v2","",190
310547000685172,4294967295,190,"v_cmp_gt_u64_e32 vcc_lo, s[2:3], v[0:1]","",190
310547000685212,4294967295,190,"v_add_f32_e32 v0, v0, v2","",190
310547000685372,4294967295,190,"v_add_f32_e32 v0, v0, v2","",190
310547000686972,4294967295,190,"v_add_f32_e32 v0, v0, v2","",190
310547000686972,4294967295,190,"v_add_f32_e32 v0, v0, v2","",190
310547000687012,4294967295,190,"v_add_f32_e32 v0, v0, v2","",190
310547000687012,4294967295,190,"v_add_f32_e32 v0, v0, v2","",190
310547000685212,4294967295,190,"v_add_f32_e32 v0, v0, v2","",190
310547000684812,4294967295,190,"v_add_f32_e32 v0, v0, v2","",190
310547000684812,4294967295,190,"v_add_f32_e32 v0, v0, v2","",190
310547000688892,4294967295,190,"v_add_f32_e32 v0, v0, v2","",190
310547000688892,4294967295,190,"v_add_f32_e32 v0, v0, v2","",190
310547000688892,4294967295,190,"v_add_f32_e32 v0, v0, v2","",190
310547000688932,4294967295,190,"v_add_f32_e32 v0, v0, v2","",190
310547001677701,4294967295,192,"v_add_f32_e32 v0, v0, v2","",192
310547001677701,4294967295,192,"v_add_f32_e32 v0, v0, v2","",192
310547001677701,4294967295,192,"v_add_f32_e32 v0, v0, v2","",192
310547001679141,4294967295,192,"v_add_f32_e32 v0, v0, v2","",192
310547001679141,4294967295,192,"v_add_f32_e32 v0, v0, v2","",192
310547001679181,4294967295,192,"v_add_f32_e32 v0, v0, v2","",192
310547001679141,4294967295,192,"v_add_f32_e32 v0, v0, v2","",192
310547001679181,4294967295,192,"v_add_f32_e32 v0, v0, v2","",192
310547001679301,4294967295,192,"v_add_f32_e32 v0, v0, v2","",192
310547001679301,4294967295,192,"v_add_f32_e32 v0, v0, v2","",192
310547001680421,4294967295,192,"v_add_f32_e32 v0, v0, v2","",192
310547001680421,4294967295,192,"v_add_f32_e32 v0, v0, v2","",192
310547001680461,4294967295,192,"v_add_f32_e32 v0, v0, v2","",192
310547001680461,4294967295,192,"v_add_f32_e32 v0, v0, v2","",192
310547001679301,4294967295,192,"v_add_f32_e32 v0, v0, v2","",192
310547001682101,4294967295,192,"v_add_f32_e32 v0, v0, v2","",192
310547001682101,4294967295,192,"v_add_f32_e32 v0, v0, v2","",192
310547001682101,4294967295,192,"v_add_f32_e32 v0, v0, v2","",192
310547001682141,4294967295,192,"v_add_f32_e32 v0, v0, v2","",192
310547001682101,4294967295,192,"v_add_f32_e32 v0, v0, v2","",192
310547001682981,4294967295,192,"v_add_f32_e32 v0, v0, v2","",192
310547001679341,4294967295,192,"v_add_f32_e32 v0, v0, v2","",192
310547001679341,4294967295,192,"v_add_f32_e32 v0, v0, v2","",192
310547001682501,4294967295,192,"v_add_f32_e32 v0, v0, v2","",192
310547001682501,4294967295,192,"v_add_f32_e32 v0, v0, v2","",192
310547001682501,4294967295,192,"v_add_f32_e32 v0, v0, v2","",192
310547001682501,4294967295,192,"v_add_f32_e32 v0, v0, v2","",192
310547001679141,4294967295,192,"v_add_f32_e32 v0, v0, v2","",192
310547001679141,4294967295,192,"v_add_f32_e32 v0, v0, v2","",192
310547001682501,4294967295,192,"v_add_f32_e32 v0, v0, v2","",192
310547001679181,4294967295,192,"v_add_f32_e32 v0, v0, v2","",192
310547001682501,4294967295,192,"v_add_f32_e32 v0, v0, v2","",192
310547001682501,4294967295,192,"v_add_f32_e32 v0, v0, v2","",192
310547001682741,4294967295,192,"v_add_f32_e32 v0, v0, v2","",192
310547001682741,4294967295,192,"v_add_f32_e32 v0, v0, v2","",192
310547001682781,4294967295,192,"v_add_f32_e32 v0, v0, v2","",192
310547001682781,4294967295,192,"v_add_f32_e32 v0, v0, v2","",192
310547001682981,4294967295,192,"v_add_f32_e32 v0, v0, v2","",192
310547001683021,4294967295,192,"v_add_f32_e32 v0, v0, v2","",192
310547001682981,4294967295,192,"v_add_f32_e32 v0, v0, v2","",192
310547001682981,4294967295,192,"v_add_f32_e32 v0, v0, v2","",192
310547001682501,4294967295,192,"v_add_f32_e32 v0, v0, v2","",192
310547001682501,4294967295,192,"v_add_f32_e32 v0, v0, v2","",192
310547001682501,4294967295,192,"v_mad_co_u64_u32 v[0:1], null, s4, ttmp9, v[0:1]","",192
310547001682541,4294967295,192,"v_add_f32_e32 v0, v0, v2","",192
310547001683021,4294967295,192,"v_add_f32_e32 v0, v0, v2","",192
310547001683021,4294967295,192,"v_add_f32_e32 v0, v0, v2","",192
310547001683301,4294967295,192,"v_add_f32_e32 v0, v0, v2","",192
310547001683301,4294967295,192,"v_add_f32_e32 v0, v0, v2","",192
310547001683021,4294967295,192,"v_add_f32_e32 v0, v0, v2","",192
310547001683021,4294967295,192,"v_add_f32_e32 v0, v0, v2","",192
310547001683021,4294967295,192,"v_add_f32_e32 v0, v0, v2","",192
310547001682981,4294967295,192,"v_add_f32_e32 v0, v0, v2","",192
310547001683021,4294967295,192,"v_add_f32_e32 v0, v0, v2","",192
310547001683021,4294967295,192,"v_add_f32_e32 v0, v0, v2","",192
310547001683021,4294967295,192,"v_add_f32_e32 v0, v0, v2","",192
310547001683341,4294967295,192,"v_add_f32_e32 v0, v0, v2","",192
310547001683301,4294967295,192,"v_add_f32_e32 v0, v0, v2","",192
310547001683301,4294967295,192,"v_add_f32_e32 v0, v0, v2","",192
310547001683341,4294967295,192,"v_add_f32_e32 v0, v0, v2","",192
310547001683021,4294967295,192,"v_add_f32_e32 v0, v0, v2","",192
310547001683661,4294967295,192,"v_add_f32_e32 v0, v0, v2","",192
310547001683661,4294967295,192,"v_add_f32_e32 v0, v0, v2","",192
310547001683661,4294967295,192,"v_add_f32_e32 v0, v0, v2","",192
310547001683021,4294967295,192,"v_add_f32_e32 v0, v0, v2","",192
310547001683021,4294967295,192,"v_add_f32_e32 v0, v0, v2","",192
310547001683021,4294967295,192,"v_add_f32_e32 v0, v0, v2","",192
310547001683661,4294967295,192,"v_add_f32_e32 v0, v0, v2","",192
310547001683061,4294967295,192,"v_add_f32_e32 v0, v0, v2","",192
310547001682501,4294967295,192,"v_add_f32_e32 v0, v0, v2","",192
310547001682501,4294967295,192,"v_add_f32_e32 v0, v0, v2","",192
310547001683661,4294967295,192,"v_add_f32_e32 v0, v0, v2","",192
310547001682541,4294967295,192,"v_add_f32_e32 v0, v0, v2","",192
310547001683701,4294967295,192,"v_add_f32_e32 v0, v0, v2","",192
310547001683701,4294967295,192,"v_add_f32_e32 v0, v0, v2","",192
310547001683021,4294967295,192,"v_add_f32_e32 v0, v0, v2","",192
310547001683061,4294967295,192,"v_add_f32_e32 v0, v0, v2","",192
310547001683701,4294967295,192,"v_add_f32_e32 v0, v0, v2","",192
310547001683061,4294967295,192,"v_add_f32_e32 v0, v0, v2","",192
310547001683981,4294967295,192,"v_add_f32_e32 v0, v0, v2","",192
310547001684021,4294967295,192,"v_add_f32_e32 v0, v0, v2","",192
310547001684021,4294967295,192,"v_add_f32_e32 v0, v0, v2","",192
310547001684021,4294967295,192,"v_add_f32_e32 v0, v0, v2","",192
310547001679901,4294967295,192,"v_add_f32_e32 v0, v0, v2","",192
310547001679941,4294967295,192,"v_add_f32_e32 v0, v0, v2","",192
310547001680021,4294967295,192,"v_add_f32_e32 v0, v0, v2","",192
310547001684061,4294967295,192,"v_add_f32_e32 v0, v0, v2","",192
310547001684061,4294967295,192,"v_add_f32_e32 v0, v0, v2","",192
310547001684061,4294967295,192,"v_add_f32_e32 v0, v0, v2","",192
310547001684101,4294967295,192,"v_add_f32_e32 v0, v0, v2","",192
310547001683021,0,192,"s_endpgm","",192
310547001683021,4294967295,192,"v_add_f32_e32 v0, v0, v2","",192
310547001684221,4294967295,192,"v_add_f32_e32 v0, v0, v2","",192
310547001684261,0,192,"s_endpgm","",192
310547001684261,4294967295,192,"v_add_f32_e32 v0, v0, v2","",192
310547001684261,4294967295,192,"v_add_f32_e32 v0, v0, v2","",192
310547001683021,4294967295,192,"v_add_f32_e32 v0, v0, v2","",192
310547001683021,4294967295,192,"v_add_f32_e32 v0, v0, v2","",192
310547001684741,4294967295,192,"v_add_f32_e32 v0, v0, v2","",192
310547001684781,4294967295,192,"v_add_f32_e32 v0, v0, v2","",192
310547001684781,4294967295,192,"v_add_f32_e32 v0, v0, v2","",192
310547001685301,4294967295,192,"v_add_f32_e32 v0, v0, v2","",192
310547001685301,4294967295,192,"v_add_f32_e32 v0, v0, v2","",192
310547001685301,4294967295,192,"v_add_f32_e32 v0, v0, v2","",192
310547001685301,4294967295,192,"v_add_f32_e32 v0, v0, v2","",192
310547001684781,4294967295,192,"v_add_f32_e32 v0, v0, v2","",192
310547001685901,4294967295,192,"v_add_f32_e32 v0, v0, v2","",192
310547001686261,4294967295,192,"v_add_f32_e32 v0, v0, v2","",192
310547001686301,4294967295,192,"v_add_f32_e32 v0, v0, v2","",192
310547001685901,4294967295,192,"v_add_f32_e32 v0, v0, v2","",192
310547001685901,4294967295,192,"v_add_f32_e32 v0, v0, v2","",192
310547001685901,4294967295,192,"v_add_f32_e32 v0, v0, v2","",192
310547001682141,4294967295,192,"v_add_f32_e32 v0, v0, v2","",192
310547001682221,4294967295,192,"v_add_f32_e32 v0, v0, v2","",192
310547001682341,4294967295,192,"v_add_f32_e32 v0, v0, v2","",192
310547001686661,4294967295,192,"v_add_f32_e32 v0, v0, v2","",192
310547001686661,4294967295,192,"v_add_f32_e32 v0, v0, v2","",192
310547001686661,4294967295,192,"v_add_f32_e32 v0, v0, v2","",192
310547001686661,4294967295,192,"v_add_f32_e32 v0, v0, v2","",192
310547002698110,4294967295,194,"v_add_f32_e32 v0, v0, v2","",194
310547002698110,4294967295,194,"v_add_f32_e32 v0, v0, v2","",194
310547002698110,4294967295,194,"v_add_f32_e32 v0, v0, v2","",194
310547002699390,4294967295,194,"v_add_f32_e32 v0, v0, v2","",194
310547002699350,4294967295,194,"v_add_f32_e32 v0, v0, v2","",194
310547002699390,4294967295,194,"v_add_f32_e32 v0, v0, v2","",194
310547002699390,4294967295,194,"v_add_f32_e32 v0, v0, v2","",194
310547002699390,4294967295,194,"v_add_f32_e32 v0, v0, v2","",194
310547002700190,4294967295,194,"v_add_f32_e32 v0, v0, v2","",194
310547002700190,4294967295,194,"v_add_f32_e32 v0, v0, v2","",194
310547002699390,4294967295,194,"v_add_f32_e32 v0, v0, v2","",194
310547002700550,4294967295,194,"v_add_f32_e32 v0, v0, v2","",194
310547002700550,4294967295,194,"v_add_f32_e32 v0, v0, v2","",194
310547002700550,4294967295,194,"v_add_f32_e32 v0, v0, v2","",194
310547002701271,4294967295,194,"v_add_f32_e32 v0, v0, v2","",194
310547002701271,4294967295,194,"v_add_f32_e32 v0, v0, v2","",194
310547002701271,4294967295,194,"v_add_f32_e32 v0, v0, v2","",194
310547002701271,4294967295,194,"v_add_f32_e32 v0, v0, v2","",194
310547002701551,4294967295,194,"v_add_f32_e32 v0, v0, v2","",194
310547002701631,4294967295,194,"v_add_f32_e32 v0, v0, v2","",194
310547002701631,4294967295,194,"v_add_f32_e32 v0, v0, v2","",194
310547002701631,4294967295,194,"v_add_f32_e32 v0, v0, v2","",194
310547002701671,4294967295,194,"v_add_f32_e32 v0, v0, v2","",194
310547002702311,4294967295,194,"v_add_f32_e32 v0, v0, v2","",194
310547002699390,4294967295,194,"v_add_f32_e32 v0, v0, v2","",194
310547002702551,4294967295,194,"v_add_f32_e32 v0, v0, v2","",194
310547002702551,4294967295,194,"v_add_f32_e32 v0, v0, v2","",194
310547002699390,4294967295,194,"v_add_f32_e32 v0, v0, v2","",194
310547002703111,4294967295,194,"v_add_f32_e32 v0, v0, v2","",194
310547002703111,4294967295,194,"v_add_f32_e32 v0, v0, v2","",194
310547002703111,4294967295,194,"v_add_f32_e32 v0, v0, v2","",194
310547002703111,4294967295,194,"v_add_f32_e32 v0, v0, v2","",194
310547002703671,4294967295,194,"v_add_f32_e32 v0, v0, v2","",194
310547002703671,4294967295,194,"v_add_f32_e32 v0, v0, v2","",194
310547002703671,4294967295,194,"v_add_f32_e32 v0, v0, v2","",194
310547002702311,4294967295,194,"v_add_f32_e32 v0, v0, v2","",194
310547002702351,4294967295,194,"v_add_f32_e32 v0, v0, v2","",194
310547002702351,4294967295,194,"v_add_f32_e32 v0, v0, v2","",194
310547002703671,4294967295,194,"v_add_f32_e32 v0, v0, v2","",194
310547002703671,4294967295,194,"v_add_f32_e32 v0, v0, v2","",194
310547002703671,4294967295,194,"v_add_f32_e32 v0, v0, v2","",194
310547002703671,4294967295,194,"v_add_f32_e32 v0, v0, v2","",194
310547002703671,4294967295,194,"v_add_f32_e32 v0, v0, v2","",194
310547002703671,4294967295,194,"v_add_f32_e32 v0, v0, v2","",194
310547002703671,4294967295,194,"v_add_f32_e32 v0, v0, v2","",194
310547002703671,4294967295,194,"v_add_f32_e32 v0, v0, v2","",194
310547002703671,4294967295,194,"v_add_f32_e32 v0, v0, v2","",194
310547002703671,4294967295,194,"v_add_f32_e32 v0, v0, v2","",194
310547002703671,4294967295,194,"v_add_f32_e32 v0, v0, v2","",194
310547002703671,4294967295,194,"v_add_f32_e32 v0, v0, v2","",194
310547002703711,4294967295,194,"v_add_f32_e32 v0, v0, v2","",194
310547002703671,4294967295,194,"v_add_f32_e32 v0, v0, v2","",194
310547002703671,4294967295,194,"v_add_f32_e32 v0, v0, v2","",194
310547002703711,4294967295,194,"v_add_f32_e32 v0, v0, v2","",194
310547002704311,4294967295,194,"v_add_f32_e32 v0, v0, v2","",194
310547002701551,4294967295,194,"v_add_f32_e32 v0, v0, v2","",194
310547002701551,4294967295,194,"v_add_f32_e32 v0, v0, v2","",194
310547002701551,4294967295,194,"v_add_f32_e32 v0, v0, v2","",194
310547002704551,4294967295,194,"v_add_f32_e32 v0, v0, v2","",194
310547002704591,4294967295,194,"v_add_f32_e32 v0, v0, v2","",194
310547002704551,4294967295,194,"v_add_f32_e32 v0, v0, v2","",194
310547002704591,4294967295,194,"v_add_f32_e32 v0, v0, v2","",194
310547002705111,4294967295,194,"v_add_f32_e32 v0, v0, v2","",194
310547002705151,4294967295,194,"v_add_f32_e32 v0, v0, v2","",194
310547002705151,4294967295,194,"v_add_f32_e32 v0, v0, v2","",194
310547002705151,4294967295,194,"v_add_f32_e32 v0, v0, v2","",194
310547002704591,4294967295,194,"v_add_f32_e32 v0, v0, v2","",194
310547002704591,4294967295,194,"v_add_f32_e32 v0, v0, v2","",194
310547002704591,4294967295,194,"v_add_f32_e32 v0, v0, v2","",194
310547002704591,4294967295,194,"v_add_f32_e32 v0, v0, v2","",194
310547002704551,4294967295,194,"v_add_f32_e32 v0, v0, v2","",194
310547002704551,4294967295,194,"v_add_f32_e32 v0, v0, v2","",194
310547002704631,4294967295,194,"v_add_f32_e32 v0, v0, v2","",194
310547002704631,4294967295,194,"v_add_f32_e32 v0, v0, v2","",194
310547002704591,4294967295,194,"v_add_f32_e32 v0, v0, v2","",194
310547002705111,4294967295,194,"v_add_f32_e32 v0, v0, v2","",194
310547002704631,4294967295,194,"v_add_f32_e32 v0, v0, v2","",194
310547002704311,4294967295,194,"v_add_f32_e32 v0, v0, v2","",194
310547002704351,4294967295,194,"v_add_f32_e32 v0, v0, v2","",194
310547002704351,4294967295,194,"v_add_f32_e32 v0, v0, v2","",194
310547002705431,4294967295,194,"v_add_f32_e32 v0, v0, v2","",194
310547002705431,4294967295,194,"v_add_f32_e32 v0, v0, v2","",194
310547002705431,4294967295,194,"v_add_f32_e32 v0, v0, v2","",194
310547002705431,4294967295,194,"v_add_f32_e32 v0, v0, v2","",194
310547002705111,4294967295,194,"v_add_f32_e32 v0, v0, v2","",194
310547002705111,4294967295,194,"v_add_f32_e32 v0, v0, v2","",194
310547002706351,4294967295,194,"v_add_f32_e32 v0, v0, v2","",194
310547002705151,4294967295,194,"v_add_f32_e32 v0, v0, v2","",194
310547002705151,4294967295,194,"v_add_f32_e32 v0, v0, v2","",194
310547002704591,4294967295,194,"v_add_f32_e32 v0, v0, v2","",194
310547002704591,4294967295,194,"v_add_f32_e32 v0, v0, v2","",194
310547002706351,4294967295,194,"v_add_f32_e32 v0, v0, v2","",194
310547002706391,4294967295,194,"v_add_f32_e32 v0, v0, v2","",194
310547002706391,4294967295,194,"v_add_f32_e32 v0, v0, v2","",194
310547002704591,4294967295,194,"v_add_f32_e32 v0, v0, v2","",194
310547002705111,4294967295,194,"v_add_f32_e32 v0, v0, v2","",194
310547002705151,4294967295,194,"v_add_f32_e32 v0, v0, v2","",194
310547002707311,4294967295,194,"v_add_f32_e32 v0, v0, v2","",194
310547002707311,4294967295,194,"v_add_f32_e32 v0, v0, v2","",194
310547002708031,4294967295,194,"v_add_f32_e32 v0, v0, v2","",194
310547002707311,4294967295,194,"v_add_f32_e32 v0, v0, v2","",194
310547002708071,4294967295,194,"v_add_f32_e32 v0, v0, v2","",194
310547002708071,4294967295,194,"v_add_f32_e32 v0, v0, v2","",194
310547002708071,4294967295,194,"v_add_f32_e32 v0, v0, v2","",194
310547002708671,4294967295,194,"v_add_f32_e32 v0, v0, v2","",194
310547002708671,4294967295,194,"v_add_f32_e32 v0, v0, v2","",194
310547002708671,4294967295,194,"v_add_f32_e32 v0, v0, v2","",194
310547002709351,4294967295,194,"v_add_f32_e32 v0, v0, v2","",194
310547002709351,4294967295,194,"v_add_f32_e32 v0, v0, v2","",194
310547002709351,4294967295,194,"v_add_f32_e32 v0, v0, v2","",194
310547002709351,4294967295,194,"v_add_f32_e32 v0, v0, v2","",194
310547002712191,4294967295,194,"v_add_f32_e32 v0, v0, v2","",194
310547002712191,4294967295,194,"v_add_f32_e32 v0, v0, v2","",194
310547002712191,4294967295,194,"v_add_f32_e32 v0, v0, v2","",194
310547002712191,4294967295,194,"v_add_f32_e32 v0, v0, v2","",194
310547003680880,4294967295,196,"v_add_f32_e32 v0, v0, v2","",196
310547003680920,4294967295,196,"v_add_f32_e32 v0, v0, v2","",196
310547003680920,4294967295,196,"v_add_f32_e32 v0, v0, v2","",196
310547003680960,4294967295,196,"v_add_f32_e32 v0, v0, v2","",196
310547003681200,4294967295,196,"v_add_f32_e32 v0, v0, v2","",196
310547003681400,4294967295,196,"v_add_f32_e32 v0, v0, v2","",196
310547003681440,4294967295,196,"v_add_f32_e32 v0, v0, v2","",196
310547003681440,4294967295,196,"v_add_f32_e32 v0, v0, v2","",196
310547003681480,4294967295,196,"v_add_f32_e32 v0, v0, v2","",196
310547003681960,4294967295,196,"v_add_f32_e32 v0, v0, v2","",196
310547003681480,4294967295,196,"v_add_f32_e32 v0, v0, v2","",196
310547003681000,4294967295,196,"v_add_f32_e32 v0, v0, v2","",196
310547003681040,4294967295,196,"v_add_f32_e32 v0, v0, v2","",196
310547003681400,4294967295,196,"v_add_f32_e32 v0, v0, v2","",196
310547003681440,4294967295,196,"v_add_f32_e32 v0, v0, v2","",196
310547003681960,0,196,"s_cbranch_execz 6","",196
310547003681440,4294967295,196,"v_add_f32_e32 v0, v0, v2","",196
310547003681960,4294967295,196,"v_add_f32_e32 v0, v0, v2","",196
310547003681480,4294967295,196,"v_add_f32_e32 v0, v0, v2","",196
310547003681520,4294967295,196,"v_add_f32_e32 v0, v0, v2","",196
310547003681600,4294967295,196,"v_add_f32_e32 v0, v0, v2","",196
310547003683560,4294967295,196,"v_add_f32_e32 v0, v0, v2","",196
310547003683560,4294967295,196,"v_add_f32_e32 v0, v0, v2","",196
310547003683600,4294967295,196,"v_add_f32_e32 v0, v0, v2","",196
310547003683600,4294967295,196,"v_add_f32_e32 v0, v0, v2","",196
310547003684720,4294967295,196,"v_add_f32_e32 v0, v0, v2","",196
310547003684720,4294967295,196,"v_add_f32_e32 v0, v0, v2","",196
310547003684760,4294967295,196,"v_add_f32_e32 v0, v0, v2","",196
310547003684760,4294967295,196,"v_add_f32_e32 v0, v0, v2","",196
310547003685640,4294967295,196,"v_add_f32_e32 v0, v0, v2","",196
310547003685640,4294967295,196,"v_add_f32_e32 v0, v0, v2","",196
310547003685680,4294967295,196,"v_add_f32_e32 v0, v0, v2","",196
310547003685680,4294967295,196,"v_add_f32_e32 v0, v0, v2","",196
310547003686360,4294967295,196,"v_add_f32_e32 v0, v0, v2","",196
310547003686360,4294967295,196,"v_add_f32_e32 v0, v0, v2","",196
310547003686400,4294967295,196,"v_add_f32_e32 v0, v0, v2","",196
310547003686400,4294967295,196,"v_add_f32_e32 v0, v0, v2","",196
310547003686400,4294967295,196,"v_add_f32_e32 v0, v0, v2","",196
310547003686400,4294967295,196,"v_add_f32_e32 v0, v0, v2","",196
310547003686440,4294967295,196,"v_add_f32_e32 v0, v0, v2","",196
310547003686440,4294967295,196,"v_add_f32_e32 v0, v0, v2","",196
310547003686440,4294967295,196,"v_add_f32_e32 v0, v0, v2","",196
310547003686440,4294967295,196,"v_add_f32_e32 v0, v0, v2","",196
310547003686360,4294967295,196,"v_add_f32_e32 v0, v0, v2","",196
310547003687160,4294967295,196,"v_add_f32_e32 v0, v0, v2","",196
310547003687160,4294967295,196,"v_add_f32_e32 v0, v0, v2","",196
310547003687440,4294967295,196,"v_add_f32_e32 v0, v0, v2","",196
310547003687200,4294967295,196,"v_add_f32_e32 v0, v0, v2","",196
310547003684720,4294967295,196,"v_add_f32_e32 v0, v0, v2","",196
310547003684760,4294967295,196,"v_add_f32_e32 v0, v0, v2","",196
310547003684760,4294967295,196,"v_add_f32_e32 v0, v0, v2","",196
310547003687440,4294967295,196,"v_add_f32_e32 v0, v0, v2","",196
310547003687440,0,196,"s_endpgm","",196
310547003687440,4294967295,196,"v_add_f32_e32 v0, v0, v2","",196
310547003687440,4294967295,196,"v_add_f32_e32 v0, v0, v2","",196
310547003687440,4294967295,196,"v_add_f32_e32 v0, v0, v2","",196
310547003687480,4294967295,196,"v_add_f32_e32 v0, v0, v2","",196
310547003687440,4294967295,196,"v_add_f32_e32 v0, v0, v2","",196
310547003687440,4294967295,196,"v_add_f32_e32 v0, v0, v2","",196
310547003687480,4294967295,196,"v_add_f32_e32 v0, v0, v2","",196
310547003688160,4294967295,196,"v_add_f32_e32 v0, v0, v2","",196
310547003688160,4294967295,196,"v_add_f32_e32 v0, v0, v2","",196
310547003688160,4294967295,196,"v_add_f32_e32 v0, v0, v2","",196
310547003688200,4294967295,196,"v_add_f32_e32 v0, v0, v2","",196
310547003690080,4294967295,196,"v_add_f32_e32 v0, v0, v2","",196
310547003687480,4294967295,196,"v_add_f32_e32 v0, v0, v2","",196
310547003690080,0,196,"s_endpgm","",196
310547003690080,4294967295,196,"v_add_f32_e32 v0, v0, v2","",196
310547003687480,4294967295,196,"v_add_f32_e32 v0, v0, v2","",196
310547003690120,4294967295,196,"v_add_f32_e32 v0, v0, v2","",196
310547003686360,4294967295,196,"v_add_f32_e32 v0, v0, v2","",196
310547003686400,4294967295,196,"v_add_f32_e32 v0, v0, v2","",196
310547003686400,4294967295,196,"v_add_f32_e32 v0, v0, v2","",196
310547003690400,4294967295,196,"v_add_f32_e32 v0, v0, v2","",196
310547003690400,4294967295,196,"v_add_f32_e32 v0, v0, v2","",196
310547003690400,4294967295,196,"v_add_f32_e32 v0, v0, v2","",196
310547003690360,4294967295,196,"v_add_f32_e32 v0, v0, v2","",196
310547003690400,4294967295,196,"v_add_f32_e32 v0, v0, v2","",196
310547003690360,4294967295,196,"v_add_f32_e32 v0, v0, v2","",196
310547003690360,4294967295,196,"v_add_f32_e32 v0, v0, v2","",196
310547003690360,4294967295,196,"v_add_f32_e32 v0, v0, v2","",196
310547003691280,4294967295,196,"v_add_f32_e32 v0, v0, v2","",196
310547003691280,4294967295,196,"v_add_f32_e32 v0, v0, v2","",196
310547003691280,4294967295,196,"v_add_f32_e32 v0, v0, v2","",196
310547003691280,4294967295,196,"v_add_f32_e32 v0, v0, v2","",196
310547003692200,4294967295,196,"v_add_f32_e32 v0, v0, v2","",196
310547003692200,4294967295,196,"v_add_f32_e32 v0, v0, v2","",196
310547003692200,4294967295,196,"v_add_f32_e32 v0, v0, v2","",196
310547003692200,4294967295,196,"v_add_f32_e32 v0, v0, v2","",196
310547003692160,4294967295,196,"v_add_f32_e32 v0, v0, v2","",196
310547003692240,4294967295,196,"v_add_f32_e32 v0, v0, v2","",196
310547003692200,4294967295,196,"v_add_f32_e32 v0, v0, v2","",196
310547003692240,4294967295,196,"v_add_f32_e32 v0, v0, v2","",196
310547003692200,4294967295,196,"v_add_f32_e32 v0, v0, v2","",196
310547003692240,4294967295,196,"v_add_f32_e32 v0, v0, v2","",196
310547003692200,4294967295,196,"v_add_f32_e32 v0, v0, v2","",196
310547003692200,4294967295,196,"v_add_f32_e32 v0, v0, v2","",196
310547003692400,4294967295,196,"v_add_f32_e32 v0, v0, v2","",196
310547003692440,4294967295,196,"v_add_f32_e32 v0, v0, v2","",196
310547003692400,4294967295,196,"v_add_f32_e32 v0, v0, v2","",196
310547003692440,4294967295,196,"v_add_f32_e32 v0, v0, v2","",196
310547003692400,4294967295,196,"v_add_f32_e32 v0, v0, v2","",196
310547003692440,4294967295,196,"v_add_f32_e32 v0, v0, v2","",196
310547003692400,4294967295,196,"v_add_f32_e32 v0, v0, v2","",196
310547003692600,4294967295,196,"v_add_f32_e32 v0, v0, v2","",196
310547003692600,4294967295,196,"v_add_f32_e32 v0, v0, v2","",196
310547003692640,4294967295,196,"v_add_f32_e32 v0, v0, v2","",196
310547003692640,4294967295,196,"v_add_f32_e32 v0, v0, v2","",196
310547003692480,4294967295,196,"v_add_f32_e32 v0, v0, v2","",196
310547003692480,4294967295,196,"v_add_f32_e32 v0, v0, v2","",196
310547003692400,4294967295,196,"v_add_f32_e32 v0, v0, v2","",196
310547003692440,4294967295,196,"v_add_f32_e32 v0, v0, v2","",196
310547003692480,4294967295,196,"v_add_f32_e32 v0, v0, v2","",196
310547003692560,4294967295,196,"v_add_f32_e32 v0, v0, v2","",196
310547003692440,4294967295,196,"v_add_f32_e32 v0, v0, v2","",196
310547003692440,4294967295,196,"v_add_f32_e32 v0, v0, v2","",196
310547003692400,4294967295,196,"v_add_f32_e32 v0, v0, v2","",196
310547003692400,4294967295,196,"v_add_f32_e32 v0, v0, v2","",196
310547003692440,4294967295,196,"v_add_f32_e32 v0, v0, v2","",196
310547004687089,4294967295,199,"v_add_f32_e32 v0, v0, v2","",199
310547004687129,0,199,"s_cbranch_execz 6","",199
310547004687129,0,199,"s_cbranch_execz 6","",199
310547004687569,4294967295,199,"v_add_f32_e32 v0, v0, v2","",199
310547004687609,4294967295,199,"v_add_f32_e32 v0, v0, v2","",199
310547004688089,4294967295,199,"v_add_f32_e32 v0, v0, v2","",199
310547004688049,4294967295,199,"v_add_f32_e32 v0, v0, v2","",199
310547004688049,4294967295,199,"v_add_f32_e32 v0, v0, v2","",199
310547004688089,4294967295,199,"v_add_f32_e32 v0, v0, v2","",199
310547004688729,4294967295,199,"v_add_f32_e32 v0, v0, v2","",199
310547004688729,4294967295,199,"v_add_f32_e32 v0, v0, v2","",199
310547004688729,0,199,"s_cbranch_execz 6","",199
310547004688729,4294967295,199,"v_add_f32_e32 v0, v0, v2","",199
310547004690249,4294967295,199,"v_add_f32_e32 v0, v0, v2","",199
310547004690249,4294967295,199,"v_add_f32_e32 v0, v0, v2","",199
310547004689969,4294967295,199,"v_add_f32_e32 v0, v0, v2","",199
310547004691329,4294967295,199,"v_add_f32_e32 v0, v0, v2","",199
310547004691049,4294967295,199,"v_add_f32_e32 v0, v0, v2","",199
310547004691049,4294967295,199,"v_add_f32_e32 v0, v0, v2","",199
310547004691049,4294967295,199,"v_add_f32_e32 v0, v0, v2","",199
310547004691849,4294967295,199,"v_add_f32_e32 v0, v0, v2","",199
310547004691849,4294967295,199,"v_add_f32_e32 v0, v0, v2","",199
310547004691849,4294967295,199,"v_add_f32_e32 v0, v0, v2","",199
310547004691329,4294967295,199,"v_add_f32_e32 v0, v0, v2","",199
310547004691329,4294967295,199,"v_add_f32_e32 v0, v0, v2","",199
310547004691329,4294967295,199,"v_add_f32_e32 v0, v0, v2","",199
310547004691329,4294967295,199,"v_add_f32_e32 v0, v0, v2","",199
310547004691329,4294967295,199,"v_add_f32_e32 v0, v0, v2","",199
310547004691329,4294967295,199,"v_add_f32_e32 v0, v0, v2","",199
310547004691689,4294967295,199,"v_add_f32_e32 v0, v0, v2","",199
310547004689969,4294967295,199,"v_add_f32_e32 v0, v0, v2","",199
310547004689969,4294967295,199,"v_add_f32_e32 v0, v0, v2","",199
310547004690009,4294967295,199,"v_add_f32_e32 v0, v0, v2","",199
310547004691689,4294967295,199,"v_add_f32_e32 v0, v0, v2","",199
310547004691689,4294967295,199,"v_add_f32_e32 v0, v0, v2","",199
310547004691689,4294967295,199,"v_add_f32_e32 v0, v0, v2","",199
310547004692649,4294967295,199,"v_add_f32_e32 v0, v0, v2","",199
310547004692649,4294967295,199,"v_add_f32_e32 v0, v0, v2","",199
310547004692649,4294967295,199,"v_add_f32_e32 v0, v0, v2","",199
310547004692649,4294967295,199,"v_add_f32_e32 v0, v0, v2","",199
310547004692889,4294967295,199,"v_add_f32_e32 v0, v0, v2","",199
310547004692929,4294967295,199,"v_add_f32_e32 v0, v0, v2","",199
310547004692929,4294967295,199,"v_add_f32_e32 v0, v0, v2","",199
310547004692929,4294967295,199,"v_add_f32_e32 v0, v0, v2","",199
310547004693529,4294967295,199,"v_add_f32_e32 v0, v0, v2","",199
310547004693569,0,199,"s_endpgm","",199
310547004693569,4294967295,199,"v_add_f32_e32 v0, v0, v2","",199
310547004693569,4294967295,199,"v_add_f32_e32 v0, v0, v2","",199
310547004694929,4294967295,199,"v_add_f32_e32 v0, v0, v2","",199
310547004694009,4294967295,199,"v_add_f32_e32 v0, v0, v2","",199
310547004694049,4294967295,199,"v_add_f32_e32 v0, v0, v2","",199
310547004694049,4294967295,199,"v_add_f32_e32 v0, v0, v2","",199
310547004694049,4294967295,199,"v_add_f32_e32 v0, v0, v2","",199
310547004694009,4294967295,199,"v_add_f32_e32 v0, v0, v2","",199
310547004694049,4294967295,199,"v_add_f32_e32 v0, v0, v2","",199
310547004694049,4294967295,199,"v_add_f32_e32 v0, v0, v2","",199
310547004694889,4294967295,199,"v_add_f32_e32 v0, v0, v2","",199
310547004694889,4294967295,199,"v_add_f32_e32 v0, v0, v2","",199
310547004694929,4294967295,199,"v_add_f32_e32 v0, v0, v2","",199
310547004694049,4294967295,199,"v_add_f32_e32 v0, v0, v2","",199
310547004694569,4294967295,199,"v_add_f32_e32 v0, v0, v2","",199
310547004694569,4294967295,199,"v_add_f32_e32 v0, v0, v2","",199
310547004694569,4294967295,199,"v_add_f32_e32 v0, v0, v2","",199
310547004695289,4294967295,199,"v_add_f32_e32 v0, v0, v2","",199
310547004695289,4294967295,199,"v_add_f32_e32 v0, v0, v2","",199
310547004695329,4294967295,199,"v_add_f32_e32 v0, v0, v2","",199
310547004695329,4294967295,199,"v_add_f32_e32 v0, v0, v2","",199
310547004694569,4294967295,199,"v_add_f32_e32 v0, v0, v2","",199
310547004694569,4294967295,199,"v_add_f32_e32 v0, v0, v2","",199
310547004694569,4294967295,199,"v_add_f32_e32 v0, v0, v2","",199
310547004694569,4294967295,199,"v_add_f32_e32 v0, v0, v2","",199
310547004695929,4294967295,199,"v_add_f32_e32 v0, v0, v2","",199
310547004695969,4294967295,199,"v_add_f32_e32 v0, v0, v2","",199
310547004695969,4294967295,199,"v_add_f32_e32 v0, v0, v2","",199
310547004695969,4294967295,199,"v_add_f32_e32 v0, v0, v2","",199
310547004695929,4294967295,199,"v_add_f32_e32 v0, v0, v2","",199
310547004695969,4294967295,199,"v_add_f32_e32 v0, v0, v2","",199
310547004695969,4294967295,199,"v_add_f32_e32 v0, v0, v2","",199
310547004695969,4294967295,199,"v_add_f32_e32 v0, v0, v2","",199
310547004694529,4294967295,199,"s_wait_kmcnt 0x0","",199
310547004694569,4294967295,199,"v_add_f32_e32 v0, v0, v2","",199
310547004696009,4294967295,199,"v_add_f32_e32 v0, v0, v2","",199
310547004696049,4294967295,199,"v_add_f32_e32 v0, v0, v2","",199
310547004696129,4294967295,199,"v_add_f32_e32 v0, v0, v2","",199
310547004696129,4294967295,199,"v_add_f32_e32 v0, v0, v2","",199
310547004696129,4294967295,199,"v_add_f32_e32 v0, v0, v2","",199
310547004696169,4294967295,199,"v_add_f32_e32 v0, v0, v2","",199
310547004696049,4294967295,199,"v_add_co_u32 v0, vcc_lo, s0, v0","",199
310547004696049,4294967295,199,"v_add_f32_e32 v0, v0, v2","",199
310547004696049,4294967295,199,"v_add_f32_e32 v0, v0, v2","",199
310547004696049,4294967295,199,"v_add_f32_e32 v0, v0, v2","",199
310547004696049,4294967295,199,"v_add_f32_e32 v0, v0, v2","",199
310547004696049,4294967295,199,"v_add_f32_e32 v0, v0, v2","",199
310547004696849,4294967295,199,"v_add_f32_e32 v0, v0, v2","",199
310547004696849,4294967295,199,"v_add_f32_e32 v0, v0, v2","",199
310547004696889,4294967295,199,"v_add_f32_e32 v0, v0, v2","",199
310547004696889,4294967295,199,"v_add_f32_e32 v0, v0, v2","",199
310547004698769,4294967295,199,"v_add_f32_e32 v0, v0, v2","",199
310547004698769,4294967295,199,"v_add_f32_e32 v0, v0, v2","",199
310547004698769,4294967295,199,"v_add_f32_e32 v0, v0, v2","",199
310547004698809,4294967295,199,"v_add_f32_e32 v0, v0, v2","",199
310547004697889,4294967295,199,"v_add_f32_e32 v0, v0, v2","",199
310547004697929,4294967295,199,"v_add_f32_e32 v0, v0, v2","",199
310547004697929,4294967295,199,"v_add_f32_e32 v0, v0, v2","",199
310547004697929,4294967295,199,"v_add_f32_e32 v0, v0, v2","",199
310547004699409,4294967295,199,"v_add_f32_e32 v0, v0, v2","",199
310547004699409,4294967295,199,"v_add_f32_e32 v0, v0, v2","",199
310547004699409,4294967295,199,"v_add_f32_e32 v0, v0, v2","",199
310547004699449,4294967295,199,"v_add_f32_e32 v0, v0, v2","",199
310547004697409,4294967295,199,"v_add_f32_e32 v0, v0, v2","",199
310547004697449,4294967295,199,"v_add_f32_e32 v0, v0, v2","",199
310547004697449,4294967295,199,"v_add_f32_e32 v0, v0, v2","",199
310547004697449,4294967295,199,"v_add_f32_e32 v0, v0, v2","",199
310547005691138,4294967295,201,"v_add_f32_e32 v0, v0, v2","",201
310547005691138,4294967295,201,"v_add_f32_e32 v0, v0, v2","",201
310547005691498,4294967295,201,"s_clause 0x1","",201
310547005691498,4294967295,201,"v_add_f32_e32 v0, v0, v2","",201
310547005691498,4294967295,201,"s_clause 0x1","",201
310547005692098,4294967295,201,"v_add_f32_e32 v0, v0, v2","",201
310547005692098,4294967295,201,"v_add_f32_e32 v0, v0, v2","",201
310547005692138,4294967295,201,"v_add_f32_e32 v0, v0, v2","",201
310547005692458,4294967295,201,"v_add_f32_e32 v0, v0, v2","",201
310547005692458,0,201,"s_endpgm","",201
310547005692418,4294967295,201,"v_add_f32_e32 v0, v0, v2","",201
310547005692458,0,201,"s_cbranch_execz 6","",201
310547005692458,4294967295,201,"v_add_f32_e32 v0, v0, v2","",201
310547005692138,4294967295,201,"v_add_f32_e32 v0, v0, v2","",201
310547005693498,4294967295,201,"v_add_f32_e32 v0, v0, v2","",201
310547005693498,4294967295,201,"v_add_f32_e32 v0, v0, v2","",201
310547005693538,4294967295,201,"v_add_f32_e32 v0, v0, v2","",201
310547005693538,4294967295,201,"v_add_f32_e32 v0, v0, v2","",201
310547005696978,4294967295,201,"v_add_f32_e32 v0, v0, v2","",201
310547005694178,4294967295,201,"v_add_f32_e32 v0, v0, v2","",201
310547005694178,4294967295,201,"v_add_f32_e32 v0, v0, v2","",201
310547005694178,4294967295,201,"v_add_f32_e32 v0, v0, v2","",201
310547005694178,4294967295,201,"v_add_f32_e32 v0, v0, v2","",201
310547005695858,4294967295,201,"v_add_f32_e32 v0, v0, v2","",201
310547005694178,4294967295,201,"v_add_f32_e32 v0, v0, v2","",201
310547005694178,4294967295,201,"v_add_f32_e32 v0, v0, v2","",201
310547005694178,4294967295,201,"v_add_f32_e32 v0, v0, v2","",201
310547005696578,4294967295,201,"v_add_f32_e32 v0, v0, v2","",201
310547005696578,4294967295,201,"v_add_f32_e32 v0, v0, v2","",201
310547005696578,4294967295,201,"v_add_f32_e32 v0, v0, v2","",201
310547005696578,4294967295,201,"v_add_f32_e32 v0, v0, v2","",201
310547005697018,4294967295,201,"v_add_f32_e32 v0, v0, v2","",201
310547005697018,4294967295,201,"v_add_f32_e32 v0, v0, v2","",201
310547005692458,4294967295,201,"v_add_f32_e32 v0, v0, v2","",201
310547005697018,4294967295,201,"v_add_f32_e32 v0, v0, v2","",201
310547005696978,4294967295,201,"v_add_f32_e32 v0, v0, v2","",201
310547005692458,4294967295,201,"v_add_f32_e32 v0, v0, v2","",201
310547005692498,4294967295,201,"v_add_f32_e32 v0, v0, v2","",201
310547005695858,4294967295,201,"v_add_f32_e32 v0, v0, v2","",201
310547005697018,4294967295,201,"v_add_f32_e32 v0, v0, v2","",201
310547005697018,4294967295,201,"v_add_f32_e32 v0, v0, v2","",201
310547005697018,4294967295,201,"v_add_f32_e32 v0, v0, v2","",201
310547005697018,4294967295,201,"v_add_f32_e32 v0, v0, v2","",201
310547005697018,4294967295,201,"v_add_f32_e32 v0, v0, v2","",201
310547005697698,4294967295,201,"v_add_f32_e32 v0, v0, v2","",201
310547005697018,4294967295,201,"v_add_f32_e32 v0, v0, v2","",201
310547005697018,4294967295,201,"v_add_f32_e32 v0, v0, v2","",201
310547005695898,4294967295,201,"v_add_f32_e32 v0, v0, v2","",201
310547005695898,4294967295,201,"v_add_f32_e32 v0, v0, v2","",201
310547005697018,4294967295,201,"v_add_f32_e32 v0, v0, v2","",201
310547005697738,4294967295,201,"v_add_f32_e32 v0, v0, v2","",201
310547005697738,4294967295,201,"v_add_f32_e32 v0, v0, v2","",201
310547005697738,4294967295,201,"v_add_f32_e32 v0, v0, v2","",201
310547005697698,4294967295,201,"v_add_f32_e32 v0, v0, v2","",201
310547005697738,4294967295,201,"v_add_f32_e32 v0, v0, v2","",201
310547005697738,4294967295,201,"v_add_f32_e32 v0, v0, v2","",201
310547005697738,4294967295,201,"v_add_f32_e32 v0, v0, v2","",201
310547005697778,4294967295,201,"v_add_f32_e32 v0, v0, v2","",201
310547005697778,4294967295,201,"v_add_f32_e32 v0, v0, v2","",201
310547005697778,4294967295,201,"v_add_f32_e32 v0, v0, v2","",201
310547005697738,4294967295,201,"v_add_f32_e32 v0, v0, v2","",201
310547005698978,4294967295,201,"v_add_f32_e32 v0, v0, v2","",201
310547005698378,4294967295,201,"v_add_f32_e32 v0, v0, v2","",201
310547005698418,4294967295,201,"v_add_f32_e32 v0, v0, v2","",201
310547005698418,4294967295,201,"v_add_f32_e32 v0, v0, v2","",201
310547005698418,4294967295,201,"v_add_f32_e32 v0, v0, v2","",201
310547005699378,4294967295,201,"v_add_f32_e32 v0, v0, v2","",201
310547005699378,4294967295,201,"v_add_f32_e32 v0, v0, v2","",201
310547005699378,4294967295,201,"v_add_f32_e32 v0, v0, v2","",201
310547005699378,4294967295,201,"v_add_f32_e32 v0, v0, v2","",201
310547005699378,4294967295,201,"v_add_f32_e32 v0, v0, v2","",201
310547005699378,4294967295,201,"v_add_f32_e32 v0, v0, v2","",201
310547005699378,4294967295,201,"v_add_f32_e32 v0, v0, v2","",201
310547005699378,4294967295,201,"v_add_f32_e32 v0, v0, v2","",201
310547005699378,4294967295,201,"v_add_f32_e32 v0, v0, v2","",201
310547005699538,4294967295,201,"v_add_f32_e32 v0, v0, v2","",201
310547005698978,4294967295,201,"v_add_f32_e32 v0, v0, v2","",201
310547005698978,4294967295,201,"v_add_f32_e32 v0, v0, v2","",201
310547005698978,4294967295,201,"v_add_f32_e32 v0, v0, v2","",201
310547005699618,4294967295,201,"v_add_f32_e32 v0, v0, v2","",201
310547005699618,4294967295,201,"v_add_f32_e32 v0, v0, v2","",201
310547005699658,4294967295,201,"v_add_f32_e32 v0, v0, v2","",201
310547005699378,4294967295,201,"v_add_f32_e32 v0, v0, v2","",201
310547005699378,4294967295,201,"v_add_f32_e32 v0, v0, v2","",201
310547005699418,4294967295,201,"v_add_f32_e32 v0, v0, v2","",201
310547005699658,4294967295,201,"v_add_f32_e32 v0, v0, v2","",201
310547005699618,4294967295,201,"v_add_f32_e32 v0, v0, v2","",201
310547005699858,4294967295,201,"v_add_f32_e32 v0, v0, v2","",201
310547005699899,4294967295,201,"v_add_f32_e32 v0, v0, v2","",201
310547005699899,4294967295,201,"v_add_f32_e32 v0, v0, v2","",201
310547005699899,4294967295,201,"v_add_f32_e32 v0, v0, v2","",201
310547005699538,4294967295,201,"s_and_saveexec_b32 s2, vcc_lo","",201
310547005699538,4294967295,201,"v_add_f32_e32 v0, v0, v2","",201
310547005699618,4294967295,201,"v_add_f32_e32 v0, v0, v2","",201
310547005699658,4294967295,201,"v_add_f32_e32 v0, v0, v2","",201
310547005699658,4294967295,201,"v_add_f32_e32 v0, v0, v2","",201
310547005700379,4294967295,201,"v_add_f32_e32 v0, v0, v2","",201
310547005700379,4294967295,201,"v_add_f32_e32 v0, v0, v2","",201
310547005700379,4294967295,201,"v_add_f32_e32 v0, v0, v2","",201
310547005700379,4294967295,201,"v_add_f32_e32 v0, v0, v2","",201
310547005697018,4294967295,201,"v_add_f32_e32 v0, v0, v2","",201
310547005699578,4294967295,201,"v_add_f32_e32 v0, v0, v2","",201
310547005700539,4294967295,201,"v_add_f32_e32 v0, v0, v2","",201
310547005700579,4294967295,201,"v_add_f32_e32 v0, v0, v2","",201
310547005700579,4294967295,201,"v_add_f32_e32 v0, v0, v2","",201
310547005700579,4294967295,201,"v_add_f32_e32 v0, v0, v2","",201
310547005697018,4294967295,201,"v_add_f32_e32 v0, v0, v2","",201
310547005697018,4294967295,201,"v_add_f32_e32 v0, v0, v2","",201
310547005700939,4294967295,201,"v_add_f32_e32 v0, v0, v2","",201
310547005700939,4294967295,201,"v_add_f32_e32 v0, v0, v2","",201
310547005700939,4294967295,201,"v_add_f32_e32 v0, v0, v2","",201
310547005700939,4294967295,201,"v_add_f32_e32 v0, v0, v2","",201
310547005700939,4294967295,201,"v_add_f32_e32 v0, v0, v2","",201
310547005700979,4294967295,201,"v_add_f32_e32 v0, v0, v2","",201
310547005700939,4294967295,201,"v_add_f32_e32 v0, v0, v2","",201
310547005700979,4294967295,201,"v_add_f32_e32 v0, v0, v2","",201
310547005701699,4294967295,201,"v_add_f32_e32 v0, v0, v2","",201
310547005701699,4294967295,201,"v_add_f32_e32 v0, v0, v2","",201
310547005701699,4294967295,201,"v_add_f32_e32 v0, v0, v2","",201
310547005701739,4294967295,201,"v_add_f32_e32 v0, v0, v2","",201
310547005704739,4294967295,201,"v_add_f32_e32 v0, v0, v2","",201
310547005704739,4294967295,201,"v_add_f32_e32 v0, v0, v2","",201
310547005704739,4294967295,201,"v_add_f32_e32 v0, v0, v2","",201
310547005704779,4294967295,201,"v_add_f32_e32 v0, v0, v2","",201
