"Sample_Timestamp","Exec_Mask","Dispatch_Id","Instruction","Instruction_Comment","Correlation_Id"
312934982676459,4294967295,2,"v_add_f32_e32 v0, v0, v2","",2
312934982676499,4294967295,2,"v_add_f32_e32 v0, v0, v2","",2
312934982675099,4294967295,2,"v_add_f32_e32 v0, v0, v2","",2
312934982675139,4294967295,2,"v_add_f32_e32 v0, v0, v2","",2
312934982676539,4294967295,2,"v_add_f32_e32 v0, v0, v2","",2
312934982676539,4294967295,2,"v_add_f32_e32 v0, v0, v2","",2
312934982676579,4294967295,2,"v_add_f32_e32 v0, v0, v2","",2
312934982677659,4294967295,2,"v_add_f32_e32 v0, v0, v2","",2
312934982678459,4294967295,2,"s_wait_kmcnt 0x0","",2
312934982678499,4294967295,2,"s_load_b64 s[2:3], s[0:1], 0x0","",2
312934982683499,4294967295,2,"v_lshlrev_b64_e32 v[0:1], 4, v[0:1]","",2
312934982678499,4294967295,2,"v_lshlrev_b64_e32 v[0:1], 4, v[0:1]","",2
312934982686459,4294967295,2,"v_add_f32_e32 v0, v0, v2","",2
312934982686499,4294967295,2,"v_add_f32_e32 v0, v0, v2","",2
312934982686499,4294967295,2,"v_add_f32_e32 v0, v0, v2","",2
312934982686539,4294967295,2,"v_add_f32_e32 v0, v0, v2","",2
312934982692419,4294967295,2,"v_add_f32_e32 v0, v0, v2","",2
312934982692499,4294967295,2,"v_add_f32_e32 v0, v0, v2","",2
312934982692459,4294967295,2,"v_add_f32_e32 v0, v0, v2","",2
312934982692459,4294967295,2,"v_add_f32_e32 v0, v0, v2","",2
312934982699179,4294967295,2,"v_add_f32_e32 v0, v0, v2","",2
312934982699179,4294967295,2,"v_add_f32_e32 v0, v0, v2","",2
312934982699219,4294967295,2,"v_add_f32_e32 v0, v0, v2","",2
312934982696059,4294967295,2,"v_add_f32_e32 v0, v0, v2","",2
312934982696099,4294967295,2,"v_add_f32_e32 v0, v0, v2","",2
312934982696099,0,2,"s_endpgm","",2
312934982696099,4294967295,2,"v_add_f32_e32 v0, v0, v2","",2
312934982696139,4294967295,2,"v_add_f32_e32 v0, v0, v2","",2
312934982699179,4294967295,2,"v_add_f32_e32 v0, v0, v2","",2
312934982699179,4294967295,2,"v_add_f32_e32 v0, v0, v2","",2
312934982699219,4294967295,2,"v_add_f32_e32 v0, v0, v2","",2
312934982699219,4294967295,2,"v_add_f32_e32 v0, v0, v2","",2
312934982701459,4294967295,2,"v_add_f32_e32 v0, v0, v2","",2
312934982701459,4294967295,2,"v_add_f32_e32 v0, v0, v2","",2
312934982701459,4294967295,2,"v_add_f32_e32 v0, v0, v2","",2
312934982701499,4294967295,2,"v_add_f32_e32 v0, v0, v2","",2
312934982701499,4294967295,2,"v_add_f32_e32 v0, v0, v2","",2
312934982704819,4294967295,2,"v_add_f32_e32 v0, v0, v2","",2
312934982704859,4294967295,2,"v_add_f32_e32 v0, v0, v2","",2
312934982704859,4294967295,2,"v_add_f32_e32 v0, v0, v2","",2
312934982704899,4294967295,2,"v_add_f32_e32 v0, v0, v2","",2
312934982703659,4294967295,2,"v_add_f32_e32 v0, v0, v2","",2
312934982703659,4294967295,2,"v_add_f32_e32 v0, v0, v2","",2
312934982703699,4294967295,2,"v_add_f32_e32 v0, v0, v2","",2
312934982703699,4294967295,2,"v_add_f32_e32 v0, v0, v2","",2
312934982707179,4294967295,2,"v_add_f32_e32 v0, v0, v2","",2
312934982707219,4294967295,2,"v_add_f32_e32 v0, v0, v2","",2
312934982707219,4294967295,2,"v_add_f32_e32 v0, v0, v2","",2
312934982707179,4294967295,2,"v_add_f32_e32 v0, v0, v2","",2
312934982707219,4294967295,2,"v_add_f32_e32 v0, v0, v2","",2
312934982707219,4294967295,2,"v_add_f32_e32 v0, v0, v2","",2
312934982707259,4294967295,2,"v_add_f32_e32 v0, v0, v2","",2
312934982711939,4294967295,2,"v_add_f32_e32 v0, v0, v2","",2
312934982711939,4294967295,2,"v_add_f32_e32 v0, v0, v2","",2
312934982711979,4294967295,2,"v_add_f32_e32 v0, v0, v2","",2
312934982711979,4294967295,2,"v_add_f32_e32 v0, v0, v2","",2
312934982701499,4294967295,2,"v_add_f32_e32 v0, v0, v2","",2
312934982701499,4294967295,2,"v_add_f32_e32 v0, v0, v2","",2
312934982701539,4294967295,2,"v_add_f32_e32 v0, v0, v2","",2
312934982707259,4294967295,2,"v_add_f32_e32 v0, v0, v2","",2
312934982718299,0,2,"s_cbranch_execz 9","",2
312934982716939,4294967295,2,"v_add_f32_e32 v0, v0, v2","",2
312934982716939,4294967295,2,"v_add_f32_e32 v0, v0, v2","",2
312934982716979,4294967295,2,"v_add_f32_e32 v0, v0, v2","",2
312934982716979,4294967295,2,"v_add_f32_e32 v0, v0, v2","",2
312934982716979,4294967295,2,"v_add_f32_e32 v0, v0, v2","",2
312934982720379,4294967295,2,"v_add_f32_e32 v0, v0, v2","",2
312934982719819,4294967295,2,"v_add_f32_e32 v0, v0, v2","",2
312934982719819,4294967295,2,"v_add_f32_e32 v0, v0, v2","",2
312934982719859,4294967295,2,"v_add_f32_e32 v0, v0, v2","",2
312934982719859,4294967295,2,"v_add_f32_e32 v0, v0, v2","",2
312934982724220,4294967295,2,"v_add_f32_e32 v0, v0, v2","",2
312934982724220,4294967295,2,"v_add_f32_e32 v0, v0, v2","",2
312934982724260,4294967295,2,"v_add_f32_e32 v0, v0, v2","",2
312934982724260,4294967295,2,"v_add_f32_e32 v0, v0, v2","",2
312934982720379,4294967295,2,"v_add_f32_e32 v0, v0, v2","",2
312934982720419,4294967295,2,"v_add_f32_e32 v0, v0, v2","",2
312934982720419,4294967295,2,"v_add_f32_e32 v0, v0, v2","",2
312934982730980,4294967295,2,"v_add_f32_e32 v0, v0, v2","",2
312934982730980,4294967295,2,"v_add_f32_e32 v0, v0, v2","",2
312934982731020,4294967295,2,"v_add_f32_e32 v0, v0, v2","",2
312934982731020,4294967295,2,"v_add_f32_e32 v0, v0, v2","",2
312934982734540,4294967295,2,"v_add_f32_e32 v0, v0, v2","",2
312934982734580,4294967295,2,"v_add_f32_e32 v0, v0, v2","",2
312934982734580,4294967295,2,"v_add_f32_e32 v0, v0, v2","",2
312934982734620,4294967295,2,"v_add_f32_e32 v0, v0, v2","",2
312934982737100,4294967295,2,"v_add_f32_e32 v0, v0, v2","",2
312934982737140,4294967295,2,"v_add_f32_e32 v0, v0, v2","",2
312934982737140,4294967295,2,"v_add_f32_e32 v0, v0, v2","",2
312934982737180,4294967295,2,"v_add_f32_e32 v0, v0, v2","",2
312934982743620,4294967295,2,"v_add_f32_e32 v0, v0, v2","",2
312934982743620,4294967295,2,"v_add_f32_e32 v0, v0, v2","",2
312934982743660,4294967295,2,"v_add_f32_e32 v0, v0, v2","",2
312934982743660,4294967295,2,"v_add_f32_e32 v0, v0, v2","",2
312934982745260,4294967295,2,"v_add_f32_e32 v0, v0, v2","",2
312934982745300,4294967295,2,"v_add_f32_e32 v0, v0, v2","",2
312934982745300,4294967295,2,"v_add_f32_e32 v0, v0, v2","",2
312934982745340,4294967295,2,"v_add_f32_e32 v0, v0, v2","",2
312934982746700,4294967295,2,"v_add_f32_e32 v0, v0, v2","",2
312934982746700,4294967295,2,"v_cmp_eq_f32_e32 vcc_lo, 0x449a522b, v0","",2
312934982749340,4294967295,2,"v_cmp_eq_f32_e32 vcc_lo, 0x449a522b, v0","",2
312934982749340,4294967295,2,"v_add_f32_e32 v0, v0, v2","",2
312934982749380,4294967295,2,"v_add_f32_e32 v0, v0, v2","",2
312934982750300,4294967295,2,"v_add_f32_e32 v0, v0, v2","",2
312934982750340,4294967295,2,"v_add_f32_e32 v0, v0, v2","",2
312934982750340,4294967295,2,"v_add_f32_e32 v0, v0, v2","",2
312934982750380,4294967295,2,"v_add_f32_e32 v0, v0, v2","",2
312934982750300,4294967295,2,"v_add_f32_e32 v0, v0, v2","",2
312934982750300,4294967295,2,"v_add_f32_e32 v0, v0, v2","",2
312934982750340,4294967295,2,"v_add_f32_e32 v0, v0, v2","",2
312934982750340,4294967295,2,"v_add_f32_e32 v0, v0, v2","",2
312934992676392,4294967295,8,"v_add_f32_e32 v0, v0, v2","",8
312934992676352,4294967295,8,"v_add_f32_e32 v0, v0, v2","",8
312934992676352,4294967295,8,"v_add_f32_e32 v0, v0, v2","",8
312934992676392,4294967295,8,"v_add_f32_e32 v0, v0, v2","",8
312934992681872,4294967295,8,"v_add_f32_e32 v0, v0, v2","",8
312934992681872,4294967295,8,"v_add_f32_e32 v0, v0, v2","",8
312934992681912,4294967295,8,"v_add_f32_e32 v0, v0, v2","",8
312934992681952,4294967295,8,"v_add_f32_e32 v0, v0, v2","",8
312934992694912,4294967295,8,"v_add_f32_e32 v0, v0, v2","",8
312934992694912,4294967295,8,"v_add_f32_e32 v0, v0, v2","",8
312934992694952,4294967295,8,"v_add_f32_e32 v0, v0, v2","",8
312934992694952,4294967295,8,"v_add_f32_e32 v0, v0, v2","",8
312934992699312,4294967295,8,"v_add_f32_e32 v0, v0, v2","",8
312934992699312,4294967295,8,"v_add_f32_e32 v0, v0, v2","",8
312934992699352,4294967295,8,"v_add_f32_e32 v0, v0, v2","",8
312934992699352,4294967295,8,"v_add_f32_e32 v0, v0, v2","",8
312934992699232,4294967295,8,"v_add_f32_e32 v0, v0, v2","",8
312934992699232,4294967295,8,"v_add_f32_e32 v0, v0, v2","",8
312934992699272,4294967295,8,"v_add_f32_e32 v0, v0, v2","",8
312934992699272,4294967295,8,"v_add_f32_e32 v0, v0, v2","",8
312934992699272,4294967295,8,"v_add_f32_e32 v0, v0, v2","",8
312934992699232,4294967295,8,"v_add_f32_e32 v0, v0, v2","",8
312934992699272,4294967295,8,"v_add_f32_e32 v0, v0, v2","",8
312934992699232,4294967295,8,"v_add_f32_e32 v0, v0, v2","",8
312934992699232,4294967295,8,"v_add_co_u32 v0, vcc_lo, s2, v0","",8
312934992699232,4294967295,8,"v_add_f32_e32 v0, v0, v2","",8
312934992699272,4294967295,8,"v_add_f32_e32 v0, v0, v2","",8
312934992699272,4294967295,8,"v_add_f32_e32 v0, v0, v2","",8
312934992702272,4294967295,8,"v_add_f32_e32 v0, v0, v2","",8
312934992702272,4294967295,8,"v_add_f32_e32 v0, v0, v2","",8
312934992702312,4294967295,8,"v_add_f32_e32 v0, v0, v2","",8
312934992699232,4294967295,8,"v_add_f32_e32 v0, v0, v2","",8
312934992699272,4294967295,8,"v_add_f32_e32 v0, v0, v2","",8
312934992699272,4294967295,8,"v_add_f32_e32 v0, v0, v2","",8
312934992699272,4294967295,8,"v_add_f32_e32 v0, v0, v2","",8
312934992699272,4294967295,8,"v_add_f32_e32 v0, v0, v2","",8
312934992699312,4294967295,8,"v_add_f32_e32 v0, v0, v2","",8
312934992702272,4294967295,8,"v_add_f32_e32 v0, v0, v2","",8
312934992702312,4294967295,8,"s_and_b32 exec_lo, exec_lo, vcc_lo","",8
312934992702312,4294967295,8,"v_add_f32_e32 v0, v0, v2","",8
312934992699272,4294967295,8,"v_add_f32_e32 v0, v0, v2","",8
312934992699272,4294967295,8,"v_add_f32_e32 v0, v0, v2","",8
312934992699312,4294967295,8,"v_add_f32_e32 v0, v0, v2","",8
312934992706152,4294967295,8,"v_add_f32_e32 v0, v0, v2","",8
312934992706192,4294967295,8,"v_add_f32_e32 v0, v0, v2","",8
312934992706152,4294967295,8,"v_add_f32_e32 v0, v0, v2","",8
312934992706152,4294967295,8,"v_add_f32_e32 v0, v0, v2","",8
312934992706192,4294967295,8,"v_add_f32_e32 v0, v0, v2","",8
312934992706192,4294967295,8,"v_add_f32_e32 v0, v0, v2","",8
312934992706152,4294967295,8,"v_add_f32_e32 v0, v0, v2","",8
312934992706152,4294967295,8,"v_add_f32_e32 v0, v0, v2","",8
312934992706192,4294967295,8,"v_add_f32_e32 v0, v0, v2","",8
312934992706232,4294967295,8,"v_add_f32_e32 v0, v0, v2","",8
312934992706152,4294967295,8,"v_add_f32_e32 v0, v0, v2","",8
312934992706152,4294967295,8,"v_add_f32_e32 v0, v0, v2","",8
312934992706192,4294967295,8,"v_add_f32_e32 v0, v0, v2","",8
312934992706192,4294967295,8,"v_add_f32_e32 v0, v0, v2","",8
312934992719152,4294967295,8,"v_add_f32_e32 v0, v0, v2","",8
312934992706192,4294967295,8,"v_add_f32_e32 v0, v0, v2","",8
312934992706192,4294967295,8,"v_add_f32_e32 v0, v0, v2","",8
312934992719152,4294967295,8,"v_add_f32_e32 v0, v0, v2","",8
312934992719192,4294967295,8,"v_add_f32_e32 v0, v0, v2","",8
312934992719192,4294967295,8,"v_add_f32_e32 v0, v0, v2","",8
312934992726072,4294967295,8,"v_add_f32_e32 v0, v0, v2","",8
312934992726072,4294967295,8,"v_add_f32_e32 v0, v0, v2","",8
312934992726112,4294967295,8,"v_add_f32_e32 v0, v0, v2","",8
312934992726112,4294967295,8,"v_add_f32_e32 v0, v0, v2","",8
312934992729552,4294967295,8,"v_add_f32_e32 v0, v0, v2","",8
312934992729552,4294967295,8,"v_add_f32_e32 v0, v0, v2","",8
312934992729592,4294967295,8,"v_add_f32_e32 v0, v0, v2","",8
312934992729592,4294967295,8,"v_add_f32_e32 v0, v0, v2","",8
312934992731552,4294967295,8,"v_add_f32_e32 v0, v0, v2","",8
312934992731592,4294967295,8,"v_add_f32_e32 v0, v0, v2","",8
312934992731592,4294967295,8,"v_add_f32_e32 v0, v0, v2","",8
312934992731632,4294967295,8,"v_add_f32_e32 v0, v0, v2","",8
312934992731552,4294967295,8,"v_add_f32_e32 v0, v0, v2","",8
312934992731592,4294967295,8,"v_add_f32_e32 v0, v0, v2","",8
312934992731592,4294967295,8,"v_add_f32_e32 v0, v0, v2","",8
312934992731632,4294967295,8,"v_add_f32_e32 v0, v0, v2","",8
312934992732472,4294967295,8,"v_add_f32_e32 v0, v0, v2","",8
312934992732472,4294967295,8,"v_add_f32_e32 v0, v0, v2","",8
312934992732472,4294967295,8,"v_add_f32_e32 v0, v0, v2","",8
312934992732512,4294967295,8,"v_add_f32_e32 v0, v0, v2","",8
312934992733392,4294967295,8,"v_add_f32_e32 v0, v0, v2","",8
312934992733392,4294967295,8,"v_add_f32_e32 v0, v0, v2","",8
312934992733392,4294967295,8,"v_add_f32_e32 v0, v0, v2","",8
312934992733432,4294967295,8,"v_add_f32_e32 v0, v0, v2","",8
312934992733432,4294967295,8,"v_add_f32_e32 v0, v0, v2","",8
312934992733392,4294967295,8,"v_add_f32_e32 v0, v0, v2","",8
312934992733392,4294967295,8,"v_add_f32_e32 v0, v0, v2","",8
312934992733392,4294967295,8,"v_add_f32_e32 v0, v0, v2","",8
312934992733432,4294967295,8,"v_add_f32_e32 v0, v0, v2","",8
312934992733432,4294967295,8,"v_add_f32_e32 v0, v0, v2","",8
312934992733392,4294967295,8,"v_add_f32_e32 v0, v0, v2","",8
312934992733392,4294967295,8,"v_add_f32_e32 v0, v0, v2","",8
312934992733432,4294967295,8,"v_add_f32_e32 v0, v0, v2","",8
312934992733432,4294967295,8,"v_add_f32_e32 v0, v0, v2","",8
312934992741912,4294967295,8,"v_add_f32_e32 v0, v0, v2","",8
312934992741912,4294967295,8,"v_add_f32_e32 v0, v0, v2","",8
312934992741912,4294967295,8,"v_add_f32_e32 v0, v0, v2","",8
312934992741952,4294967295,8,"v_add_f32_e32 v0, v0, v2","",8
312934992741952,4294967295,8,"v_add_f32_e32 v0, v0, v2","",8
312934992741912,4294967295,8,"v_add_f32_e32 v0, v0, v2","",8
312934992741952,4294967295,8,"v_add_f32_e32 v0, v0, v2","",8
312934992746272,4294967295,8,"v_add_f32_e32 v0, v0, v2","",8
312934992746272,4294967295,8,"v_add_f32_e32 v0, v0, v2","",8
312934992746312,4294967295,8,"v_add_f32_e32 v0, v0, v2","",8
312934992746312,4294967295,8,"v_add_f32_e32 v0, v0, v2","",8
312934992741952,4294967295,8,"v_add_f32_e32 v0, v0, v2","",8
312934992752592,4294967295,8,"v_add_f32_e32 v0, v0, v2","",8
312934992752592,4294967295,8,"v_add_f32_e32 v0, v0, v2","",8
312934992752632,4294967295,8,"v_add_f32_e32 v0, v0, v2","",8
312934992752632,4294967295,8,"v_add_f32_e32 v0, v0, v2","",8
312934992755312,4294967295,8,"v_add_f32_e32 v0, v0, v2","",8
312934992755352,4294967295,8,"v_add_f32_e32 v0, v0, v2","",8
312934992755352,4294967295,8,"v_add_f32_e32 v0, v0, v2","",8
312934992755872,4294967295,8,"v_add_f32_e32 v0, v0, v2","",8
312934992755392,4294967295,8,"v_add_f32_e32 v0, v0, v2","",8
312934992755872,4294967295,8,"v_add_f32_e32 v0, v0, v2","",8
312935002680124,4294967295,14,"v_add_f32_e32 v0, v0, v2","",14
312935002680124,4294967295,14,"v_add_f32_e32 v0, v0, v2","",14
312935002680164,4294967295,14,"v_add_f32_e32 v0, v0, v2","",14
312935002680164,4294967295,14,"v_add_f32_e32 v0, v0, v2","",14
312935002699845,4294967295,14,"v_add_f32_e32 v0, v0, v2","",14
312935002699805,4294967295,14,"v_add_f32_e32 v0, v0, v2","",14
312935002699805,4294967295,14,"v_add_f32_e32 v0, v0, v2","",14
312935002699845,4294967295,14,"v_add_f32_e32 v0, v0, v2","",14
312935002705645,4294967295,14,"v_add_f32_e32 v0, v0, v2","",14
312935002705685,4294967295,14,"v_add_f32_e32 v0, v0, v2","",14
312935002705685,4294967295,14,"v_add_f32_e32 v0, v0, v2","",14
312935002705725,4294967295,14,"v_add_f32_e32 v0, v0, v2","",14
312935002705645,4294967295,14,"v_add_f32_e32 v0, v0, v2","",14
312935002705685,4294967295,14,"v_add_f32_e32 v0, v0, v2","",14
312935002705685,4294967295,14,"v_add_f32_e32 v0, v0, v2","",14
312935002705725,4294967295,14,"v_add_f32_e32 v0, v0, v2","",14
312935002705645,4294967295,14,"v_add_f32_e32 v0, v0, v2","",14
312935002705685,4294967295,14,"v_add_f32_e32 v0, v0, v2","",14
312935002705645,4294967295,14,"v_add_f32_e32 v0, v0, v2","",14
312935002705685,4294967295,14,"v_add_f32_e32 v0, v0, v2","",14
312935002705725,4294967295,14,"v_add_f32_e32 v0, v0, v2","",14
312935002705685,4294967295,14,"v_add_f32_e32 v0, v0, v2","",14
312935002708205,4294967295,14,"v_cmp_gt_u64_e32 vcc_lo, s[2:3], v[0:1]","",14
312935002708245,4294967295,14,"v_add_f32_e32 v0, v0, v2","",14
312935002708245,4294967295,14,"v_add_f32_e32 v0, v0, v2","",14
312935002705685,4294967295,14,"v_add_f32_e32 v0, v0, v2","",14
312935002705725,4294967295,14,"v_add_f32_e32 v0, v0, v2","",14
312935002705725,4294967295,14,"v_add_f32_e32 v0, v0, v2","",14
312935002705725,4294967295,14,"v_add_f32_e32 v0, v0, v2","",14
312935002708125,4294967295,14,"v_add_f32_e32 v0, v0, v2","",14
312935002708165,4294967295,14,"v_add_f32_e32 v0, v0, v2","",14
312935002708165,4294967295,14,"v_add_f32_e32 v0, v0, v2","",14
312935002708205,4294967295,14,"v_add_f32_e32 v0, v0, v2","",14
312935002709685,4294967295,14,"v_add_f32_e32 v0, v0, v2","",14
312935002709685,4294967295,14,"v_add_f32_e32 v0, v0, v2","",14
312935002709645,4294967295,14,"s_and_b32 exec_lo, exec_lo, vcc_lo","",14
312935002709685,4294967295,14,"v_add_f32_e32 v0, v0, v2","",14
312935002709685,4294967295,14,"v_add_f32_e32 v0, v0, v2","",14
312935002709725,4294967295,14,"v_add_f32_e32 v0, v0, v2","",14
312935002709685,4294967295,14,"v_add_f32_e32 v0, v0, v2","",14
312935002709685,4294967295,14,"v_add_f32_e32 v0, v0, v2","",14
312935002709725,4294967295,14,"v_add_f32_e32 v0, v0, v2","",14
312935002709725,4294967295,14,"v_add_f32_e32 v0, v0, v2","",14
312935002710365,4294967295,14,"v_add_f32_e32 v0, v0, v2","",14
312935002710365,4294967295,14,"v_add_f32_e32 v0, v0, v2","",14
312935002710405,4294967295,14,"v_add_f32_e32 v0, v0, v2","",14
312935002710405,4294967295,14,"v_add_f32_e32 v0, v0, v2","",14
312935002709645,4294967295,14,"v_add_f32_e32 v0, v0, v2","",14
312935002709685,4294967295,14,"v_add_f32_e32 v0, v0, v2","",14
312935002709685,4294967295,14,"v_add_f32_e32 v0, v0, v2","",14
312935002709725,4294967295,14,"v_add_f32_e32 v0, v0, v2","",14
312935002710365,4294967295,14,"v_add_f32_e32 v0, v0, v2","",14
312935002710365,4294967295,14,"v_add_f32_e32 v0, v0, v2","",14
312935002711765,4294967295,14,"v_add_f32_e32 v0, v0, v2","",14
312935002711805,4294967295,14,"v_add_f32_e32 v0, v0, v2","",14
312935002712565,4294967295,14,"v_add_f32_e32 v0, v0, v2","",14
312935002712605,4294967295,14,"v_add_f32_e32 v0, v0, v2","",14
312935002712605,4294967295,14,"v_add_f32_e32 v0, v0, v2","",14
312935002712645,4294967295,14,"v_add_f32_e32 v0, v0, v2","",14
312935002711805,4294967295,14,"v_add_f32_e32 v0, v0, v2","",14
312935002711845,4294967295,14,"v_add_f32_e32 v0, v0, v2","",14
312935002710405,4294967295,14,"v_add_f32_e32 v0, v0, v2","",14
312935002710405,4294967295,14,"v_add_f32_e32 v0, v0, v2","",14
312935002723165,4294967295,14,"v_add_f32_e32 v0, v0, v2","",14
312935002723165,4294967295,14,"v_add_f32_e32 v0, v0, v2","",14
312935002709725,4294967295,14,"v_add_f32_e32 v0, v0, v2","",14
312935002723205,4294967295,14,"v_add_f32_e32 v0, v0, v2","",14
312935002723205,4294967295,14,"v_add_f32_e32 v0, v0, v2","",14
312935002709725,4294967295,14,"v_add_f32_e32 v0, v0, v2","",14
312935002727925,4294967295,14,"v_add_f32_e32 v0, v0, v2","",14
312935002727925,4294967295,14,"v_add_f32_e32 v0, v0, v2","",14
312935002727965,4294967295,14,"v_add_f32_e32 v0, v0, v2","",14
312935002734245,4294967295,14,"v_add_f32_e32 v0, v0, v2","",14
312935002734285,4294967295,14,"v_add_f32_e32 v0, v0, v2","",14
312935002734285,4294967295,14,"v_add_f32_e32 v0, v0, v2","",14
312935002737685,4294967295,14,"v_add_f32_e32 v0, v0, v2","",14
312935002737725,4294967295,14,"v_add_f32_e32 v0, v0, v2","",14
312935002737725,4294967295,14,"v_add_f32_e32 v0, v0, v2","",14
312935002737765,4294967295,14,"v_add_f32_e32 v0, v0, v2","",14
312935002737685,4294967295,14,"v_add_f32_e32 v0, v0, v2","",14
312935002737725,4294967295,14,"v_add_f32_e32 v0, v0, v2","",14
312935002737725,4294967295,14,"v_add_f32_e32 v0, v0, v2","",14
312935002737765,4294967295,14,"v_add_f32_e32 v0, v0, v2","",14
312935002737685,4294967295,14,"v_add_f32_e32 v0, v0, v2","",14
312935002737685,4294967295,14,"v_add_f32_e32 v0, v0, v2","",14
312935002737725,4294967295,14,"v_add_f32_e32 v0, v0, v2","",14
312935002737725,4294967295,14,"v_add_f32_e32 v0, v0, v2","",14
312935002738565,4294967295,14,"v_add_f32_e32 v0, v0, v2","",14
312935002738605,4294967295,14,"v_add_f32_e32 v0, v0, v2","",14
312935002738605,4294967295,14,"v_add_f32_e32 v0, v0, v2","",14
312935002738645,4294967295,14,"v_add_f32_e32 v0, v0, v2","",14
312935002744925,4294967295,14,"v_add_f32_e32 v0, v0, v2","",14
312935002744925,4294967295,14,"v_add_f32_e32 v0, v0, v2","",14
312935002744965,4294967295,14,"v_add_f32_e32 v0, v0, v2","",14
312935002744965,4294967295,14,"v_add_f32_e32 v0, v0, v2","",14
312935002737685,4294967295,14,"v_add_f32_e32 v0, v0, v2","",14
312935002737685,4294967295,14,"v_add_f32_e32 v0, v0, v2","",14
312935002737725,4294967295,14,"v_add_f32_e32 v0, v0, v2","",14
312935002737725,4294967295,14,"v_add_f32_e32 v0, v0, v2","",14
312935002744925,4294967295,14,"v_add_f32_e32 v0, v0, v2","",14
312935002744925,4294967295,14,"v_add_f32_e32 v0, v0, v2","",14
312935002744965,4294967295,14,"v_add_f32_e32 v0, v0, v2","",14
312935002744965,4294967295,14,"v_add_f32_e32 v0, v0, v2","",14
312935002750085,4294967295,14,"v_add_f32_e32 v0, v0, v2","",14
312935002750085,4294967295,14,"v_add_f32_e32 v0, v0, v2","",14
312935002750125,4294967295,14,"v_add_f32_e32 v0, v0, v2","",14
312935002750125,4294967295,14,"v_add_f32_e32 v0, v0, v2","",14
312935002738605,4294967295,14,"v_add_f32_e32 v0, v0, v2","",14
312935002738605,4294967295,14,"v_add_f32_e32 v0, v0, v2","",14
312935002738605,4294967295,14,"v_add_f32_e32 v0, v0, v2","",14
312935002738645,4294967295,14,"v_add_f32_e32 v0, v0, v2","",14
312935002753245,4294967295,14,"v_add_f32_e32 v0, v0, v2","",14
312935002753245,4294967295,14,"v_add_f32_e32 v0, v0, v2","",14
312935002753285,4294967295,14,"v_add_f32_e32 v0, v0, v2","",14
312935002753285,4294967295,14,"v_add_f32_e32 v0, v0, v2","",14
312935002760565,4294967295,14,"v_add_f32_e32 v0, v0, v2","",14
312935002760605,4294967295,14,"v_add_f32_e32 v0, v0, v2","",14
312935002760605,4294967295,14,"v_add_f32_e32 v0, v0, v2","",14
312935002760645,4294967295,14,"v_add_f32_e32 v0, v0, v2","",14
312935002759645,4294967295,14,"v_add_f32_e32 v0, v0, v2","",14
312935002759685,4294967295,14,"v_add_f32_e32 v0, v0, v2","",14
312935002759685,4294967295,14,"v_add_f32_e32 v0, v0, v2","",14
312935002759725,4294967295,14,"v_add_f32_e32 v0, v0, v2","",14
312935022685670,4294967295,27,"v_add_f32_e32 v0, v0, v2","",27
312935022685670,4294967295,27,"v_add_f32_e32 v0, v0, v2","",27
312935022688470,4294967295,27,"v_add_f32_e32 v0, v0, v2","",27
312935022685710,4294967295,27,"v_add_f32_e32 v0, v0, v2","",27
312935022695870,4294967295,27,"v_add_f32_e32 v0, v0, v3","",27
312935022695910,4294967295,27,"v_add_f32_e32 v0, v0, v2","",27
312935022695910,4294967295,27,"v_add_f32_e32 v0, v0, v2","",27
312935022698510,4294967295,27,"v_add_f32_e32 v0, v0, v2","",27
312935022698470,4294967295,27,"v_add_f32_e32 v0, v0, v2","",27
312935022698470,4294967295,27,"v_add_f32_e32 v0, v0, v2","",27
312935022698470,4294967295,27,"v_add_f32_e32 v0, v0, v2","",27
312935022698470,4294967295,27,"v_add_f32_e32 v0, v0, v2","",27
312935022698470,4294967295,27,"v_add_f32_e32 v0, v0, v2","",27
312935022700390,4294967295,27,"v_add_f32_e32 v0, v0, v2","",27
312935022700430,4294967295,27,"v_add_f32_e32 v0, v0, v2","",27
312935022700430,4294967295,27,"v_add_f32_e32 v0, v0, v2","",27
312935022700430,4294967295,27,"v_add_f32_e32 v0, v0, v2","",27
312935022700390,4294967295,27,"s_cbranch_execz 31","",27
312935022700430,4294967295,27,"s_cbranch_execz 31","",27
312935022700430,4294967295,27,"s_cbranch_execz 31","",27
312935022700430,4294967295,27,"v_add_f32_e32 v0, v0, v2","",27
312935022700470,4294967295,27,"v_add_f32_e32 v0, v0, v2","",27
312935022700470,4294967295,27,"v_add_f32_e32 v0, v0, v2","",27
312935022700510,4294967295,27,"v_add_f32_e32 v0, v0, v2","",27
312935022700510,4294967295,27,"v_add_f32_e32 v0, v0, v2","",27
312935022700390,4294967295,27,"v_add_f32_e32 v0, v0, v2","",27
312935022700430,4294967295,27,"v_add_f32_e32 v0, v0, v2","",27
312935022700430,4294967295,27,"v_add_f32_e32 v0, v0, v2","",27
312935022700430,4294967295,27,"v_add_f32_e32 v0, v0, v2","",27
312935022705310,4294967295,27,"v_add_f32_e32 v0, v0, v2","",27
312935022705350,4294967295,27,"v_add_f32_e32 v0, v0, v2","",27
312935022705350,4294967295,27,"v_add_f32_e32 v0, v0, v2","",27
312935022705390,4294967295,27,"v_add_f32_e32 v0, v0, v2","",27
312935022705390,4294967295,27,"v_add_f32_e32 v0, v0, v2","",27
312935022698510,4294967295,27,"v_add_f32_e32 v0, v0, v2","",27
312935022705310,4294967295,27,"v_add_f32_e32 v0, v0, v2","",27
312935022705350,4294967295,27,"v_add_f32_e32 v0, v0, v2","",27
312935022705350,4294967295,27,"v_add_f32_e32 v0, v0, v2","",27
312935022705390,4294967295,27,"v_add_f32_e32 v0, v0, v2","",27
312935022698510,4294967295,27,"v_add_f32_e32 v0, v0, v2","",27
312935022709790,4294967295,27,"v_add_f32_e32 v0, v0, v2","",27
312935022709790,4294967295,27,"v_add_f32_e32 v0, v0, v2","",27
312935022709830,4294967295,27,"v_add_f32_e32 v0, v0, v2","",27
312935022709830,4294967295,27,"v_add_f32_e32 v0, v0, v2","",27
312935022716350,4294967295,27,"v_add_f32_e32 v0, v0, v2","",27
312935022716350,4294967295,27,"v_add_f32_e32 v0, v0, v2","",27
312935022716390,4294967295,27,"v_add_f32_e32 v0, v0, v2","",27
312935022716390,4294967295,27,"v_add_f32_e32 v0, v0, v2","",27
312935022717990,4294967295,27,"v_add_f32_e32 v0, v0, v2","",27
312935022718030,4294967295,27,"v_add_f32_e32 v0, v0, v2","",27
312935022718030,4294967295,27,"v_add_f32_e32 v0, v0, v2","",27
312935022718070,4294967295,27,"v_add_f32_e32 v0, v0, v2","",27
312935022728670,4294967295,27,"v_add_f32_e32 v0, v0, v2","",27
312935022728710,4294967295,27,"v_add_f32_e32 v0, v0, v2","",27
312935022728710,4294967295,27,"v_add_f32_e32 v0, v0, v2","",27
312935022728750,4294967295,27,"v_add_f32_e32 v0, v0, v2","",27
312935022728150,4294967295,27,"v_add_f32_e32 v0, v0, v2","",27
312935022728190,4294967295,27,"v_add_f32_e32 v0, v0, v2","",27
312935022728190,4294967295,27,"v_add_f32_e32 v0, v0, v2","",27
312935022728190,4294967295,27,"v_add_f32_e32 v0, v0, v2","",27
312935022731150,4294967295,27,"v_add_f32_e32 v0, v0, v2","",27
312935022731110,4294967295,27,"v_add_f32_e32 v0, v0, v2","",27
312935022731150,4294967295,27,"v_add_f32_e32 v0, v0, v2","",27
312935022731150,4294967295,27,"v_add_f32_e32 v0, v0, v2","",27
312935022731190,4294967295,27,"v_add_f32_e32 v0, v0, v2","",27
312935022735470,4294967295,27,"v_add_f32_e32 v0, v0, v2","",27
312935022735470,4294967295,27,"v_add_f32_e32 v0, v0, v2","",27
312935022735470,4294967295,27,"v_add_f32_e32 v0, v0, v2","",27
312935022735510,4294967295,27,"v_add_f32_e32 v0, v0, v2","",27
312935022735470,4294967295,27,"v_add_f32_e32 v0, v0, v2","",27
312935022735470,4294967295,27,"v_add_f32_e32 v0, v0, v2","",27
312935022735510,4294967295,27,"v_add_f32_e32 v0, v0, v2","",27
312935022735950,4294967295,27,"v_add_f32_e32 v0, v0, v2","",27
312935022735990,4294967295,27,"v_add_f32_e32 v0, v0, v2","",27
312935022735990,4294967295,27,"v_add_f32_e32 v0, v0, v2","",27
312935022736030,4294967295,27,"v_add_f32_e32 v0, v0, v2","",27
312935022735510,4294967295,27,"v_add_f32_e32 v0, v0, v2","",27
312935022741430,4294967295,27,"v_add_f32_e32 v0, v0, v2","",27
312935022741470,4294967295,27,"v_add_f32_e32 v0, v0, v2","",27
312935022741470,4294967295,27,"v_add_f32_e32 v0, v0, v2","",27
312935022741510,4294967295,27,"v_add_f32_e32 v0, v0, v2","",27
312935022741470,4294967295,27,"v_add_f32_e32 v0, v0, v2","",27
312935022741470,4294967295,27,"v_add_f32_e32 v0, v0, v2","",27
312935022741510,4294967295,27,"v_add_f32_e32 v0, v0, v2","",27
312935022741510,4294967295,27,"v_add_f32_e32 v0, v0, v2","",27
312935022743710,4294967295,27,"v_add_f32_e32 v0, v0, v2","",27
312935022743750,4294967295,27,"v_add_f32_e32 v0, v0, v2","",27
312935022743750,4294967295,27,"v_add_f32_e32 v0, v0, v2","",27
312935022743790,4294967295,27,"v_add_f32_e32 v0, v0, v2","",27
312935022742390,4294967295,27,"v_add_f32_e32 v0, v0, v2","",27
312935022742430,4294967295,27,"v_add_f32_e32 v0, v0, v2","",27
312935022742430,4294967295,27,"v_add_f32_e32 v0, v0, v2","",27
312935022742470,4294967295,27,"v_add_f32_e32 v0, v0, v2","",27
312935022743750,4294967295,27,"v_add_f32_e32 v0, v0, v2","",27
312935022743750,4294967295,27,"v_add_f32_e32 v0, v0, v2","",27
312935022743750,4294967295,27,"v_add_f32_e32 v0, v0, v2","",27
312935022743790,4294967295,27,"v_add_f32_e32 v0, v0, v2","",27
312935022743790,4294967295,27,"v_add_f32_e32 v0, v0, v2","",27
312935022743750,4294967295,27,"v_add_f32_e32 v0, v0, v2","",27
312935022743790,4294967295,27,"v_add_f32_e32 v0, v0, v2","",27
312935022747030,4294967295,27,"v_add_f32_e32 v0, v0, v2","",27
312935022747030,4294967295,27,"v_add_f32_e32 v0, v0, v2","",27
312935022747030,4294967295,27,"v_add_f32_e32 v0, v0, v2","",27
312935022743790,4294967295,27,"v_add_f32_e32 v0, v0, v2","",27
312935022748550,4294967295,27,"v_add_f32_e32 v0, v0, v2","",27
312935022748550,4294967295,27,"v_add_f32_e32 v0, v0, v2","",27
312935022748590,4294967295,27,"v_add_f32_e32 v0, v0, v2","",27
312935022748590,4294967295,27,"v_add_f32_e32 v0, v0, v2","",27
312935022749630,4294967295,27,"v_add_f32_e32 v0, v0, v2","",27
312935022750951,4294967295,27,"v_add_f32_e32 v0, v0, v2","",27
312935022750991,4294967295,27,"v_add_f32_e32 v0, v0, v2","",27
312935022751031,4294967295,27,"v_add_f32_e32 v0, v0, v2","",27
312935022752431,4294967295,27,"v_add_f32_e32 v0, v0, v2","",27
312935022752471,4294967295,27,"v_add_f32_e32 v0, v0, v2","",27
312935022752471,4294967295,27,"v_add_f32_e32 v0, v0, v2","",27
312935022752511,4294967295,27,"v_add_f32_e32 v0, v0, v2","",27
312935032666642,4294967295,33,"v_add_f32_e32 v0, v0, v2","",33
312935032667962,4294967295,33,"v_add_f32_e32 v0, v0, v2","",33
312935032668322,4294967295,33,"v_add_f32_e32 v0, v0, v2","",33
312935032671922,4294967295,33,"v_add_f32_e32 v0, v0, v2","",33
312935032671882,4294967295,33,"v_add_f32_e32 v0, v0, v2","",33
312935032671922,4294967295,33,"v_add_f32_e32 v0, v0, v2","",33
312935032673562,4294967295,33,"v_add_f32_e32 v0, v0, v2","",33
312935032678963,4294967295,33,"v_add_f32_e32 v0, v0, v2","",33
312935032673562,4294967295,33,"v_add_f32_e32 v0, v0, v2","",33
312935032683243,4294967295,33,"v_add_f32_e32 v0, v0, v2","",33
312935032679683,4294967295,33,"v_add_f32_e32 v0, v0, v2","",33
312935032680643,4294967295,33,"v_add_f32_e32 v0, v0, v2","",33
312935032686043,4294967295,33,"v_add_f32_e32 v0, v0, v2","",33
312935032691763,4294967295,33,"v_add_f32_e32 v0, v0, v2","",33
312935032686843,4294967295,33,"v_add_f32_e32 v0, v0, v2","",33
312935032688283,4294967295,33,"v_add_f32_e32 v0, v0, v2","",33
312935032675082,4294967295,33,"v_add_f32_e32 v0, v0, v2","",33
312935032675443,4294967295,33,"v_add_f32_e32 v0, v0, v2","",33
312935032689203,4294967295,33,"v_add_f32_e32 v0, v0, v2","",33
312935032694483,4294967295,33,"v_add_f32_e32 v0, v0, v2","",33
312935032691723,4294967295,33,"v_add_f32_e32 v0, v0, v2","",33
312935032686843,4294967295,33,"v_add_f32_e32 v0, v0, v2","",33
312935032694483,4294967295,33,"v_add_f32_e32 v0, v0, v2","",33
312935032694523,4294967295,33,"v_add_f32_e32 v0, v0, v2","",33
312935032680323,4294967295,33,"v_add_f32_e32 v0, v0, v2","",33
312935032696523,4294967295,33,"v_add_f32_e32 v0, v0, v2","",33
312935032696563,4294967295,33,"v_add_f32_e32 v0, v0, v2","",33
312935032680643,4294967295,33,"v_add_f32_e32 v0, v0, v2","",33
312935032700043,4294967295,33,"v_add_f32_e32 v0, v0, v2","",33
312935032686883,4294967295,33,"v_add_f32_e32 v0, v0, v2","",33
312935032686883,4294967295,33,"v_add_f32_e32 v0, v0, v2","",33
312935032709283,4294967295,33,"v_add_f32_e32 v0, v0, v2","",33
312935032723003,4294967295,33,"v_add_f32_e32 v0, v0, v2","",33
312935032691723,4294967295,33,"v_add_f32_e32 v0, v0, v2","",33
312935032691763,4294967295,33,"v_add_f32_e32 v0, v0, v2","",33
312935032696563,4294967295,33,"v_add_f32_e32 v0, v0, v2","",33
312935032696603,4294967295,33,"v_add_f32_e32 v0, v0, v2","",33
312935032691163,4294967295,33,"v_add_f32_e32 v0, v0, v2","",33
312935032686603,4294967295,33,"v_add_f32_e32 v0, v0, v2","",33
312935032723003,4294967295,33,"v_add_f32_e32 v0, v0, v2","",33
312935032724123,4294967295,33,"v_add_f32_e32 v0, v0, v2","",33
312935032688923,4294967295,33,"v_add_f32_e32 v0, v0, v2","",33
312935032723043,4294967295,33,"v_add_f32_e32 v0, v0, v2","",33
312935032725323,4294967295,33,"v_add_f32_e32 v0, v0, v2","",33
312935032725363,4294967295,33,"v_add_f32_e32 v0, v0, v2","",33
312935032727003,4294967295,33,"v_add_f32_e32 v0, v0, v2","",33
312935032727003,4294967295,33,"v_add_f32_e32 v0, v0, v2","",33
312935032700083,4294967295,33,"v_add_f32_e32 v0, v0, v2","",33
312935032724123,4294967295,33,"v_add_f32_e32 v0, v0, v2","",33
312935032731403,4294967295,33,"v_add_f32_e32 v0, v0, v2","",33
312935032693483,4294967295,33,"v_add_f32_e32 v0, v0, v2","",33
312935032693843,4294967295,33,"v_add_f32_e32 v0, v0, v2","",33
312935032731443,4294967295,33,"v_add_f32_e32 v0, v0, v2","",33
312935032724123,4294967295,33,"v_add_f32_e32 v0, v0, v2","",33
312935032725363,4294967295,33,"v_add_f32_e32 v0, v0, v2","",33
312935032725403,4294967295,33,"v_add_f32_e32 v0, v0, v2","",33
312935032696283,4294967295,33,"v_add_f32_e32 v0, v0, v2","",33
312935032696803,4294967295,33,"v_add_f32_e32 v0, v0, v2","",33
312935032731403,4294967295,33,"v_add_f32_e32 v0, v0, v2","",33
312935032731443,4294967295,33,"v_add_f32_e32 v0, v0, v2","",33
312935032731443,4294967295,33,"v_add_f32_e32 v0, v0, v2","",33
312935032731483,4294967295,33,"v_add_f32_e32 v0, v0, v2","",33
312935032731403,4294967295,33,"v_add_f32_e32 v0, v0, v2","",33
312935032731443,4294967295,33,"v_add_f32_e32 v0, v0, v2","",33
312935032731443,4294967295,33,"v_add_f32_e32 v0, v0, v2","",33
312935032731483,4294967295,33,"v_add_f32_e32 v0, v0, v2","",33
312935032700323,4294967295,33,"v_add_f32_e32 v0, v0, v2","",33
312935032732643,4294967295,33,"v_add_f32_e32 v0, v0, v2","",33
312935032732683,4294967295,33,"v_add_f32_e32 v0, v0, v2","",33
312935032732683,4294967295,33,"v_add_f32_e32 v0, v0, v2","",33
312935032732723,4294967295,33,"v_add_f32_e32 v0, v0, v2","",33
312935032732643,4294967295,33,"v_add_f32_e32 v0, v0, v2","",33
312935032732683,4294967295,33,"v_add_f32_e32 v0, v0, v2","",33
312935032732683,4294967295,33,"v_add_f32_e32 v0, v0, v2","",33
312935032732723,4294967295,33,"v_add_f32_e32 v0, v0, v2","",33
312935032709283,4294967295,33,"v_add_f32_e32 v0, v0, v2","",33
312935032731403,4294967295,33,"v_add_f32_e32 v0, v0, v2","",33
312935032731443,4294967295,33,"v_add_f32_e32 v0, v0, v2","",33
312935032731443,4294967295,33,"v_add_f32_e32 v0, v0, v2","",33
312935032731483,4294967295,33,"v_add_f32_e32 v0, v0, v2","",33
312935032709323,4294967295,33,"v_add_f32_e32 v0, v0, v2","",33
312935032706363,4294967295,33,"v_add_f32_e32 v0, v0, v2","",33
312935032732643,4294967295,33,"v_add_f32_e32 v0, v0, v2","",33
312935032732683,4294967295,33,"v_add_f32_e32 v0, v0, v2","",33
312935032732683,4294967295,33,"v_add_f32_e32 v0, v0, v2","",33
312935032732723,4294967295,33,"v_add_f32_e32 v0, v0, v2","",33
312935032732643,4294967295,33,"v_add_f32_e32 v0, v0, v2","",33
312935032732683,4294967295,33,"v_add_f32_e32 v0, v0, v2","",33
312935032732683,4294967295,33,"v_add_f32_e32 v0, v0, v2","",33
312935032709883,4294967295,33,"v_add_f32_e32 v0, v0, v2","",33
312935032710323,4294967295,33,"v_add_f32_e32 v0, v0, v2","",33
312935032710683,4294967295,33,"v_add_f32_e32 v0, v0, v2","",33
312935032711443,4294967295,33,"v_add_f32_e32 v0, v0, v2","",33
312935032712203,4294967295,33,"v_add_f32_e32 v0, v0, v2","",33
312935032712643,0,33,"s_endpgm","",33
312935032713043,4294967295,33,"v_add_f32_e32 v0, v0, v2","",33
312935032734483,4294967295,33,"v_add_f32_e32 v0, v0, v2","",33
312935032734523,4294967295,33,"v_add_f32_e32 v0, v0, v2","",33
312935032723043,4294967295,33,"v_add_f32_e32 v0, v0, v2","",33
312935032734523,4294967295,33,"v_add_f32_e32 v0, v0, v2","",33
312935032734563,4294967295,33,"v_add_f32_e32 v0, v0, v2","",33
312935032715683,4294967295,33,"v_add_f32_e32 v0, v0, v2","",33
312935032723043,4294967295,33,"v_add_f32_e32 v0, v0, v2","",33
312935032723083,4294967295,33,"v_add_f32_e32 v0, v0, v2","",33
312935032718123,4294967295,33,"v_add_f32_e32 v0, v0, v2","",33
312935032718523,4294967295,33,"v_add_f32_e32 v0, v0, v2","",33
312935032737043,4294967295,33,"v_add_f32_e32 v0, v0, v2","",33
312935032737083,4294967295,33,"v_add_f32_e32 v0, v0, v2","",33
312935032737083,4294967295,33,"v_add_f32_e32 v0, v0, v2","",33
312935032731443,4294967295,33,"v_add_f32_e32 v0, v0, v2","",33
312935032731483,4294967295,33,"v_add_f32_e32 v0, v0, v2","",33
312935032737123,4294967295,33,"v_add_f32_e32 v0, v0, v2","",33
312935032739243,4294967295,33,"v_add_f32_e32 v0, v0, v2","",33
312935032739283,4294967295,33,"v_add_f32_e32 v0, v0, v2","",33
312935032739283,4294967295,33,"v_add_f32_e32 v0, v0, v2","",33
312935032739323,4294967295,33,"v_add_f32_e32 v0, v0, v2","",33
312935032724443,4294967295,33,"v_add_f32_e32 v0, v0, v2","",33
312935032724963,4294967295,33,"v_add_f32_e32 v0, v0, v2","",33
312935042705375,4294967295,39,"v_add_f32_e32 v0, v0, v2","",39
312935042705335,4294967295,39,"v_add_f32_e32 v0, v0, v2","",39
312935042705375,4294967295,39,"v_add_f32_e32 v0, v0, v2","",39
312935042705375,4294967295,39,"v_add_f32_e32 v0, v0, v2","",39
312935042717856,4294967295,39,"v_add_f32_e32 v0, v0, v2","",39
312935042717776,4294967295,39,"v_add_f32_e32 v0, v0, v2","",39
312935042717816,4294967295,39,"v_add_f32_e32 v0, v0, v2","",39
312935042717816,4294967295,39,"v_add_f32_e32 v0, v0, v2","",39
312935042727896,4294967295,39,"v_add_f32_e32 v0, v0, v2","",39
312935042727816,4294967295,39,"v_add_f32_e32 v0, v0, v2","",39
312935042727856,4294967295,39,"v_add_f32_e32 v0, v0, v2","",39
312935042727856,4294967295,39,"v_add_f32_e32 v0, v0, v2","",39
312935042727816,4294967295,39,"v_add_f32_e32 v0, v0, v2","",39
312935042727856,4294967295,39,"v_add_f32_e32 v0, v0, v2","",39
312935042727856,4294967295,39,"v_add_f32_e32 v0, v0, v2","",39
312935042727896,4294967295,39,"v_add_f32_e32 v0, v0, v2","",39
312935042727936,4294967295,39,"v_add_f32_e32 v0, v0, v2","",39
312935042727936,4294967295,39,"v_add_f32_e32 v0, v0, v2","",39
312935042727976,4294967295,39,"v_add_f32_e32 v0, v0, v2","",39
312935042727976,4294967295,39,"v_add_f32_e32 v0, v0, v2","",39
312935042727856,4294967295,39,"v_add_f32_e32 v0, v0, v2","",39
312935042727856,4294967295,39,"v_add_f32_e32 v0, v0, v2","",39
312935042727856,4294967295,39,"v_add_f32_e32 v0, v0, v2","",39
312935042727856,4294967295,39,"v_add_f32_e32 v0, v0, v2","",39
312935042727896,4294967295,39,"v_add_f32_e32 v0, v0, v2","",39
312935042727896,4294967295,39,"v_add_f32_e32 v0, v0, v2","",39
312935042727896,4294967295,39,"v_add_f32_e32 v0, v0, v2","",39
312935042730376,4294967295,39,"v_add_f32_e32 v0, v0, v2","",39
312935042730416,4294967295,39,"v_add_f32_e32 v0, v0, v2","",39
312935042730416,4294967295,39,"v_add_f32_e32 v0, v0, v2","",39
312935042730456,4294967295,39,"v_add_f32_e32 v0, v0, v2","",39
312935042727896,4294967295,39,"v_add_f32_e32 v0, v0, v2","",39
312935042732536,4294967295,39,"v_add_f32_e32 v0, v0, v2","",39
312935042732536,4294967295,39,"v_add_f32_e32 v0, v0, v2","",39
312935042732576,4294967295,39,"v_add_f32_e32 v0, v0, v2","",39
312935042732576,4294967295,39,"v_add_f32_e32 v0, v0, v2","",39
312935042732536,4294967295,39,"v_add_f32_e32 v0, v0, v2","",39
312935042732536,4294967295,39,"v_add_f32_e32 v0, v0, v2","",39
312935042732576,4294967295,39,"v_add_f32_e32 v0, v0, v2","",39
312935042732576,4294967295,39,"v_add_f32_e32 v0, v0, v2","",39
312935042732536,4294967295,39,"v_add_f32_e32 v0, v0, v2","",39
312935042732536,4294967295,39,"v_add_f32_e32 v0, v0, v2","",39
312935042732576,4294967295,39,"v_add_f32_e32 v0, v0, v2","",39
312935042732576,4294967295,39,"v_add_f32_e32 v0, v0, v2","",39
312935042732536,4294967295,39,"v_add_f32_e32 v0, v0, v2","",39
312935042732536,4294967295,39,"v_add_f32_e32 v0, v0, v2","",39
312935042732576,4294967295,39,"v_add_f32_e32 v0, v0, v2","",39
312935042732576,4294967295,39,"v_add_f32_e32 v0, v0, v2","",39
312935042733176,4294967295,39,"v_add_f32_e32 v0, v0, v2","",39
312935042733176,4294967295,39,"v_add_f32_e32 v0, v0, v2","",39
312935042733216,4294967295,39,"v_add_co_u32 v0, vcc_lo, s2, v0","",39
312935042733216,4294967295,39,"v_add_f32_e32 v0, v0, v2","",39
312935042733176,4294967295,39,"v_add_f32_e32 v0, v0, v2","",39
312935042733216,4294967295,39,"v_add_f32_e32 v0, v0, v2","",39
312935042733216,4294967295,39,"v_add_f32_e32 v0, v0, v2","",39
312935042733216,4294967295,39,"v_add_f32_e32 v0, v0, v2","",39
312935042737976,4294967295,39,"v_add_f32_e32 v0, v0, v2","",39
312935042737976,4294967295,39,"v_add_f32_e32 v0, v0, v2","",39
312935042738016,4294967295,39,"v_add_f32_e32 v0, v0, v2","",39
312935042738016,4294967295,39,"v_add_f32_e32 v0, v0, v2","",39
312935042744176,4294967295,39,"v_add_f32_e32 v0, v0, v2","",39
312935042744176,4294967295,39,"v_add_f32_e32 v0, v0, v3","",39
312935042744216,4294967295,39,"s_wait_loadcnt 0x0","",39
312935042744216,4294967295,39,"v_add_f32_e32 v0, v0, v2","",39
312935042751656,4294967295,39,"v_add_f32_e32 v0, v0, v2","",39
312935042751696,4294967295,39,"v_add_f32_e32 v0, v0, v2","",39
312935042751696,4294967295,39,"v_add_f32_e32 v0, v0, v2","",39
312935042753336,4294967295,39,"v_add_f32_e32 v0, v0, v2","",39
312935042753336,4294967295,39,"v_add_f32_e32 v0, v0, v2","",39
312935042753376,4294967295,39,"v_add_f32_e32 v0, v0, v2","",39
312935042753376,4294967295,39,"v_add_f32_e32 v0, v0, v2","",39
312935042757736,4294967295,39,"v_add_f32_e32 v0, v0, v2","",39
312935042757776,4294967295,39,"v_add_f32_e32 v0, v0, v2","",39
312935042757776,4294967295,39,"v_add_f32_e32 v0, v0, v2","",39
312935042757816,4294967295,39,"v_add_f32_e32 v0, v0, v2","",39
312935042777256,4294967295,39,"v_add_f32_e32 v0, v0, v2","",39
312935042777296,4294967295,39,"v_add_f32_e32 v0, v0, v2","",39
312935042777296,4294967295,39,"v_add_f32_e32 v0, v0, v2","",39
312935042777296,4294967295,39,"v_add_f32_e32 v0, v0, v2","",39
312935042777776,4294967295,39,"v_add_f32_e32 v0, v0, v2","",39
312935042777816,4294967295,39,"v_add_f32_e32 v0, v0, v2","",39
312935042777816,4294967295,39,"v_add_f32_e32 v0, v0, v2","",39
312935042777816,4294967295,39,"v_add_f32_e32 v0, v0, v2","",39
312935042775616,4294967295,39,"v_add_f32_e32 v0, v0, v2","",39
312935042775656,4294967295,39,"v_add_f32_e32 v0, v0, v2","",39
312935042775656,4294967295,39,"v_add_f32_e32 v0, v0, v2","",39
312935042775696,4294967295,39,"v_add_f32_e32 v0, v0, v2","",39
312935042777776,4294967295,39,"v_add_f32_e32 v0, v0, v2","",39
312935042777816,4294967295,39,"v_add_f32_e32 v0, v0, v2","",39
312935042777816,4294967295,39,"v_add_f32_e32 v0, v0, v2","",39
312935042757736,4294967295,39,"v_add_f32_e32 v0, v0, v2","",39
312935042757816,4294967295,39,"v_add_f32_e32 v0, v0, v2","",39
312935042757856,4294967295,39,"v_add_f32_e32 v0, v0, v2","",39
312935042757856,4294967295,39,"v_add_f32_e32 v0, v0, v2","",39
312935042766216,4294967295,39,"v_add_f32_e32 v0, v0, v2","",39
312935042766216,4294967295,39,"v_add_f32_e32 v0, v0, v2","",39
312935042766256,4294967295,39,"v_add_f32_e32 v0, v0, v2","",39
312935042766256,4294967295,39,"v_add_f32_e32 v0, v0, v2","",39
312935042777816,4294967295,39,"v_add_f32_e32 v0, v0, v2","",39
312935042757736,4294967295,39,"v_add_f32_e32 v0, v0, v2","",39
312935042757776,4294967295,39,"v_add_f32_e32 v0, v0, v2","",39
312935042757776,4294967295,39,"v_add_f32_e32 v0, v0, v2","",39
312935042757816,4294967295,39,"v_add_f32_e32 v0, v0, v2","",39
312935042766736,4294967295,39,"v_add_f32_e32 v0, v0, v2","",39
312935042766736,4294967295,39,"v_add_f32_e32 v0, v0, v2","",39
312935042782456,4294967295,39,"v_add_f32_e32 v0, v0, v2","",39
312935042775696,4294967295,39,"v_add_f32_e32 v0, v0, v2","",39
312935042775736,4294967295,39,"v_add_f32_e32 v0, v0, v2","",39
312935042775736,4294967295,39,"v_add_f32_e32 v0, v0, v2","",39
312935042775776,4294967295,39,"v_add_f32_e32 v0, v0, v2","",39
312935042782456,4294967295,39,"v_add_f32_e32 v0, v0, v2","",39
312935042782496,4294967295,39,"v_add_f32_e32 v0, v0, v2","",39
312935042782496,4294967295,39,"v_add_f32_e32 v0, v0, v2","",39
312935042765336,4294967295,39,"v_add_f32_e32 v0, v0, v2","",39
312935042765336,4294967295,39,"v_add_f32_e32 v0, v0, v2","",39
312935042765376,4294967295,39,"v_add_f32_e32 v0, v0, v2","",39
312935042765376,4294967295,39,"v_add_f32_e32 v0, v0, v2","",39
312935042775096,4294967295,39,"v_add_f32_e32 v0, v0, v2","",39
312935042775136,4294967295,39,"v_add_f32_e32 v0, v0, v2","",39
312935042775136,4294967295,39,"v_add_f32_e32 v0, v0, v2","",39
312935042775176,4294967295,39,"v_add_f32_e32 v0, v0, v2","",39
312935042782536,4294967295,39,"v_add_f32_e32 v0, v0, v2","",39
312935042782536,4294967295,39,"v_add_f32_e32 v0, v0, v2","",39
312935042782576,4294967295,39,"v_add_f32_e32 v0, v0, v2","",39
312935042782576,4294967295,39,"v_add_f32_e32 v0, v0, v2","",39
312935052715148,4294967295,46,"v_add_f32_e32 v0, v0, v2","",46
312935052715148,4294967295,46,"v_add_f32_e32 v0, v0, v2","",46
312935052698308,4294967295,46,"v_add_f32_e32 v0, v0, v2","",46
312935052698308,4294967295,46,"v_add_f32_e32 v0, v0, v2","",46
312935052698348,4294967295,46,"v_add_f32_e32 v0, v0, v2","",46
312935052698348,4294967295,46,"v_add_f32_e32 v0, v0, v2","",46
312935052705868,4294967295,46,"v_add_f32_e32 v0, v0, v2","",46
312935052705868,4294967295,46,"v_add_f32_e32 v0, v0, v2","",46
312935052705908,4294967295,46,"v_add_f32_e32 v0, v0, v2","",46
312935052705908,4294967295,46,"v_add_f32_e32 v0, v0, v2","",46
312935052711588,4294967295,46,"v_add_f32_e32 v0, v0, v2","",46
312935052711628,4294967295,46,"v_add_f32_e32 v0, v0, v2","",46
312935052714308,4294967295,46,"v_add_f32_e32 v0, v0, v2","",46
312935052714308,4294967295,46,"v_add_f32_e32 v0, v0, v2","",46
312935052714308,4294967295,46,"v_add_f32_e32 v0, v0, v2","",46
312935052714348,4294967295,46,"v_add_f32_e32 v0, v0, v2","",46
312935052718548,4294967295,46,"s_cbranch_execz 31","",46
312935052723268,4294967295,46,"v_add_f32_e32 v0, v0, v2","",46
312935052723268,4294967295,46,"v_add_f32_e32 v0, v0, v2","",46
312935052723228,4294967295,46,"v_add_f32_e32 v0, v0, v2","",46
312935052723228,4294967295,46,"v_add_f32_e32 v0, v0, v2","",46
312935052718588,4294967295,46,"v_add_f32_e32 v0, v0, v2","",46
312935052711628,4294967295,46,"v_add_f32_e32 v0, v0, v2","",46
312935052723748,4294967295,46,"v_add_f32_e32 v0, v0, v2","",46
312935052711628,4294967295,46,"v_add_f32_e32 v0, v0, v2","",46
312935052722068,4294967295,46,"v_add_f32_e32 v0, v0, v2","",46
312935052722108,4294967295,46,"v_add_f32_e32 v0, v0, v2","",46
312935052722148,4294967295,46,"v_add_f32_e32 v0, v0, v2","",46
312935052722108,4294967295,46,"v_add_f32_e32 v0, v0, v2","",46
312935052726948,4294967295,46,"v_add_f32_e32 v0, v0, v2","",46
312935052718548,4294967295,46,"s_cbranch_execz 31","",46
312935052726948,4294967295,46,"v_add_f32_e32 v0, v0, v2","",46
312935052718548,4294967295,46,"v_add_f32_e32 v0, v0, v2","",46
312935052726988,4294967295,46,"v_add_f32_e32 v0, v0, v2","",46
312935052726988,4294967295,46,"v_add_f32_e32 v0, v0, v2","",46
312935052723748,4294967295,46,"v_add_f32_e32 v0, v0, v2","",46
312935052723788,4294967295,46,"v_add_f32_e32 v0, v0, v2","",46
312935052723788,4294967295,46,"v_add_f32_e32 v0, v0, v2","",46
312935052732868,4294967295,46,"v_add_f32_e32 v0, v0, v2","",46
312935052732868,4294967295,46,"v_add_f32_e32 v0, v0, v2","",46
312935052732908,4294967295,46,"v_add_f32_e32 v0, v0, v2","",46
312935052732908,4294967295,46,"v_add_f32_e32 v0, v0, v2","",46
312935052732868,4294967295,46,"v_add_f32_e32 v0, v0, v2","",46
312935052732868,4294967295,46,"v_add_f32_e32 v0, v0, v2","",46
312935052734548,4294967295,46,"v_add_f32_e32 v0, v0, v2","",46
312935052734588,4294967295,46,"v_add_f32_e32 v0, v0, v2","",46
312935052734588,4294967295,46,"v_add_f32_e32 v0, v0, v2","",46
312935052734628,4294967295,46,"v_add_f32_e32 v0, v0, v2","",46
312935052740548,4294967295,46,"v_add_f32_e32 v0, v0, v2","",46
312935052740588,4294967295,46,"v_add_f32_e32 v0, v0, v2","",46
312935052740588,4294967295,46,"v_add_f32_e32 v0, v0, v2","",46
312935052740628,4294967295,46,"v_add_f32_e32 v0, v0, v2","",46
312935052745909,4294967295,46,"v_add_f32_e32 v0, v0, v2","",46
312935052745909,4294967295,46,"v_add_f32_e32 v0, v0, v2","",46
312935052745909,4294967295,46,"v_add_f32_e32 v0, v0, v2","",46
312935052745949,4294967295,46,"v_add_f32_e32 v0, v0, v2","",46
312935052750069,4294967295,46,"v_add_f32_e32 v0, v0, v2","",46
312935052750069,4294967295,46,"v_add_f32_e32 v0, v0, v2","",46
312935052750109,4294967295,46,"v_add_f32_e32 v0, v0, v2","",46
312935052750109,4294967295,46,"v_add_f32_e32 v0, v0, v2","",46
312935052748749,4294967295,46,"v_add_f32_e32 v0, v0, v2","",46
312935052748829,4294967295,46,"v_add_f32_e32 v0, v0, v2","",46
312935052748869,4294967295,46,"v_add_f32_e32 v0, v0, v2","",46
312935052748869,4294967295,46,"v_add_f32_e32 v0, v0, v2","",46
312935052754669,4294967295,46,"v_add_f32_e32 v0, v0, v2","",46
312935052754709,4294967295,46,"v_add_f32_e32 v0, v0, v2","",46
312935052754709,4294967295,46,"v_add_f32_e32 v0, v0, v2","",46
312935052754749,4294967295,46,"v_add_f32_e32 v0, v0, v2","",46
312935052757309,4294967295,46,"v_add_f32_e32 v0, v0, v2","",46
312935052757349,4294967295,46,"v_add_f32_e32 v0, v0, v2","",46
312935052757349,4294967295,46,"v_add_f32_e32 v0, v0, v2","",46
312935052757389,4294967295,46,"v_add_f32_e32 v0, v0, v2","",46
312935052760989,4294967295,46,"v_add_f32_e32 v0, v0, v2","",46
312935052760989,4294967295,46,"v_add_f32_e32 v0, v0, v2","",46
312935052760989,4294967295,46,"v_add_f32_e32 v0, v0, v2","",46
312935052761509,4294967295,46,"v_add_f32_e32 v0, v0, v2","",46
312935052761509,4294967295,46,"v_add_f32_e32 v0, v0, v2","",46
312935052761549,4294967295,46,"v_add_f32_e32 v0, v0, v2","",46
312935052761549,4294967295,46,"v_add_f32_e32 v0, v0, v2","",46
312935052764789,4294967295,46,"v_add_f32_e32 v0, v0, v2","",46
312935052764829,4294967295,46,"v_add_f32_e32 v0, v0, v2","",46
312935052764829,4294967295,46,"v_add_f32_e32 v0, v0, v2","",46
312935052764869,4294967295,46,"v_add_f32_e32 v0, v0, v2","",46
312935052767949,4294967295,46,"v_add_f32_e32 v0, v0, v2","",46
312935052767949,4294967295,46,"v_add_f32_e32 v0, v0, v2","",46
312935052767989,4294967295,46,"v_add_f32_e32 v0, v0, v2","",46
312935052767989,4294967295,46,"v_add_f32_e32 v0, v0, v2","",46
312935052767989,4294967295,46,"v_add_f32_e32 v0, v0, v2","",46
312935052771949,4294967295,46,"v_add_f32_e32 v0, v0, v2","",46
312935052771989,4294967295,46,"v_add_f32_e32 v0, v0, v2","",46
312935052771989,4294967295,46,"v_add_f32_e32 v0, v0, v2","",46
312935052771989,4294967295,46,"v_add_f32_e32 v0, v0, v2","",46
312935052774029,4294967295,46,"v_add_f32_e32 v0, v0, v2","",46
312935052773549,4294967295,46,"v_add_f32_e32 v0, v0, v2","",46
312935052773549,4294967295,46,"v_add_f32_e32 v0, v0, v2","",46
312935052773589,4294967295,46,"v_add_f32_e32 v0, v0, v2","",46
312935052773589,4294967295,46,"v_add_f32_e32 v0, v0, v2","",46
312935052775269,4294967295,46,"v_add_f32_e32 v0, v0, v2","",46
312935052775309,4294967295,46,"v_add_f32_e32 v0, v0, v2","",46
312935052775309,4294967295,46,"v_add_f32_e32 v0, v0, v2","",46
312935052775349,4294967295,46,"v_add_f32_e32 v0, v0, v2","",46
312935052775989,4294967295,46,"v_add_f32_e32 v0, v0, v2","",46
312935052776029,4294967295,46,"v_add_f32_e32 v0, v0, v2","",46
312935052776029,4294967295,46,"v_add_f32_e32 v0, v0, v2","",46
312935052776069,4294967295,46,"v_add_f32_e32 v0, v0, v2","",46
312935052779069,4294967295,46,"v_add_f32_e32 v0, v0, v2","",46
312935052779589,4294967295,46,"v_add_f32_e32 v0, v0, v2","",46
312935052779069,4294967295,46,"v_add_f32_e32 v0, v0, v2","",46
312935052779109,4294967295,46,"v_add_f32_e32 v0, v0, v2","",46
312935052779109,4294967295,46,"v_add_f32_e32 v0, v0, v2","",46
312935052779629,4294967295,46,"v_add_f32_e32 v0, v0, v2","",46
312935052779629,4294967295,46,"v_add_f32_e32 v0, v0, v2","",46
312935052779669,4294967295,46,"v_add_f32_e32 v0, v0, v2","",46
312935052785909,4294967295,46,"v_add_f32_e32 v0, v0, v2","",46
312935052785949,4294967295,46,"v_add_f32_e32 v0, v0, v2","",46
312935052785949,4294967295,46,"v_add_f32_e32 v0, v0, v2","",46
312935052785989,4294967295,46,"v_add_f32_e32 v0, v0, v2","",46
312935062693681,4294967295,52,"v_add_f32_e32 v0, v0, v2","",52
312935062705921,4294967295,52,"v_add_f32_e32 v0, v0, v2","",52
312935062694681,4294967295,52,"v_add_f32_e32 v0, v0, v2","",52
312935062699681,4294967295,52,"v_add_f32_e32 v0, v0, v2","",52
312935062700641,4294967295,52,"v_add_f32_e32 v0, v0, v2","",52
312935062702321,4294967295,52,"v_add_f32_e32 v0, v0, v2","",52
312935062707921,4294967295,52,"v_add_f32_e32 v0, v0, v2","",52
312935062701561,4294967295,52,"v_add_f32_e32 v0, v0, v2","",52
312935062703881,4294967295,52,"v_add_f32_e32 v0, v0, v2","",52
312935062703721,4294967295,52,"v_add_f32_e32 v0, v0, v2","",52
312935062703881,4294967295,52,"v_add_f32_e32 v0, v0, v2","",52
312935062701601,4294967295,52,"v_add_f32_e32 v0, v0, v2","",52
312935062701601,4294967295,52,"v_add_f32_e32 v0, v0, v2","",52
312935062700681,4294967295,52,"v_add_f32_e32 v0, v0, v2","",52
312935062700681,4294967295,52,"v_add_f32_e32 v0, v0, v2","",52
312935062703761,4294967295,52,"v_add_f32_e32 v0, v0, v2","",52
312935062712321,4294967295,52,"v_add_f32_e32 v0, v0, v2","",52
312935062720401,4294967295,52,"v_add_f32_e32 v0, v0, v2","",52
312935062737641,4294967295,52,"v_add_f32_e32 v0, v0, v2","",52
312935062715241,4294967295,52,"v_add_f32_e32 v0, v0, v2","",52
312935062717641,4294967295,52,"v_add_f32_e32 v0, v0, v2","",52
312935062717601,4294967295,52,"v_add_f32_e32 v0, v0, v2","",52
312935062720401,4294967295,52,"v_add_f32_e32 v0, v0, v2","",52
312935062712361,4294967295,52,"v_add_f32_e32 v0, v0, v2","",52
312935062717601,4294967295,52,"v_add_f32_e32 v0, v0, v2","",52
312935062717641,4294967295,52,"v_add_f32_e32 v0, v0, v2","",52
312935062720401,4294967295,52,"v_add_f32_e32 v0, v0, v2","",52
312935062720401,4294967295,52,"v_add_f32_e32 v0, v0, v2","",52
312935062732241,4294967295,52,"v_add_f32_e32 v0, v0, v2","",52
312935062727921,4294967295,52,"v_add_f32_e32 v0, v0, v2","",52
312935062715281,4294967295,52,"v_add_f32_e32 v0, v0, v2","",52
312935062727961,4294967295,52,"v_add_f32_e32 v0, v0, v2","",52
312935062727961,4294967295,52,"v_add_f32_e32 v0, v0, v2","",52
312935062728001,4294967295,52,"v_add_f32_e32 v0, v0, v2","",52
312935062736001,4294967295,52,"v_add_f32_e32 v0, v0, v2","",52
312935062720441,4294967295,52,"v_add_f32_e32 v0, v0, v2","",52
312935062720441,4294967295,52,"v_add_f32_e32 v0, v0, v2","",52
312935062732241,4294967295,52,"v_add_f32_e32 v0, v0, v2","",52
312935062740281,4294967295,52,"v_add_f32_e32 v0, v0, v2","",52
312935062736041,4294967295,52,"v_add_f32_e32 v0, v0, v2","",52
312935062736041,4294967295,52,"v_add_f32_e32 v0, v0, v2","",52
312935062736081,4294967295,52,"v_add_f32_e32 v0, v0, v2","",52
312935062737681,4294967295,52,"v_add_f32_e32 v0, v0, v2","",52
312935062746881,4294967295,52,"v_add_f32_e32 v0, v0, v2","",52
312935062746881,4294967295,52,"v_add_f32_e32 v0, v0, v2","",52
312935062746921,4294967295,52,"v_add_f32_e32 v0, v0, v2","",52
312935062715041,4294967295,52,"v_add_f32_e32 v0, v0, v2","",52
312935062715441,4294967295,52,"v_add_f32_e32 v0, v0, v2","",52
312935062748521,4294967295,52,"v_add_f32_e32 v0, v0, v2","",52
312935062748521,4294967295,52,"v_add_f32_e32 v0, v0, v2","",52
312935062749401,4294967295,52,"v_add_f32_e32 v0, v0, v2","",52
312935062720441,4294967295,52,"v_add_f32_e32 v0, v0, v2","",52
312935062720441,4294967295,52,"v_add_f32_e32 v0, v0, v2","",52
312935062748521,4294967295,52,"v_add_f32_e32 v0, v0, v2","",52
312935062718201,4294967295,52,"v_mad_co_u64_u32 v[0:1], null, s4, ttmp9, v[0:1]","",52
312935062718601,4294967295,52,"v_add_f32_e32 v0, v0, v2","",52
312935062732281,4294967295,52,"v_add_f32_e32 v0, v0, v2","",52
312935062740281,4294967295,52,"v_add_f32_e32 v0, v0, v2","",52
312935062750321,4294967295,52,"v_add_f32_e32 v0, v0, v2","",52
312935062732281,4294967295,52,"v_add_f32_e32 v0, v0, v2","",52
312935062737681,4294967295,52,"v_add_f32_e32 v0, v0, v2","",52
312935062737721,4294967295,52,"v_add_f32_e32 v0, v0, v2","",52
312935062748521,4294967295,52,"v_add_f32_e32 v0, v0, v2","",52
312935062748561,4294967295,52,"v_add_f32_e32 v0, v0, v2","",52
312935062748561,4294967295,52,"v_add_f32_e32 v0, v0, v2","",52
312935062740281,4294967295,52,"v_add_f32_e32 v0, v0, v2","",52
312935062740321,4294967295,52,"v_add_f32_e32 v0, v0, v2","",52
312935062753481,4294967295,52,"v_add_f32_e32 v0, v0, v2","",52
312935062753521,4294967295,52,"v_add_f32_e32 v0, v0, v2","",52
312935062748521,4294967295,52,"v_add_f32_e32 v0, v0, v2","",52
312935062748561,4294967295,52,"v_add_f32_e32 v0, v0, v2","",52
312935062753521,4294967295,52,"v_add_f32_e32 v0, v0, v2","",52
312935062753521,4294967295,52,"v_add_f32_e32 v0, v0, v2","",52
312935062754521,4294967295,52,"v_add_f32_e32 v0, v0, v2","",52
312935062757961,4294967295,52,"v_add_f32_e32 v0, v0, v2","",52
312935062756321,4294967295,52,"v_add_f32_e32 v0, v0, v2","",52
312935062756361,4294967295,52,"v_add_f32_e32 v0, v0, v2","",52
312935062756361,4294967295,52,"v_add_f32_e32 v0, v0, v2","",52
312935062756401,4294967295,52,"v_add_f32_e32 v0, v0, v2","",52
312935062754001,4294967295,52,"v_add_f32_e32 v0, v0, v2","",52
312935062759321,4294967295,52,"v_add_f32_e32 v0, v0, v2","",52
312935062758001,4294967295,52,"v_add_f32_e32 v0, v0, v2","",52
312935062759361,4294967295,52,"v_add_f32_e32 v0, v0, v2","",52
312935062759321,4294967295,52,"v_add_f32_e32 v0, v0, v2","",52
312935062760681,4294967295,52,"v_add_f32_e32 v0, v0, v2","",52
312935062754001,4294967295,52,"v_add_f32_e32 v0, v0, v2","",52
312935062749441,4294967295,52,"v_add_f32_e32 v0, v0, v2","",52
312935062760681,4294967295,52,"v_add_f32_e32 v0, v0, v2","",52
312935062759361,4294967295,52,"v_add_f32_e32 v0, v0, v2","",52
312935062759361,4294967295,52,"v_add_f32_e32 v0, v0, v2","",52
312935062759361,4294967295,52,"v_add_f32_e32 v0, v0, v2","",52
312935062749441,4294967295,52,"v_add_f32_e32 v0, v0, v2","",52
312935062749481,4294967295,52,"v_add_f32_e32 v0, v0, v2","",52
312935062758001,4294967295,52,"v_add_f32_e32 v0, v0, v2","",52
312935062758041,4294967295,52,"v_add_f32_e32 v0, v0, v2","",52
312935062754041,4294967295,52,"v_add_f32_e32 v0, v0, v2","",52
312935062754041,4294967295,52,"v_add_f32_e32 v0, v0, v2","",52
312935062760721,4294967295,52,"v_add_f32_e32 v0, v0, v2","",52
312935062760721,4294967295,52,"v_add_f32_e32 v0, v0, v2","",52
312935062740521,4294967295,52,"v_add_f32_e32 v0, v0, v2","",52
312935062740921,4294967295,52,"v_add_f32_e32 v0, v0, v2","",52
312935062759361,4294967295,52,"v_add_f32_e32 v0, v0, v2","",52
312935062759401,4294967295,52,"v_add_f32_e32 v0, v0, v2","",52
312935062754521,4294967295,52,"v_add_f32_e32 v0, v0, v2","",52
312935062754561,4294967295,52,"v_add_f32_e32 v0, v0, v2","",52
312935062754561,4294967295,52,"v_add_f32_e32 v0, v0, v2","",52
312935062750321,4294967295,52,"v_add_f32_e32 v0, v0, v2","",52
312935062770681,4294967295,52,"v_mad_co_u64_u32 v[0:1], null, s4, ttmp9, v[0:1]","",52
312935062770681,4294967295,52,"s_wait_loadcnt 0x0","",52
312935062772201,4294967295,52,"v_add_f32_e32 v0, v0, v2","",52
312935062772201,4294967295,52,"v_add_f32_e32 v0, v0, v2","",52
312935062772241,4294967295,52,"v_add_f32_e32 v0, v0, v2","",52
312935062772241,4294967295,52,"v_add_f32_e32 v0, v0, v2","",52
312935062750361,4294967295,52,"v_add_f32_e32 v0, v0, v2","",52
312935062750361,4294967295,52,"v_add_f32_e32 v0, v0, v2","",52
312935062747881,4294967295,52,"v_add_f32_e32 v0, v0, v2","",52
312935062748241,4294967295,52,"v_add_f32_e32 v0, v0, v2","",52
312935062780722,4294967295,52,"v_add_f32_e32 v0, v0, v2","",52
312935062780762,4294967295,52,"v_add_f32_e32 v0, v0, v2","",52
312935062780762,4294967295,52,"v_add_f32_e32 v0, v0, v2","",52
312935062780802,4294967295,52,"v_add_f32_e32 v0, v0, v2","",52
312935062796762,4294967295,52,"v_add_f32_e32 v0, v0, v2","",52
312935062796762,4294967295,52,"v_add_f32_e32 v0, v0, v2","",52
312935062796802,4294967295,52,"v_add_f32_e32 v0, v0, v2","",52
312935062796802,4294967295,52,"v_add_f32_e32 v0, v0, v2","",52
312935072723334,4294967295,58,"v_add_f32_e32 v0, v0, v2","",58
312935072722974,4294967295,58,"v_add_f32_e32 v0, v0, v2","",58
312935072723014,4294967295,58,"v_add_f32_e32 v0, v0, v2","",58
312935072722974,4294967295,58,"v_add_f32_e32 v0, v0, v2","",58
312935072744654,4294967295,58,"v_add_f32_e32 v0, v0, v2","",58
312935072744614,4294967295,58,"v_add_f32_e32 v0, v0, v2","",58
312935072747854,4294967295,58,"v_add_f32_e32 v0, v0, v2","",58
312935072747814,4294967295,58,"v_add_f32_e32 v0, v0, v2","",58
312935072747814,4294967295,58,"v_add_f32_e32 v0, v0, v2","",58
312935072747854,4294967295,58,"v_add_f32_e32 v0, v0, v2","",58
312935072750694,4294967295,58,"v_add_f32_e32 v0, v0, v2","",58
312935072750774,4294967295,58,"v_add_f32_e32 v0, v0, v2","",58
312935072750734,4294967295,58,"v_add_f32_e32 v0, v0, v2","",58
312935072750734,4294967295,58,"v_add_f32_e32 v0, v0, v2","",58
312935072752654,4294967295,58,"v_add_f32_e32 v0, v0, v2","",58
312935072752694,4294967295,58,"v_add_f32_e32 v0, v0, v2","",58
312935072752694,4294967295,58,"v_add_f32_e32 v0, v0, v2","",58
312935072752734,4294967295,58,"v_add_f32_e32 v0, v0, v2","",58
312935072752654,4294967295,58,"v_add_f32_e32 v0, v0, v2","",58
312935072752694,4294967295,58,"v_add_f32_e32 v0, v0, v2","",58
312935072752694,4294967295,58,"v_add_f32_e32 v0, v0, v2","",58
312935072752734,4294967295,58,"v_add_f32_e32 v0, v0, v2","",58
312935072756414,4294967295,58,"v_add_f32_e32 v0, v0, v2","",58
312935072756454,4294967295,58,"v_add_f32_e32 v0, v0, v2","",58
312935072756374,4294967295,58,"v_add_f32_e32 v0, v0, v2","",58
312935072756494,4294967295,58,"v_add_f32_e32 v0, v0, v2","",58
312935072756414,4294967295,58,"v_add_f32_e32 v0, v0, v2","",58
312935072756454,4294967295,58,"v_add_f32_e32 v0, v0, v2","",58
312935072756494,4294967295,58,"v_add_f32_e32 v0, v0, v2","",58
312935072756534,4294967295,58,"v_add_f32_e32 v0, v0, v2","",58
312935072756414,4294967295,58,"v_mad_co_u64_u32 v[0:1], null, s4, ttmp9, v[0:1]","",58
312935072756414,4294967295,58,"v_add_f32_e32 v0, v0, v2","",58
312935072756454,4294967295,58,"v_add_f32_e32 v0, v0, v2","",58
312935072756454,4294967295,58,"v_add_f32_e32 v0, v0, v2","",58
312935072756414,4294967295,58,"v_add_f32_e32 v0, v0, v2","",58
312935072756414,4294967295,58,"v_add_f32_e32 v0, v0, v2","",58
312935072756454,4294967295,58,"v_add_f32_e32 v0, v0, v2","",58
312935072756454,4294967295,58,"v_add_f32_e32 v0, v0, v2","",58
312935072757414,4294967295,58,"v_add_f32_e32 v0, v0, v2","",58
312935072757454,4294967295,58,"v_add_f32_e32 v0, v0, v2","",58
312935072757454,4294967295,58,"v_add_f32_e32 v0, v0, v2","",58
312935072757494,4294967295,58,"v_add_f32_e32 v0, v0, v2","",58
312935072756414,4294967295,58,"v_add_f32_e32 v0, v0, v2","",58
312935072757294,4294967295,58,"v_add_f32_e32 v0, v0, v2","",58
312935072757374,4294967295,58,"v_add_f32_e32 v0, v0, v2","",58
312935072757374,4294967295,58,"v_add_f32_e32 v0, v0, v2","",58
312935072757414,4294967295,58,"v_add_f32_e32 v0, v0, v2","",58
312935072757294,4294967295,58,"v_add_f32_e32 v0, v0, v2","",58
312935072757334,4294967295,58,"v_add_f32_e32 v0, v0, v2","",58
312935072757334,4294967295,58,"v_add_f32_e32 v0, v0, v2","",58
312935072757334,4294967295,58,"v_add_f32_e32 v0, v0, v2","",58
312935072757294,4294967295,58,"v_add_f32_e32 v0, v0, v2","",58
312935072757294,4294967295,58,"v_add_f32_e32 v0, v0, v2","",58
312935072757334,4294967295,58,"v_add_f32_e32 v0, v0, v2","",58
312935072757334,4294967295,58,"v_add_f32_e32 v0, v0, v2","",58
312935072759374,4294967295,58,"s_and_b32 exec_lo, exec_lo, vcc_lo","",58
312935072759374,4294967295,58,"v_add_f32_e32 v0, v0, v2","",58
312935072759414,4294967295,58,"v_add_f32_e32 v0, v0, v2","",58
312935072759414,4294967295,58,"v_add_f32_e32 v0, v0, v2","",58
312935072756414,4294967295,58,"v_add_f32_e32 v0, v0, v2","",58
312935072765854,4294967295,58,"v_add_f32_e32 v0, v0, v2","",58
312935072765854,4294967295,58,"v_add_f32_e32 v0, v0, v2","",58
312935072765894,4294967295,58,"v_add_f32_e32 v0, v0, v2","",58
312935072765894,4294967295,58,"v_add_f32_e32 v0, v0, v2","",58
312935072769574,4294967295,58,"v_add_f32_e32 v0, v0, v2","",58
312935072769614,4294967295,58,"v_add_f32_e32 v0, v0, v2","",58
312935072756454,4294967295,58,"v_add_f32_e32 v0, v0, v2","",58
312935072756454,4294967295,58,"v_add_f32_e32 v0, v0, v2","",58
312935072769614,4294967295,58,"v_add_f32_e32 v0, v0, v2","",58
312935072780854,4294967295,58,"v_add_f32_e32 v0, v0, v2","",58
312935072780894,4294967295,58,"v_add_f32_e32 v0, v0, v2","",58
312935072780894,4294967295,58,"v_add_f32_e32 v0, v0, v2","",58
312935072780934,4294967295,58,"v_add_f32_e32 v0, v0, v2","",58
312935072769614,4294967295,58,"v_add_f32_e32 v0, v0, v2","",58
312935072785854,4294967295,58,"v_add_f32_e32 v0, v0, v2","",58
312935072785854,4294967295,58,"v_add_f32_e32 v0, v0, v2","",58
312935072785894,4294967295,58,"v_add_f32_e32 v0, v0, v2","",58
312935072785894,4294967295,58,"v_add_f32_e32 v0, v0, v2","",58
312935072784574,4294967295,58,"v_add_f32_e32 v0, v0, v2","",58
312935072784614,4294967295,58,"v_add_f32_e32 v0, v0, v2","",58
312935072784614,4294967295,58,"v_add_f32_e32 v0, v0, v2","",58
312935072784654,4294967295,58,"v_add_f32_e32 v0, v0, v2","",58
312935072786334,4294967295,58,"v_add_f32_e32 v0, v0, v2","",58
312935072786374,4294967295,58,"v_add_f32_e32 v0, v0, v2","",58
312935072786374,4294967295,58,"v_add_f32_e32 v0, v0, v2","",58
312935072786334,4294967295,58,"v_add_f32_e32 v0, v0, v2","",58
312935072786374,4294967295,58,"v_add_f32_e32 v0, v0, v2","",58
312935072786374,4294967295,58,"v_add_f32_e32 v0, v0, v2","",58
312935072786414,4294967295,58,"v_add_f32_e32 v0, v0, v2","",58
312935072786334,4294967295,58,"v_add_f32_e32 v0, v0, v2","",58
312935072786374,4294967295,58,"v_add_f32_e32 v0, v0, v2","",58
312935072786374,4294967295,58,"v_add_f32_e32 v0, v0, v2","",58
312935072786414,4294967295,58,"v_add_f32_e32 v0, v0, v2","",58
312935072786414,4294967295,58,"v_add_f32_e32 v0, v0, v2","",58
312935072794454,4294967295,58,"v_add_f32_e32 v0, v0, v2","",58
312935072794454,4294967295,58,"v_add_f32_e32 v0, v0, v2","",58
312935072794494,4294967295,58,"v_add_f32_e32 v0, v0, v2","",58
312935072794494,4294967295,58,"v_add_f32_e32 v0, v0, v2","",58
312935072795334,4294967295,58,"v_add_f32_e32 v0, v0, v2","",58
312935072795334,4294967295,58,"v_add_f32_e32 v0, v0, v2","",58
312935072795374,4294967295,58,"v_add_f32_e32 v0, v0, v2","",58
312935072795374,4294967295,58,"v_add_f32_e32 v0, v0, v2","",58
312935072796214,4294967295,58,"v_add_f32_e32 v0, v0, v2","",58
312935072796214,4294967295,58,"v_add_f32_e32 v0, v0, v2","",58
312935072796254,4294967295,58,"v_add_f32_e32 v0, v0, v2","",58
312935072796254,4294967295,58,"v_add_f32_e32 v0, v0, v2","",58
312935072796294,4294967295,58,"v_add_f32_e32 v0, v0, v2","",58
312935072796254,4294967295,58,"v_add_f32_e32 v0, v0, v2","",58
312935072796254,4294967295,58,"v_add_f32_e32 v0, v0, v2","",58
312935072796294,4294967295,58,"v_add_f32_e32 v0, v0, v2","",58
312935072796214,4294967295,58,"v_add_f32_e32 v0, v0, v2","",58
312935072796254,4294967295,58,"v_add_f32_e32 v0, v0, v2","",58
312935072796254,4294967295,58,"v_add_f32_e32 v0, v0, v2","",58
312935072796294,4294967295,58,"v_add_f32_e32 v0, v0, v2","",58
312935072803814,4294967295,58,"v_add_f32_e32 v0, v0, v2","",58
312935072807214,4294967295,58,"v_add_f32_e32 v0, v0, v2","",58
312935072807254,4294967295,58,"v_add_f32_e32 v0, v0, v2","",58
312935072807254,4294967295,58,"v_add_f32_e32 v0, v0, v2","",58
312935072807294,4294967295,58,"v_add_f32_e32 v0, v0, v2","",58
312935072803854,4294967295,58,"v_add_f32_e32 v0, v0, v2","",58
312935072803854,4294967295,58,"v_add_f32_e32 v0, v0, v2","",58
312935072803894,4294967295,58,"v_add_f32_e32 v0, v0, v2","",58
312935072809334,4294967295,58,"v_add_f32_e32 v0, v0, v2","",58
312935072809334,4294967295,58,"v_add_f32_e32 v0, v0, v2","",58
312935072809374,4294967295,58,"v_add_f32_e32 v0, v0, v2","",58
312935072809374,4294967295,58,"v_add_f32_e32 v0, v0, v2","",58
312935082714226,4294967295,65,"v_add_f32_e32 v0, v0, v2","",65
312935082707626,4294967295,65,"v_add_f32_e32 v0, v0, v2","",65
312935082716826,4294967295,65,"v_add_f32_e32 v0, v0, v2","",65
312935082707346,4294967295,65,"v_add_f32_e32 v0, v0, v2","",65
312935082719386,4294967295,65,"v_add_f32_e32 v0, v0, v2","",65
312935082710706,4294967295,65,"v_add_f32_e32 v0, v0, v2","",65
312935082718786,4294967295,65,"v_add_f32_e32 v0, v0, v2","",65
312935082719426,4294967295,65,"v_add_f32_e32 v0, v0, v2","",65
312935082723746,4294967295,65,"v_add_f32_e32 v0, v0, v2","",65
312935082720066,4294967295,65,"v_add_f32_e32 v0, v0, v2","",65
312935082708466,4294967295,65,"v_add_f32_e32 v0, v0, v2","",65
312935082716346,4294967295,65,"v_add_f32_e32 v0, v0, v2","",65
312935082717626,4294967295,65,"v_add_f32_e32 v0, v0, v2","",65
312935082712266,4294967295,65,"v_add_f32_e32 v0, v0, v2","",65
312935082710466,4294967295,65,"v_add_f32_e32 v0, v0, v2","",65
312935082710826,4294967295,65,"v_add_f32_e32 v0, v0, v2","",65
312935082739627,4294967295,65,"v_add_f32_e32 v0, v0, v2","",65
312935082720066,4294967295,65,"v_add_f32_e32 v0, v0, v2","",65
312935082716386,4294967295,65,"v_add_f32_e32 v0, v0, v2","",65
312935082712586,4294967295,65,"v_add_f32_e32 v0, v0, v2","",65
312935082723946,4294967295,65,"v_add_f32_e32 v0, v0, v2","",65
312935082729106,4294967295,65,"v_add_f32_e32 v0, v0, v2","",65
312935082728626,4294967295,65,"v_add_f32_e32 v0, v0, v2","",65
312935082731066,4294967295,65,"v_add_f32_e32 v0, v0, v2","",65
312935082723866,4294967295,65,"v_add_f32_e32 v0, v0, v2","",65
312935082716386,4294967295,65,"v_add_f32_e32 v0, v0, v2","",65
312935082735106,4294967295,65,"v_add_f32_e32 v0, v0, v2","",65
312935082735146,4294967295,65,"v_add_f32_e32 v0, v0, v2","",65
312935082737147,4294967295,65,"v_add_f32_e32 v0, v0, v2","",65
312935082717666,4294967295,65,"v_add_f32_e32 v0, v0, v2","",65
312935082728626,4294967295,65,"v_add_f32_e32 v0, v0, v2","",65
312935082743347,4294967295,65,"v_add_f32_e32 v0, v0, v2","",65
312935082743387,4294967295,65,"v_add_f32_e32 v0, v0, v2","",65
312935082725746,4294967295,65,"v_add_f32_e32 v0, v0, v2","",65
312935082720106,4294967295,65,"v_add_f32_e32 v0, v0, v2","",65
312935082723786,4294967295,65,"v_add_f32_e32 v0, v0, v2","",65
312935082720306,4294967295,65,"v_add_f32_e32 v0, v0, v2","",65
312935082720706,4294967295,65,"v_add_f32_e32 v0, v0, v2","",65
312935082729146,4294967295,65,"v_add_f32_e32 v0, v0, v2","",65
312935082728666,4294967295,65,"v_add_f32_e32 v0, v0, v2","",65
312935082728666,4294967295,65,"v_add_f32_e32 v0, v0, v2","",65
312935082722306,4294967295,65,"v_add_f32_e32 v0, v0, v2","",65
312935082739667,4294967295,65,"v_add_f32_e32 v0, v0, v2","",65
312935082753307,4294967295,65,"v_add_f32_e32 v0, v0, v2","",65
312935082764227,4294967295,65,"v_add_f32_e32 v0, v0, v2","",65
312935082724706,4294967295,65,"v_add_f32_e32 v0, v0, v2","",65
312935082724906,4294967295,65,"v_add_f32_e32 v0, v0, v2","",65
312935082725306,4294967295,65,"v_add_f32_e32 v0, v0, v2","",65
312935082753307,4294967295,65,"v_add_f32_e32 v0, v0, v2","",65
312935082753307,4294967295,65,"v_add_f32_e32 v0, v0, v2","",65
312935082753347,4294967295,65,"v_add_f32_e32 v0, v0, v2","",65
312935082764227,4294967295,65,"v_add_f32_e32 v0, v0, v2","",65
312935082735146,4294967295,65,"v_add_f32_e32 v0, v0, v2","",65
312935082735186,4294967295,65,"v_add_f32_e32 v0, v0, v2","",65
312935082737187,4294967295,65,"v_add_f32_e32 v0, v0, v2","",65
312935082728866,4294967295,65,"v_add_f32_e32 v0, v0, v2","",65
312935082739667,4294967295,65,"v_add_f32_e32 v0, v0, v2","",65
312935082739707,4294967295,65,"v_add_f32_e32 v0, v0, v2","",65
312935082764267,4294967295,65,"v_add_f32_e32 v0, v0, v2","",65
312935082766147,4294967295,65,"v_add_f32_e32 v0, v0, v2","",65
312935082766187,4294967295,65,"v_add_f32_e32 v0, v0, v2","",65
312935082766187,4294967295,65,"v_add_f32_e32 v0, v0, v2","",65
312935082766187,4294967295,65,"v_add_f32_e32 v0, v0, v2","",65
312935082732866,4294967295,65,"v_add_f32_e32 v0, v0, v2","",65
312935082764267,4294967295,65,"v_add_f32_e32 v0, v0, v2","",65
312935082764267,4294967295,65,"v_add_f32_e32 v0, v0, v2","",65
312935082768867,4294967295,65,"v_add_f32_e32 v0, v0, v2","",65
312935082734346,4294967295,65,"v_add_f32_e32 v0, v0, v2","",65
312935082764307,4294967295,65,"v_add_f32_e32 v0, v0, v2","",65
312935082735386,4294967295,65,"v_add_f32_e32 v0, v0, v2","",65
312935082735747,4294967295,65,"v_add_f32_e32 v0, v0, v2","",65
312935082736107,4294967295,65,"v_add_f32_e32 v0, v0, v2","",65
312935082773067,4294967295,65,"v_add_f32_e32 v0, v0, v2","",65
312935082773627,4294967295,65,"v_add_f32_e32 v0, v0, v2","",65
312935082773627,4294967295,65,"v_add_f32_e32 v0, v0, v2","",65
312935082738227,4294967295,65,"v_add_f32_e32 v0, v0, v2","",65
312935082738627,4294967295,65,"v_add_f32_e32 v0, v0, v2","",65
312935082764267,4294967295,65,"v_add_f32_e32 v0, v0, v2","",65
312935082740067,4294967295,65,"v_add_f32_e32 v0, v0, v2","",65
312935082740427,4294967295,65,"v_add_f32_e32 v0, v0, v2","",65
312935082764307,4294967295,65,"v_add_f32_e32 v0, v0, v2","",65
312935082741587,4294967295,65,"v_add_f32_e32 v0, v0, v2","",65
312935082741947,4294967295,65,"v_add_f32_e32 v0, v0, v2","",65
312935082776187,4294967295,65,"v_add_f32_e32 v0, v0, v2","",65
312935082776187,4294967295,65,"v_add_f32_e32 v0, v0, v2","",65
312935082776187,4294967295,65,"v_add_f32_e32 v0, v0, v2","",65
312935082776227,4294967295,65,"v_add_f32_e32 v0, v0, v2","",65
312935082776227,4294967295,65,"v_add_f32_e32 v0, v0, v2","",65
312935082745907,4294967295,65,"v_add_f32_e32 v0, v0, v2","",65
312935082773667,4294967295,65,"v_add_f32_e32 v0, v0, v2","",65
312935082773667,4294967295,65,"v_add_f32_e32 v0, v0, v2","",65
312935082747067,4294967295,65,"v_add_f32_e32 v0, v0, v2","",65
312935082768867,4294967295,65,"v_add_f32_e32 v0, v0, v2","",65
312935082782507,4294967295,65,"v_add_f32_e32 v0, v0, v2","",65
312935082782547,4294967295,65,"v_add_f32_e32 v0, v0, v2","",65
312935082782547,4294967295,65,"v_add_f32_e32 v0, v0, v2","",65
312935082782587,4294967295,65,"v_add_f32_e32 v0, v0, v2","",65
312935082773107,4294967295,65,"v_add_f32_e32 v0, v0, v2","",65
312935082773107,4294967295,65,"v_add_f32_e32 v0, v0, v2","",65
312935082751907,4294967295,65,"v_add_f32_e32 v0, v0, v2","",65
312935082752267,4294967295,65,"v_add_f32_e32 v0, v0, v2","",65
312935082768907,4294967295,65,"v_add_f32_e32 v0, v0, v2","",65
312935082768907,4294967295,65,"v_add_f32_e32 v0, v0, v2","",65
312935082773147,4294967295,65,"v_add_f32_e32 v0, v0, v2","",65
312935082755067,4294967295,65,"v_add_f32_e32 v0, v0, v2","",65
312935082776227,4294967295,65,"v_add_f32_e32 v0, v0, v2","",65
312935082757627,4294967295,65,"v_add_f32_e32 v0, v0, v2","",65
312935082787267,4294967295,65,"v_add_f32_e32 v0, v0, v2","",65
312935082787307,4294967295,65,"v_add_f32_e32 v0, v0, v2","",65
312935082787307,4294967295,65,"v_add_f32_e32 v0, v0, v2","",65
312935082787307,4294967295,65,"v_add_f32_e32 v0, v0, v2","",65
312935082776227,4294967295,65,"v_add_f32_e32 v0, v0, v2","",65
312935082776227,4294967295,65,"v_add_f32_e32 v0, v0, v2","",65
312935082762867,4294967295,65,"v_add_f32_e32 v0, v0, v2","",65
312935082763987,4294967295,65,"v_add_f32_e32 v0, v0, v2","",65
312935082792507,4294967295,65,"v_add_f32_e32 v0, v0, v2","",65
312935082792547,4294967295,65,"v_add_f32_e32 v0, v0, v2","",65
312935082792547,4294967295,65,"v_add_f32_e32 v0, v0, v2","",65
312935082792587,4294967295,65,"v_add_f32_e32 v0, v0, v2","",65
312935082795667,4294967295,65,"v_add_f32_e32 v0, v0, v2","",65
312935082795667,4294967295,65,"v_add_f32_e32 v0, v0, v2","",65
312935082795707,4294967295,65,"v_add_f32_e32 v0, v0, v2","",65
312935082795707,4294967295,65,"v_add_f32_e32 v0, v0, v2","",65
312935082801467,4294967295,65,"v_add_f32_e32 v0, v0, v2","",65
312935082801507,4294967295,65,"v_add_f32_e32 v0, v0, v2","",65
312935082801507,4294967295,65,"v_add_f32_e32 v0, v0, v2","",65
312935092740559,4294967295,71,"v_add_f32_e32 v0, v0, v2","",71
312935092740599,4294967295,71,"v_add_f32_e32 v0, v0, v2","",71
312935092740599,4294967295,71,"v_add_f32_e32 v0, v0, v2","",71
312935092740639,4294967295,71,"v_add_f32_e32 v0, v0, v2","",71
312935092743839,4294967295,71,"v_add_f32_e32 v0, v0, v2","",71
312935092743839,4294967295,71,"v_add_f32_e32 v0, v0, v2","",71
312935092743879,4294967295,71,"v_add_f32_e32 v0, v0, v2","",71
312935092744239,4294967295,71,"v_add_f32_e32 v0, v0, v2","",71
312935092752319,4294967295,71,"v_add_f32_e32 v0, v0, v2","",71
312935092752359,4294967295,71,"v_add_f32_e32 v0, v0, v2","",71
312935092752359,4294967295,71,"v_add_f32_e32 v0, v0, v2","",71
312935092752399,4294967295,71,"v_add_f32_e32 v0, v0, v2","",71
312935092752319,4294967295,71,"v_add_f32_e32 v0, v0, v2","",71
312935092752359,4294967295,71,"v_add_f32_e32 v0, v0, v2","",71
312935092752359,4294967295,71,"v_add_f32_e32 v0, v0, v2","",71
312935092752399,4294967295,71,"v_add_f32_e32 v0, v0, v2","",71
312935092755919,4294967295,71,"v_add_f32_e32 v0, v0, v2","",71
312935092755879,4294967295,71,"v_add_f32_e32 v0, v0, v2","",71
312935092755919,4294967295,71,"v_add_f32_e32 v0, v0, v2","",71
312935092755879,4294967295,71,"v_add_f32_e32 v0, v0, v2","",71
312935092752359,4294967295,71,"s_load_b64 s[2:3], s[0:1], 0x0","",71
312935092752399,4294967295,71,"v_add_co_u32 v0, vcc_lo, s2, v0","",71
312935092752359,4294967295,71,"s_wait_kmcnt 0x0","",71
312935092752399,4294967295,71,"v_add_f32_e32 v0, v0, v2","",71
312935092762959,4294967295,71,"v_add_f32_e32 v0, v0, v2","",71
312935092762919,4294967295,71,"v_add_f32_e32 v0, v0, v2","",71
312935092762879,4294967295,71,"v_add_f32_e32 v0, v0, v2","",71
312935092762919,4294967295,71,"v_add_f32_e32 v0, v0, v2","",71
312935092762879,4294967295,71,"v_add_f32_e32 v0, v0, v2","",71
312935092762919,4294967295,71,"v_add_f32_e32 v0, v0, v2","",71
312935092762919,4294967295,71,"v_add_f32_e32 v0, v0, v2","",71
312935092762959,4294967295,71,"v_add_f32_e32 v0, v0, v2","",71
312935092761119,4294967295,71,"v_add_f32_e32 v0, v0, v2","",71
312935092761079,4294967295,71,"v_add_f32_e32 v0, v0, v2","",71
312935092761079,4294967295,71,"v_add_f32_e32 v0, v0, v2","",71
312935092761119,4294967295,71,"v_add_f32_e32 v0, v0, v2","",71
312935092770280,4294967295,71,"v_add_f32_e32 v0, v0, v2","",71
312935092770280,4294967295,71,"v_add_f32_e32 v0, v0, v2","",71
312935092770320,4294967295,71,"v_add_f32_e32 v0, v0, v2","",71
312935092770320,4294967295,71,"v_add_f32_e32 v0, v0, v2","",71
312935092770280,4294967295,71,"v_add_f32_e32 v0, v0, v2","",71
312935092770280,4294967295,71,"v_add_f32_e32 v0, v0, v2","",71
312935092770320,4294967295,71,"v_add_f32_e32 v0, v0, v2","",71
312935092770320,4294967295,71,"v_add_f32_e32 v0, v0, v2","",71
312935092774440,4294967295,71,"v_add_f32_e32 v0, v0, v2","",71
312935092774440,4294967295,71,"v_add_f32_e32 v0, v0, v2","",71
312935092774480,4294967295,71,"v_add_f32_e32 v0, v0, v2","",71
312935092774480,4294967295,71,"v_add_f32_e32 v0, v0, v2","",71
312935092774440,4294967295,71,"v_add_f32_e32 v0, v0, v2","",71
312935092774440,4294967295,71,"v_add_f32_e32 v0, v0, v2","",71
312935092774480,4294967295,71,"v_add_f32_e32 v0, v0, v2","",71
312935092774480,4294967295,71,"v_add_f32_e32 v0, v0, v2","",71
312935092779800,4294967295,71,"v_add_f32_e32 v0, v0, v2","",71
312935092779840,4294967295,71,"v_add_f32_e32 v0, v0, v2","",71
312935092779840,4294967295,71,"v_add_f32_e32 v0, v0, v2","",71
312935092779880,4294967295,71,"v_add_f32_e32 v0, v0, v2","",71
312935092782000,4294967295,71,"v_add_f32_e32 v0, v0, v2","",71
312935092782040,4294967295,71,"v_add_f32_e32 v0, v0, v2","",71
312935092782040,4294967295,71,"v_add_f32_e32 v0, v0, v2","",71
312935092782080,4294967295,71,"v_add_f32_e32 v0, v0, v2","",71
312935092782880,4294967295,71,"v_add_f32_e32 v0, v0, v2","",71
312935092782920,4294967295,71,"v_add_f32_e32 v0, v0, v2","",71
312935092782920,4294967295,71,"v_add_f32_e32 v0, v0, v2","",71
312935092782960,4294967295,71,"v_add_f32_e32 v0, v0, v2","",71
312935092783760,4294967295,71,"v_add_f32_e32 v0, v0, v2","",71
312935092783800,4294967295,71,"v_add_f32_e32 v0, v0, v2","",71
312935092783800,4294967295,71,"v_add_f32_e32 v0, v0, v2","",71
312935092783840,4294967295,71,"v_add_f32_e32 v0, v0, v2","",71
312935092788320,4294967295,71,"v_add_f32_e32 v0, v0, v2","",71
312935092788360,4294967295,71,"v_add_f32_e32 v0, v0, v2","",71
312935092788360,4294967295,71,"v_add_f32_e32 v0, v0, v2","",71
312935092788400,4294967295,71,"v_add_f32_e32 v0, v0, v2","",71
312935092793240,4294967295,71,"v_add_f32_e32 v0, v0, v2","",71
312935092793280,4294967295,71,"v_add_f32_e32 v0, v0, v2","",71
312935092793280,4294967295,71,"v_add_f32_e32 v0, v0, v2","",71
312935092793320,4294967295,71,"v_add_f32_e32 v0, v0, v2","",71
312935092796960,4294967295,71,"v_add_f32_e32 v0, v0, v2","",71
312935092797000,4294967295,71,"v_add_f32_e32 v0, v0, v2","",71
312935092797000,4294967295,71,"v_add_f32_e32 v0, v0, v2","",71
312935092797040,4294967295,71,"v_add_f32_e32 v0, v0, v2","",71
312935092796960,4294967295,71,"v_add_f32_e32 v0, v0, v2","",71
312935092797000,4294967295,71,"v_add_f32_e32 v0, v0, v2","",71
312935092797000,4294967295,71,"v_add_f32_e32 v0, v0, v2","",71
312935092797040,4294967295,71,"v_add_f32_e32 v0, v0, v2","",71
312935092799680,4294967295,71,"v_add_f32_e32 v0, v0, v2","",71
312935092799160,4294967295,71,"v_add_f32_e32 v0, v0, v2","",71
312935092799200,4294967295,71,"v_add_f32_e32 v0, v0, v2","",71
312935092799200,4294967295,71,"v_add_f32_e32 v0, v0, v2","",71
312935092799240,4294967295,71,"v_add_f32_e32 v0, v0, v2","",71
312935092799720,4294967295,71,"v_add_f32_e32 v0, v0, v2","",71
312935092799720,4294967295,71,"v_add_f32_e32 v0, v0, v2","",71
312935092799760,4294967295,71,"v_add_f32_e32 v0, v0, v2","",71
312935092800200,4294967295,71,"v_add_f32_e32 v0, v0, v2","",71
312935092800240,4294967295,71,"v_add_f32_e32 v0, v0, v2","",71
312935092800240,4294967295,71,"v_add_f32_e32 v0, v0, v2","",71
312935092800280,4294967295,71,"v_add_f32_e32 v0, v0, v2","",71
312935092806920,4294967295,71,"v_add_f32_e32 v0, v0, v2","",71
312935092807440,4294967295,71,"v_add_f32_e32 v0, v0, v2","",71
312935092806920,4294967295,71,"v_add_f32_e32 v0, v0, v2","",71
312935092806960,4294967295,71,"v_add_f32_e32 v0, v0, v2","",71
312935092807440,4294967295,71,"v_add_f32_e32 v0, v0, v2","",71
312935092806960,4294967295,71,"v_add_f32_e32 v0, v0, v2","",71
312935092808480,4294967295,71,"v_add_f32_e32 v0, v0, v2","",71
312935092808480,4294967295,71,"v_add_f32_e32 v0, v0, v2","",71
312935092808520,4294967295,71,"v_add_f32_e32 v0, v0, v2","",71
312935092808520,4294967295,71,"v_add_f32_e32 v0, v0, v2","",71
312935092809360,4294967295,71,"v_add_f32_e32 v0, v0, v2","",71
312935092809360,4294967295,71,"v_add_f32_e32 v0, v0, v2","",71
312935092809360,4294967295,71,"v_add_f32_e32 v0, v0, v2","",71
312935092809400,4294967295,71,"v_add_f32_e32 v0, v0, v2","",71
312935092809360,4294967295,71,"v_add_f32_e32 v0, v0, v2","",71
312935092809400,4294967295,71,"v_add_f32_e32 v0, v0, v2","",71
312935092809400,4294967295,71,"v_add_f32_e32 v0, v0, v2","",71
312935092809400,4294967295,71,"v_add_f32_e32 v0, v0, v2","",71
312935092811240,4294967295,71,"v_add_f32_e32 v0, v0, v2","",71
312935092811280,4294967295,71,"v_add_f32_e32 v0, v0, v2","",71
312935092811280,4294967295,71,"v_add_f32_e32 v0, v0, v2","",71
312935092811320,4294967295,71,"v_add_f32_e32 v0, v0, v2","",71
312935092821280,4294967295,71,"v_add_f32_e32 v0, v0, v2","",71
312935092821280,4294967295,71,"v_add_f32_e32 v0, v0, v2","",71
312935092821320,4294967295,71,"v_add_f32_e32 v0, v0, v2","",71
312935092821320,4294967295,71,"v_add_f32_e32 v0, v0, v2","",71
312935102743932,4294967295,77,"v_add_f32_e32 v0, v0, v2","",77
312935102743972,4294967295,77,"v_add_f32_e32 v0, v0, v2","",77
312935102744012,4294967295,77,"v_add_f32_e32 v0, v0, v2","",77
312935102743972,4294967295,77,"v_add_f32_e32 v0, v0, v2","",77
312935102752332,4294967295,77,"v_add_f32_e32 v0, v0, v2","",77
312935102752372,4294967295,77,"v_add_f32_e32 v0, v0, v2","",77
312935102752332,4294967295,77,"v_add_f32_e32 v0, v0, v2","",77
312935102752372,4294967295,77,"v_add_f32_e32 v0, v0, v2","",77
312935102759932,4294967295,77,"v_add_f32_e32 v0, v0, v2","",77
312935102759932,4294967295,77,"v_add_f32_e32 v0, v0, v2","",77
312935102765012,4294967295,77,"v_add_f32_e32 v0, v0, v2","",77
312935102765012,4294967295,77,"v_add_f32_e32 v0, v0, v2","",77
312935102765052,4294967295,77,"v_add_f32_e32 v0, v0, v2","",77
312935102765052,4294967295,77,"v_add_f32_e32 v0, v0, v2","",77
312935102765012,4294967295,77,"v_add_f32_e32 v0, v0, v2","",77
312935102765052,4294967295,77,"v_add_f32_e32 v0, v0, v2","",77
312935102765052,4294967295,77,"v_add_co_u32 v0, vcc_lo, s2, v0","",77
312935102765092,4294967295,77,"v_add_f32_e32 v0, v0, v2","",77
312935102766972,0,77,"s_cbranch_execz 9","",77
312935102766972,4294967295,77,"v_add_f32_e32 v0, v0, v2","",77
312935102767012,4294967295,77,"v_add_f32_e32 v0, v0, v2","",77
312935102766892,4294967295,77,"v_add_f32_e32 v0, v0, v2","",77
312935102766892,4294967295,77,"v_add_f32_e32 v0, v0, v2","",77
312935102766932,4294967295,77,"v_add_f32_e32 v0, v0, v2","",77
312935102766932,4294967295,77,"v_add_f32_e32 v0, v0, v2","",77
312935102772892,4294967295,77,"v_add_f32_e32 v0, v0, v2","",77
312935102772892,4294967295,77,"v_add_f32_e32 v0, v0, v2","",77
312935102772932,4294967295,77,"v_add_f32_e32 v0, v0, v2","",77
312935102775372,4294967295,77,"v_add_f32_e32 v0, v0, v2","",77
312935102772892,4294967295,77,"v_add_f32_e32 v0, v0, v2","",77
312935102775372,4294967295,77,"v_add_f32_e32 v0, v0, v2","",77
312935102775372,4294967295,77,"v_add_f32_e32 v0, v0, v2","",77
312935102775412,4294967295,77,"v_add_f32_e32 v0, v0, v2","",77
312935102775372,4294967295,77,"v_add_f32_e32 v0, v0, v2","",77
312935102775372,4294967295,77,"v_add_f32_e32 v0, v0, v2","",77
312935102775412,4294967295,77,"v_add_f32_e32 v0, v0, v2","",77
312935102772932,4294967295,77,"v_add_f32_e32 v0, v0, v2","",77
312935102772892,4294967295,77,"v_add_f32_e32 v0, v0, v2","",77
312935102772932,4294967295,77,"v_add_f32_e32 v0, v0, v2","",77
312935102777212,4294967295,77,"v_add_f32_e32 v0, v0, v2","",77
312935102777252,4294967295,77,"v_add_f32_e32 v0, v0, v2","",77
312935102777252,4294967295,77,"v_add_f32_e32 v0, v0, v2","",77
312935102778172,4294967295,77,"v_add_f32_e32 v0, v0, v2","",77
312935102778172,4294967295,77,"v_add_f32_e32 v0, v0, v2","",77
312935102778212,4294967295,77,"v_add_f32_e32 v0, v0, v2","",77
312935102778212,4294967295,77,"v_add_f32_e32 v0, v0, v2","",77
312935102778172,4294967295,77,"v_add_f32_e32 v0, v0, v2","",77
312935102778212,4294967295,77,"v_add_f32_e32 v0, v0, v2","",77
312935102778172,4294967295,77,"v_add_f32_e32 v0, v0, v2","",77
312935102778212,4294967295,77,"v_add_f32_e32 v0, v0, v2","",77
312935102778212,4294967295,77,"v_add_f32_e32 v0, v0, v2","",77
312935102778252,4294967295,77,"v_add_f32_e32 v0, v0, v2","",77
312935102778212,4294967295,77,"v_add_f32_e32 v0, v0, v2","",77
312935102778252,4294967295,77,"v_add_f32_e32 v0, v0, v2","",77
312935102778172,4294967295,77,"v_add_f32_e32 v0, v0, v2","",77
312935102778212,4294967295,77,"v_add_f32_e32 v0, v0, v2","",77
312935102778212,4294967295,77,"v_add_f32_e32 v0, v0, v2","",77
312935102778252,4294967295,77,"v_add_f32_e32 v0, v0, v2","",77
312935102760292,4294967295,77,"v_add_f32_e32 v0, v0, v2","",77
312935102782652,4294967295,77,"v_add_f32_e32 v0, v0, v2","",77
312935102782692,4294967295,77,"v_add_f32_e32 v0, v0, v2","",77
312935102782692,4294967295,77,"v_add_f32_e32 v0, v0, v2","",77
312935102782732,4294967295,77,"v_add_f32_e32 v0, v0, v2","",77
312935102786572,4294967295,77,"v_add_f32_e32 v0, v0, v2","",77
312935102786612,4294967295,77,"v_add_f32_e32 v0, v0, v2","",77
312935102786612,4294967295,77,"v_add_f32_e32 v0, v0, v2","",77
312935102786652,4294967295,77,"v_add_f32_e32 v0, v0, v2","",77
312935102764772,4294967295,77,"v_add_f32_e32 v0, v0, v2","",77
312935102775372,4294967295,77,"v_add_f32_e32 v0, v0, v2","",77
312935102775412,4294967295,77,"v_add_f32_e32 v0, v0, v2","",77
312935102775412,4294967295,77,"v_add_f32_e32 v0, v0, v2","",77
312935102789052,4294967295,77,"v_add_f32_e32 v0, v0, v2","",77
312935102789092,4294967295,77,"v_add_f32_e32 v0, v0, v2","",77
312935102789092,4294967295,77,"v_add_f32_e32 v0, v0, v2","",77
312935102789132,4294967295,77,"v_add_f32_e32 v0, v0, v2","",77
312935102794612,4294967295,77,"v_add_f32_e32 v0, v0, v2","",77
312935102794652,4294967295,77,"v_add_f32_e32 v0, v0, v2","",77
312935102795172,4294967295,77,"v_add_f32_e32 v0, v0, v2","",77
312935102795212,4294967295,77,"v_add_f32_e32 v0, v0, v2","",77
312935102795212,4294967295,77,"v_add_f32_e32 v0, v0, v2","",77
312935102795252,4294967295,77,"v_add_f32_e32 v0, v0, v2","",77
312935102802012,4294967295,77,"v_add_f32_e32 v0, v0, v2","",77
312935102802012,4294967295,77,"v_add_f32_e32 v0, v0, v2","",77
312935102802052,4294967295,77,"v_add_f32_e32 v0, v0, v2","",77
312935102802052,4294967295,77,"v_add_f32_e32 v0, v0, v2","",77
312935102803653,4294967295,77,"v_add_f32_e32 v0, v0, v2","",77
312935102803653,4294967295,77,"v_add_f32_e32 v0, v0, v2","",77
312935102803653,4294967295,77,"v_add_f32_e32 v0, v0, v2","",77
312935102803693,4294967295,77,"v_add_f32_e32 v0, v0, v2","",77
312935102803693,4294967295,77,"v_add_f32_e32 v0, v0, v2","",77
312935102803653,4294967295,77,"v_add_f32_e32 v0, v0, v2","",77
312935102805853,4294967295,77,"v_add_f32_e32 v0, v0, v2","",77
312935102803693,4294967295,77,"v_add_f32_e32 v0, v0, v2","",77
312935102805853,4294967295,77,"v_add_f32_e32 v0, v0, v2","",77
312935102803693,4294967295,77,"v_add_f32_e32 v0, v0, v2","",77
312935102805893,4294967295,77,"v_add_f32_e32 v0, v0, v2","",77
312935102805893,4294967295,77,"v_add_f32_e32 v0, v0, v2","",77
312935102806333,4294967295,77,"v_add_f32_e32 v0, v0, v2","",77
312935102806373,4294967295,77,"v_add_f32_e32 v0, v0, v2","",77
312935102806373,4294967295,77,"v_add_f32_e32 v0, v0, v2","",77
312935102806413,4294967295,77,"v_add_f32_e32 v0, v0, v2","",77
312935102807013,4294967295,77,"v_add_f32_e32 v0, v0, v2","",77
312935102807053,4294967295,77,"v_add_f32_e32 v0, v0, v2","",77
312935102807053,4294967295,77,"v_add_f32_e32 v0, v0, v2","",77
312935102807093,4294967295,77,"v_add_f32_e32 v0, v0, v2","",77
312935102806333,4294967295,77,"v_add_f32_e32 v0, v0, v2","",77
312935102806333,4294967295,77,"v_add_f32_e32 v0, v0, v2","",77
312935102806373,4294967295,77,"v_add_f32_e32 v0, v0, v2","",77
312935102806373,4294967295,77,"v_add_f32_e32 v0, v0, v2","",77
312935102812853,4294967295,77,"v_add_f32_e32 v0, v0, v2","",77
312935102812893,4294967295,77,"v_add_f32_e32 v0, v0, v2","",77
312935102812893,4294967295,77,"v_add_f32_e32 v0, v0, v2","",77
312935102812933,4294967295,77,"v_add_f32_e32 v0, v0, v2","",77
312935102816733,4294967295,77,"v_add_f32_e32 v0, v0, v2","",77
312935102816773,4294967295,77,"v_add_f32_e32 v0, v0, v2","",77
312935102816733,4294967295,77,"v_add_f32_e32 v0, v0, v2","",77
312935102816773,4294967295,77,"v_add_f32_e32 v0, v0, v2","",77
312935102823813,4294967295,77,"v_add_f32_e32 v0, v0, v2","",77
312935102823853,4294967295,77,"v_add_f32_e32 v0, v0, v2","",77
312935102823853,4294967295,77,"v_add_f32_e32 v0, v0, v2","",77
312935102823853,4294967295,77,"v_add_f32_e32 v0, v0, v2","",77
312935112726144,4294967295,84,"v_add_f32_e32 v0, v0, v2","",84
312935112727064,4294967295,84,"v_add_f32_e32 v0, v0, v2","",84
312935112728264,4294967295,84,"v_add_f32_e32 v0, v0, v2","",84
312935112736305,4294967295,84,"v_add_f32_e32 v0, v0, v2","",84
312935112745305,4294967295,84,"v_add_f32_e32 v0, v0, v2","",84
312935112729465,4294967295,84,"v_add_f32_e32 v0, v0, v2","",84
312935112735225,4294967295,84,"v_add_f32_e32 v0, v0, v2","",84
312935112744705,4294967295,84,"v_add_f32_e32 v0, v0, v2","",84
312935112737345,4294967295,84,"v_add_f32_e32 v0, v0, v2","",84
312935112737385,4294967295,84,"v_add_f32_e32 v0, v0, v2","",84
312935112729425,4294967295,84,"v_add_f32_e32 v0, v0, v2","",84
312935112729265,4294967295,84,"v_add_f32_e32 v0, v0, v2","",84
312935112735265,4294967295,84,"v_add_f32_e32 v0, v0, v2","",84
312935112735265,4294967295,84,"v_add_f32_e32 v0, v0, v2","",84
312935112732825,4294967295,84,"v_add_f32_e32 v0, v0, v2","",84
312935112739985,4294967295,84,"v_add_f32_e32 v0, v0, v2","",84
312935112739985,4294967295,84,"v_add_f32_e32 v0, v0, v2","",84
312935112739985,4294967295,84,"v_add_f32_e32 v0, v0, v2","",84
312935112731945,4294967295,84,"v_add_f32_e32 v0, v0, v2","",84
312935112732345,4294967295,84,"v_add_f32_e32 v0, v0, v2","",84
312935112739985,4294967295,84,"v_add_f32_e32 v0, v0, v2","",84
312935112733065,0,84,"s_endpgm","",84
312935112734865,4294967295,84,"v_add_f32_e32 v0, v0, v2","",84
312935112739985,4294967295,84,"v_add_f32_e32 v0, v0, v2","",84
312935112745505,4294967295,84,"v_add_f32_e32 v0, v0, v2","",84
312935112737385,4294967295,84,"v_add_f32_e32 v0, v0, v2","",84
312935112737385,4294967295,84,"v_add_f32_e32 v0, v0, v2","",84
312935112747185,4294967295,84,"v_add_f32_e32 v0, v0, v2","",84
312935112740025,4294967295,84,"v_add_f32_e32 v0, v0, v2","",84
312935112739985,4294967295,84,"v_add_f32_e32 v0, v0, v2","",84
312935112739985,4294967295,84,"v_add_f32_e32 v0, v0, v2","",84
312935112740025,4294967295,84,"v_add_f32_e32 v0, v0, v2","",84
312935112740025,4294967295,84,"v_add_f32_e32 v0, v0, v2","",84
312935112740025,4294967295,84,"v_add_f32_e32 v0, v0, v2","",84
312935112761585,4294967295,84,"v_add_f32_e32 v0, v0, v2","",84
312935112761625,4294967295,84,"v_add_f32_e32 v0, v0, v2","",84
312935112768425,4294967295,84,"v_add_f32_e32 v0, v0, v2","",84
312935112768465,4294967295,84,"v_add_f32_e32 v0, v0, v2","",84
312935112761625,4294967295,84,"v_add_f32_e32 v0, v0, v2","",84
312935112761625,4294967295,84,"v_add_f32_e32 v0, v0, v2","",84
312935112768465,4294967295,84,"v_add_f32_e32 v0, v0, v2","",84
312935112768505,4294967295,84,"v_add_f32_e32 v0, v0, v2","",84
312935112770065,4294967295,84,"v_add_f32_e32 v0, v0, v2","",84
312935112770105,4294967295,84,"v_add_f32_e32 v0, v0, v2","",84
312935112770105,4294967295,84,"v_add_f32_e32 v0, v0, v2","",84
312935112770145,4294967295,84,"v_add_f32_e32 v0, v0, v2","",84
312935112770065,4294967295,84,"v_add_f32_e32 v0, v0, v2","",84
312935112770105,4294967295,84,"v_add_f32_e32 v0, v0, v2","",84
312935112770105,4294967295,84,"v_add_f32_e32 v0, v0, v2","",84
312935112770145,4294967295,84,"v_add_f32_e32 v0, v0, v2","",84
312935112770625,4294967295,84,"v_add_f32_e32 v0, v0, v2","",84
312935112770625,4294967295,84,"v_add_f32_e32 v0, v0, v2","",84
312935112770665,4294967295,84,"v_add_f32_e32 v0, v0, v2","",84
312935112770665,4294967295,84,"v_add_f32_e32 v0, v0, v2","",84
312935112777705,4294967295,84,"v_add_f32_e32 v0, v0, v2","",84
312935112777745,4294967295,84,"v_add_f32_e32 v0, v0, v2","",84
312935112777745,4294967295,84,"v_add_f32_e32 v0, v0, v2","",84
312935112777785,4294967295,84,"v_add_f32_e32 v0, v0, v2","",84
312935112782545,4294967295,84,"v_add_f32_e32 v0, v0, v2","",84
312935112782585,4294967295,84,"v_add_f32_e32 v0, v0, v2","",84
312935112782585,4294967295,84,"v_add_f32_e32 v0, v0, v2","",84
312935112782625,4294967295,84,"v_add_f32_e32 v0, v0, v2","",84
312935112782545,4294967295,84,"v_add_f32_e32 v0, v0, v2","",84
312935112782585,4294967295,84,"v_add_f32_e32 v0, v0, v2","",84
312935112782585,4294967295,84,"v_add_f32_e32 v0, v0, v2","",84
312935112782625,4294967295,84,"v_add_f32_e32 v0, v0, v2","",84
312935112782585,4294967295,84,"v_add_f32_e32 v0, v0, v2","",84
312935112782585,4294967295,84,"v_add_f32_e32 v0, v0, v2","",84
312935112782585,4294967295,84,"v_add_f32_e32 v0, v0, v2","",84
312935112782625,4294967295,84,"v_add_f32_e32 v0, v0, v2","",84
312935112784705,4294967295,84,"v_add_f32_e32 v0, v0, v2","",84
312935112784705,4294967295,84,"v_add_f32_e32 v0, v0, v2","",84
312935112784745,4294967295,84,"v_add_f32_e32 v0, v0, v2","",84
312935112784745,4294967295,84,"v_add_f32_e32 v0, v0, v2","",84
312935112790585,4294967295,84,"v_add_f32_e32 v0, v0, v2","",84
312935112790585,4294967295,84,"v_add_f32_e32 v0, v0, v2","",84
312935112790625,4294967295,84,"v_add_f32_e32 v0, v0, v2","",84
312935112790625,4294967295,84,"v_add_f32_e32 v0, v0, v2","",84
312935112794625,4294967295,84,"v_add_f32_e32 v0, v0, v2","",84
312935112794625,4294967295,84,"v_add_f32_e32 v0, v0, v2","",84
312935112794665,4294967295,84,"v_add_f32_e32 v0, v0, v2","",84
312935112794665,4294967295,84,"v_add_f32_e32 v0, v0, v2","",84
312935112794625,4294967295,84,"v_add_f32_e32 v0, v0, v2","",84
312935112794625,4294967295,84,"v_add_f32_e32 v0, v0, v2","",84
312935112794665,4294967295,84,"v_add_f32_e32 v0, v0, v2","",84
312935112794665,4294967295,84,"v_add_f32_e32 v0, v0, v2","",84
312935112794625,4294967295,84,"v_add_f32_e32 v0, v0, v2","",84
312935112794625,4294967295,84,"v_add_f32_e32 v0, v0, v2","",84
312935112794665,4294967295,84,"v_add_f32_e32 v0, v0, v2","",84
312935112794665,4294967295,84,"v_add_f32_e32 v0, v0, v2","",84
312935112794625,4294967295,84,"v_add_f32_e32 v0, v0, v2","",84
312935112794625,4294967295,84,"v_add_f32_e32 v0, v0, v2","",84
312935112794665,4294967295,84,"v_add_f32_e32 v0, v0, v2","",84
312935112794665,4294967295,84,"v_add_f32_e32 v0, v0, v2","",84
312935112800865,4294967295,84,"v_add_f32_e32 v0, v0, v2","",84
312935112800905,4294967295,84,"v_add_f32_e32 v0, v0, v2","",84
312935112800905,4294967295,84,"v_add_f32_e32 v0, v0, v2","",84
312935112799665,4294967295,84,"v_add_f32_e32 v0, v0, v2","",84
312935112799705,4294967295,84,"v_add_f32_e32 v0, v0, v2","",84
312935112799705,4294967295,84,"v_add_f32_e32 v0, v0, v2","",84
312935112800945,4294967295,84,"v_add_f32_e32 v0, v0, v2","",84
312935112799745,4294967295,84,"v_add_f32_e32 v0, v0, v2","",84
312935112805065,4294967295,84,"v_add_f32_e32 v0, v0, v2","",84
312935112805065,4294967295,84,"v_add_f32_e32 v0, v0, v2","",84
312935112805065,4294967295,84,"v_add_f32_e32 v0, v0, v2","",84
312935112805105,4294967295,84,"v_add_f32_e32 v0, v0, v2","",84
312935112805065,4294967295,84,"v_add_f32_e32 v0, v0, v2","",84
312935112805065,4294967295,84,"v_add_f32_e32 v0, v0, v2","",84
312935112805065,4294967295,84,"v_add_f32_e32 v0, v0, v2","",84
312935112805105,4294967295,84,"v_add_f32_e32 v0, v0, v2","",84
312935112805065,4294967295,84,"v_add_f32_e32 v0, v0, v2","",84
312935112805065,4294967295,84,"v_add_f32_e32 v0, v0, v2","",84
312935112805105,4294967295,84,"v_add_f32_e32 v0, v0, v2","",84
312935112805105,4294967295,84,"v_add_f32_e32 v0, v0, v2","",84
312935112810265,4294967295,84,"v_add_f32_e32 v0, v0, v2","",84
312935112810305,4294967295,84,"v_add_f32_e32 v0, v0, v2","",84
312935112810305,4294967295,84,"v_add_f32_e32 v0, v0, v2","",84
312935112810345,4294967295,84,"v_add_f32_e32 v0, v0, v2","",84
312935112813185,4294967295,84,"v_add_f32_e32 v0, v0, v2","",84
312935112813225,4294967295,84,"v_add_f32_e32 v0, v0, v2","",84
312935112813225,4294967295,84,"v_add_f32_e32 v0, v0, v2","",84
312935112813265,4294967295,84,"v_add_f32_e32 v0, v0, v2","",84
312935112816345,4294967295,84,"v_add_f32_e32 v0, v0, v2","",84
312935112816385,4294967295,84,"v_add_f32_e32 v0, v0, v2","",84
312935112816385,4294967295,84,"v_add_f32_e32 v0, v0, v2","",84
312935112816425,4294967295,84,"v_add_f32_e32 v0, v0, v2","",84
312935122751197,4294967295,90,"v_add_f32_e32 v0, v0, v2","",90
312935122751277,4294967295,90,"v_add_f32_e32 v0, v0, v2","",90
312935122751237,4294967295,90,"v_add_f32_e32 v0, v0, v2","",90
312935122751237,4294967295,90,"v_add_f32_e32 v0, v0, v2","",90
312935122762638,4294967295,90,"v_add_f32_e32 v0, v0, v2","",90
312935122762638,4294967295,90,"v_add_f32_e32 v0, v0, v2","",90
312935122762598,4294967295,90,"v_add_f32_e32 v0, v0, v2","",90
312935122762598,4294967295,90,"v_add_f32_e32 v0, v0, v2","",90
312935122768758,4294967295,90,"v_add_f32_e32 v0, v0, v2","",90
312935122768838,4294967295,90,"v_add_f32_e32 v0, v0, v2","",90
312935122768798,4294967295,90,"v_add_f32_e32 v0, v0, v2","",90
312935122768798,4294967295,90,"v_add_f32_e32 v0, v0, v2","",90
312935122768758,4294967295,90,"v_cmp_eq_f32_e32 vcc_lo, 0x449a522b, v0","",90
312935122768758,4294967295,90,"v_add_f32_e32 v0, v0, v2","",90
312935122768798,4294967295,90,"v_add_f32_e32 v0, v0, v2","",90
312935122768798,4294967295,90,"v_add_f32_e32 v0, v0, v2","",90
312935122770438,4294967295,90,"v_add_f32_e32 v0, v0, v2","",90
312935122770518,4294967295,90,"v_add_f32_e32 v0, v0, v2","",90
312935122770558,4294967295,90,"v_add_f32_e32 v0, v0, v2","",90
312935122770558,4294967295,90,"v_add_f32_e32 v0, v0, v2","",90
312935122770438,4294967295,90,"v_add_f32_e32 v0, v0, v2","",90
312935122770478,4294967295,90,"v_add_f32_e32 v0, v0, v2","",90
312935122770438,4294967295,90,"v_add_f32_e32 v0, v0, v2","",90
312935122770438,4294967295,90,"v_add_f32_e32 v0, v0, v2","",90
312935122770478,4294967295,90,"v_add_f32_e32 v0, v0, v2","",90
312935122770518,4294967295,90,"v_add_f32_e32 v0, v0, v2","",90
312935122770438,4294967295,90,"v_add_f32_e32 v0, v0, v2","",90
312935122770478,4294967295,90,"v_add_f32_e32 v0, v0, v2","",90
312935122770478,4294967295,90,"v_add_f32_e32 v0, v0, v2","",90
312935122770478,4294967295,90,"v_add_f32_e32 v0, v0, v2","",90
312935122770438,4294967295,90,"v_add_f32_e32 v0, v0, v2","",90
312935122775878,4294967295,90,"v_add_f32_e32 v0, v0, v2","",90
312935122775878,4294967295,90,"v_add_f32_e32 v0, v0, v2","",90
312935122775878,4294967295,90,"v_add_f32_e32 v0, v0, v2","",90
312935122775918,4294967295,90,"v_add_f32_e32 v0, v0, v2","",90
312935122770438,4294967295,90,"v_add_co_u32 v0, vcc_lo, s2, v0","",90
312935122774198,4294967295,90,"v_add_f32_e32 v0, v0, v2","",90
312935122774238,4294967295,90,"v_add_f32_e32 v0, v0, v2","",90
312935122774198,4294967295,90,"v_add_f32_e32 v0, v0, v2","",90
312935122774238,4294967295,90,"v_add_f32_e32 v0, v0, v2","",90
312935122770478,4294967295,90,"v_add_f32_e32 v0, v0, v2","",90
312935122770478,4294967295,90,"v_add_f32_e32 v0, v0, v2","",90
312935122770478,4294967295,90,"v_add_f32_e32 v0, v0, v2","",90
312935122777518,4294967295,90,"v_add_f32_e32 v0, v0, v2","",90
312935122777518,4294967295,90,"v_add_f32_e32 v0, v0, v2","",90
312935122777558,4294967295,90,"v_add_f32_e32 v0, v0, v2","",90
312935122777558,4294967295,90,"v_add_f32_e32 v0, v0, v2","",90
312935122786918,4294967295,90,"v_add_f32_e32 v0, v0, v2","",90
312935122786918,4294967295,90,"v_add_f32_e32 v0, v0, v2","",90
312935122786958,4294967295,90,"v_add_f32_e32 v0, v0, v2","",90
312935122786958,4294967295,90,"v_add_f32_e32 v0, v0, v2","",90
312935122790918,4294967295,90,"v_add_f32_e32 v0, v0, v2","",90
312935122790918,4294967295,90,"v_add_f32_e32 v0, v0, v2","",90
312935122790918,4294967295,90,"v_add_f32_e32 v0, v0, v2","",90
312935122790958,4294967295,90,"v_add_f32_e32 v0, v0, v2","",90
312935122795398,4294967295,90,"v_add_f32_e32 v0, v0, v2","",90
312935122795398,4294967295,90,"v_add_f32_e32 v0, v0, v2","",90
312935122795438,4294967295,90,"v_add_f32_e32 v0, v0, v2","",90
312935122795438,4294967295,90,"v_add_f32_e32 v0, v0, v2","",90
312935122795398,4294967295,90,"v_add_f32_e32 v0, v0, v2","",90
312935122795398,4294967295,90,"v_add_f32_e32 v0, v0, v2","",90
312935122795438,4294967295,90,"v_add_f32_e32 v0, v0, v2","",90
312935122795438,4294967295,90,"v_add_f32_e32 v0, v0, v2","",90
312935122799998,4294967295,90,"v_add_f32_e32 v0, v0, v2","",90
312935122800038,4294967295,90,"v_add_f32_e32 v0, v0, v2","",90
312935122800038,4294967295,90,"v_add_f32_e32 v0, v0, v2","",90
312935122800078,4294967295,90,"v_add_f32_e32 v0, v0, v2","",90
312935122802558,4294967295,90,"v_add_f32_e32 v0, v0, v2","",90
312935122802598,4294967295,90,"v_add_f32_e32 v0, v0, v2","",90
312935122802598,4294967295,90,"v_add_f32_e32 v0, v0, v2","",90
312935122802638,4294967295,90,"v_add_f32_e32 v0, v0, v2","",90
312935122802078,4294967295,90,"v_add_f32_e32 v0, v0, v2","",90
312935122802078,4294967295,90,"v_add_f32_e32 v0, v0, v2","",90
312935122802118,4294967295,90,"v_add_f32_e32 v0, v0, v2","",90
312935122802118,4294967295,90,"v_add_f32_e32 v0, v0, v2","",90
312935122805638,4294967295,90,"v_add_f32_e32 v0, v0, v2","",90
312935122805638,4294967295,90,"v_add_f32_e32 v0, v0, v2","",90
312935122805678,4294967295,90,"v_add_f32_e32 v0, v0, v2","",90
312935122805678,4294967295,90,"v_add_f32_e32 v0, v0, v2","",90
312935122803878,4294967295,90,"v_add_f32_e32 v0, v0, v2","",90
312935122803878,4294967295,90,"v_add_f32_e32 v0, v0, v2","",90
312935122803918,4294967295,90,"v_add_f32_e32 v0, v0, v2","",90
312935122803918,4294967295,90,"v_add_f32_e32 v0, v0, v2","",90
312935122810718,4294967295,90,"v_add_f32_e32 v0, v0, v2","",90
312935122810718,4294967295,90,"v_add_f32_e32 v0, v0, v2","",90
312935122810758,4294967295,90,"v_add_f32_e32 v0, v0, v2","",90
312935122810758,4294967295,90,"v_add_f32_e32 v0, v0, v2","",90
312935122811358,4294967295,90,"v_add_f32_e32 v0, v0, v2","",90
312935122811398,4294967295,90,"v_add_f32_e32 v0, v0, v2","",90
312935122811398,4294967295,90,"v_add_f32_e32 v0, v0, v2","",90
312935122811438,4294967295,90,"v_add_f32_e32 v0, v0, v2","",90
312935122811358,4294967295,90,"v_add_f32_e32 v0, v0, v2","",90
312935122811398,4294967295,90,"v_add_f32_e32 v0, v0, v2","",90
312935122811398,4294967295,90,"v_add_f32_e32 v0, v0, v2","",90
312935122811438,4294967295,90,"v_add_f32_e32 v0, v0, v2","",90
312935122810678,4294967295,90,"v_add_f32_e32 v0, v0, v2","",90
312935122810718,4294967295,90,"v_add_f32_e32 v0, v0, v2","",90
312935122810718,4294967295,90,"v_add_f32_e32 v0, v0, v2","",90
312935122810758,4294967295,90,"v_add_f32_e32 v0, v0, v2","",90
312935122818478,4294967295,90,"v_add_f32_e32 v0, v0, v2","",90
312935122818478,4294967295,90,"v_add_f32_e32 v0, v0, v2","",90
312935122818518,4294967295,90,"v_add_f32_e32 v0, v0, v2","",90
312935122818518,4294967295,90,"v_add_f32_e32 v0, v0, v2","",90
312935122819878,4294967295,90,"v_add_f32_e32 v0, v0, v2","",90
312935122819918,4294967295,90,"v_add_f32_e32 v0, v0, v2","",90
312935122819918,4294967295,90,"v_add_f32_e32 v0, v0, v2","",90
312935122819958,4294967295,90,"v_add_f32_e32 v0, v0, v2","",90
312935122818478,4294967295,90,"v_add_f32_e32 v0, v0, v2","",90
312935122818478,4294967295,90,"v_add_f32_e32 v0, v0, v2","",90
312935122818518,4294967295,90,"v_add_f32_e32 v0, v0, v2","",90
312935122818518,4294967295,90,"v_add_f32_e32 v0, v0, v2","",90
312935122821078,4294967295,90,"v_add_f32_e32 v0, v0, v2","",90
312935122821118,4294967295,90,"v_add_f32_e32 v0, v0, v2","",90
312935122821118,4294967295,90,"v_add_f32_e32 v0, v0, v2","",90
312935122821118,4294967295,90,"v_add_f32_e32 v0, v0, v2","",90
312935122822838,4294967295,90,"v_add_f32_e32 v0, v0, v2","",90
312935122822838,4294967295,90,"v_add_f32_e32 v0, v0, v2","",90
312935122822878,4294967295,90,"v_add_f32_e32 v0, v0, v2","",90
312935122822878,4294967295,90,"v_add_f32_e32 v0, v0, v2","",90
312935122824838,4294967295,90,"v_add_f32_e32 v0, v0, v2","",90
312935122824838,4294967295,90,"v_add_f32_e32 v0, v0, v2","",90
312935122824878,4294967295,90,"v_add_f32_e32 v0, v0, v2","",90
312935122824878,4294967295,90,"v_add_f32_e32 v0, v0, v2","",90
312935132744690,4294967295,96,"v_add_f32_e32 v0, v0, v2","",96
312935132750330,4294967295,96,"v_add_f32_e32 v0, v0, v2","",96
312935132748490,4294967295,96,"v_add_f32_e32 v0, v0, v2","",96
312935132750050,4294967295,96,"v_add_f32_e32 v0, v0, v2","",96
312935132743330,4294967295,96,"v_add_f32_e32 v0, v0, v2","",96
312935132738770,4294967295,96,"v_add_f32_e32 v0, v0, v2","",96
312935132741370,4294967295,96,"v_add_f32_e32 v0, v0, v2","",96
312935132738770,4294967295,96,"v_add_f32_e32 v0, v0, v2","",96
312935132753730,4294967295,96,"v_add_f32_e32 v0, v0, v2","",96
312935132752290,4294967295,96,"v_add_f32_e32 v0, v0, v2","",96
312935132739410,4294967295,96,"v_add_f32_e32 v0, v0, v2","",96
312935132765090,4294967295,96,"v_add_f32_e32 v0, v0, v2","",96
312935132745490,4294967295,96,"v_add_f32_e32 v0, v0, v2","",96
312935132745530,4294967295,96,"v_add_f32_e32 v0, v0, v2","",96
312935132757850,4294967295,96,"v_add_f32_e32 v0, v0, v2","",96
312935132749050,4294967295,96,"v_add_f32_e32 v0, v0, v2","",96
312935132752410,4294967295,96,"v_add_f32_e32 v0, v0, v2","",96
312935132750730,4294967295,96,"v_add_f32_e32 v0, v0, v2","",96
312935132765130,4294967295,96,"v_add_f32_e32 v0, v0, v2","",96
312935132753490,4294967295,96,"v_add_f32_e32 v0, v0, v2","",96
312935132743330,4294967295,96,"v_add_f32_e32 v0, v0, v2","",96
312935132749090,4294967295,96,"v_add_f32_e32 v0, v0, v2","",96
312935132752450,4294967295,96,"v_add_f32_e32 v0, v0, v2","",96
312935132761890,4294967295,96,"v_add_f32_e32 v0, v0, v2","",96
312935132752450,4294967295,96,"v_add_f32_e32 v0, v0, v2","",96
312935132752490,4294967295,96,"v_add_f32_e32 v0, v0, v2","",96
312935132761890,4294967295,96,"v_add_f32_e32 v0, v0, v2","",96
312935132762410,4294967295,96,"v_add_f32_e32 v0, v0, v2","",96
312935132749090,4294967295,96,"v_add_f32_e32 v0, v0, v2","",96
312935132749130,4294967295,96,"v_add_f32_e32 v0, v0, v2","",96
312935132757890,4294967295,96,"v_add_f32_e32 v0, v0, v2","",96
312935132775490,4294967295,96,"v_add_f32_e32 v0, v0, v2","",96
312935132770210,4294967295,96,"v_add_f32_e32 v0, v0, v2","",96
312935132774570,4294967295,96,"v_add_f32_e32 v0, v0, v2","",96
312935132776010,4294967295,96,"v_add_f32_e32 v0, v0, v2","",96
312935132776010,4294967295,96,"v_add_f32_e32 v0, v0, v2","",96
312935132757890,4294967295,96,"v_add_f32_e32 v0, v0, v2","",96
312935132757930,4294967295,96,"v_add_f32_e32 v0, v0, v2","",96
312935132774570,4294967295,96,"v_add_f32_e32 v0, v0, v2","",96
312935132786690,4294967295,96,"v_add_f32_e32 v0, v0, v2","",96
312935132753730,4294967295,96,"v_add_f32_e32 v0, v0, v2","",96
312935132754130,4294967295,96,"v_add_f32_e32 v0, v0, v2","",96
312935132786730,4294967295,96,"v_add_f32_e32 v0, v0, v2","",96
312935132765130,4294967295,96,"v_add_f32_e32 v0, v0, v2","",96
312935132765170,4294967295,96,"v_add_f32_e32 v0, v0, v2","",96
312935132755690,4294967295,96,"v_add_f32_e32 v0, v0, v2","",96
312935132756090,4294967295,96,"v_add_f32_e32 v0, v0, v2","",96
312935132770250,4294967295,96,"v_add_f32_e32 v0, v0, v2","",96
312935132791210,4294967295,96,"v_add_f32_e32 v0, v0, v2","",96
312935132791210,4294967295,96,"v_add_f32_e32 v0, v0, v2","",96
312935132797611,4294967295,96,"v_add_f32_e32 v0, v0, v2","",96
312935132797611,4294967295,96,"v_add_f32_e32 v0, v0, v2","",96
312935132797611,4294967295,96,"v_add_f32_e32 v0, v0, v2","",96
312935132759730,4294967295,96,"v_add_f32_e32 v0, v0, v2","",96
312935132760130,4294967295,96,"v_add_f32_e32 v0, v0, v2","",96
312935132770250,4294967295,96,"v_add_f32_e32 v0, v0, v2","",96
312935132770290,4294967295,96,"v_add_f32_e32 v0, v0, v2","",96
312935132761250,4294967295,96,"v_add_f32_e32 v0, v0, v2","",96
312935132797651,4294967295,96,"v_add_f32_e32 v0, v0, v2","",96
312935132797611,4294967295,96,"v_add_f32_e32 v0, v0, v2","",96
312935132798131,4294967295,96,"v_add_f32_e32 v0, v0, v2","",96
312935132776010,4294967295,96,"v_add_f32_e32 v0, v0, v2","",96
312935132776050,4294967295,96,"v_add_f32_e32 v0, v0, v2","",96
312935132764090,4294967295,96,"v_add_f32_e32 v0, v0, v2","",96
312935132798171,4294967295,96,"v_add_f32_e32 v0, v0, v2","",96
312935132797651,4294967295,96,"v_add_f32_e32 v0, v0, v2","",96
312935132786730,4294967295,96,"v_add_f32_e32 v0, v0, v2","",96
312935132786770,4294967295,96,"v_add_f32_e32 v0, v0, v2","",96
312935132797651,4294967295,96,"v_add_f32_e32 v0, v0, v2","",96
312935132766890,4294967295,96,"v_add_f32_e32 v0, v0, v2","",96
312935132797651,4294967295,96,"v_add_f32_e32 v0, v0, v2","",96
312935132797691,4294967295,96,"v_add_f32_e32 v0, v0, v2","",96
312935132768010,4294967295,96,"v_add_f32_e32 v0, v0, v2","",96
312935132768450,4294967295,96,"v_add_f32_e32 v0, v0, v2","",96
312935132802611,4294967295,96,"v_add_f32_e32 v0, v0, v2","",96
312935132801771,4294967295,96,"v_add_f32_e32 v0, v0, v2","",96
312935132801771,4294967295,96,"v_add_f32_e32 v0, v0, v2","",96
312935132801811,4294967295,96,"v_add_f32_e32 v0, v0, v2","",96
312935132770490,4294967295,96,"v_add_f32_e32 v0, v0, v2","",96
312935132770850,4294967295,96,"v_add_f32_e32 v0, v0, v2","",96
312935132771250,4294967295,96,"v_add_f32_e32 v0, v0, v2","",96
312935132801811,4294967295,96,"v_add_f32_e32 v0, v0, v2","",96
312935132771970,4294967295,96,"v_add_f32_e32 v0, v0, v2","",96
312935132803131,4294967295,96,"v_add_f32_e32 v0, v0, v2","",96
312935132803171,4294967295,96,"v_add_f32_e32 v0, v0, v2","",96
312935132803171,4294967295,96,"v_add_f32_e32 v0, v0, v2","",96
312935132803211,4294967295,96,"v_add_f32_e32 v0, v0, v2","",96
312935132773850,4294967295,96,"v_add_f32_e32 v0, v0, v2","",96
312935132774290,4294967295,96,"v_add_f32_e32 v0, v0, v2","",96
312935132798171,4294967295,96,"global_load_b128 v[0:3], v[0:1], off","",96
312935132798211,4294967295,96,"v_add_f32_e32 v0, v0, v2","",96
312935132775730,4294967295,96,"v_add_f32_e32 v0, v0, v2","",96
312935132802611,4294967295,96,"v_add_f32_e32 v0, v0, v2","",96
312935132802611,4294967295,96,"v_add_f32_e32 v0, v0, v2","",96
312935132802651,4294967295,96,"v_add_f32_e32 v0, v0, v2","",96
312935132809971,4294967295,96,"v_add_f32_e32 v0, v0, v2","",96
312935132809971,4294967295,96,"v_add_f32_e32 v0, v0, v2","",96
312935132810011,4294967295,96,"v_add_f32_e32 v0, v0, v2","",96
312935132810011,4294967295,96,"v_add_f32_e32 v0, v0, v2","",96
312935132781490,4294967295,96,"v_add_f32_e32 v0, v0, v2","",96
312935132797651,4294967295,96,"v_add_f32_e32 v0, v0, v2","",96
312935132797651,4294967295,96,"v_add_f32_e32 v0, v0, v2","",96
312935132797651,4294967295,96,"v_add_f32_e32 v0, v0, v2","",96
312935132797691,4294967295,96,"v_add_f32_e32 v0, v0, v2","",96
312935132783450,4294967295,96,"v_add_f32_e32 v0, v0, v2","",96
312935132797651,4294967295,96,"v_add_f32_e32 v0, v0, v2","",96
312935132811931,4294967295,96,"v_add_f32_e32 v0, v0, v2","",96
312935132811931,4294967295,96,"v_add_f32_e32 v0, v0, v2","",96
312935132811971,4294967295,96,"v_add_f32_e32 v0, v0, v2","",96
312935132811971,4294967295,96,"v_add_f32_e32 v0, v0, v2","",96
312935132785690,4294967295,96,"v_add_f32_e32 v0, v0, v2","",96
312935132797651,4294967295,96,"v_add_f32_e32 v0, v0, v2","",96
312935132797691,4294967295,96,"v_add_f32_e32 v0, v0, v2","",96
312935132786970,4294967295,96,"v_add_f32_e32 v0, v0, v2","",96
312935132787330,4294967295,96,"v_add_f32_e32 v0, v0, v2","",96
312935132790010,4294967295,96,"v_add_f32_e32 v0, v0, v2","",96
312935132790930,4294967295,96,"v_add_f32_e32 v0, v0, v2","",96
312935132792930,4294967295,96,"v_add_f32_e32 v0, v0, v3","",96
312935132793850,4294967295,96,"v_add_f32_e32 v0, v0, v2","",96
312935132819931,4294967295,96,"v_add_f32_e32 v0, v0, v2","",96
312935132795090,4294967295,96,"v_add_f32_e32 v0, v0, v2","",96
312935132795450,4294967295,96,"v_add_f32_e32 v0, v0, v2","",96
312935132819971,4294967295,96,"v_add_f32_e32 v0, v0, v2","",96
312935132819971,4294967295,96,"v_add_f32_e32 v0, v0, v2","",96
312935132819971,4294967295,96,"v_add_f32_e32 v0, v0, v2","",96
312935142759223,4294967295,102,"v_add_f32_e32 v0, v0, v2","",102
312935142759223,4294967295,102,"v_add_f32_e32 v0, v0, v2","",102
312935142759263,4294967295,102,"v_add_f32_e32 v0, v0, v2","",102
312935142765783,4294967295,102,"v_add_f32_e32 v0, v0, v2","",102
312935142765783,4294967295,102,"v_add_f32_e32 v0, v0, v2","",102
312935142765823,4294967295,102,"v_add_f32_e32 v0, v0, v2","",102
312935142773143,4294967295,102,"v_add_f32_e32 v0, v0, v2","",102
312935142773183,4294967295,102,"v_add_f32_e32 v0, v0, v2","",102
312935142773183,4294967295,102,"v_add_f32_e32 v0, v0, v2","",102
312935142773223,4294967295,102,"v_add_f32_e32 v0, v0, v2","",102
312935142773143,0,102,"s_endpgm","",102
312935142773223,4294967295,102,"v_add_f32_e32 v0, v0, v2","",102
312935142773183,4294967295,102,"v_add_f32_e32 v0, v0, v2","",102
312935142773183,4294967295,102,"v_add_f32_e32 v0, v0, v2","",102
312935142775783,4294967295,102,"v_add_f32_e32 v0, v0, v2","",102
312935142775823,4294967295,102,"v_add_f32_e32 v0, v0, v2","",102
312935142775823,4294967295,102,"v_add_f32_e32 v0, v0, v2","",102
312935142775863,4294967295,102,"v_add_f32_e32 v0, v0, v2","",102
312935142775823,4294967295,102,"v_add_f32_e32 v0, v0, v2","",102
312935142775823,4294967295,102,"v_add_f32_e32 v0, v0, v2","",102
312935142775863,4294967295,102,"v_add_f32_e32 v0, v0, v2","",102
312935142775863,4294967295,102,"v_add_f32_e32 v0, v0, v2","",102
312935142775783,4294967295,102,"v_add_f32_e32 v0, v0, v2","",102
312935142775823,4294967295,102,"v_add_f32_e32 v0, v0, v2","",102
312935142775823,4294967295,102,"v_add_f32_e32 v0, v0, v2","",102
312935142780823,4294967295,102,"v_add_f32_e32 v0, v0, v2","",102
312935142780863,4294967295,102,"v_add_f32_e32 v0, v0, v2","",102
312935142780863,4294967295,102,"v_add_f32_e32 v0, v0, v2","",102
312935142780903,4294967295,102,"v_add_f32_e32 v0, v0, v2","",102
312935142780303,4294967295,102,"v_add_f32_e32 v0, v0, v2","",102
312935142780343,4294967295,102,"v_add_f32_e32 v0, v0, v2","",102
312935142780343,4294967295,102,"v_add_f32_e32 v0, v0, v2","",102
312935142780383,4294967295,102,"v_add_f32_e32 v0, v0, v2","",102
312935142782103,4294967295,102,"v_add_f32_e32 v0, v0, v2","",102
312935142782103,4294967295,102,"v_add_f32_e32 v0, v0, v2","",102
312935142782143,4294967295,102,"v_add_f32_e32 v0, v0, v2","",102
312935142782143,4294967295,102,"v_add_f32_e32 v0, v0, v2","",102
312935142780823,4294967295,102,"v_add_f32_e32 v0, v0, v2","",102
312935142780823,4294967295,102,"v_add_f32_e32 v0, v0, v2","",102
312935142780863,4294967295,102,"v_add_f32_e32 v0, v0, v2","",102
312935142780863,4294967295,102,"v_add_f32_e32 v0, v0, v2","",102
312935142780903,4294967295,102,"v_add_f32_e32 v0, v0, v2","",102
312935142780863,4294967295,102,"v_add_f32_e32 v0, v0, v2","",102
312935142780863,4294967295,102,"v_add_f32_e32 v0, v0, v2","",102
312935142780903,4294967295,102,"v_add_f32_e32 v0, v0, v2","",102
312935142783823,4294967295,102,"v_add_f32_e32 v0, v0, v2","",102
312935142783863,4294967295,102,"v_add_f32_e32 v0, v0, v2","",102
312935142783863,4294967295,102,"v_add_f32_e32 v0, v0, v2","",102
312935142783903,4294967295,102,"v_add_f32_e32 v0, v0, v2","",102
312935142799143,4294967295,102,"v_add_f32_e32 v0, v0, v2","",102
312935142799143,4294967295,102,"v_add_f32_e32 v0, v0, v2","",102
312935142799183,4294967295,102,"v_add_f32_e32 v0, v0, v2","",102
312935142812463,4294967295,102,"v_add_f32_e32 v0, v0, v2","",102
312935142812463,4294967295,102,"v_add_f32_e32 v0, v0, v2","",102
312935142812503,4294967295,102,"v_add_f32_e32 v0, v0, v2","",102
312935142812503,4294967295,102,"v_add_f32_e32 v0, v0, v2","",102
312935142800783,4294967295,102,"v_add_f32_e32 v0, v0, v2","",102
312935142800783,4294967295,102,"v_add_f32_e32 v0, v0, v2","",102
312935142800783,4294967295,102,"v_add_f32_e32 v0, v0, v2","",102
312935142800823,4294967295,102,"v_add_f32_e32 v0, v0, v2","",102
312935142802743,4294967295,102,"v_add_f32_e32 v0, v0, v2","",102
312935142802743,4294967295,102,"v_add_f32_e32 v0, v0, v2","",102
312935142802783,4294967295,102,"v_add_f32_e32 v0, v0, v2","",102
312935142815383,4294967295,102,"v_add_f32_e32 v0, v0, v2","",102
312935142815423,4294967295,102,"v_add_f32_e32 v0, v0, v2","",102
312935142815423,4294967295,102,"v_add_f32_e32 v0, v0, v2","",102
312935142815463,4294967295,102,"v_add_f32_e32 v0, v0, v2","",102
312935142806583,4294967295,102,"v_add_f32_e32 v0, v0, v2","",102
312935142806663,4294967295,102,"v_add_f32_e32 v0, v0, v2","",102
312935142806703,4294967295,102,"v_add_f32_e32 v0, v0, v2","",102
312935142806703,4294967295,102,"v_add_f32_e32 v0, v0, v2","",102
312935142806623,4294967295,102,"v_add_f32_e32 v0, v0, v2","",102
312935142806623,4294967295,102,"v_add_f32_e32 v0, v0, v2","",102
312935142806663,4294967295,102,"v_add_f32_e32 v0, v0, v2","",102
312935142806663,4294967295,102,"v_add_f32_e32 v0, v0, v2","",102
312935142809343,4294967295,102,"v_add_f32_e32 v0, v0, v2","",102
312935142809383,4294967295,102,"v_add_f32_e32 v0, v0, v2","",102
312935142809383,4294967295,102,"v_add_f32_e32 v0, v0, v2","",102
312935142809423,4294967295,102,"v_add_f32_e32 v0, v0, v2","",102
312935142799143,4294967295,102,"v_add_f32_e32 v0, v0, v2","",102
312935142799143,4294967295,102,"v_add_f32_e32 v0, v0, v2","",102
312935142799183,4294967295,102,"v_add_f32_e32 v0, v0, v2","",102
312935142814143,4294967295,102,"v_add_f32_e32 v0, v0, v2","",102
312935142814143,4294967295,102,"v_add_f32_e32 v0, v0, v2","",102
312935142814183,4294967295,102,"v_add_f32_e32 v0, v0, v2","",102
312935142814183,4294967295,102,"v_add_f32_e32 v0, v0, v2","",102
312935142806623,4294967295,102,"v_add_f32_e32 v0, v0, v2","",102
312935142806623,4294967295,102,"v_add_f32_e32 v0, v0, v2","",102
312935142806623,4294967295,102,"v_add_f32_e32 v0, v0, v2","",102
312935142806663,4294967295,102,"s_wait_loadcnt 0x0","",102
312935142806623,4294967295,102,"v_add_f32_e32 v0, v0, v2","",102
312935142806623,4294967295,102,"v_add_f32_e32 v0, v0, v2","",102
312935142806663,4294967295,102,"v_add_f32_e32 v0, v0, v2","",102
312935142806663,4294967295,102,"v_add_f32_e32 v0, v0, v2","",102
312935142817423,4294967295,102,"v_add_f32_e32 v0, v0, v2","",102
312935142817423,4294967295,102,"v_add_f32_e32 v0, v0, v2","",102
312935142817463,4294967295,102,"v_add_f32_e32 v0, v0, v2","",102
312935142818703,4294967295,102,"v_add_f32_e32 v0, v0, v2","",102
312935142818703,4294967295,102,"v_add_f32_e32 v0, v0, v2","",102
312935142817463,4294967295,102,"v_add_f32_e32 v0, v0, v2","",102
312935142818703,4294967295,102,"v_add_f32_e32 v0, v0, v2","",102
312935142818703,4294967295,102,"v_add_f32_e32 v0, v0, v2","",102
312935142818743,4294967295,102,"v_add_f32_e32 v0, v0, v2","",102
312935142818703,4294967295,102,"v_add_f32_e32 v0, v0, v2","",102
312935142818703,4294967295,102,"v_add_f32_e32 v0, v0, v2","",102
312935142818743,4294967295,102,"v_add_f32_e32 v0, v0, v2","",102
312935142823743,4294967295,102,"v_add_f32_e32 v0, v0, v2","",102
312935142823743,4294967295,102,"v_add_f32_e32 v0, v0, v2","",102
312935142823783,4294967295,102,"v_add_f32_e32 v0, v0, v2","",102
312935142823783,4294967295,102,"v_add_f32_e32 v0, v0, v2","",102
312935142831344,4294967295,102,"v_add_f32_e32 v0, v0, v2","",102
312935142831384,4294967295,102,"v_add_f32_e32 v0, v0, v2","",102
312935142831384,4294967295,102,"v_add_f32_e32 v0, v0, v2","",102
312935142831424,4294967295,102,"v_add_f32_e32 v0, v0, v2","",102
312935152751995,4294967295,109,"v_add_f32_e32 v0, v0, v2","",109
312935152756156,4294967295,109,"v_add_f32_e32 v0, v0, v2","",109
312935152762556,4294967295,109,"v_add_f32_e32 v0, v0, v2","",109
312935152760796,4294967295,109,"v_add_f32_e32 v0, v0, v2","",109
312935152760756,4294967295,109,"v_add_f32_e32 v0, v0, v2","",109
312935152760756,4294967295,109,"v_add_f32_e32 v0, v0, v2","",109
312935152760796,4294967295,109,"v_add_f32_e32 v0, v0, v2","",109
312935152755716,4294967295,109,"v_add_f32_e32 v0, v0, v2","",109
312935152756716,4294967295,109,"v_add_f32_e32 v0, v0, v2","",109
312935152757596,4294967295,109,"v_add_f32_e32 v0, v0, v2","",109
312935152773036,4294967295,109,"v_add_f32_e32 v0, v0, v2","",109
312935152772996,4294967295,109,"v_add_f32_e32 v0, v0, v2","",109
312935152773036,4294967295,109,"v_add_f32_e32 v0, v0, v2","",109
312935152773036,4294967295,109,"v_add_f32_e32 v0, v0, v2","",109
312935152773076,4294967295,109,"v_add_f32_e32 v0, v0, v2","",109
312935152785316,4294967295,109,"v_add_f32_e32 v0, v0, v2","",109
312935152773916,4294967295,109,"v_add_f32_e32 v0, v0, v2","",109
312935152782556,4294967295,109,"v_add_f32_e32 v0, v0, v2","",109
312935152791636,4294967295,109,"v_add_f32_e32 v0, v0, v2","",109
312935152791676,4294967295,109,"v_add_f32_e32 v0, v0, v2","",109
312935152791676,4294967295,109,"v_add_f32_e32 v0, v0, v2","",109
312935152791716,4294967295,109,"v_add_f32_e32 v0, v0, v2","",109
312935152788876,4294967295,109,"v_add_f32_e32 v0, v0, v2","",109
312935152788916,4294967295,109,"v_add_f32_e32 v0, v0, v2","",109
312935152788916,4294967295,109,"v_add_f32_e32 v0, v0, v2","",109
312935152788956,4294967295,109,"v_add_f32_e32 v0, v0, v2","",109
312935152765436,4294967295,109,"v_add_f32_e32 v0, v0, v2","",109
312935152803276,4294967295,109,"v_add_f32_e32 v0, v0, v2","",109
312935152766796,4294967295,109,"v_add_f32_e32 v0, v0, v2","",109
312935152767196,4294967295,109,"v_add_f32_e32 v0, v0, v2","",109
312935152773956,4294967295,109,"v_add_f32_e32 v0, v0, v2","",109
312935152773956,4294967295,109,"v_add_f32_e32 v0, v0, v2","",109
312935152773996,4294967295,109,"v_add_f32_e32 v0, v0, v2","",109
312935152812796,4294967295,109,"v_add_f32_e32 v0, v0, v2","",109
312935152812796,4294967295,109,"v_add_f32_e32 v0, v0, v2","",109
312935152812836,4294967295,109,"v_add_f32_e32 v0, v0, v2","",109
312935152812836,4294967295,109,"v_add_f32_e32 v0, v0, v2","",109
312935152812276,4294967295,109,"v_add_f32_e32 v0, v0, v2","",109
312935152812316,4294967295,109,"v_add_f32_e32 v0, v0, v2","",109
312935152812316,4294967295,109,"v_add_f32_e32 v0, v0, v2","",109
312935152812796,4294967295,109,"v_add_f32_e32 v0, v0, v2","",109
312935152810636,4294967295,109,"v_add_f32_e32 v0, v0, v2","",109
312935152812356,4294967295,109,"v_add_f32_e32 v0, v0, v2","",109
312935152813756,4294967295,109,"v_add_f32_e32 v0, v0, v2","",109
312935152813756,4294967295,109,"v_add_f32_e32 v0, v0, v2","",109
312935152810676,4294967295,109,"v_add_f32_e32 v0, v0, v2","",109
312935152810676,4294967295,109,"v_add_f32_e32 v0, v0, v2","",109
312935152810716,4294967295,109,"v_add_f32_e32 v0, v0, v2","",109
312935152814676,4294967295,109,"v_add_f32_e32 v0, v0, v2","",109
312935152814676,4294967295,109,"v_add_f32_e32 v0, v0, v2","",109
312935152814676,4294967295,109,"v_add_f32_e32 v0, v0, v2","",109
312935152814716,4294967295,109,"v_add_f32_e32 v0, v0, v2","",109
312935152814716,4294967295,109,"v_add_f32_e32 v0, v0, v2","",109
312935152812796,4294967295,109,"v_add_f32_e32 v0, v0, v2","",109
312935152812836,4294967295,109,"v_add_f32_e32 v0, v0, v2","",109
312935152812836,4294967295,109,"v_add_f32_e32 v0, v0, v2","",109
312935152778836,4294967295,109,"v_add_f32_e32 v0, v0, v2","",109
312935152814676,4294967295,109,"v_add_f32_e32 v0, v0, v2","",109
312935152813796,4294967295,109,"v_add_f32_e32 v0, v0, v2","",109
312935152814676,4294967295,109,"v_add_f32_e32 v0, v0, v2","",109
312935152814716,4294967295,109,"v_add_f32_e32 v0, v0, v2","",109
312935152814716,4294967295,109,"v_add_f32_e32 v0, v0, v2","",109
312935152815236,4294967295,109,"v_add_f32_e32 v0, v0, v2","",109
312935152815276,4294967295,109,"v_add_f32_e32 v0, v0, v2","",109
312935152815276,4294967295,109,"v_add_f32_e32 v0, v0, v2","",109
312935152815316,4294967295,109,"v_add_f32_e32 v0, v0, v2","",109
312935152814676,4294967295,109,"v_add_f32_e32 v0, v0, v2","",109
312935152814716,4294967295,109,"v_add_f32_e32 v0, v0, v2","",109
312935152814716,4294967295,109,"v_add_f32_e32 v0, v0, v2","",109
312935152784316,4294967295,109,"v_add_f32_e32 v0, v0, v2","",109
312935152784676,4294967295,109,"v_add_f32_e32 v0, v0, v2","",109
312935152813796,4294967295,109,"v_add_f32_e32 v0, v0, v2","",109
312935152785556,4294967295,109,"v_add_f32_e32 v0, v0, v2","",109
312935152815236,4294967295,109,"v_add_f32_e32 v0, v0, v2","",109
312935152817236,4294967295,109,"v_add_f32_e32 v0, v0, v2","",109
312935152817236,4294967295,109,"v_add_f32_e32 v0, v0, v2","",109
312935152817276,4294967295,109,"v_add_f32_e32 v0, v0, v2","",109
312935152817276,4294967295,109,"v_add_f32_e32 v0, v0, v2","",109
312935152788236,4294967295,109,"v_add_f32_e32 v0, v0, v2","",109
312935152817236,4294967295,109,"v_add_f32_e32 v0, v0, v2","",109
312935152815236,4294967295,109,"v_add_f32_e32 v0, v0, v2","",109
312935152815276,4294967295,109,"v_add_f32_e32 v0, v0, v2","",109
312935152815276,4294967295,109,"v_add_f32_e32 v0, v0, v2","",109
312935152818276,4294967295,109,"v_add_f32_e32 v0, v0, v2","",109
312935152818276,4294967295,109,"v_add_f32_e32 v0, v0, v2","",109
312935152818316,4294967295,109,"v_add_f32_e32 v0, v0, v2","",109
312935152818316,4294967295,109,"v_add_f32_e32 v0, v0, v2","",109
312935152791916,4294967295,109,"v_add_f32_e32 v0, v0, v2","",109
312935152792276,4294967295,109,"v_add_f32_e32 v0, v0, v2","",109
312935152792716,4294967295,109,"v_add_f32_e32 v0, v0, v2","",109
312935152820396,4294967295,109,"v_add_f32_e32 v0, v0, v2","",109
312935152820396,4294967295,109,"v_add_f32_e32 v0, v0, v2","",109
312935152820436,4294967295,109,"v_add_f32_e32 v0, v0, v2","",109
312935152820436,4294967295,109,"v_add_f32_e32 v0, v0, v2","",109
312935152817276,4294967295,109,"v_add_f32_e32 v0, v0, v2","",109
312935152817276,4294967295,109,"v_add_f32_e32 v0, v0, v2","",109
312935152817316,4294967295,109,"v_add_f32_e32 v0, v0, v2","",109
312935152820396,4294967295,109,"v_add_f32_e32 v0, v0, v2","",109
312935152820396,4294967295,109,"v_add_f32_e32 v0, v0, v2","",109
312935152820436,4294967295,109,"v_add_f32_e32 v0, v0, v2","",109
312935152820436,4294967295,109,"v_add_f32_e32 v0, v0, v2","",109
312935152798276,4294967295,109,"v_add_f32_e32 v0, v0, v2","",109
312935152798796,4294967295,109,"v_add_f32_e32 v0, v0, v2","",109
312935152826196,4294967295,109,"v_add_f32_e32 v0, v0, v2","",109
312935152799556,4294967295,109,"v_add_f32_e32 v0, v0, v2","",109
312935152799916,4294967295,109,"v_add_f32_e32 v0, v0, v2","",109
312935152825676,4294967295,109,"v_add_f32_e32 v0, v0, v2","",109
312935152826196,4294967295,109,"v_add_f32_e32 v0, v0, v2","",109
312935152826196,4294967295,109,"v_add_f32_e32 v0, v0, v2","",109
312935152826236,4294967295,109,"v_add_f32_e32 v0, v0, v2","",109
312935152825676,4294967295,109,"v_add_f32_e32 v0, v0, v2","",109
312935152825716,4294967295,109,"v_add_f32_e32 v0, v0, v2","",109
312935152825716,4294967295,109,"v_add_f32_e32 v0, v0, v2","",109
312935152828716,4294967295,109,"v_add_f32_e32 v0, v0, v2","",109
312935152828756,4294967295,109,"v_add_f32_e32 v0, v0, v2","",109
312935152828756,4294967295,109,"v_add_f32_e32 v0, v0, v2","",109
312935152828756,4294967295,109,"v_add_f32_e32 v0, v0, v2","",109
312935152829516,4294967295,109,"v_add_f32_e32 v0, v0, v2","",109
312935152805876,4294967295,109,"v_add_f32_e32 v0, v0, v2","",109
312935152829516,4294967295,109,"v_add_f32_e32 v0, v0, v2","",109
312935152829556,4294967295,109,"v_add_f32_e32 v0, v0, v2","",109
312935152829516,4294967295,109,"v_add_f32_e32 v0, v0, v2","",109
312935152809156,4294967295,109,"v_add_f32_e32 v0, v0, v2","",109
312935152829556,4294967295,109,"v_add_f32_e32 v0, v0, v2","",109
312935152812036,4294967295,109,"v_add_f32_e32 v0, v0, v2","",109
312935152829556,4294967295,109,"v_add_f32_e32 v0, v0, v2","",109
312935152829556,4294967295,109,"v_add_f32_e32 v0, v0, v2","",109
312935152829596,4294967295,109,"v_add_f32_e32 v0, v0, v2","",109
312935162749728,4294967295,115,"v_add_f32_e32 v0, v0, v2","",115
312935162749768,4294967295,115,"v_add_f32_e32 v0, v0, v2","",115
312935162749968,4294967295,115,"v_add_f32_e32 v0, v0, v2","",115
312935162749768,4294967295,115,"v_add_f32_e32 v0, v0, v2","",115
312935162760528,4294967295,115,"v_add_f32_e32 v0, v0, v2","",115
312935162758688,4294967295,115,"v_add_f32_e32 v0, v0, v2","",115
312935162758728,4294967295,115,"v_add_f32_e32 v0, v0, v2","",115
312935162759168,4294967295,115,"v_add_f32_e32 v0, v0, v2","",115
312935162760528,4294967295,115,"v_add_f32_e32 v0, v0, v2","",115
312935162770928,4294967295,115,"v_add_f32_e32 v0, v0, v2","",115
312935162759208,4294967295,115,"v_add_f32_e32 v0, v0, v2","",115
312935162764488,4294967295,115,"v_add_f32_e32 v0, v0, v2","",115
312935162759208,4294967295,115,"v_mad_co_u64_u32 v[0:1], null, s4, ttmp9, v[0:1]","",115
312935162759248,4294967295,115,"v_add_f32_e32 v0, v0, v2","",115
312935162766688,4294967295,115,"v_add_f32_e32 v0, v0, v2","",115
312935162768008,4294967295,115,"v_add_f32_e32 v0, v0, v2","",115
312935162768008,4294967295,115,"v_add_f32_e32 v0, v0, v2","",115
312935162770888,4294967295,115,"v_add_f32_e32 v0, v0, v2","",115
312935162766688,4294967295,115,"v_add_f32_e32 v0, v0, v2","",115
312935162760568,4294967295,115,"v_add_f32_e32 v0, v0, v2","",115
312935162760528,4294967295,115,"v_add_f32_e32 v0, v0, v2","",115
312935162772928,4294967295,115,"v_add_f32_e32 v0, v0, v2","",115
312935162766728,4294967295,115,"v_add_f32_e32 v0, v0, v2","",115
312935162766728,4294967295,115,"v_add_f32_e32 v0, v0, v2","",115
312935162764528,4294967295,115,"v_add_f32_e32 v0, v0, v2","",115
312935162764528,4294967295,115,"v_add_f32_e32 v0, v0, v2","",115
312935162776048,4294967295,115,"v_add_f32_e32 v0, v0, v2","",115
312935162783408,4294967295,115,"v_add_f32_e32 v0, v0, v2","",115
312935162779528,4294967295,115,"v_add_f32_e32 v0, v0, v2","",115
312935162770928,4294967295,115,"v_add_f32_e32 v0, v0, v2","",115
312935162770968,4294967295,115,"v_add_f32_e32 v0, v0, v2","",115
312935162783408,4294967295,115,"v_add_f32_e32 v0, v0, v2","",115
312935162779568,4294967295,115,"v_add_f32_e32 v0, v0, v2","",115
312935162783448,4294967295,115,"v_add_f32_e32 v0, v0, v2","",115
312935162783448,4294967295,115,"v_add_f32_e32 v0, v0, v2","",115
312935162792089,4294967295,115,"v_add_f32_e32 v0, v0, v2","",115
312935162792129,4294967295,115,"v_add_f32_e32 v0, v0, v2","",115
312935162792129,4294967295,115,"v_add_f32_e32 v0, v0, v2","",115
312935162792169,4294967295,115,"v_add_f32_e32 v0, v0, v2","",115
312935162795929,4294967295,115,"v_add_f32_e32 v0, v0, v2","",115
312935162776088,4294967295,115,"v_add_f32_e32 v0, v0, v2","",115
312935162776088,4294967295,115,"v_add_f32_e32 v0, v0, v2","",115
312935162799849,4294967295,115,"v_add_f32_e32 v0, v0, v2","",115
312935162776128,4294967295,115,"v_add_f32_e32 v0, v0, v2","",115
312935162779568,4294967295,115,"v_add_f32_e32 v0, v0, v2","",115
312935162779608,4294967295,115,"v_add_f32_e32 v0, v0, v2","",115
312935162799849,4294967295,115,"v_add_f32_e32 v0, v0, v2","",115
312935162799889,4294967295,115,"v_add_f32_e32 v0, v0, v2","",115
312935162799889,4294967295,115,"v_add_f32_e32 v0, v0, v2","",115
312935162799929,4294967295,115,"v_add_f32_e32 v0, v0, v2","",115
312935162803649,4294967295,115,"v_add_f32_e32 v0, v0, v2","",115
312935162799849,4294967295,115,"v_add_f32_e32 v0, v0, v2","",115
312935162799889,4294967295,115,"v_add_f32_e32 v0, v0, v2","",115
312935162803649,4294967295,115,"v_add_f32_e32 v0, v0, v2","",115
312935162805729,4294967295,115,"v_add_f32_e32 v0, v0, v2","",115
312935162803649,4294967295,115,"v_add_f32_e32 v0, v0, v2","",115
312935162803689,4294967295,115,"v_add_f32_e32 v0, v0, v2","",115
312935162803689,4294967295,115,"v_add_f32_e32 v0, v0, v2","",115
312935162803649,4294967295,115,"v_add_f32_e32 v0, v0, v2","",115
312935162805769,4294967295,115,"v_add_f32_e32 v0, v0, v2","",115
312935162807649,4294967295,115,"v_add_f32_e32 v0, v0, v2","",115
312935162805769,4294967295,115,"v_add_f32_e32 v0, v0, v2","",115
312935162805809,4294967295,115,"v_add_f32_e32 v0, v0, v2","",115
312935162803689,4294967295,115,"v_add_f32_e32 v0, v0, v2","",115
312935162803689,4294967295,115,"v_add_f32_e32 v0, v0, v2","",115
312935162809369,4294967295,115,"v_add_f32_e32 v0, v0, v2","",115
312935162809369,4294967295,115,"v_add_f32_e32 v0, v0, v2","",115
312935162809409,4294967295,115,"v_add_f32_e32 v0, v0, v2","",115
312935162809409,4294967295,115,"v_add_f32_e32 v0, v0, v2","",115
312935162777808,4294967295,115,"v_add_f32_e32 v0, v0, v2","",115
312935162806849,4294967295,115,"v_add_f32_e32 v0, v0, v2","",115
312935162806849,4294967295,115,"v_add_f32_e32 v0, v0, v2","",115
312935162806889,4294967295,115,"v_add_f32_e32 v0, v0, v2","",115
312935162806889,4294967295,115,"v_add_f32_e32 v0, v0, v2","",115
312935162807649,4294967295,115,"v_add_f32_e32 v0, v0, v2","",115
312935162809369,4294967295,115,"v_add_f32_e32 v0, v0, v2","",115
312935162809369,4294967295,115,"v_add_f32_e32 v0, v0, v2","",115
312935162809369,4294967295,115,"v_add_f32_e32 v0, v0, v2","",115
312935162809409,4294967295,115,"v_add_f32_e32 v0, v0, v2","",115
312935162807689,4294967295,115,"v_add_f32_e32 v0, v0, v2","",115
312935162795969,4294967295,115,"v_add_f32_e32 v0, v0, v2","",115
312935162807689,4294967295,115,"v_add_f32_e32 v0, v0, v2","",115
312935162795969,4294967295,115,"v_add_f32_e32 v0, v0, v2","",115
312935162796009,4294967295,115,"v_add_f32_e32 v0, v0, v2","",115
312935162786368,4294967295,115,"v_add_f32_e32 v0, v0, v2","",115
312935162786768,4294967295,115,"v_add_f32_e32 v0, v0, v2","",115
312935162819169,4294967295,115,"v_add_f32_e32 v0, v0, v2","",115
312935162819209,4294967295,115,"v_add_f32_e32 v0, v0, v2","",115
312935162819209,4294967295,115,"v_add_f32_e32 v0, v0, v2","",115
312935162819249,4294967295,115,"v_add_f32_e32 v0, v0, v2","",115
312935162820969,4294967295,115,"v_add_f32_e32 v0, v0, v2","",115
312935162820969,4294967295,115,"v_add_f32_e32 v0, v0, v2","",115
312935162820969,4294967295,115,"v_add_f32_e32 v0, v0, v2","",115
312935162821009,4294967295,115,"v_add_f32_e32 v0, v0, v2","",115
312935162822329,4294967295,115,"v_add_f32_e32 v0, v0, v2","",115
312935162822369,4294967295,115,"v_add_f32_e32 v0, v0, v2","",115
312935162822369,4294967295,115,"v_add_f32_e32 v0, v0, v2","",115
312935162822409,4294967295,115,"v_add_f32_e32 v0, v0, v2","",115
312935162822369,4294967295,115,"v_add_f32_e32 v0, v0, v2","",115
312935162822369,4294967295,115,"v_add_f32_e32 v0, v0, v2","",115
312935162822369,4294967295,115,"v_add_f32_e32 v0, v0, v2","",115
312935162822409,4294967295,115,"v_add_f32_e32 v0, v0, v2","",115
312935162822369,4294967295,115,"v_add_f32_e32 v0, v0, v2","",115
312935162822329,4294967295,115,"v_add_f32_e32 v0, v0, v2","",115
312935162822409,4294967295,115,"v_add_f32_e32 v0, v0, v2","",115
312935162822369,4294967295,115,"v_add_f32_e32 v0, v0, v2","",115
312935162824769,4294967295,115,"v_add_f32_e32 v0, v0, v2","",115
312935162824809,4294967295,115,"v_add_f32_e32 v0, v0, v2","",115
312935162824809,4294967295,115,"v_add_f32_e32 v0, v0, v2","",115
312935162824809,4294967295,115,"v_add_f32_e32 v0, v0, v2","",115
312935162828649,4294967295,115,"v_add_f32_e32 v0, v0, v2","",115
312935162828649,4294967295,115,"v_add_f32_e32 v0, v0, v2","",115
312935162832249,4294967295,115,"v_add_f32_e32 v0, v0, v2","",115
312935162832289,4294967295,115,"v_add_f32_e32 v0, v0, v2","",115
312935162832289,4294967295,115,"s_wait_loadcnt 0x0","",115
312935162832329,4294967295,115,"s_wait_loadcnt 0x0","",115
312935162828649,4294967295,115,"v_add_f32_e32 v0, v0, v2","",115
312935162828689,4294967295,115,"v_add_f32_e32 v0, v0, v2","",115
312935162846649,4294967295,115,"v_add_f32_e32 v0, v0, v2","",115
312935162846689,4294967295,115,"v_add_f32_e32 v0, v0, v2","",115
312935162846689,4294967295,115,"v_add_f32_e32 v0, v0, v2","",115
312935162846729,4294967295,115,"v_add_f32_e32 v0, v0, v2","",115
312935172783701,4294967295,121,"v_add_f32_e32 v0, v0, v2","",121
312935172783701,4294967295,121,"v_add_f32_e32 v0, v0, v2","",121
312935172783741,4294967295,121,"v_add_f32_e32 v0, v0, v2","",121
312935172783741,4294967295,121,"v_add_f32_e32 v0, v0, v2","",121
312935172795781,4294967295,121,"v_add_f32_e32 v0, v0, v2","",121
312935172795781,4294967295,121,"v_add_f32_e32 v0, v0, v2","",121
312935172795821,4294967295,121,"v_add_f32_e32 v0, v0, v2","",121
312935172795821,4294967295,121,"v_add_f32_e32 v0, v0, v2","",121
312935172802901,0,121,"s_cbranch_execz 9","",121
312935172802981,4294967295,121,"v_add_f32_e32 v0, v0, v2","",121
312935172802941,4294967295,121,"v_add_f32_e32 v0, v0, v2","",121
312935172802941,4294967295,121,"v_add_f32_e32 v0, v0, v2","",121
312935172804261,4294967295,121,"v_add_co_u32 v0, vcc_lo, s2, v0","",121
312935172804261,4294967295,121,"v_add_f32_e32 v0, v0, v2","",121
312935172804301,4294967295,121,"v_add_f32_e32 v0, v0, v2","",121
312935172804301,4294967295,121,"v_add_f32_e32 v0, v0, v2","",121
312935172806901,4294967295,121,"v_add_f32_e32 v0, v0, v2","",121
312935172806941,4294967295,121,"v_add_f32_e32 v0, v0, v2","",121
312935172806981,4294967295,121,"v_add_f32_e32 v0, v0, v2","",121
312935172806941,4294967295,121,"v_add_f32_e32 v0, v0, v2","",121
312935172806941,4294967295,121,"v_add_f32_e32 v0, v0, v2","",121
312935172806981,4294967295,121,"v_add_f32_e32 v0, v0, v2","",121
312935172806941,4294967295,121,"v_add_f32_e32 v0, v0, v2","",121
312935172806981,4294967295,121,"v_add_f32_e32 v0, v0, v2","",121
312935172806901,4294967295,121,"v_add_f32_e32 v0, v0, v2","",121
312935172806941,4294967295,121,"v_add_f32_e32 v0, v0, v2","",121
312935172806941,4294967295,121,"v_add_f32_e32 v0, v0, v2","",121
312935172806901,4294967295,121,"v_add_f32_e32 v0, v0, v2","",121
312935172806941,4294967295,121,"v_add_f32_e32 v0, v0, v2","",121
312935172806941,4294967295,121,"v_add_f32_e32 v0, v0, v2","",121
312935172806981,4294967295,121,"v_add_f32_e32 v0, v0, v2","",121
312935172809261,4294967295,121,"v_add_f32_e32 v0, v0, v2","",121
312935172809341,4294967295,121,"v_add_f32_e32 v0, v0, v2","",121
312935172809301,4294967295,121,"v_add_f32_e32 v0, v0, v2","",121
312935172809301,4294967295,121,"v_add_f32_e32 v0, v0, v2","",121
312935172809301,4294967295,121,"v_add_f32_e32 v0, v0, v2","",121
312935172809301,4294967295,121,"v_add_f32_e32 v0, v0, v2","",121
312935172809341,4294967295,121,"v_add_f32_e32 v0, v0, v2","",121
312935172809261,4294967295,121,"v_add_f32_e32 v0, v0, v2","",121
312935172809301,4294967295,121,"v_add_f32_e32 v0, v0, v2","",121
312935172809341,4294967295,121,"v_add_f32_e32 v0, v0, v2","",121
312935172809301,4294967295,121,"v_add_f32_e32 v0, v0, v2","",121
312935172812941,4294967295,121,"v_add_f32_e32 v0, v0, v2","",121
312935172812941,4294967295,121,"s_load_b32 s4, s[0:1], 0x24","",121
312935172812941,4294967295,121,"v_add_f32_e32 v0, v0, v2","",121
312935172812981,4294967295,121,"v_add_f32_e32 v0, v0, v2","",121
312935172813421,4294967295,121,"v_add_f32_e32 v0, v0, v2","",121
312935172813461,4294967295,121,"v_add_f32_e32 v0, v0, v2","",121
312935172813461,4294967295,121,"v_add_f32_e32 v0, v0, v2","",121
312935172813461,4294967295,121,"v_add_f32_e32 v0, v0, v2","",121
312935172816221,4294967295,121,"v_add_f32_e32 v0, v0, v2","",121
312935172816221,4294967295,121,"v_add_f32_e32 v0, v0, v2","",121
312935172816261,4294967295,121,"v_add_f32_e32 v0, v0, v2","",121
312935172816261,4294967295,121,"v_add_f32_e32 v0, v0, v2","",121
312935172817861,4294967295,121,"v_add_f32_e32 v0, v0, v2","",121
312935172817901,4294967295,121,"v_add_f32_e32 v0, v0, v2","",121
312935172817901,4294967295,121,"v_add_f32_e32 v0, v0, v2","",121
312935172817901,4294967295,121,"v_add_f32_e32 v0, v0, v2","",121
312935172829622,4294967295,121,"v_add_f32_e32 v0, v0, v2","",121
312935172829662,4294967295,121,"v_add_f32_e32 v0, v0, v2","",121
312935172829662,4294967295,121,"v_add_f32_e32 v0, v0, v2","",121
312935172829702,4294967295,121,"v_add_f32_e32 v0, v0, v2","",121
312935172831302,4294967295,121,"v_add_f32_e32 v0, v0, v2","",121
312935172831302,4294967295,121,"v_add_f32_e32 v0, v0, v2","",121
312935172836862,4294967295,121,"v_add_f32_e32 v0, v0, v2","",121
312935172836862,4294967295,121,"v_add_f32_e32 v0, v0, v2","",121
312935172831342,4294967295,121,"v_add_f32_e32 v0, v0, v2","",121
312935172831342,4294967295,121,"v_add_f32_e32 v0, v0, v2","",121
312935172836862,4294967295,121,"v_add_f32_e32 v0, v0, v2","",121
312935172836862,4294967295,121,"v_add_f32_e32 v0, v0, v2","",121
312935172836902,4294967295,121,"v_add_f32_e32 v0, v0, v2","",121
312935172836862,4294967295,121,"v_add_f32_e32 v0, v0, v2","",121
312935172836862,4294967295,121,"v_add_f32_e32 v0, v0, v2","",121
312935172836902,4294967295,121,"v_add_f32_e32 v0, v0, v2","",121
312935172836902,4294967295,121,"v_add_f32_e32 v0, v0, v2","",121
312935172836902,4294967295,121,"v_add_f32_e32 v0, v0, v2","",121
312935172841182,4294967295,121,"v_add_f32_e32 v0, v0, v2","",121
312935172841222,4294967295,121,"v_add_f32_e32 v0, v0, v2","",121
312935172841222,4294967295,121,"v_add_f32_e32 v0, v0, v2","",121
312935172841262,4294967295,121,"v_add_f32_e32 v0, v0, v2","",121
312935172842062,4294967295,121,"v_add_f32_e32 v0, v0, v2","",121
312935172842102,4294967295,121,"v_add_f32_e32 v0, v0, v2","",121
312935172842102,4294967295,121,"v_add_f32_e32 v0, v0, v2","",121
312935172842142,4294967295,121,"v_add_f32_e32 v0, v0, v2","",121
312935172842582,4294967295,121,"v_add_f32_e32 v0, v0, v2","",121
312935172842582,4294967295,121,"v_add_f32_e32 v0, v0, v2","",121
312935172842582,4294967295,121,"v_add_f32_e32 v0, v0, v2","",121
312935172842622,4294967295,121,"v_add_f32_e32 v0, v0, v2","",121
312935172845022,4294967295,121,"v_add_f32_e32 v0, v0, v2","",121
312935172845902,4294967295,121,"v_add_f32_e32 v0, v0, v2","",121
312935172845902,4294967295,121,"v_add_f32_e32 v0, v0, v2","",121
312935172845942,4294967295,121,"v_add_f32_e32 v0, v0, v2","",121
312935172845942,4294967295,121,"v_add_f32_e32 v0, v0, v2","",121
312935172845022,4294967295,121,"v_add_f32_e32 v0, v0, v2","",121
312935172845062,4294967295,121,"v_add_f32_e32 v0, v0, v2","",121
312935172848942,4294967295,121,"v_add_f32_e32 v0, v0, v2","",121
312935172848942,4294967295,121,"v_add_f32_e32 v0, v0, v2","",121
312935172848982,4294967295,121,"v_add_f32_e32 v0, v0, v2","",121
312935172848982,4294967295,121,"v_add_f32_e32 v0, v0, v2","",121
312935172845062,4294967295,121,"v_add_f32_e32 v0, v0, v2","",121
312935172849822,4294967295,121,"v_add_f32_e32 v0, v0, v2","",121
312935172849862,4294967295,121,"v_add_f32_e32 v0, v0, v2","",121
312935172849862,4294967295,121,"v_add_f32_e32 v0, v0, v2","",121
312935172849902,4294967295,121,"v_add_f32_e32 v0, v0, v2","",121
312935172852782,4294967295,121,"v_add_f32_e32 v0, v0, v2","",121
312935172852822,4294967295,121,"v_add_f32_e32 v0, v0, v2","",121
312935172852822,4294967295,121,"v_add_f32_e32 v0, v0, v2","",121
312935172852862,4294967295,121,"v_add_f32_e32 v0, v0, v2","",121
312935172857142,4294967295,121,"v_add_f32_e32 v0, v0, v2","",121
312935172857102,4294967295,121,"v_add_f32_e32 v0, v0, v2","",121
312935172857182,4294967295,121,"v_add_f32_e32 v0, v0, v2","",121
312935172857142,4294967295,121,"v_add_f32_e32 v0, v0, v2","",121
312935172860822,4294967295,121,"v_add_f32_e32 v0, v0, v2","",121
312935172860822,4294967295,121,"v_add_f32_e32 v0, v0, v2","",121
312935172860862,4294967295,121,"v_add_f32_e32 v0, v0, v2","",121
312935172860862,4294967295,121,"v_add_f32_e32 v0, v0, v2","",121
312935172860822,4294967295,121,"v_add_f32_e32 v0, v0, v2","",121
312935172860822,4294967295,121,"v_add_f32_e32 v0, v0, v2","",121
312935172860862,4294967295,121,"v_add_f32_e32 v0, v0, v2","",121
312935172860862,4294967295,121,"v_add_f32_e32 v0, v0, v2","",121
312935172864102,4294967295,121,"v_add_f32_e32 v0, v0, v2","",121
312935172864142,4294967295,121,"v_add_f32_e32 v0, v0, v2","",121
312935172864142,4294967295,121,"v_add_f32_e32 v0, v0, v2","",121
312935182763314,4294967295,128,"v_add_f32_e32 v0, v0, v2","",128
312935182763354,4294967295,128,"v_add_f32_e32 v0, v0, v2","",128
312935182775554,4294967295,128,"v_add_f32_e32 v0, v0, v2","",128
312935182783274,4294967295,128,"v_add_f32_e32 v0, v0, v2","",128
312935182782234,4294967295,128,"v_add_f32_e32 v0, v0, v2","",128
312935182773954,4294967295,128,"v_add_f32_e32 v0, v0, v2","",128
312935182774954,4294967295,128,"v_add_f32_e32 v0, v0, v2","",128
312935182768794,4294967295,128,"v_add_f32_e32 v0, v0, v2","",128
312935182776954,4294967295,128,"v_add_f32_e32 v0, v0, v2","",128
312935182776274,4294967295,128,"v_add_f32_e32 v0, v0, v2","",128
312935182775954,4294967295,128,"v_add_f32_e32 v0, v0, v2","",128
312935182778674,4294967295,128,"v_add_f32_e32 v0, v0, v2","",128
312935182779914,4294967295,128,"v_add_f32_e32 v0, v0, v2","",128
312935182775554,4294967295,128,"v_add_f32_e32 v0, v0, v2","",128
312935182777274,4294967295,128,"v_add_f32_e32 v0, v0, v2","",128
312935182777274,4294967295,128,"v_add_f32_e32 v0, v0, v2","",128
312935182769234,4294967295,128,"v_add_f32_e32 v0, v0, v2","",128
312935182780114,4294967295,128,"v_add_f32_e32 v0, v0, v2","",128
312935182782234,4294967295,128,"v_add_f32_e32 v0, v0, v2","",128
312935182782234,4294967295,128,"v_add_f32_e32 v0, v0, v2","",128
312935182786834,4294967295,128,"v_add_f32_e32 v0, v0, v2","",128
312935182785714,4294967295,128,"v_add_f32_e32 v0, v0, v2","",128
312935182787394,4294967295,128,"v_add_f32_e32 v0, v0, v2","",128
312935182787394,4294967295,128,"v_add_f32_e32 v0, v0, v2","",128
312935182786874,4294967295,128,"v_add_f32_e32 v0, v0, v2","",128
312935182795234,4294967295,128,"v_add_f32_e32 v0, v0, v2","",128
312935182806554,4294967295,128,"v_add_f32_e32 v0, v0, v2","",128
312935182787394,4294967295,128,"v_add_f32_e32 v0, v0, v2","",128
312935182774514,4294967295,128,"v_add_f32_e32 v0, v0, v2","",128
312935182785714,4294967295,128,"v_add_f32_e32 v0, v0, v2","",128
312935182775274,4294967295,128,"v_add_f32_e32 v0, v0, v2","",128
312935182806554,4294967295,128,"v_add_f32_e32 v0, v0, v2","",128
312935182805274,4294967295,128,"v_add_f32_e32 v0, v0, v2","",128
312935182802514,4294967295,128,"v_add_f32_e32 v0, v0, v2","",128
312935182782234,4294967295,128,"v_add_f32_e32 v0, v0, v2","",128
312935182809154,4294967295,128,"v_add_f32_e32 v0, v0, v2","",128
312935182777914,4294967295,128,"v_add_f32_e32 v0, v0, v2","",128
312935182778314,4294967295,128,"v_add_f32_e32 v0, v0, v2","",128
312935182778674,4294967295,128,"v_add_f32_e32 v0, v0, v2","",128
312935182785754,4294967295,128,"v_add_f32_e32 v0, v0, v2","",128
312935182785754,4294967295,128,"v_add_f32_e32 v0, v0, v2","",128
312935182812274,4294967295,128,"v_add_f32_e32 v0, v0, v2","",128
312935182822314,4294967295,128,"v_add_f32_e32 v0, v0, v2","",128
312935182813674,4294967295,128,"v_add_f32_e32 v0, v0, v2","",128
312935182802554,4294967295,128,"v_add_f32_e32 v0, v0, v2","",128
312935182802554,4294967295,128,"v_add_f32_e32 v0, v0, v2","",128
312935182782594,4294967295,128,"v_add_f32_e32 v0, v0, v2","",128
312935182795274,4294967295,128,"v_add_f32_e32 v0, v0, v2","",128
312935182783514,4294967295,128,"v_add_f32_e32 v0, v0, v2","",128
312935182822314,4294967295,128,"v_add_f32_e32 v0, v0, v2","",128
312935182806554,4294967295,128,"v_add_f32_e32 v0, v0, v2","",128
312935182806594,4294967295,128,"v_add_f32_e32 v0, v0, v2","",128
312935182785034,4294967295,128,"v_add_f32_e32 v0, v0, v2","",128
312935182785434,4294967295,128,"v_add_f32_e32 v0, v0, v2","",128
312935182786194,4294967295,128,"v_add_f32_e32 v0, v0, v2","",128
312935182787434,4294967295,128,"v_add_f32_e32 v0, v0, v2","",128
312935182825114,4294967295,128,"v_add_f32_e32 v0, v0, v2","",128
312935182787634,4294967295,128,"v_add_f32_e32 v0, v0, v2","",128
312935182788034,4294967295,128,"v_add_f32_e32 v0, v0, v2","",128
312935182788394,4294967295,128,"v_add_f32_e32 v0, v0, v2","",128
312935182812314,4294967295,128,"v_add_f32_e32 v0, v0, v2","",128
312935182789194,4294967295,128,"v_add_f32_e32 v0, v0, v2","",128
312935182809154,4294967295,128,"v_add_f32_e32 v0, v0, v2","",128
312935182789954,4294967295,128,"v_add_f32_e32 v0, v0, v2","",128
312935182790314,4294967295,128,"v_add_f32_e32 v0, v0, v2","",128
312935182790714,4294967295,128,"v_add_f32_e32 v0, v0, v2","",128
312935182826794,4294967295,128,"v_add_f32_e32 v0, v0, v2","",128
312935182826834,4294967295,128,"v_add_f32_e32 v0, v0, v2","",128
312935182826834,4294967295,128,"v_add_f32_e32 v0, v0, v2","",128
312935182826874,4294967295,128,"v_add_f32_e32 v0, v0, v2","",128
312935182813674,4294967295,128,"v_add_f32_e32 v0, v0, v2","",128
312935182793314,4294967295,128,"v_add_f32_e32 v0, v0, v2","",128
312935182825114,4294967295,128,"v_add_f32_e32 v0, v0, v2","",128
312935182829234,4294967295,128,"v_add_f32_e32 v0, v0, v2","",128
312935182829234,4294967295,128,"v_add_f32_e32 v0, v0, v2","",128
312935182795474,4294967295,128,"v_add_f32_e32 v0, v0, v2","",128
312935182795874,4294967295,128,"v_add_f32_e32 v0, v0, v2","",128
312935182829234,4294967295,128,"v_add_f32_e32 v0, v0, v2","",128
312935182829234,4294967295,128,"v_add_f32_e32 v0, v0, v2","",128
312935182829274,4294967295,128,"v_add_f32_e32 v0, v0, v2","",128
312935182829274,4294967295,128,"v_add_f32_e32 v0, v0, v2","",128
312935182797714,4294967295,128,"v_add_f32_e32 v0, v0, v2","",128
312935182825154,4294967295,128,"v_add_f32_e32 v0, v0, v2","",128
312935182825154,4294967295,128,"v_add_f32_e32 v0, v0, v2","",128
312935182829274,4294967295,128,"v_add_f32_e32 v0, v0, v2","",128
312935182799234,4294967295,128,"v_add_f32_e32 v0, v0, v2","",128
312935182799634,4294967295,128,"v_add_f32_e32 v0, v0, v2","",128
312935182805314,4294967295,128,"v_add_f32_e32 v0, v0, v2","",128
312935182805314,4294967295,128,"v_add_f32_e32 v0, v0, v2","",128
312935182809154,4294967295,128,"v_add_f32_e32 v0, v0, v2","",128
312935182809194,4294967295,128,"v_add_f32_e32 v0, v0, v2","",128
312935182802794,4294967295,128,"v_add_f32_e32 v0, v0, v2","",128
312935182833394,4294967295,128,"v_add_f32_e32 v0, v0, v2","",128
312935182803554,4294967295,128,"v_add_f32_e32 v0, v0, v2","",128
312935182803914,4294967295,128,"v_add_f32_e32 v0, v0, v2","",128
312935182812314,4294967295,128,"v_add_f32_e32 v0, v0, v2","",128
312935182812354,4294967295,128,"v_add_f32_e32 v0, v0, v2","",128
312935182805034,4294967295,128,"v_add_f32_e32 v0, v0, v2","",128
312935182813714,4294967295,128,"v_add_f32_e32 v0, v0, v2","",128
312935182813714,4294967295,128,"v_add_f32_e32 v0, v0, v2","",128
312935182806834,4294967295,128,"v_add_f32_e32 v0, v0, v2","",128
312935182807234,4294967295,128,"v_add_f32_e32 v0, v0, v2","",128
312935182833434,4294967295,128,"v_add_f32_e32 v0, v0, v2","",128
312935182833434,4294967295,128,"v_add_f32_e32 v0, v0, v2","",128
312935182833474,4294967295,128,"v_add_f32_e32 v0, v0, v2","",128
312935182809354,4294967295,128,"s_load_b32 s4, s[0:1], 0x24","",128
312935182809754,4294967295,128,"v_add_f32_e32 v0, v0, v2","",128
312935182810114,4294967295,128,"v_add_f32_e32 v0, v0, v2","",128
312935182810514,4294967295,128,"v_add_f32_e32 v0, v0, v2","",128
312935182810874,4294967295,128,"v_add_f32_e32 v0, v0, v2","",128
312935182811234,4294967295,128,"v_add_f32_e32 v0, v0, v2","",128
312935182836754,4294967295,128,"v_add_f32_e32 v0, v0, v2","",128
312935182813914,4294967295,128,"v_add_f32_e32 v0, v0, v2","",128
312935182814274,4294967295,128,"v_add_f32_e32 v0, v0, v2","",128
312935182822354,4294967295,128,"v_add_f32_e32 v0, v0, v2","",128
312935182822354,4294967295,128,"v_add_f32_e32 v0, v0, v2","",128
312935182817154,4294967295,128,"v_add_f32_e32 v0, v0, v2","",128
312935182817634,4294967295,128,"v_add_f32_e32 v0, v0, v2","",128
312935182819794,4294967295,128,"v_add_f32_e32 v0, v0, v2","",128
312935182820154,4294967295,128,"v_add_f32_e32 v0, v0, v2","",128
312935182836794,4294967295,128,"v_add_f32_e32 v0, v0, v2","",128
312935182836794,4294967295,128,"v_add_f32_e32 v0, v0, v2","",128
312935182836834,4294967295,128,"v_add_f32_e32 v0, v0, v2","",128
312935192794807,4294967295,134,"v_add_f32_e32 v0, v0, v2","",134
312935192794847,4294967295,134,"v_add_f32_e32 v0, v0, v2","",134
312935192794807,4294967295,134,"v_add_f32_e32 v0, v0, v2","",134
312935192794807,4294967295,134,"v_add_f32_e32 v0, v0, v2","",134
312935192800647,4294967295,134,"v_add_f32_e32 v0, v0, v2","",134
312935192800647,4294967295,134,"v_add_f32_e32 v0, v0, v2","",134
312935192800687,4294967295,134,"v_add_f32_e32 v0, v0, v2","",134
312935192801367,4294967295,134,"v_add_f32_e32 v0, v0, v2","",134
312935192805367,4294967295,134,"v_mad_co_u64_u32 v[0:1], null, s4, ttmp9, v[0:1]","",134
312935192805407,4294967295,134,"v_mad_co_u64_u32 v[0:1], null, s4, ttmp9, v[0:1]","",134
312935192805367,4294967295,134,"v_add_f32_e32 v0, v0, v2","",134
312935192807047,4294967295,134,"v_add_f32_e32 v0, v0, v2","",134
312935192807087,4294967295,134,"v_add_f32_e32 v0, v0, v2","",134
312935192807087,4294967295,134,"v_add_f32_e32 v0, v0, v2","",134
312935192807127,4294967295,134,"v_add_f32_e32 v0, v0, v2","",134
312935192810447,4294967295,134,"v_add_f32_e32 v0, v0, v2","",134
312935192810487,4294967295,134,"v_add_f32_e32 v0, v0, v2","",134
312935192810487,4294967295,134,"v_add_f32_e32 v0, v0, v2","",134
312935192810527,4294967295,134,"v_add_f32_e32 v0, v0, v2","",134
312935192810487,4294967295,134,"v_add_f32_e32 v0, v0, v2","",134
312935192810487,4294967295,134,"v_add_f32_e32 v0, v0, v2","",134
312935192810527,4294967295,134,"v_add_f32_e32 v0, v0, v2","",134
312935192810527,4294967295,134,"v_add_f32_e32 v0, v0, v2","",134
312935192810487,4294967295,134,"v_add_f32_e32 v0, v0, v2","",134
312935192810487,4294967295,134,"v_add_f32_e32 v0, v0, v2","",134
312935192810527,4294967295,134,"v_add_f32_e32 v0, v0, v2","",134
312935192810527,4294967295,134,"v_add_f32_e32 v0, v0, v2","",134
312935192814927,4294967295,134,"v_add_f32_e32 v0, v0, v2","",134
312935192814927,4294967295,134,"v_add_f32_e32 v0, v0, v2","",134
312935192814927,4294967295,134,"v_add_f32_e32 v0, v0, v2","",134
312935192814967,4294967295,134,"v_add_f32_e32 v0, v0, v2","",134
312935192814927,4294967295,134,"v_add_f32_e32 v0, v0, v2","",134
312935192814927,4294967295,134,"v_add_f32_e32 v0, v0, v2","",134
312935192814967,4294967295,134,"v_add_f32_e32 v0, v0, v2","",134
312935192814967,4294967295,134,"v_add_f32_e32 v0, v0, v2","",134
312935192812447,4294967295,134,"v_add_f32_e32 v0, v0, v2","",134
312935192812447,4294967295,134,"v_add_f32_e32 v0, v0, v2","",134
312935192812447,4294967295,134,"v_add_f32_e32 v0, v0, v2","",134
312935192819567,4294967295,134,"v_add_f32_e32 v0, v0, v2","",134
312935192819647,4294967295,134,"v_add_f32_e32 v0, v0, v2","",134
312935192819687,4294967295,134,"v_add_f32_e32 v0, v0, v2","",134
312935192819687,4294967295,134,"v_add_f32_e32 v0, v0, v2","",134
312935192819607,4294967295,134,"v_add_f32_e32 v0, v0, v2","",134
312935192819607,4294967295,134,"v_add_f32_e32 v0, v0, v2","",134
312935192819607,4294967295,134,"v_add_f32_e32 v0, v0, v2","",134
312935192819647,4294967295,134,"v_add_f32_e32 v0, v0, v2","",134
312935192828727,4294967295,134,"v_add_f32_e32 v0, v0, v2","",134
312935192828727,4294967295,134,"v_add_f32_e32 v0, v0, v2","",134
312935192828767,4294967295,134,"v_add_f32_e32 v0, v0, v2","",134
312935192828767,4294967295,134,"v_add_f32_e32 v0, v0, v2","",134
312935192836887,4294967295,134,"v_add_f32_e32 v0, v0, v2","",134
312935192836927,4294967295,134,"v_add_f32_e32 v0, v0, v2","",134
312935192836927,4294967295,134,"v_add_f32_e32 v0, v0, v2","",134
312935192836927,4294967295,134,"v_add_f32_e32 v0, v0, v2","",134
312935192836887,4294967295,134,"v_add_f32_e32 v0, v0, v2","",134
312935192836887,4294967295,134,"v_add_f32_e32 v0, v0, v2","",134
312935192836927,4294967295,134,"v_add_f32_e32 v0, v0, v2","",134
312935192836927,4294967295,134,"v_add_f32_e32 v0, v0, v2","",134
312935192836887,4294967295,134,"v_add_f32_e32 v0, v0, v2","",134
312935192836887,4294967295,134,"v_add_f32_e32 v0, v0, v2","",134
312935192836927,4294967295,134,"v_add_f32_e32 v0, v0, v2","",134
312935192836927,4294967295,134,"v_add_f32_e32 v0, v0, v2","",134
312935192836887,4294967295,134,"v_add_f32_e32 v0, v0, v2","",134
312935192836887,4294967295,134,"v_add_f32_e32 v0, v0, v2","",134
312935192836927,4294967295,134,"v_add_f32_e32 v0, v0, v2","",134
312935192836927,4294967295,134,"v_add_f32_e32 v0, v0, v2","",134
312935192843607,4294967295,134,"v_add_f32_e32 v0, v0, v2","",134
312935192843647,4294967295,134,"v_add_f32_e32 v0, v0, v2","",134
312935192843647,4294967295,134,"v_add_f32_e32 v0, v0, v2","",134
312935192843687,4294967295,134,"v_add_f32_e32 v0, v0, v2","",134
312935192849007,4294967295,134,"v_add_f32_e32 v0, v0, v2","",134
312935192849007,4294967295,134,"v_add_f32_e32 v0, v0, v2","",134
312935192849047,4294967295,134,"v_add_f32_e32 v0, v0, v2","",134
312935192849047,4294967295,134,"v_add_f32_e32 v0, v0, v2","",134
312935192849647,4294967295,134,"v_add_f32_e32 v0, v0, v2","",134
312935192849687,4294967295,134,"v_add_f32_e32 v0, v0, v2","",134
312935192849687,4294967295,134,"v_add_f32_e32 v0, v0, v2","",134
312935192849727,4294967295,134,"v_add_f32_e32 v0, v0, v2","",134
312935192849647,4294967295,134,"v_add_f32_e32 v0, v0, v2","",134
312935192849687,4294967295,134,"v_add_f32_e32 v0, v0, v2","",134
312935192849687,4294967295,134,"v_add_f32_e32 v0, v0, v2","",134
312935192849727,4294967295,134,"v_add_f32_e32 v0, v0, v2","",134
312935192850927,4294967295,134,"v_add_f32_e32 v0, v0, v2","",134
312935192850967,4294967295,134,"v_add_f32_e32 v0, v0, v2","",134
312935192850967,4294967295,134,"v_add_f32_e32 v0, v0, v2","",134
312935192851007,4294967295,134,"v_add_f32_e32 v0, v0, v2","",134
312935192850927,4294967295,134,"v_add_f32_e32 v0, v0, v2","",134
312935192850967,4294967295,134,"v_add_f32_e32 v0, v0, v2","",134
312935192850967,4294967295,134,"v_add_f32_e32 v0, v0, v2","",134
312935192851007,4294967295,134,"v_add_f32_e32 v0, v0, v2","",134
312935192853767,4294967295,134,"v_add_f32_e32 v0, v0, v2","",134
312935192853767,4294967295,134,"v_add_f32_e32 v0, v0, v2","",134
312935192853807,4294967295,134,"v_add_f32_e32 v0, v0, v2","",134
312935192853807,4294967295,134,"v_add_f32_e32 v0, v0, v2","",134
312935192858527,4294967295,134,"v_add_f32_e32 v0, v0, v2","",134
312935192858567,4294967295,134,"v_add_f32_e32 v0, v0, v2","",134
312935192858567,4294967295,134,"v_add_f32_e32 v0, v0, v2","",134
312935192858607,4294967295,134,"v_add_f32_e32 v0, v0, v2","",134
312935192860087,4294967295,134,"v_add_f32_e32 v0, v0, v2","",134
312935192860087,4294967295,134,"v_add_f32_e32 v0, v0, v2","",134
312935192860127,4294967295,134,"v_add_f32_e32 v0, v0, v2","",134
312935192860127,4294967295,134,"v_add_f32_e32 v0, v0, v2","",134
312935192860087,4294967295,134,"v_add_f32_e32 v0, v0, v2","",134
312935192860087,4294967295,134,"v_add_f32_e32 v0, v0, v2","",134
312935192860127,4294967295,134,"v_add_f32_e32 v0, v0, v2","",134
312935192860127,4294967295,134,"v_add_f32_e32 v0, v0, v2","",134
312935192861847,4294967295,134,"v_add_f32_e32 v0, v0, v2","",134
312935192861887,4294967295,134,"v_add_f32_e32 v0, v0, v2","",134
312935192861887,4294967295,134,"v_add_f32_e32 v0, v0, v2","",134
312935192861927,4294967295,134,"v_add_f32_e32 v0, v0, v2","",134
312935192863847,4294967295,134,"v_add_f32_e32 v0, v0, v2","",134
312935192863847,4294967295,134,"v_add_f32_e32 v0, v0, v2","",134
312935192863887,4294967295,134,"v_add_f32_e32 v0, v0, v2","",134
312935192863887,4294967295,134,"v_add_f32_e32 v0, v0, v2","",134
312935192866007,4294967295,134,"v_add_f32_e32 v0, v0, v2","",134
312935192866047,4294967295,134,"v_add_f32_e32 v0, v0, v2","",134
312935192866047,4294967295,134,"v_add_f32_e32 v0, v0, v2","",134
312935192866087,4294967295,134,"v_add_f32_e32 v0, v0, v2","",134
312935192866007,4294967295,134,"v_add_f32_e32 v0, v0, v2","",134
312935192866047,4294967295,134,"v_add_f32_e32 v0, v0, v2","",134
312935192866047,4294967295,134,"v_add_f32_e32 v0, v0, v2","",134
312935192866087,4294967295,134,"v_add_f32_e32 v0, v0, v2","",134
312935192866007,4294967295,134,"v_add_f32_e32 v0, v0, v2","",134
312935192866047,4294967295,134,"v_add_f32_e32 v0, v0, v2","",134
312935192866047,4294967295,134,"v_add_f32_e32 v0, v0, v2","",134
312935192866087,4294967295,134,"v_add_f32_e32 v0, v0, v2","",134
312935202797299,4294967295,140,"v_add_f32_e32 v0, v0, v2","",140
312935202797299,4294967295,140,"v_add_f32_e32 v0, v0, v2","",140
312935202798979,4294967295,140,"v_add_f32_e32 v0, v0, v2","",140
312935202797339,4294967295,140,"v_add_f32_e32 v0, v0, v2","",140
312935202814139,4294967295,140,"v_add_f32_e32 v0, v0, v2","",140
312935202814059,4294967295,140,"v_add_f32_e32 v0, v0, v2","",140
312935202814099,4294967295,140,"v_add_f32_e32 v0, v0, v2","",140
312935202814099,4294967295,140,"v_add_f32_e32 v0, v0, v2","",140
312935202817220,4294967295,140,"v_add_f32_e32 v0, v0, v2","",140
312935202824220,4294967295,140,"v_add_f32_e32 v0, v0, v2","",140
312935202824260,4294967295,140,"v_add_f32_e32 v0, v0, v2","",140
312935202824260,4294967295,140,"v_add_f32_e32 v0, v0, v2","",140
312935202826540,4294967295,140,"v_add_f32_e32 v0, v0, v2","",140
312935202826580,4294967295,140,"v_add_f32_e32 v0, v0, v2","",140
312935202826620,4294967295,140,"v_add_f32_e32 v0, v0, v2","",140
312935202826580,4294967295,140,"v_add_f32_e32 v0, v0, v2","",140
312935202826540,4294967295,140,"v_add_f32_e32 v0, v0, v2","",140
312935202826580,4294967295,140,"v_add_f32_e32 v0, v0, v2","",140
312935202826580,4294967295,140,"v_add_f32_e32 v0, v0, v2","",140
312935202826620,4294967295,140,"v_add_f32_e32 v0, v0, v2","",140
312935202826540,4294967295,140,"v_add_f32_e32 v0, v0, v2","",140
312935202826580,4294967295,140,"v_add_f32_e32 v0, v0, v2","",140
312935202826580,4294967295,140,"v_add_f32_e32 v0, v0, v2","",140
312935202826620,4294967295,140,"v_add_f32_e32 v0, v0, v2","",140
312935202831780,4294967295,140,"v_add_f32_e32 v0, v0, v2","",140
312935202831740,4294967295,140,"v_add_f32_e32 v0, v0, v2","",140
312935202831740,4294967295,140,"v_add_f32_e32 v0, v0, v2","",140
312935202831780,4294967295,140,"v_add_f32_e32 v0, v0, v2","",140
312935202831900,4294967295,140,"v_add_f32_e32 v0, v0, v2","",140
312935202831900,4294967295,140,"v_add_f32_e32 v0, v0, v2","",140
312935202831940,4294967295,140,"v_add_f32_e32 v0, v0, v2","",140
312935202831940,4294967295,140,"v_add_f32_e32 v0, v0, v2","",140
312935202831740,4294967295,140,"v_add_f32_e32 v0, v0, v2","",140
312935202831740,4294967295,140,"v_add_f32_e32 v0, v0, v2","",140
312935202831780,4294967295,140,"v_add_f32_e32 v0, v0, v2","",140
312935202831780,4294967295,140,"v_add_f32_e32 v0, v0, v2","",140
312935202831820,4294967295,140,"v_add_f32_e32 v0, v0, v2","",140
312935202831820,4294967295,140,"v_add_f32_e32 v0, v0, v2","",140
312935202831860,4294967295,140,"v_add_f32_e32 v0, v0, v2","",140
312935202831860,4294967295,140,"v_add_f32_e32 v0, v0, v2","",140
312935202817220,4294967295,140,"v_add_f32_e32 v0, v0, v2","",140
312935202831740,4294967295,140,"v_add_f32_e32 v0, v0, v2","",140
312935202831740,4294967295,140,"v_add_f32_e32 v0, v0, v2","",140
312935202831780,4294967295,140,"v_add_f32_e32 v0, v0, v2","",140
312935202831780,4294967295,140,"v_add_f32_e32 v0, v0, v2","",140
312935202831740,4294967295,140,"v_add_co_u32 v0, vcc_lo, s2, v0","",140
312935202831740,4294967295,140,"v_add_f32_e32 v0, v0, v2","",140
312935202831780,4294967295,140,"v_add_f32_e32 v0, v0, v2","",140
312935202831740,4294967295,140,"v_add_f32_e32 v0, v0, v2","",140
312935202831740,4294967295,140,"v_add_f32_e32 v0, v0, v2","",140
312935202831820,4294967295,140,"v_add_f32_e32 v0, v0, v2","",140
312935202831860,4294967295,140,"v_add_f32_e32 v0, v0, v2","",140
312935202831740,4294967295,140,"v_mad_co_u64_u32 v[0:1], null, s4, ttmp9, v[0:1]","",140
312935202831740,4294967295,140,"v_add_f32_e32 v0, v0, v2","",140
312935202831780,4294967295,140,"v_add_f32_e32 v0, v0, v2","",140
312935202831780,4294967295,140,"v_add_f32_e32 v0, v0, v2","",140
312935202831700,4294967295,140,"v_add_f32_e32 v0, v0, v2","",140
312935202831740,4294967295,140,"v_add_f32_e32 v0, v0, v2","",140
312935202831740,4294967295,140,"v_add_f32_e32 v0, v0, v2","",140
312935202831780,4294967295,140,"v_add_f32_e32 v0, v0, v2","",140
312935202817460,4294967295,140,"v_add_f32_e32 v0, v0, v2","",140
312935202831740,4294967295,140,"v_add_f32_e32 v0, v0, v2","",140
312935202831780,4294967295,140,"v_add_f32_e32 v0, v0, v2","",140
312935202831780,4294967295,140,"v_add_f32_e32 v0, v0, v2","",140
312935202831820,4294967295,140,"v_add_f32_e32 v0, v0, v2","",140
312935202832340,4294967295,140,"v_add_f32_e32 v0, v0, v2","",140
312935202832380,4294967295,140,"v_add_f32_e32 v0, v0, v2","",140
312935202832380,4294967295,140,"v_add_f32_e32 v0, v0, v2","",140
312935202832420,4294967295,140,"v_add_f32_e32 v0, v0, v2","",140
312935202822220,4294967295,140,"v_add_f32_e32 v0, v0, v2","",140
312935202842420,4294967295,140,"v_add_f32_e32 v0, v0, v2","",140
312935202842420,4294967295,140,"v_add_f32_e32 v0, v0, v2","",140
312935202842460,4294967295,140,"v_add_f32_e32 v0, v0, v2","",140
312935202842460,4294967295,140,"v_add_f32_e32 v0, v0, v2","",140
312935202848940,4294967295,140,"v_add_f32_e32 v0, v0, v2","",140
312935202849020,4294967295,140,"v_add_f32_e32 v0, v0, v2","",140
312935202848980,4294967295,140,"v_add_f32_e32 v0, v0, v2","",140
312935202848980,4294967295,140,"v_add_f32_e32 v0, v0, v2","",140
312935202857060,4294967295,140,"v_add_f32_e32 v0, v0, v2","",140
312935202857100,4294967295,140,"v_add_f32_e32 v0, v0, v2","",140
312935202857100,4294967295,140,"v_add_f32_e32 v0, v0, v2","",140
312935202857100,4294967295,140,"v_add_f32_e32 v0, v0, v2","",140
312935202857980,4294967295,140,"v_add_f32_e32 v0, v0, v2","",140
312935202858020,4294967295,140,"v_add_f32_e32 v0, v0, v2","",140
312935202858020,4294967295,140,"v_add_f32_e32 v0, v0, v2","",140
312935202858060,4294967295,140,"v_add_f32_e32 v0, v0, v2","",140
312935202859900,4294967295,140,"v_add_f32_e32 v0, v0, v2","",140
312935202859900,4294967295,140,"v_add_f32_e32 v0, v0, v2","",140
312935202859940,4294967295,140,"v_add_f32_e32 v0, v0, v2","",140
312935202859940,4294967295,140,"v_add_f32_e32 v0, v0, v2","",140
312935202857980,4294967295,140,"v_add_f32_e32 v0, v0, v2","",140
312935202858020,4294967295,140,"v_add_f32_e32 v0, v0, v2","",140
312935202858020,4294967295,140,"v_add_f32_e32 v0, v0, v2","",140
312935202861900,4294967295,140,"v_add_f32_e32 v0, v0, v2","",140
312935202861940,4294967295,140,"v_add_f32_e32 v0, v0, v2","",140
312935202861940,4294967295,140,"v_add_f32_e32 v0, v0, v2","",140
312935202861980,4294967295,140,"v_add_f32_e32 v0, v0, v2","",140
312935202858060,4294967295,140,"v_add_f32_e32 v0, v0, v2","",140
312935202861900,4294967295,140,"v_add_f32_e32 v0, v0, v2","",140
312935202861940,4294967295,140,"v_add_f32_e32 v0, v0, v2","",140
312935202861940,4294967295,140,"v_add_f32_e32 v0, v0, v2","",140
312935202861980,4294967295,140,"v_add_f32_e32 v0, v0, v2","",140
312935202864940,4294967295,140,"v_add_f32_e32 v0, v0, v2","",140
312935202864940,4294967295,140,"v_add_f32_e32 v0, v0, v2","",140
312935202864940,4294967295,140,"v_add_f32_e32 v0, v0, v2","",140
312935202864980,4294967295,140,"v_add_f32_e32 v0, v0, v2","",140
312935202863620,4294967295,140,"v_add_f32_e32 v0, v0, v2","",140
312935202863620,4294967295,140,"v_add_f32_e32 v0, v0, v2","",140
312935202863660,4294967295,140,"v_add_f32_e32 v0, v0, v2","",140
312935202863660,4294967295,140,"v_add_f32_e32 v0, v0, v2","",140
312935202870060,4294967295,140,"v_add_f32_e32 v0, v0, v2","",140
312935202870060,4294967295,140,"v_add_f32_e32 v0, v0, v2","",140
312935202870100,4294967295,140,"v_add_f32_e32 v0, v0, v2","",140
312935202870100,4294967295,140,"v_add_f32_e32 v0, v0, v2","",140
312935202878660,4294967295,140,"v_add_f32_e32 v0, v0, v2","",140
312935202878660,4294967295,140,"v_add_f32_e32 v0, v0, v2","",140
312935202878700,4294967295,140,"v_add_f32_e32 v0, v0, v2","",140
312935202878700,4294967295,140,"v_add_f32_e32 v0, v0, v2","",140
312935202880500,4294967295,140,"v_add_f32_e32 v0, v0, v2","",140
312935202880500,4294967295,140,"v_add_f32_e32 v0, v0, v2","",140
312935202880540,4294967295,140,"v_add_f32_e32 v0, v0, v2","",140
312935202882020,4294967295,140,"v_add_f32_e32 v0, v0, v2","",140
312935202882020,4294967295,140,"v_add_f32_e32 v0, v0, v2","",140
312935202882060,4294967295,140,"v_add_f32_e32 v0, v0, v2","",140
312935202882060,4294967295,140,"v_add_f32_e32 v0, v0, v2","",140
312935212788872,4294967295,147,"v_add_f32_e32 v0, v0, v2","",147
312935212788912,4294967295,147,"v_add_f32_e32 v0, v0, v2","",147
312935212791352,4294967295,147,"v_add_f32_e32 v0, v0, v2","",147
312935212792672,4294967295,147,"v_add_f32_e32 v0, v0, v2","",147
312935212797752,4294967295,147,"v_add_f32_e32 v0, v0, v2","",147
312935212808192,4294967295,147,"v_add_f32_e32 v0, v0, v2","",147
312935212802272,4294967295,147,"v_add_f32_e32 v0, v0, v2","",147
312935212792712,4294967295,147,"v_add_f32_e32 v0, v0, v2","",147
312935212792712,4294967295,147,"v_add_f32_e32 v0, v0, v2","",147
312935212792632,4294967295,147,"v_add_f32_e32 v0, v0, v2","",147
312935212802232,4294967295,147,"v_add_f32_e32 v0, v0, v2","",147
312935212802192,4294967295,147,"v_add_f32_e32 v0, v0, v2","",147
312935212803472,4294967295,147,"v_add_f32_e32 v0, v0, v2","",147
312935212803472,4294967295,147,"v_add_f32_e32 v0, v0, v2","",147
312935212793792,4294967295,147,"v_add_f32_e32 v0, v0, v2","",147
312935212794072,4294967295,147,"v_add_f32_e32 v0, v0, v2","",147
312935212816152,4294967295,147,"v_add_f32_e32 v0, v0, v2","",147
312935212810832,4294967295,147,"v_add_f32_e32 v0, v0, v2","",147
312935212802192,4294967295,147,"v_add_f32_e32 v0, v0, v2","",147
312935212802232,4294967295,147,"v_add_f32_e32 v0, v0, v2","",147
312935212810872,4294967295,147,"v_add_f32_e32 v0, v0, v2","",147
312935212810872,4294967295,147,"v_add_f32_e32 v0, v0, v2","",147
312935212810912,4294967295,147,"v_add_f32_e32 v0, v0, v2","",147
312935212798072,4294967295,147,"v_add_f32_e32 v0, v0, v2","",147
312935212803872,4294967295,147,"v_add_f32_e32 v0, v0, v2","",147
312935212803512,4294967295,147,"v_add_f32_e32 v0, v0, v2","",147
312935212817672,4294967295,147,"v_add_f32_e32 v0, v0, v2","",147
312935212817632,4294967295,147,"v_add_f32_e32 v0, v0, v2","",147
312935212817672,4294967295,147,"v_add_f32_e32 v0, v0, v2","",147
312935212817672,4294967295,147,"v_add_f32_e32 v0, v0, v2","",147
312935212820472,4294967295,147,"v_add_f32_e32 v0, v0, v2","",147
312935212822912,4294967295,147,"v_add_f32_e32 v0, v0, v2","",147
312935212822872,4294967295,147,"v_add_f32_e32 v0, v0, v2","",147
312935212816152,4294967295,147,"v_add_f32_e32 v0, v0, v2","",147
312935212802792,0,147,"s_endpgm","",147
312935212803192,4294967295,147,"v_add_f32_e32 v0, v0, v2","",147
312935212823392,4294967295,147,"v_add_f32_e32 v0, v0, v2","",147
312935212830432,4294967295,147,"v_add_f32_e32 v0, v0, v2","",147
312935212817672,4294967295,147,"v_add_f32_e32 v0, v0, v2","",147
312935212817672,4294967295,147,"v_add_f32_e32 v0, v0, v2","",147
312935212817672,4294967295,147,"v_add_f32_e32 v0, v0, v2","",147
312935212817712,4294967295,147,"v_add_f32_e32 v0, v0, v2","",147
312935212820472,4294967295,147,"v_add_f32_e32 v0, v0, v2","",147
312935212823432,4294967295,147,"v_add_f32_e32 v0, v0, v2","",147
312935212823432,4294967295,147,"v_add_f32_e32 v0, v0, v2","",147
312935212823472,4294967295,147,"v_add_f32_e32 v0, v0, v2","",147
312935212834712,4294967295,147,"v_add_f32_e32 v0, v0, v2","",147
312935212816152,4294967295,147,"v_add_f32_e32 v0, v0, v2","",147
312935212816192,4294967295,147,"v_add_f32_e32 v0, v0, v2","",147
312935212822912,4294967295,147,"v_add_f32_e32 v0, v0, v2","",147
312935212822952,4294967295,147,"v_add_f32_e32 v0, v0, v2","",147
312935212834712,4294967295,147,"v_add_f32_e32 v0, v0, v2","",147
312935212834752,4294967295,147,"v_add_f32_e32 v0, v0, v2","",147
312935212834752,4294967295,147,"v_add_f32_e32 v0, v0, v2","",147
312935212830432,4294967295,147,"v_add_f32_e32 v0, v0, v2","",147
312935212830472,4294967295,147,"v_add_f32_e32 v0, v0, v2","",147
312935212830472,4294967295,147,"v_add_f32_e32 v0, v0, v2","",147
312935212844232,4294967295,147,"v_add_f32_e32 v0, v0, v2","",147
312935212844232,4294967295,147,"v_add_f32_e32 v0, v0, v2","",147
312935212844272,4294967295,147,"v_add_f32_e32 v0, v0, v2","",147
312935212844272,4294967295,147,"v_add_f32_e32 v0, v0, v2","",147
312935212844312,4294967295,147,"v_add_f32_e32 v0, v0, v2","",147
312935212820512,4294967295,147,"v_add_f32_e32 v0, v0, v2","",147
312935212820512,4294967295,147,"v_add_f32_e32 v0, v0, v2","",147
312935212844312,4294967295,147,"v_add_f32_e32 v0, v0, v2","",147
312935212844352,4294967295,147,"v_add_f32_e32 v0, v0, v2","",147
312935212844352,4294967295,147,"v_add_f32_e32 v0, v0, v2","",147
312935212844392,4294967295,147,"v_add_f32_e32 v0, v0, v2","",147
312935212844232,4294967295,147,"v_add_f32_e32 v0, v0, v2","",147
312935212844272,4294967295,147,"v_add_f32_e32 v0, v0, v2","",147
312935212844272,4294967295,147,"v_add_f32_e32 v0, v0, v2","",147
312935212844312,4294967295,147,"v_add_f32_e32 v0, v0, v2","",147
312935212844272,4294967295,147,"v_add_f32_e32 v0, v0, v2","",147
312935212844272,4294967295,147,"v_add_f32_e32 v0, v0, v2","",147
312935212844312,4294967295,147,"v_add_f32_e32 v0, v0, v2","",147
312935212845872,4294967295,147,"v_add_f32_e32 v0, v0, v2","",147
312935212845872,4294967295,147,"v_add_f32_e32 v0, v0, v2","",147
312935212845912,4294967295,147,"v_add_f32_e32 v0, v0, v2","",147
312935212845912,4294967295,147,"v_add_f32_e32 v0, v0, v2","",147
312935212851993,4294967295,147,"v_add_f32_e32 v0, v0, v2","",147
312935212852033,4294967295,147,"v_add_f32_e32 v0, v0, v2","",147
312935212852033,4294967295,147,"v_add_f32_e32 v0, v0, v2","",147
312935212852073,4294967295,147,"v_add_f32_e32 v0, v0, v2","",147
312935212858833,4294967295,147,"v_add_f32_e32 v0, v0, v2","",147
312935212863673,4294967295,147,"v_add_f32_e32 v0, v0, v2","",147
312935212863673,4294967295,147,"v_add_f32_e32 v0, v0, v2","",147
312935212863713,4294967295,147,"v_add_f32_e32 v0, v0, v2","",147
312935212863713,4294967295,147,"v_add_f32_e32 v0, v0, v2","",147
312935212858873,4294967295,147,"v_add_f32_e32 v0, v0, v2","",147
312935212858873,4294967295,147,"v_add_f32_e32 v0, v0, v2","",147
312935212858913,4294967295,147,"v_add_f32_e32 v0, v0, v2","",147
312935212864593,4294967295,147,"v_add_f32_e32 v0, v0, v2","",147
312935212864633,4294967295,147,"v_add_f32_e32 v0, v0, v2","",147
312935212864633,4294967295,147,"v_add_f32_e32 v0, v0, v2","",147
312935212864633,4294967295,147,"v_add_f32_e32 v0, v0, v2","",147
312935212867673,4294967295,147,"v_add_f32_e32 v0, v0, v2","",147
312935212867673,4294967295,147,"v_add_f32_e32 v0, v0, v2","",147
312935212867713,4294967295,147,"v_add_f32_e32 v0, v0, v2","",147
312935212867713,4294967295,147,"v_add_f32_e32 v0, v0, v2","",147
312935212871553,4294967295,147,"v_add_f32_e32 v0, v0, v2","",147
312935212871593,4294967295,147,"v_add_f32_e32 v0, v0, v2","",147
312935212871593,4294967295,147,"v_add_f32_e32 v0, v0, v2","",147
312935212871633,4294967295,147,"v_add_f32_e32 v0, v0, v2","",147
312935212871553,4294967295,147,"v_add_f32_e32 v0, v0, v2","",147
312935212871593,4294967295,147,"v_add_f32_e32 v0, v0, v2","",147
312935212871593,4294967295,147,"v_add_f32_e32 v0, v0, v2","",147
312935212871593,4294967295,147,"v_add_f32_e32 v0, v0, v2","",147
312935212871593,4294967295,147,"v_add_f32_e32 v0, v0, v2","",147
312935212871633,4294967295,147,"v_add_f32_e32 v0, v0, v2","",147
312935212873833,4294967295,147,"v_add_f32_e32 v0, v0, v2","",147
312935212871593,4294967295,147,"v_add_f32_e32 v0, v0, v2","",147
312935212871593,4294967295,147,"v_add_f32_e32 v0, v0, v2","",147
312935212873873,4294967295,147,"v_add_f32_e32 v0, v0, v2","",147
312935212878473,4294967295,147,"v_add_f32_e32 v0, v0, v2","",147
312935212878473,4294967295,147,"v_add_f32_e32 v0, v0, v2","",147
312935212878513,4294967295,147,"v_add_f32_e32 v0, v0, v2","",147
312935212878513,4294967295,147,"v_add_f32_e32 v0, v0, v2","",147
312935212878473,4294967295,147,"v_add_f32_e32 v0, v0, v2","",147
312935212878473,4294967295,147,"v_add_f32_e32 v0, v0, v2","",147
312935212873873,4294967295,147,"v_add_f32_e32 v0, v0, v2","",147
312935212878513,4294967295,147,"v_add_f32_e32 v0, v0, v2","",147
312935212873913,4294967295,147,"v_add_f32_e32 v0, v0, v2","",147
312935212878513,4294967295,147,"v_add_f32_e32 v0, v0, v2","",147
312935212883793,4294967295,147,"v_add_f32_e32 v0, v0, v2","",147
312935212883833,4294967295,147,"v_add_f32_e32 v0, v0, v2","",147
312935212883833,4294967295,147,"v_add_f32_e32 v0, v0, v2","",147
312935212883873,4294967295,147,"v_add_f32_e32 v0, v0, v2","",147
312935222813765,4294967295,153,"v_add_f32_e32 v0, v0, v2","",153
312935222811845,4294967295,153,"v_add_f32_e32 v0, v0, v2","",153
312935222811845,4294967295,153,"v_add_f32_e32 v0, v0, v2","",153
312935222815445,4294967295,153,"v_add_f32_e32 v0, v0, v2","",153
312935222815445,4294967295,153,"v_add_f32_e32 v0, v0, v2","",153
312935222815485,4294967295,153,"v_add_f32_e32 v0, v0, v2","",153
312935222819525,4294967295,153,"v_add_f32_e32 v0, v0, v2","",153
312935222819525,4294967295,153,"v_add_f32_e32 v0, v0, v2","",153
312935222819565,4294967295,153,"v_add_f32_e32 v0, v0, v2","",153
312935222819565,4294967295,153,"v_add_f32_e32 v0, v0, v2","",153
312935222831805,4294967295,153,"v_add_f32_e32 v0, v0, v2","",153
312935222829445,4294967295,153,"v_add_f32_e32 v0, v0, v2","",153
312935222829485,4294967295,153,"v_add_f32_e32 v0, v0, v2","",153
312935222829485,4294967295,153,"v_add_f32_e32 v0, v0, v2","",153
312935222830405,4294967295,153,"v_add_f32_e32 v0, v0, v2","",153
312935222830445,4294967295,153,"v_add_f32_e32 v0, v0, v2","",153
312935222830445,4294967295,153,"v_add_f32_e32 v0, v0, v2","",153
312935222830485,4294967295,153,"v_add_f32_e32 v0, v0, v2","",153
312935222831805,4294967295,153,"s_wait_kmcnt 0x0","",153
312935222831845,4294967295,153,"v_add_f32_e32 v0, v0, v2","",153
312935222831885,4294967295,153,"v_add_f32_e32 v0, v0, v2","",153
312935222831845,4294967295,153,"v_add_f32_e32 v0, v0, v2","",153
312935222831805,4294967295,153,"v_add_f32_e32 v0, v0, v2","",153
312935222831845,4294967295,153,"v_add_f32_e32 v0, v0, v2","",153
312935222831845,4294967295,153,"v_add_f32_e32 v0, v0, v2","",153
312935222831845,4294967295,153,"v_add_f32_e32 v0, v0, v2","",153
312935222831845,4294967295,153,"v_add_f32_e32 v0, v0, v2","",153
312935222834885,4294967295,153,"v_add_f32_e32 v0, v0, v2","",153
312935222834965,4294967295,153,"v_add_f32_e32 v0, v0, v2","",153
312935222834925,4294967295,153,"v_add_f32_e32 v0, v0, v2","",153
312935222834925,4294967295,153,"v_add_f32_e32 v0, v0, v2","",153
312935222831805,4294967295,153,"v_add_f32_e32 v0, v0, v2","",153
312935222831845,4294967295,153,"v_add_f32_e32 v0, v0, v2","",153
312935222831845,4294967295,153,"v_add_f32_e32 v0, v0, v2","",153
312935222831885,4294967295,153,"v_add_f32_e32 v0, v0, v2","",153
312935222834885,4294967295,153,"v_add_f32_e32 v0, v0, v2","",153
312935222831845,4294967295,153,"v_add_f32_e32 v0, v0, v2","",153
312935222834925,4294967295,153,"v_add_f32_e32 v0, v0, v2","",153
312935222834925,4294967295,153,"v_add_f32_e32 v0, v0, v2","",153
312935222834965,4294967295,153,"v_add_f32_e32 v0, v0, v2","",153
312935222836205,4294967295,153,"v_add_f32_e32 v0, v0, v2","",153
312935222836205,4294967295,153,"v_add_f32_e32 v0, v0, v2","",153
312935222836205,4294967295,153,"v_add_f32_e32 v0, v0, v2","",153
312935222836245,4294967295,153,"v_add_f32_e32 v0, v0, v2","",153
312935222837365,4294967295,153,"v_add_f32_e32 v0, v0, v2","",153
312935222837405,4294967295,153,"v_add_f32_e32 v0, v0, v2","",153
312935222837405,4294967295,153,"v_add_f32_e32 v0, v0, v2","",153
312935222837445,4294967295,153,"v_add_f32_e32 v0, v0, v2","",153
312935222831885,4294967295,153,"v_add_f32_e32 v0, v0, v2","",153
312935222831885,4294967295,153,"v_add_f32_e32 v0, v0, v2","",153
312935222837405,4294967295,153,"v_add_f32_e32 v0, v0, v2","",153
312935222837405,4294967295,153,"v_add_f32_e32 v0, v0, v2","",153
312935222839605,4294967295,153,"v_add_f32_e32 v0, v0, v2","",153
312935222839605,4294967295,153,"v_add_f32_e32 v0, v0, v2","",153
312935222840605,4294967295,153,"v_add_f32_e32 v0, v0, v2","",153
312935222840645,4294967295,153,"v_add_f32_e32 v0, v0, v2","",153
312935222843885,4294967295,153,"v_add_f32_e32 v0, v0, v2","",153
312935222843925,4294967295,153,"v_add_f32_e32 v0, v0, v2","",153
312935222843925,4294967295,153,"v_add_f32_e32 v0, v0, v2","",153
312935222843965,4294967295,153,"v_add_f32_e32 v0, v0, v2","",153
312935222851405,4294967295,153,"v_add_f32_e32 v0, v0, v2","",153
312935222851405,4294967295,153,"v_add_f32_e32 v0, v0, v2","",153
312935222851445,4294967295,153,"v_add_f32_e32 v0, v0, v2","",153
312935222839645,4294967295,153,"v_add_f32_e32 v0, v0, v2","",153
312935222839645,4294967295,153,"v_add_f32_e32 v0, v0, v2","",153
312935222837445,4294967295,153,"v_add_f32_e32 v0, v0, v2","",153
312935222837445,4294967295,153,"v_add_f32_e32 v0, v0, v2","",153
312935222840645,4294967295,153,"v_add_f32_e32 v0, v0, v2","",153
312935222840685,4294967295,153,"v_add_f32_e32 v0, v0, v2","",153
312935222861445,4294967295,153,"s_cbranch_execz 31","",153
312935222861485,4294967295,153,"s_cbranch_execz 31","",153
312935222861485,4294967295,153,"v_add_f32_e32 v0, v0, v2","",153
312935222861525,4294967295,153,"v_add_f32_e32 v0, v0, v2","",153
312935222861965,4294967295,153,"v_add_f32_e32 v0, v0, v2","",153
312935222861965,4294967295,153,"v_add_f32_e32 v0, v0, v2","",153
312935222862005,4294967295,153,"v_add_f32_e32 v0, v0, v2","",153
312935222862445,4294967295,153,"v_add_f32_e32 v0, v0, v2","",153
312935222862485,4294967295,153,"v_add_f32_e32 v0, v0, v2","",153
312935222862485,4294967295,153,"v_add_f32_e32 v0, v0, v2","",153
312935222862485,4294967295,153,"v_add_f32_e32 v0, v0, v2","",153
312935222867325,4294967295,153,"v_add_f32_e32 v0, v0, v2","",153
312935222867365,4294967295,153,"v_add_f32_e32 v0, v0, v2","",153
312935222867365,4294967295,153,"v_add_f32_e32 v0, v0, v2","",153
312935222867405,4294967295,153,"v_add_f32_e32 v0, v0, v2","",153
312935222871205,4294967295,153,"v_add_f32_e32 v0, v0, v2","",153
312935222871205,4294967295,153,"v_add_f32_e32 v0, v0, v2","",153
312935222871245,4294967295,153,"v_add_f32_e32 v0, v0, v2","",153
312935222871245,4294967295,153,"v_add_f32_e32 v0, v0, v2","",153
312935222871165,4294967295,153,"v_add_f32_e32 v0, v0, v2","",153
312935222871205,4294967295,153,"v_add_f32_e32 v0, v0, v2","",153
312935222871205,4294967295,153,"v_add_f32_e32 v0, v0, v2","",153
312935222871245,4294967295,153,"v_add_f32_e32 v0, v0, v2","",153
312935222873965,4294967295,153,"v_add_f32_e32 v0, v0, v2","",153
312935222873965,4294967295,153,"v_add_f32_e32 v0, v0, v2","",153
312935222874005,4294967295,153,"s_wait_loadcnt 0x0","",153
312935222874005,4294967295,153,"v_add_f32_e32 v0, v0, v2","",153
312935222873965,4294967295,153,"v_add_f32_e32 v0, v0, v2","",153
312935222873965,4294967295,153,"v_add_f32_e32 v0, v0, v2","",153
312935222874005,4294967295,153,"v_add_f32_e32 v0, v0, v2","",153
312935222874005,4294967295,153,"v_add_f32_e32 v0, v0, v2","",153
312935222876165,4294967295,153,"v_add_f32_e32 v0, v0, v2","",153
312935222876205,4294967295,153,"v_add_f32_e32 v0, v0, v2","",153
312935222876205,4294967295,153,"v_add_f32_e32 v0, v0, v2","",153
312935222876245,4294967295,153,"v_add_f32_e32 v0, v0, v2","",153
312935222877085,4294967295,153,"v_add_f32_e32 v0, v0, v2","",153
312935222877085,4294967295,153,"v_add_f32_e32 v0, v0, v2","",153
312935222877125,4294967295,153,"v_add_f32_e32 v0, v0, v2","",153
312935222877125,4294967295,153,"v_add_f32_e32 v0, v0, v2","",153
312935222881525,4294967295,153,"v_add_f32_e32 v0, v0, v2","",153
312935222881565,4294967295,153,"v_add_f32_e32 v0, v0, v2","",153
312935222881525,4294967295,153,"v_add_f32_e32 v0, v0, v2","",153
312935222881565,4294967295,153,"v_add_f32_e32 v0, v0, v2","",153
312935222888086,4294967295,153,"v_add_f32_e32 v0, v0, v2","",153
312935222888126,4294967295,153,"v_add_f32_e32 v0, v0, v2","",153
312935222888126,4294967295,153,"v_add_f32_e32 v0, v0, v2","",153
312935222888166,4294967295,153,"v_add_f32_e32 v0, v0, v2","",153
312935222881565,4294967295,153,"v_add_f32_e32 v0, v0, v2","",153
312935232799257,4294967295,159,"v_mad_co_u64_u32 v[0:1], null, s4, ttmp9, v[0:1]","",159
312935232804697,4294967295,159,"v_add_f32_e32 v0, v0, v2","",159
312935232806937,4294967295,159,"v_add_f32_e32 v0, v0, v2","",159
312935232803897,4294967295,159,"v_add_f32_e32 v0, v0, v2","",159
312935232800097,4294967295,159,"v_add_f32_e32 v0, v0, v2","",159
312935232809778,4294967295,159,"v_add_f32_e32 v0, v0, v2","",159
312935232815738,4294967295,159,"v_add_f32_e32 v0, v0, v2","",159
312935232810778,4294967295,159,"v_add_f32_e32 v0, v0, v2","",159
312935232803257,4294967295,159,"v_add_f32_e32 v0, v0, v2","",159
312935232804937,4294967295,159,"v_add_f32_e32 v0, v0, v2","",159
312935232803897,4294967295,159,"v_add_f32_e32 v0, v0, v2","",159
312935232806137,4294967295,159,"v_add_f32_e32 v0, v0, v2","",159
312935232807457,4294967295,159,"v_add_f32_e32 v0, v0, v2","",159
312935232804937,4294967295,159,"v_add_f32_e32 v0, v0, v2","",159
312935232803257,4294967295,159,"v_add_f32_e32 v0, v0, v2","",159
312935232819298,4294967295,159,"v_add_f32_e32 v0, v0, v2","",159
312935232812218,4294967295,159,"v_add_f32_e32 v0, v0, v2","",159
312935232803497,4294967295,159,"v_mad_co_u64_u32 v[0:1], null, s4, ttmp9, v[0:1]","",159
312935232803897,4294967295,159,"v_add_f32_e32 v0, v0, v2","",159
312935232806537,4294967295,159,"v_add_f32_e32 v0, v0, v2","",159
312935232804657,4294967295,159,"v_add_f32_e32 v0, v0, v2","",159
312935232819298,4294967295,159,"v_add_f32_e32 v0, v0, v2","",159
312935232822618,4294967295,159,"v_add_f32_e32 v0, v0, v2","",159
312935232806137,4294967295,159,"v_add_f32_e32 v0, v0, v2","",159
312935232826178,4294967295,159,"v_add_f32_e32 v0, v0, v2","",159
312935232827058,4294967295,159,"v_add_f32_e32 v0, v0, v2","",159
312935232822658,4294967295,159,"v_add_f32_e32 v0, v0, v2","",159
312935232819298,4294967295,159,"v_add_f32_e32 v0, v0, v2","",159
312935232819338,4294967295,159,"v_add_f32_e32 v0, v0, v2","",159
312935232819338,4294967295,159,"v_add_f32_e32 v0, v0, v2","",159
312935232833138,4294967295,159,"v_add_f32_e32 v0, v0, v2","",159
312935232831458,4294967295,159,"v_add_f32_e32 v0, v0, v2","",159
312935232844418,4294967295,159,"v_add_f32_e32 v0, v0, v2","",159
312935232837098,4294967295,159,"v_add_f32_e32 v0, v0, v2","",159
312935232822618,4294967295,159,"v_add_f32_e32 v0, v0, v2","",159
312935232822658,4294967295,159,"v_add_f32_e32 v0, v0, v2","",159
312935232854778,4294967295,159,"v_add_f32_e32 v0, v0, v2","",159
312935232831498,4294967295,159,"v_add_f32_e32 v0, v0, v2","",159
312935232848938,4294967295,159,"v_add_f32_e32 v0, v0, v2","",159
312935232844458,4294967295,159,"v_add_f32_e32 v0, v0, v2","",159
312935232813258,4294967295,159,"v_add_f32_e32 v0, v0, v2","",159
312935232833178,4294967295,159,"v_add_f32_e32 v0, v0, v2","",159
312935232814058,4294967295,159,"v_add_f32_e32 v0, v0, v2","",159
312935232814418,4294967295,159,"v_add_f32_e32 v0, v0, v2","",159
312935232845778,4294967295,159,"v_add_f32_e32 v0, v0, v2","",159
312935232848938,4294967295,159,"v_add_f32_e32 v0, v0, v2","",159
312935232831498,4294967295,159,"v_add_f32_e32 v0, v0, v2","",159
312935232831538,4294967295,159,"v_add_f32_e32 v0, v0, v2","",159
312935232817858,4294967295,159,"v_add_f32_e32 v0, v0, v2","",159
312935232818258,4294967295,159,"v_add_f32_e32 v0, v0, v2","",159
312935232854778,4294967295,159,"v_add_f32_e32 v0, v0, v2","",159
312935232819018,4294967295,159,"v_add_f32_e32 v0, v0, v2","",159
312935232819658,4294967295,159,"v_add_f32_e32 v0, v0, v2","",159
312935232844458,4294967295,159,"v_add_f32_e32 v0, v0, v2","",159
312935232844498,4294967295,159,"v_add_f32_e32 v0, v0, v2","",159
312935232837098,4294967295,159,"v_add_f32_e32 v0, v0, v2","",159
312935232837138,4294967295,159,"v_add_f32_e32 v0, v0, v2","",159
312935232837138,4294967295,159,"v_add_f32_e32 v0, v0, v2","",159
312935232822858,4294967295,159,"v_add_f32_e32 v0, v0, v2","",159
312935232856818,4294967295,159,"v_add_f32_e32 v0, v0, v2","",159
312935232856818,4294967295,159,"v_add_f32_e32 v0, v0, v2","",159
312935232856858,4294967295,159,"v_add_f32_e32 v0, v0, v2","",159
312935232856858,4294967295,159,"v_add_f32_e32 v0, v0, v2","",159
312935232856818,4294967295,159,"v_add_f32_e32 v0, v0, v2","",159
312935232848978,4294967295,159,"v_add_f32_e32 v0, v0, v2","",159
312935232825538,4294967295,159,"v_add_f32_e32 v0, v0, v2","",159
312935232825938,4294967295,159,"v_add_f32_e32 v0, v0, v2","",159
312935232848978,4294967295,159,"v_add_f32_e32 v0, v0, v2","",159
312935232849018,4294967295,159,"v_add_f32_e32 v0, v0, v2","",159
312935232833178,4294967295,159,"v_add_f32_e32 v0, v0, v2","",159
312935232833218,4294967295,159,"v_add_f32_e32 v0, v0, v2","",159
312935232829258,4294967295,159,"v_add_f32_e32 v0, v0, v2","",159
312935232829698,4294967295,159,"v_add_f32_e32 v0, v0, v2","",159
312935232830098,4294967295,159,"v_add_f32_e32 v0, v0, v2","",159
312935232845818,4294967295,159,"v_add_f32_e32 v0, v0, v2","",159
312935232845818,4294967295,159,"v_add_f32_e32 v0, v0, v2","",159
312935232832098,4294967295,159,"v_add_f32_e32 v0, v0, v2","",159
312935232832498,4294967295,159,"v_add_f32_e32 v0, v0, v2","",159
312935232856818,4294967295,159,"v_add_f32_e32 v0, v0, v2","",159
312935232833418,4294967295,159,"v_mad_co_u64_u32 v[0:1], null, s4, ttmp9, v[0:1]","",159
312935232833778,4294967295,159,"v_add_f32_e32 v0, v0, v2","",159
312935232862298,4294967295,159,"v_add_f32_e32 v0, v0, v2","",159
312935232863338,4294967295,159,"v_add_f32_e32 v0, v0, v2","",159
312935232863378,4294967295,159,"v_add_f32_e32 v0, v0, v2","",159
312935232863378,4294967295,159,"v_add_f32_e32 v0, v0, v2","",159
312935232836458,4294967295,159,"s_clause 0x1","",159
312935232863418,4294967295,159,"v_add_f32_e32 v0, v0, v2","",159
312935232838258,4294967295,159,"v_add_f32_e32 v0, v0, v2","",159
312935232838658,4294967295,159,"v_add_f32_e32 v0, v0, v2","",159
312935232839018,4294967295,159,"v_add_f32_e32 v0, v0, v2","",159
312935232856858,0,159,"s_endpgm","",159
312935232856858,4294967295,159,"v_add_f32_e32 v0, v0, v2","",159
312935232862298,4294967295,159,"v_add_f32_e32 v0, v0, v2","",159
312935232862338,4294967295,159,"v_add_f32_e32 v0, v0, v2","",159
312935232862338,4294967295,159,"v_add_f32_e32 v0, v0, v2","",159
312935232842458,4294967295,159,"v_add_f32_e32 v0, v0, v2","",159
312935232854778,4294967295,159,"v_add_f32_e32 v0, v0, v2","",159
312935232843298,4294967295,159,"v_add_f32_e32 v0, v0, v2","",159
312935232854818,4294967295,159,"v_add_f32_e32 v0, v0, v2","",159
312935232854818,4294967295,159,"v_add_f32_e32 v0, v0, v2","",159
312935232848978,4294967295,159,"v_add_f32_e32 v0, v0, v2","",159
312935232845458,4294967295,159,"v_add_f32_e32 v0, v0, v2","",159
312935232870378,4294967295,159,"v_add_f32_e32 v0, v0, v2","",159
312935232870418,4294967295,159,"v_add_f32_e32 v0, v0, v2","",159
312935232870418,4294967295,159,"v_add_f32_e32 v0, v0, v2","",159
312935232870458,4294967295,159,"v_add_f32_e32 v0, v0, v2","",159
312935232847938,4294967295,159,"v_add_f32_e32 v0, v0, v2","",159
312935232848298,4294967295,159,"v_add_f32_e32 v0, v0, v2","",159
312935232848698,4294967295,159,"v_add_f32_e32 v0, v0, v2","",159
312935232854778,4294967295,159,"v_add_f32_e32 v0, v0, v2","",159
312935232849578,4294967295,159,"v_add_f32_e32 v0, v0, v2","",159
312935232849938,4294967295,159,"v_add_f32_e32 v0, v0, v2","",159
312935232850338,4294967295,159,"v_add_f32_e32 v0, v0, v2","",159
312935232872458,4294967295,159,"v_add_f32_e32 v0, v0, v2","",159
312935232854818,4294967295,159,"v_add_f32_e32 v0, v0, v2","",159
312935232854818,4294967295,159,"v_add_f32_e32 v0, v0, v2","",159
312935232872498,4294967295,159,"v_add_f32_e32 v0, v0, v2","",159
312935232872498,4294967295,159,"v_add_f32_e32 v0, v0, v2","",159
312935232872538,4294967295,159,"v_add_f32_e32 v0, v0, v2","",159
312935232883538,4294967295,159,"v_add_f32_e32 v0, v0, v2","",159
312935232883578,4294967295,159,"v_add_f32_e32 v0, v0, v2","",159
312935232883578,4294967295,159,"v_add_f32_e32 v0, v0, v2","",159
312935232885818,4294967295,159,"v_add_f32_e32 v0, v0, v2","",159
312935232885818,4294967295,159,"v_add_f32_e32 v0, v0, v2","",159
312935232885858,4294967295,159,"v_add_f32_e32 v0, v0, v2","",159
312935232885858,4294967295,159,"v_add_f32_e32 v0, v0, v2","",159
312935242831550,4294967295,165,"v_add_f32_e32 v0, v0, v2","",165
312935242831590,4294967295,165,"v_add_f32_e32 v0, v0, v2","",165
312935242831590,4294967295,165,"v_add_f32_e32 v0, v0, v2","",165
312935242844711,4294967295,165,"v_add_f32_e32 v0, v0, v2","",165
312935242835550,4294967295,165,"v_add_f32_e32 v0, v0, v2","",165
312935242835590,4294967295,165,"v_add_f32_e32 v0, v0, v2","",165
312935242835590,4294967295,165,"v_add_f32_e32 v0, v0, v2","",165
312935242838830,4294967295,165,"v_add_f32_e32 v0, v0, v2","",165
312935242838870,4294967295,165,"v_add_f32_e32 v0, v0, v2","",165
312935242838870,4294967295,165,"v_add_f32_e32 v0, v0, v2","",165
312935242838910,4294967295,165,"v_add_f32_e32 v0, v0, v2","",165
312935242841430,4294967295,165,"v_add_f32_e32 v0, v0, v2","",165
312935242837510,4294967295,165,"v_add_f32_e32 v0, v0, v2","",165
312935242837550,4294967295,165,"v_add_f32_e32 v0, v0, v2","",165
312935242837550,4294967295,165,"v_add_f32_e32 v0, v0, v2","",165
312935242837590,4294967295,165,"v_add_f32_e32 v0, v0, v2","",165
312935242844791,4294967295,165,"v_add_f32_e32 v0, v0, v2","",165
312935242844871,4294967295,165,"v_add_f32_e32 v0, v0, v2","",165
312935242844831,4294967295,165,"v_add_f32_e32 v0, v0, v2","",165
312935242844831,4294967295,165,"v_add_f32_e32 v0, v0, v2","",165
312935242841430,4294967295,165,"v_add_f32_e32 v0, v0, v2","",165
312935242841470,4294967295,165,"v_add_f32_e32 v0, v0, v2","",165
312935242844711,4294967295,165,"v_add_f32_e32 v0, v0, v2","",165
312935242844751,4294967295,165,"v_add_f32_e32 v0, v0, v2","",165
312935242844751,4294967295,165,"v_add_f32_e32 v0, v0, v2","",165
312935242841470,4294967295,165,"v_add_f32_e32 v0, v0, v2","",165
312935242843791,4294967295,165,"v_add_f32_e32 v0, v0, v2","",165
312935242843831,4294967295,165,"v_add_f32_e32 v0, v0, v2","",165
312935242843831,4294967295,165,"v_add_f32_e32 v0, v0, v2","",165
312935242843871,4294967295,165,"v_add_f32_e32 v0, v0, v2","",165
312935242846031,4294967295,165,"v_add_f32_e32 v0, v0, v2","",165
312935242844751,4294967295,165,"v_add_f32_e32 v0, v0, v2","",165
312935242846071,4294967295,165,"v_add_f32_e32 v0, v0, v2","",165
312935242846071,4294967295,165,"v_add_f32_e32 v0, v0, v2","",165
312935242844751,4294967295,165,"v_add_f32_e32 v0, v0, v2","",165
312935242846111,4294967295,165,"v_add_f32_e32 v0, v0, v2","",165
312935242849151,4294967295,165,"v_add_f32_e32 v0, v0, v2","",165
312935242849191,4294967295,165,"v_add_f32_e32 v0, v0, v2","",165
312935242844791,4294967295,165,"v_add_f32_e32 v0, v0, v2","",165
312935242849151,4294967295,165,"v_add_f32_e32 v0, v0, v2","",165
312935242849191,4294967295,165,"v_add_f32_e32 v0, v0, v2","",165
312935242849191,4294967295,165,"v_add_f32_e32 v0, v0, v2","",165
312935242849231,4294967295,165,"v_add_f32_e32 v0, v0, v2","",165
312935242851911,4294967295,165,"v_add_f32_e32 v0, v0, v2","",165
312935242851911,4294967295,165,"v_add_f32_e32 v0, v0, v2","",165
312935242854791,4294967295,165,"v_add_f32_e32 v0, v0, v2","",165
312935242854831,4294967295,165,"v_add_f32_e32 v0, v0, v2","",165
312935242854831,4294967295,165,"v_lshlrev_b64_e32 v[0:1], 4, v[0:1]","",165
312935242854871,4294967295,165,"v_add_f32_e32 v0, v0, v2","",165
312935242861071,4294967295,165,"v_add_f32_e32 v0, v0, v2","",165
312935242861111,4294967295,165,"v_add_f32_e32 v0, v0, v2","",165
312935242861111,4294967295,165,"v_add_f32_e32 v0, v0, v2","",165
312935242861151,4294967295,165,"v_add_f32_e32 v0, v0, v2","",165
312935242862351,4294967295,165,"v_add_f32_e32 v0, v0, v2","",165
312935242862391,4294967295,165,"v_add_f32_e32 v0, v0, v2","",165
312935242862391,4294967295,165,"v_add_f32_e32 v0, v0, v2","",165
312935242853551,4294967295,165,"v_add_f32_e32 v0, v0, v2","",165
312935242853551,4294967295,165,"v_add_f32_e32 v0, v0, v2","",165
312935242853591,4294967295,165,"v_add_f32_e32 v0, v0, v2","",165
312935242853591,4294967295,165,"v_add_f32_e32 v0, v0, v2","",165
312935242856831,4294967295,165,"v_add_f32_e32 v0, v0, v2","",165
312935242856831,4294967295,165,"v_add_f32_e32 v0, v0, v2","",165
312935242877991,4294967295,165,"v_add_f32_e32 v0, v0, v2","",165
312935242877991,4294967295,165,"v_add_f32_e32 v0, v0, v2","",165
312935242878031,4294967295,165,"v_add_f32_e32 v0, v0, v2","",165
312935242878031,4294967295,165,"v_add_f32_e32 v0, v0, v2","",165
312935242856871,4294967295,165,"v_add_f32_e32 v0, v0, v2","",165
312935242856871,4294967295,165,"s_wait_loadcnt 0x0","",165
312935242861071,4294967295,165,"v_add_f32_e32 v0, v0, v2","",165
312935242861111,4294967295,165,"v_add_f32_e32 v0, v0, v2","",165
312935242861111,4294967295,165,"v_add_f32_e32 v0, v0, v2","",165
312935242862351,4294967295,165,"v_add_f32_e32 v0, v0, v2","",165
312935242862391,4294967295,165,"v_add_f32_e32 v0, v0, v2","",165
312935242862391,4294967295,165,"v_add_f32_e32 v0, v0, v2","",165
312935242862391,4294967295,165,"v_add_f32_e32 v0, v0, v2","",165
312935242873191,4294967295,165,"v_add_f32_e32 v0, v0, v2","",165
312935242873231,4294967295,165,"v_add_f32_e32 v0, v0, v2","",165
312935242873231,4294967295,165,"v_add_f32_e32 v0, v0, v2","",165
312935242873271,4294967295,165,"v_add_f32_e32 v0, v0, v2","",165
312935242868591,4294967295,165,"v_add_f32_e32 v0, v0, v2","",165
312935242868591,4294967295,165,"v_add_f32_e32 v0, v0, v2","",165
312935242868631,4294967295,165,"v_add_f32_e32 v0, v0, v2","",165
312935242868631,4294967295,165,"v_add_f32_e32 v0, v0, v2","",165
312935242863991,4294967295,165,"v_add_f32_e32 v0, v0, v2","",165
312935242863991,4294967295,165,"v_add_f32_e32 v0, v0, v2","",165
312935242864031,4294967295,165,"v_add_f32_e32 v0, v0, v2","",165
312935242864031,4294967295,165,"v_add_f32_e32 v0, v0, v2","",165
312935242865271,4294967295,165,"v_add_f32_e32 v0, v0, v2","",165
312935242865271,4294967295,165,"v_add_f32_e32 v0, v0, v2","",165
312935242865311,4294967295,165,"v_add_f32_e32 v0, v0, v2","",165
312935242866551,4294967295,165,"v_add_f32_e32 v0, v0, v2","",165
312935242866551,4294967295,165,"v_add_f32_e32 v0, v0, v2","",165
312935242866591,4294967295,165,"v_add_f32_e32 v0, v0, v2","",165
312935242866591,4294967295,165,"v_add_f32_e32 v0, v0, v2","",165
312935242865311,4294967295,165,"v_add_f32_e32 v0, v0, v2","",165
312935242873711,4294967295,165,"v_add_f32_e32 v0, v0, v2","",165
312935242873751,4294967295,165,"v_add_f32_e32 v0, v0, v2","",165
312935242887391,4294967295,165,"v_add_f32_e32 v0, v0, v2","",165
312935242873751,4294967295,165,"v_add_f32_e32 v0, v0, v2","",165
312935242873751,4294967295,165,"v_add_f32_e32 v0, v0, v2","",165
312935242887391,4294967295,165,"v_add_f32_e32 v0, v0, v2","",165
312935242887431,4294967295,165,"v_add_f32_e32 v0, v0, v2","",165
312935242895031,4294967295,165,"v_add_f32_e32 v0, v0, v2","",165
312935242895071,4294967295,165,"v_add_f32_e32 v0, v0, v2","",165
312935242895071,4294967295,165,"v_add_f32_e32 v0, v0, v2","",165
312935242895111,4294967295,165,"v_add_f32_e32 v0, v0, v2","",165
312935242898151,4294967295,165,"v_add_f32_e32 v0, v0, v2","",165
312935242898191,4294967295,165,"v_add_f32_e32 v0, v0, v2","",165
312935242898191,4294967295,165,"v_add_f32_e32 v0, v0, v2","",165
312935242898231,4294967295,165,"v_add_f32_e32 v0, v0, v2","",165
312935242898191,4294967295,165,"v_add_f32_e32 v0, v0, v2","",165
312935242898191,4294967295,165,"v_add_f32_e32 v0, v0, v2","",165
312935242898231,4294967295,165,"v_add_f32_e32 v0, v0, v2","",165
312935242898231,4294967295,165,"v_add_f32_e32 v0, v0, v2","",165
312935242898151,4294967295,165,"v_add_f32_e32 v0, v0, v2","",165
312935242898191,4294967295,165,"v_add_f32_e32 v0, v0, v2","",165
312935242898191,4294967295,165,"v_add_f32_e32 v0, v0, v2","",165
312935242898231,4294967295,165,"v_add_f32_e32 v0, v0, v2","",165
312935252815003,4294967295,172,"v_add_f32_e32 v0, v0, v2","",172
312935252815003,4294967295,172,"v_add_f32_e32 v0, v0, v2","",172
312935252815163,4294967295,172,"v_add_f32_e32 v0, v0, v2","",172
312935252818163,4294967295,172,"v_add_f32_e32 v0, v0, v2","",172
312935252818203,4294967295,172,"v_add_f32_e32 v0, v0, v2","",172
312935252818203,4294967295,172,"v_add_f32_e32 v0, v0, v2","",172
312935252818243,4294967295,172,"v_add_f32_e32 v0, v0, v2","",172
312935252824643,4294967295,172,"v_add_f32_e32 v0, v0, v2","",172
312935252824603,4294967295,172,"v_add_f32_e32 v0, v0, v2","",172
312935252824603,4294967295,172,"v_add_f32_e32 v0, v0, v2","",172
312935252824643,4294967295,172,"v_add_f32_e32 v0, v0, v2","",172
312935252824563,4294967295,172,"v_add_f32_e32 v0, v0, v2","",172
312935252824643,4294967295,172,"v_add_f32_e32 v0, v0, v2","",172
312935252824603,4294967295,172,"v_add_f32_e32 v0, v0, v2","",172
312935252824603,4294967295,172,"v_add_f32_e32 v0, v0, v2","",172
312935252827083,4294967295,172,"v_add_f32_e32 v0, v0, v2","",172
312935252827123,4294967295,172,"v_add_f32_e32 v0, v0, v2","",172
312935252827163,4294967295,172,"v_add_f32_e32 v0, v0, v2","",172
312935252827123,4294967295,172,"v_add_f32_e32 v0, v0, v2","",172
312935252840163,4294967295,172,"v_add_f32_e32 v0, v0, v2","",172
312935252840163,4294967295,172,"v_add_f32_e32 v0, v0, v2","",172
312935252840203,4294967295,172,"v_add_f32_e32 v0, v0, v2","",172
312935252840163,4294967295,172,"v_add_f32_e32 v0, v0, v2","",172
312935252842163,4294967295,172,"v_add_f32_e32 v0, v0, v2","",172
312935252842203,4294967295,172,"v_add_f32_e32 v0, v0, v2","",172
312935252842203,4294967295,172,"v_add_f32_e32 v0, v0, v2","",172
312935252842203,4294967295,172,"v_add_f32_e32 v0, v0, v2","",172
312935252846203,4294967295,172,"v_add_f32_e32 v0, v0, v2","",172
312935252846203,4294967295,172,"v_add_f32_e32 v0, v0, v2","",172
312935252846243,4294967295,172,"v_add_f32_e32 v0, v0, v2","",172
312935252846243,4294967295,172,"v_add_f32_e32 v0, v0, v2","",172
312935252846203,4294967295,172,"v_add_f32_e32 v0, v0, v2","",172
312935252846203,4294967295,172,"v_add_f32_e32 v0, v0, v2","",172
312935252846243,4294967295,172,"v_add_f32_e32 v0, v0, v2","",172
312935252846243,4294967295,172,"v_add_f32_e32 v0, v0, v2","",172
312935252847643,4294967295,172,"v_add_f32_e32 v0, v0, v2","",172
312935252847723,4294967295,172,"v_add_f32_e32 v0, v0, v2","",172
312935252847683,4294967295,172,"v_add_f32_e32 v0, v0, v2","",172
312935252852163,4294967295,172,"v_add_f32_e32 v0, v0, v2","",172
312935252852203,4294967295,172,"v_add_f32_e32 v0, v0, v2","",172
312935252852203,4294967295,172,"v_add_f32_e32 v0, v0, v2","",172
312935252852243,4294967295,172,"v_add_f32_e32 v0, v0, v2","",172
312935252847683,4294967295,172,"v_add_f32_e32 v0, v0, v2","",172
312935252852163,4294967295,172,"v_add_f32_e32 v0, v0, v2","",172
312935252852203,4294967295,172,"v_add_f32_e32 v0, v0, v2","",172
312935252852203,4294967295,172,"v_add_f32_e32 v0, v0, v2","",172
312935252852243,4294967295,172,"v_add_f32_e32 v0, v0, v2","",172
312935252856003,4294967295,172,"v_add_f32_e32 v0, v0, v2","",172
312935252849763,4294967295,172,"v_add_f32_e32 v0, v0, v2","",172
312935252849763,4294967295,172,"v_add_f32_e32 v0, v0, v2","",172
312935252849803,4294967295,172,"v_add_f32_e32 v0, v0, v2","",172
312935252849803,4294967295,172,"v_add_f32_e32 v0, v0, v2","",172
312935252856003,4294967295,172,"v_add_f32_e32 v0, v0, v2","",172
312935252856003,4294967295,172,"v_add_f32_e32 v0, v0, v2","",172
312935252856043,4294967295,172,"v_add_f32_e32 v0, v0, v2","",172
312935252856043,4294967295,172,"v_add_f32_e32 v0, v0, v2","",172
312935252858283,4294967295,172,"v_add_f32_e32 v0, v0, v2","",172
312935252858323,4294967295,172,"v_add_f32_e32 v0, v0, v2","",172
312935252858323,4294967295,172,"v_add_f32_e32 v0, v0, v2","",172
312935252858363,4294967295,172,"v_add_f32_e32 v0, v0, v2","",172
312935252856003,4294967295,172,"v_add_f32_e32 v0, v0, v2","",172
312935252856043,4294967295,172,"v_add_f32_e32 v0, v0, v2","",172
312935252860963,4294967295,172,"v_add_f32_e32 v0, v0, v2","",172
312935252860963,4294967295,172,"v_add_f32_e32 v0, v0, v2","",172
312935252861003,4294967295,172,"v_add_f32_e32 v0, v0, v2","",172
312935252861003,4294967295,172,"v_add_f32_e32 v0, v0, v2","",172
312935252872723,4294967295,172,"v_add_f32_e32 v0, v0, v2","",172
312935252872763,4294967295,172,"v_add_f32_e32 v0, v0, v2","",172
312935252872763,4294967295,172,"v_add_f32_e32 v0, v0, v2","",172
312935252872803,4294967295,172,"v_add_f32_e32 v0, v0, v2","",172
312935252875083,4294967295,172,"v_add_f32_e32 v0, v0, v2","",172
312935252875123,4294967295,172,"v_add_f32_e32 v0, v0, v2","",172
312935252875123,4294967295,172,"v_add_f32_e32 v0, v0, v2","",172
312935252880644,4294967295,172,"v_add_f32_e32 v0, v0, v2","",172
312935252880684,4294967295,172,"v_add_f32_e32 v0, v0, v2","",172
312935252880684,4294967295,172,"v_add_f32_e32 v0, v0, v2","",172
312935252880724,4294967295,172,"v_add_f32_e32 v0, v0, v2","",172
312935252883644,4294967295,172,"v_add_f32_e32 v0, v0, v2","",172
312935252883644,4294967295,172,"v_add_f32_e32 v0, v0, v2","",172
312935252883684,4294967295,172,"v_add_f32_e32 v0, v0, v2","",172
312935252883684,4294967295,172,"v_add_f32_e32 v0, v0, v2","",172
312935252886484,4294967295,172,"v_add_f32_e32 v0, v0, v2","",172
312935252886524,4294967295,172,"v_add_f32_e32 v0, v0, v2","",172
312935252886524,4294967295,172,"v_add_f32_e32 v0, v0, v2","",172
312935252886564,4294967295,172,"v_add_f32_e32 v0, v0, v2","",172
312935252889204,4294967295,172,"v_add_f32_e32 v0, v0, v2","",172
312935252889244,4294967295,172,"v_add_f32_e32 v0, v0, v2","",172
312935252889244,4294967295,172,"v_add_f32_e32 v0, v0, v2","",172
312935252889284,4294967295,172,"v_add_f32_e32 v0, v0, v2","",172
312935252889204,4294967295,172,"v_add_f32_e32 v0, v0, v2","",172
312935252889244,4294967295,172,"v_add_f32_e32 v0, v0, v2","",172
312935252889244,4294967295,172,"v_add_f32_e32 v0, v0, v2","",172
312935252889284,4294967295,172,"v_add_f32_e32 v0, v0, v2","",172
312935252889204,4294967295,172,"v_add_f32_e32 v0, v0, v2","",172
312935252889324,4294967295,172,"v_add_f32_e32 v0, v0, v2","",172
312935252889324,4294967295,172,"v_add_f32_e32 v0, v0, v2","",172
312935252889364,4294967295,172,"v_add_f32_e32 v0, v0, v2","",172
312935252890524,4294967295,172,"v_add_f32_e32 v0, v0, v2","",172
312935252890524,4294967295,172,"v_add_f32_e32 v0, v0, v2","",172
312935252889204,4294967295,172,"v_add_f32_e32 v0, v0, v2","",172
312935252890524,4294967295,172,"v_add_f32_e32 v0, v0, v2","",172
312935252889244,4294967295,172,"v_add_f32_e32 v0, v0, v2","",172
312935252889244,4294967295,172,"v_add_f32_e32 v0, v0, v2","",172
312935252889284,4294967295,172,"v_add_f32_e32 v0, v0, v2","",172
312935252889284,4294967295,172,"v_add_f32_e32 v0, v0, v2","",172
312935252889244,4294967295,172,"v_add_f32_e32 v0, v0, v2","",172
312935252889244,4294967295,172,"v_add_f32_e32 v0, v0, v2","",172
312935252890564,4294967295,172,"v_add_f32_e32 v0, v0, v2","",172
312935252889284,4294967295,172,"v_add_f32_e32 v0, v0, v2","",172
312935252894204,4294967295,172,"v_add_f32_e32 v0, v0, v2","",172
312935252894244,4294967295,172,"v_add_f32_e32 v0, v0, v2","",172
312935252894244,4294967295,172,"v_add_f32_e32 v0, v0, v2","",172
312935252897804,4294967295,172,"v_add_f32_e32 v0, v0, v2","",172
312935252897804,4294967295,172,"v_add_f32_e32 v0, v0, v2","",172
312935252897844,4294967295,172,"v_add_f32_e32 v0, v0, v2","",172
312935252897844,4294967295,172,"v_add_f32_e32 v0, v0, v2","",172
312935252894284,4294967295,172,"v_add_f32_e32 v0, v0, v2","",172
312935252895484,4294967295,172,"v_add_f32_e32 v0, v0, v2","",172
312935252895484,4294967295,172,"v_add_f32_e32 v0, v0, v2","",172
312935252895524,4294967295,172,"v_add_f32_e32 v0, v0, v2","",172
312935252895524,4294967295,172,"v_add_f32_e32 v0, v0, v2","",172
312935252900124,4294967295,172,"v_add_f32_e32 v0, v0, v2","",172
312935252900124,4294967295,172,"v_add_f32_e32 v0, v0, v2","",172
312935252900164,4294967295,172,"v_add_f32_e32 v0, v0, v2","",172
312935252900164,4294967295,172,"v_add_f32_e32 v0, v0, v2","",172
312935262808096,0,178,"s_endpgm","",178
312935262808096,4294967295,178,"v_add_f32_e32 v0, v0, v2","",178
312935262816376,4294967295,178,"v_add_f32_e32 v0, v0, v2","",178
312935262819656,4294967295,178,"v_add_f32_e32 v0, v0, v2","",178
312935262812416,4294967295,178,"v_add_f32_e32 v0, v0, v2","",178
312935262820256,4294967295,178,"v_add_f32_e32 v0, v0, v2","",178
312935262819656,4294967295,178,"v_add_f32_e32 v0, v0, v2","",178
312935262837016,4294967295,178,"v_add_f32_e32 v0, v0, v2","",178
312935262817616,4294967295,178,"v_add_f32_e32 v0, v0, v2","",178
312935262822376,4294967295,178,"v_add_f32_e32 v0, v0, v2","",178
312935262820256,4294967295,178,"v_add_f32_e32 v0, v0, v2","",178
312935262820256,4294967295,178,"v_add_f32_e32 v0, v0, v2","",178
312935262822416,4294967295,178,"v_add_f32_e32 v0, v0, v2","",178
312935262823496,4294967295,178,"v_add_f32_e32 v0, v0, v2","",178
312935262820296,4294967295,178,"v_add_f32_e32 v0, v0, v2","",178
312935262820296,4294967295,178,"v_add_f32_e32 v0, v0, v2","",178
312935262823416,4294967295,178,"v_add_f32_e32 v0, v0, v2","",178
312935262823456,4294967295,178,"v_add_f32_e32 v0, v0, v2","",178
312935262823456,4294967295,178,"v_add_f32_e32 v0, v0, v2","",178
312935262820256,4294967295,178,"v_add_f32_e32 v0, v0, v2","",178
312935262816136,4294967295,178,"v_add_f32_e32 v0, v0, v2","",178
312935262822576,4294967295,178,"v_add_f32_e32 v0, v0, v2","",178
312935262816896,4294967295,178,"v_add_f32_e32 v0, v0, v2","",178
312935262817336,4294967295,178,"v_add_f32_e32 v0, v0, v2","",178
312935262834216,4294967295,178,"v_add_f32_e32 v0, v0, v2","",178
312935262838616,4294967295,178,"v_add_f32_e32 v0, v0, v2","",178
312935262836976,4294967295,178,"v_add_f32_e32 v0, v0, v2","",178
312935262819016,4294967295,178,"v_add_f32_e32 v0, v0, v2","",178
312935262819456,4294967295,178,"v_add_f32_e32 v0, v0, v2","",178
312935262836456,4294967295,178,"v_add_f32_e32 v0, v0, v2","",178
312935262836496,4294967295,178,"v_add_f32_e32 v0, v0, v2","",178
312935262845976,4294967295,178,"v_add_f32_e32 v0, v0, v2","",178
312935262836496,4294967295,178,"v_add_f32_e32 v0, v0, v2","",178
312935262836536,4294967295,178,"v_add_f32_e32 v0, v0, v2","",178
312935262822416,4294967295,178,"v_cmp_gt_u64_e32 vcc_lo, s[2:3], v[0:1]","",178
312935262822816,4294967295,178,"v_add_f32_e32 v0, v0, v2","",178
312935262848056,4294967295,178,"v_add_f32_e32 v0, v0, v2","",178
312935262851936,4294967295,178,"v_add_f32_e32 v0, v0, v2","",178
312935262851936,4294967295,178,"v_add_f32_e32 v0, v0, v2","",178
312935262851976,4294967295,178,"v_add_f32_e32 v0, v0, v2","",178
312935262851976,4294967295,178,"v_add_f32_e32 v0, v0, v2","",178
312935262825416,4294967295,178,"v_add_f32_e32 v0, v0, v2","",178
312935262848056,4294967295,178,"v_add_f32_e32 v0, v0, v2","",178
312935262848096,4294967295,178,"v_add_f32_e32 v0, v0, v2","",178
312935262848096,4294967295,178,"v_add_f32_e32 v0, v0, v2","",178
312935262845976,4294967295,178,"v_add_f32_e32 v0, v0, v2","",178
312935262846016,4294967295,178,"v_add_f32_e32 v0, v0, v2","",178
312935262846016,4294967295,178,"v_add_f32_e32 v0, v0, v2","",178
312935262864176,4294967295,178,"v_add_f32_e32 v0, v0, v2","",178
312935262854336,4294967295,178,"v_add_f32_e32 v0, v0, v2","",178
312935262854376,4294967295,178,"v_add_f32_e32 v0, v0, v2","",178
312935262858296,4294967295,178,"v_add_f32_e32 v0, v0, v2","",178
312935262829776,4294967295,178,"v_add_f32_e32 v0, v0, v2","",178
312935262830136,4294967295,178,"v_add_f32_e32 v0, v0, v2","",178
312935262837016,4294967295,178,"v_add_f32_e32 v0, v0, v2","",178
312935262837056,4294967295,178,"v_add_f32_e32 v0, v0, v2","",178
312935262864176,4294967295,178,"v_add_f32_e32 v0, v0, v2","",178
312935262864176,4294967295,178,"v_add_f32_e32 v0, v0, v2","",178
312935262858296,4294967295,178,"v_add_f32_e32 v0, v0, v2","",178
312935262858336,4294967295,178,"v_add_f32_e32 v0, v0, v2","",178
312935262858336,4294967295,178,"v_add_f32_e32 v0, v0, v2","",178
312935262864176,4294967295,178,"v_add_f32_e32 v0, v0, v2","",178
312935262864216,4294967295,178,"v_add_f32_e32 v0, v0, v2","",178
312935262854376,4294967295,178,"v_add_f32_e32 v0, v0, v2","",178
312935262854416,4294967295,178,"v_add_f32_e32 v0, v0, v2","",178
312935262864216,4294967295,178,"v_add_f32_e32 v0, v0, v2","",178
312935262838656,4294967295,178,"v_add_f32_e32 v0, v0, v2","",178
312935262866176,4294967295,178,"v_add_f32_e32 v0, v0, v2","",178
312935262838376,4294967295,178,"v_add_f32_e32 v0, v0, v2","",178
312935262838856,4294967295,178,"v_add_f32_e32 v0, v0, v2","",178
312935262839616,4294967295,178,"v_add_f32_e32 v0, v0, v2","",178
312935262840376,4294967295,178,"v_add_f32_e32 v0, v0, v2","",178
312935262866176,4294967295,178,"v_add_f32_e32 v0, v0, v2","",178
312935262841136,4294967295,178,"v_add_f32_e32 v0, v0, v2","",178
312935262866216,4294967295,178,"v_add_f32_e32 v0, v0, v2","",178
312935262870936,4294967295,178,"v_add_f32_e32 v0, v0, v2","",178
312935262842696,4294967295,178,"v_add_f32_e32 v0, v0, v2","",178
312935262843056,4294967295,178,"v_add_f32_e32 v0, v0, v2","",178
312935262866216,4294967295,178,"v_add_f32_e32 v0, v0, v2","",178
312935262872016,4294967295,178,"v_add_f32_e32 v0, v0, v2","",178
312935262872016,4294967295,178,"v_add_f32_e32 v0, v0, v2","",178
312935262872056,4294967295,178,"v_add_f32_e32 v0, v0, v2","",178
312935262872056,4294967295,178,"v_add_f32_e32 v0, v0, v2","",178
312935262846216,4294967295,178,"v_add_f32_e32 v0, v0, v2","",178
312935262874816,4294967295,178,"v_add_f32_e32 v0, v0, v2","",178
312935262874816,4294967295,178,"v_add_f32_e32 v0, v0, v2","",178
312935262874856,4294967295,178,"v_add_f32_e32 v0, v0, v2","",178
312935262874816,4294967295,178,"v_add_f32_e32 v0, v0, v2","",178
312935262874816,4294967295,178,"v_add_f32_e32 v0, v0, v2","",178
312935262874856,4294967295,178,"v_add_f32_e32 v0, v0, v2","",178
312935262874856,4294967295,178,"v_add_f32_e32 v0, v0, v2","",178
312935262850056,4294967295,178,"v_add_f32_e32 v0, v0, v2","",178
312935262870976,4294967295,178,"v_add_f32_e32 v0, v0, v2","",178
312935262874816,4294967295,178,"v_add_f32_e32 v0, v0, v2","",178
312935262874816,4294967295,178,"v_add_f32_e32 v0, v0, v2","",178
312935262874856,4294967295,178,"v_add_f32_e32 v0, v0, v2","",178
312935262874856,4294967295,178,"v_add_f32_e32 v0, v0, v2","",178
312935262870976,4294967295,178,"v_add_f32_e32 v0, v0, v2","",178
312935262876416,4294967295,178,"v_add_f32_e32 v0, v0, v2","",178
312935262875896,4294967295,178,"v_add_f32_e32 v0, v0, v2","",178
312935262875896,4294967295,178,"v_add_f32_e32 v0, v0, v2","",178
312935262875936,4294967295,178,"v_add_f32_e32 v0, v0, v2","",178
312935262875936,4294967295,178,"v_add_f32_e32 v0, v0, v2","",178
312935262870976,4294967295,178,"v_add_f32_e32 v0, v0, v2","",178
312935262876416,4294967295,178,"v_add_f32_e32 v0, v0, v2","",178
312935262876456,4294967295,178,"v_add_f32_e32 v0, v0, v2","",178
312935262876456,4294967295,178,"v_add_f32_e32 v0, v0, v2","",178
312935262881656,4294967295,178,"v_add_f32_e32 v0, v0, v2","",178
312935262881656,4294967295,178,"v_add_f32_e32 v0, v0, v2","",178
312935262881696,4294967295,178,"v_add_f32_e32 v0, v0, v2","",178
312935262881696,4294967295,178,"v_add_f32_e32 v0, v0, v2","",178
312935262883056,4294967295,178,"v_add_f32_e32 v0, v0, v2","",178
312935262883056,4294967295,178,"v_add_f32_e32 v0, v0, v1","",178
312935262883096,4294967295,178,"v_add_f32_e32 v0, v0, v2","",178
312935262883096,4294967295,178,"v_add_f32_e32 v0, v0, v2","",178
312935262885056,4294967295,178,"v_add_f32_e32 v0, v0, v2","",178
312935262885056,4294967295,178,"v_add_f32_e32 v0, v0, v2","",178
312935262885096,4294967295,178,"v_add_f32_e32 v0, v0, v2","",178
312935262885096,4294967295,178,"v_add_f32_e32 v0, v0, v2","",178
312935272844349,4294967295,184,"v_add_f32_e32 v0, v0, v2","",184
312935272844349,4294967295,184,"v_add_f32_e32 v0, v0, v2","",184
312935272844389,4294967295,184,"v_add_f32_e32 v0, v0, v2","",184
312935272846949,4294967295,184,"v_add_f32_e32 v0, v0, v2","",184
312935272848029,4294967295,184,"v_add_f32_e32 v0, v0, v2","",184
312935272848069,4294967295,184,"v_add_f32_e32 v0, v0, v2","",184
312935272848069,4294967295,184,"v_add_f32_e32 v0, v0, v2","",184
312935272848109,4294967295,184,"v_add_f32_e32 v0, v0, v2","",184
312935272858269,4294967295,184,"v_add_f32_e32 v0, v0, v2","",184
312935272855469,4294967295,184,"v_add_f32_e32 v0, v0, v2","",184
312935272855509,4294967295,184,"v_add_f32_e32 v0, v0, v2","",184
312935272855469,4294967295,184,"v_add_f32_e32 v0, v0, v2","",184
312935272855509,4294967295,184,"v_add_f32_e32 v0, v0, v2","",184
312935272858309,4294967295,184,"v_add_f32_e32 v0, v0, v2","",184
312935272858269,4294967295,184,"v_add_f32_e32 v0, v0, v2","",184
312935272858269,4294967295,184,"v_add_f32_e32 v0, v0, v2","",184
312935272858309,4294967295,184,"v_add_f32_e32 v0, v0, v2","",184
312935272859429,4294967295,184,"v_add_f32_e32 v0, v0, v2","",184
312935272859429,4294967295,184,"v_add_f32_e32 v0, v0, v2","",184
312935272859469,4294967295,184,"v_add_f32_e32 v0, v0, v2","",184
312935272859469,4294967295,184,"v_add_f32_e32 v0, v0, v2","",184
312935272864269,4294967295,184,"v_add_f32_e32 v0, v0, v2","",184
312935272864269,4294967295,184,"v_add_f32_e32 v0, v0, v2","",184
312935272864309,4294967295,184,"v_add_f32_e32 v0, v0, v2","",184
312935272864309,4294967295,184,"v_add_f32_e32 v0, v0, v2","",184
312935272864269,4294967295,184,"v_add_f32_e32 v0, v0, v2","",184
312935272864349,4294967295,184,"v_add_f32_e32 v0, v0, v2","",184
312935272864309,4294967295,184,"v_add_f32_e32 v0, v0, v2","",184
312935272864309,4294967295,184,"v_add_f32_e32 v0, v0, v2","",184
312935272858269,4294967295,184,"v_add_f32_e32 v0, v0, v2","",184
312935272858309,4294967295,184,"v_add_f32_e32 v0, v0, v2","",184
312935272858309,4294967295,184,"v_add_f32_e32 v0, v0, v2","",184
312935272869149,4294967295,184,"v_add_f32_e32 v0, v0, v2","",184
312935272869229,4294967295,184,"v_add_f32_e32 v0, v0, v2","",184
312935272869189,4294967295,184,"v_add_f32_e32 v0, v0, v2","",184
312935272869189,4294967295,184,"v_add_f32_e32 v0, v0, v2","",184
312935272869149,4294967295,184,"v_add_f32_e32 v0, v0, v2","",184
312935272869189,4294967295,184,"v_add_f32_e32 v0, v0, v2","",184
312935272869709,4294967295,184,"v_add_f32_e32 v0, v0, v2","",184
312935272869709,4294967295,184,"v_add_f32_e32 v0, v0, v2","",184
312935272869749,4294967295,184,"v_add_f32_e32 v0, v0, v2","",184
312935272869749,4294967295,184,"v_add_f32_e32 v0, v0, v2","",184
312935272869149,4294967295,184,"v_add_f32_e32 v0, v0, v2","",184
312935272869189,4294967295,184,"v_add_f32_e32 v0, v0, v2","",184
312935272869189,4294967295,184,"v_add_f32_e32 v0, v0, v2","",184
312935272869189,4294967295,184,"v_add_f32_e32 v0, v0, v2","",184
312935272869669,4294967295,184,"v_add_f32_e32 v0, v0, v2","",184
312935272869709,4294967295,184,"v_add_f32_e32 v0, v0, v2","",184
312935272869709,4294967295,184,"v_add_f32_e32 v0, v0, v2","",184
312935272869749,4294967295,184,"v_add_f32_e32 v0, v0, v2","",184
312935272876469,4294967295,184,"v_add_f32_e32 v0, v0, v2","",184
312935272876469,4294967295,184,"v_add_f32_e32 v0, v0, v2","",184
312935272876509,4294967295,184,"v_add_f32_e32 v0, v0, v2","",184
312935272876509,4294967295,184,"v_add_f32_e32 v0, v0, v2","",184
312935272880389,4294967295,184,"v_add_f32_e32 v0, v0, v2","",184
312935272880389,4294967295,184,"v_add_f32_e32 v0, v0, v2","",184
312935272880429,4294967295,184,"v_add_f32_e32 v0, v0, v2","",184
312935272880429,4294967295,184,"v_add_f32_e32 v0, v0, v2","",184
312935272878469,0,184,"s_endpgm","",184
312935272878469,4294967295,184,"v_add_f32_e32 v0, v0, v2","",184
312935272878509,4294967295,184,"v_add_f32_e32 v0, v0, v2","",184
312935272869189,4294967295,184,"v_add_f32_e32 v0, v0, v2","",184
312935272869229,4294967295,184,"v_add_f32_e32 v0, v0, v2","",184
312935272889549,4294967295,184,"v_add_f32_e32 v0, v0, v2","",184
312935272889549,4294967295,184,"v_add_f32_e32 v0, v0, v2","",184
312935272889589,4294967295,184,"v_add_f32_e32 v0, v0, v2","",184
312935272889589,4294967295,184,"v_add_f32_e32 v0, v0, v2","",184
312935272893149,4294967295,184,"v_add_f32_e32 v0, v0, v2","",184
312935272893189,4294967295,184,"v_add_f32_e32 v0, v0, v2","",184
312935272893189,4294967295,184,"v_add_f32_e32 v0, v0, v2","",184
312935272893229,4294967295,184,"v_add_f32_e32 v0, v0, v2","",184
312935272895749,4294967295,184,"v_add_f32_e32 v0, v0, v2","",184
312935272895789,4294967295,184,"v_add_f32_e32 v0, v0, v2","",184
312935272895789,4294967295,184,"v_add_f32_e32 v0, v0, v2","",184
312935272895829,4294967295,184,"v_add_f32_e32 v0, v0, v2","",184
312935272902469,4294967295,184,"v_add_f32_e32 v0, v0, v2","",184
312935272902509,4294967295,184,"v_add_f32_e32 v0, v0, v2","",184
312935272902509,4294967295,184,"v_add_f32_e32 v0, v0, v2","",184
312935272902549,4294967295,184,"v_add_f32_e32 v0, v0, v2","",184
312935272899429,4294967295,184,"v_add_f32_e32 v0, v0, v2","",184
312935272899469,4294967295,184,"v_add_f32_e32 v0, v0, v2","",184
312935272899469,4294967295,184,"v_add_f32_e32 v0, v0, v2","",184
312935272899509,4294967295,184,"v_add_f32_e32 v0, v0, v2","",184
312935272901909,4294967295,184,"v_add_f32_e32 v0, v0, v2","",184
312935272901949,4294967295,184,"v_add_f32_e32 v0, v0, v2","",184
312935272901949,4294967295,184,"v_add_f32_e32 v0, v0, v2","",184
312935272901949,4294967295,184,"v_add_f32_e32 v0, v0, v2","",184
312935272904149,4294967295,184,"v_add_f32_e32 v0, v0, v2","",184
312935272904149,4294967295,184,"v_add_f32_e32 v0, v0, v2","",184
312935272904189,4294967295,184,"v_add_f32_e32 v0, v0, v2","",184
312935272904189,4294967295,184,"v_add_f32_e32 v0, v0, v2","",184
312935272904149,4294967295,184,"v_add_f32_e32 v0, v0, v2","",184
312935272904149,4294967295,184,"v_add_f32_e32 v0, v0, v2","",184
312935272904149,4294967295,184,"v_add_f32_e32 v0, v0, v2","",184
312935272904149,4294967295,184,"v_add_f32_e32 v0, v0, v2","",184
312935272904189,4294967295,184,"v_add_f32_e32 v0, v0, v2","",184
312935272904189,4294967295,184,"v_add_f32_e32 v0, v0, v2","",184
312935272905789,4294967295,184,"v_add_f32_e32 v0, v0, v2","",184
312935272905829,4294967295,184,"v_add_f32_e32 v0, v0, v2","",184
312935272905829,4294967295,184,"v_add_f32_e32 v0, v0, v2","",184
312935272905869,4294967295,184,"v_add_f32_e32 v0, v0, v2","",184
312935272908189,4294967295,184,"v_add_f32_e32 v0, v0, v2","",184
312935272908189,4294967295,184,"v_add_f32_e32 v0, v0, v2","",184
312935272908229,4294967295,184,"v_add_f32_e32 v0, v0, v2","",184
312935272908229,4294967295,184,"v_add_f32_e32 v0, v0, v2","",184
312935272911109,4294967295,184,"v_add_f32_e32 v0, v0, v2","",184
312935272911109,4294967295,184,"v_add_f32_e32 v0, v0, v2","",184
312935272911149,4294967295,184,"v_add_f32_e32 v0, v0, v2","",184
312935272911149,4294967295,184,"v_add_f32_e32 v0, v0, v2","",184
312935272912029,4294967295,184,"v_add_f32_e32 v0, v0, v2","",184
312935272912069,4294967295,184,"v_add_f32_e32 v0, v0, v2","",184
312935272912069,4294967295,184,"v_add_f32_e32 v0, v0, v2","",184
312935272912109,4294967295,184,"v_add_f32_e32 v0, v0, v2","",184
312935272915749,4294967295,184,"v_add_f32_e32 v0, v0, v2","",184
312935272915749,4294967295,184,"v_add_f32_e32 v0, v0, v2","",184
312935272915789,4294967295,184,"v_add_f32_e32 v0, v0, v2","",184
312935272915789,4294967295,184,"v_add_f32_e32 v0, v0, v2","",184
312935272916989,4294967295,184,"v_add_f32_e32 v0, v0, v2","",184
312935272917029,4294967295,184,"v_add_f32_e32 v0, v0, v2","",184
312935272917029,4294967295,184,"v_add_f32_e32 v0, v0, v2","",184
312935272917029,4294967295,184,"v_add_f32_e32 v0, v0, v2","",184
312935272918669,4294967295,184,"v_add_f32_e32 v0, v0, v2","",184
312935272918669,4294967295,184,"v_add_f32_e32 v0, v0, v2","",184
312935272918709,4294967295,184,"v_add_f32_e32 v0, v0, v2","",184
312935272918709,4294967295,184,"v_add_f32_e32 v0, v0, v2","",184
312935282824281,4294967295,191,"v_add_f32_e32 v0, v0, v2","",191
312935282824281,4294967295,191,"v_add_f32_e32 v0, v0, v2","",191
312935282824321,4294967295,191,"v_add_f32_e32 v0, v0, v2","",191
312935282837641,4294967295,191,"v_add_f32_e32 v0, v0, v2","",191
312935282829881,4294967295,191,"v_add_f32_e32 v0, v0, v2","",191
312935282831161,4294967295,191,"v_add_f32_e32 v0, v0, v2","",191
312935282831201,4294967295,191,"v_add_f32_e32 v0, v0, v2","",191
312935282831201,4294967295,191,"v_add_f32_e32 v0, v0, v2","",191
312935282831241,4294967295,191,"v_add_f32_e32 v0, v0, v2","",191
312935282833241,4294967295,191,"v_add_f32_e32 v0, v0, v2","",191
312935282844761,4294967295,191,"v_add_f32_e32 v0, v0, v2","",191
312935282833241,4294967295,191,"v_add_f32_e32 v0, v0, v2","",191
312935282829921,4294967295,191,"v_add_f32_e32 v0, v0, v2","",191
312935282844761,4294967295,191,"v_add_f32_e32 v0, v0, v2","",191
312935282840481,4294967295,191,"v_add_f32_e32 v0, v0, v2","",191
312935282840481,4294967295,191,"v_add_f32_e32 v0, v0, v2","",191
312935282829921,4294967295,191,"v_add_f32_e32 v0, v0, v2","",191
312935282829961,4294967295,191,"v_add_f32_e32 v0, v0, v2","",191
312935282842921,4294967295,191,"v_add_f32_e32 v0, v0, v2","",191
312935282842921,4294967295,191,"v_add_f32_e32 v0, v0, v2","",191
312935282844721,4294967295,191,"v_add_f32_e32 v0, v0, v2","",191
312935282844721,4294967295,191,"v_add_f32_e32 v0, v0, v2","",191
312935282840521,4294967295,191,"v_add_f32_e32 v0, v0, v2","",191
312935282843081,4294967295,191,"v_add_f32_e32 v0, v0, v2","",191
312935282833281,4294967295,191,"v_add_f32_e32 v0, v0, v2","",191
312935282833281,4294967295,191,"v_add_f32_e32 v0, v0, v2","",191
312935282842961,4294967295,191,"v_add_f32_e32 v0, v0, v2","",191
312935282842961,4294967295,191,"v_add_f32_e32 v0, v0, v2","",191
312935282852641,4294967295,191,"v_add_f32_e32 v0, v0, v2","",191
312935282861401,4294967295,191,"v_add_f32_e32 v0, v0, v2","",191
312935282861401,4294967295,191,"v_add_f32_e32 v0, v0, v2","",191
312935282861441,4294967295,191,"v_add_f32_e32 v0, v0, v2","",191
312935282861441,4294967295,191,"v_add_f32_e32 v0, v0, v2","",191
312935282861481,4294967295,191,"v_add_f32_e32 v0, v0, v2","",191
312935282852641,4294967295,191,"v_add_f32_e32 v0, v0, v2","",191
312935282852681,4294967295,191,"v_add_f32_e32 v0, v0, v2","",191
312935282852681,4294967295,191,"v_add_f32_e32 v0, v0, v2","",191
312935282861401,4294967295,191,"v_add_f32_e32 v0, v0, v2","",191
312935282858081,4294967295,191,"v_add_f32_e32 v0, v0, v2","",191
312935282869962,4294967295,191,"v_add_f32_e32 v0, v0, v2","",191
312935282870002,4294967295,191,"v_add_f32_e32 v0, v0, v2","",191
312935282870002,4294967295,191,"v_add_f32_e32 v0, v0, v2","",191
312935282870042,4294967295,191,"v_add_f32_e32 v0, v0, v2","",191
312935282861401,4294967295,191,"v_add_f32_e32 v0, v0, v2","",191
312935282871202,4294967295,191,"v_add_f32_e32 v0, v0, v2","",191
312935282861441,4294967295,191,"v_add_f32_e32 v0, v0, v2","",191
312935282861441,4294967295,191,"v_add_f32_e32 v0, v0, v2","",191
312935282871242,4294967295,191,"v_add_f32_e32 v0, v0, v2","",191
312935282871242,4294967295,191,"v_add_f32_e32 v0, v0, v2","",191
312935282871282,4294967295,191,"v_add_f32_e32 v0, v0, v2","",191
312935282871202,4294967295,191,"v_add_f32_e32 v0, v0, v2","",191
312935282871242,4294967295,191,"v_add_f32_e32 v0, v0, v2","",191
312935282871242,4294967295,191,"v_add_f32_e32 v0, v0, v2","",191
312935282871282,4294967295,191,"v_add_f32_e32 v0, v0, v2","",191
312935282861441,4294967295,191,"v_add_f32_e32 v0, v0, v2","",191
312935282878042,4294967295,191,"v_add_f32_e32 v0, v0, v2","",191
312935282878042,4294967295,191,"v_add_f32_e32 v0, v0, v2","",191
312935282878082,4294967295,191,"v_add_f32_e32 v0, v0, v2","",191
312935282878082,4294967295,191,"v_add_f32_e32 v0, v0, v2","",191
312935282858081,4294967295,191,"v_add_f32_e32 v0, v0, v2","",191
312935282858121,4294967295,191,"v_add_f32_e32 v0, v0, v2","",191
312935282858121,4294967295,191,"v_add_f32_e32 v0, v0, v2","",191
312935282861441,4294967295,191,"v_add_f32_e32 v0, v0, v2","",191
312935282861481,4294967295,191,"v_add_f32_e32 v0, v0, v2","",191
312935282880442,4294967295,191,"v_add_f32_e32 v0, v0, v2","",191
312935282880442,4294967295,191,"v_add_f32_e32 v0, v0, v2","",191
312935282880482,4294967295,191,"v_add_f32_e32 v0, v0, v2","",191
312935282880482,4294967295,191,"v_add_f32_e32 v0, v0, v2","",191
312935282885082,4294967295,191,"v_add_f32_e32 v0, v0, v2","",191
312935282885082,4294967295,191,"v_add_f32_e32 v0, v0, v2","",191
312935282885122,4294967295,191,"v_add_f32_e32 v0, v0, v2","",191
312935282885122,4294967295,191,"v_add_f32_e32 v0, v0, v2","",191
312935282885042,4294967295,191,"v_add_f32_e32 v0, v0, v2","",191
312935282882842,4294967295,191,"v_add_f32_e32 v0, v0, v2","",191
312935282882842,4294967295,191,"v_add_f32_e32 v0, v0, v2","",191
312935282882882,4294967295,191,"v_add_f32_e32 v0, v0, v2","",191
312935282882882,4294967295,191,"v_add_f32_e32 v0, v0, v2","",191
312935282886722,4294967295,191,"v_add_f32_e32 v0, v0, v2","",191
312935282886762,4294967295,191,"v_add_f32_e32 v0, v0, v2","",191
312935282885082,4294967295,191,"v_add_f32_e32 v0, v0, v2","",191
312935282885082,4294967295,191,"v_add_f32_e32 v0, v0, v2","",191
312935282885122,4294967295,191,"v_add_f32_e32 v0, v0, v2","",191
312935282886762,4294967295,191,"v_add_f32_e32 v0, v0, v2","",191
312935282886762,4294967295,191,"v_add_f32_e32 v0, v0, v2","",191
312935282888402,4294967295,191,"v_add_f32_e32 v0, v0, v2","",191
312935282888442,4294967295,191,"v_add_f32_e32 v0, v0, v2","",191
312935282888442,4294967295,191,"v_add_f32_e32 v0, v0, v2","",191
312935282888482,4294967295,191,"v_add_f32_e32 v0, v0, v2","",191
312935282894282,4294967295,191,"v_add_f32_e32 v0, v0, v2","",191
312935282894282,4294967295,191,"v_add_f32_e32 v0, v0, v2","",191
312935282894282,4294967295,191,"v_add_f32_e32 v0, v0, v2","",191
312935282894322,4294967295,191,"v_add_f32_e32 v0, v0, v2","",191
312935282895922,4294967295,191,"v_add_f32_e32 v0, v0, v2","",191
312935282895922,4294967295,191,"v_add_f32_e32 v0, v0, v2","",191
312935282895962,4294967295,191,"v_add_f32_e32 v0, v0, v2","",191
312935282895962,4294967295,191,"v_add_f32_e32 v0, v0, v2","",191
312935282898722,4294967295,191,"v_add_f32_e32 v0, v0, v2","",191
312935282898722,4294967295,191,"v_add_f32_e32 v0, v0, v2","",191
312935282898762,4294967295,191,"v_add_f32_e32 v0, v0, v2","",191
312935282898762,4294967295,191,"v_add_f32_e32 v0, v0, v2","",191
312935282900442,4294967295,191,"v_add_f32_e32 v0, v0, v2","",191
312935282900442,4294967295,191,"v_add_f32_e32 v0, v0, v2","",191
312935282900482,4294967295,191,"v_add_f32_e32 v0, v0, v2","",191
312935282900482,4294967295,191,"v_add_f32_e32 v0, v0, v2","",191
312935282900442,4294967295,191,"v_add_f32_e32 v0, v0, v2","",191
312935282900482,4294967295,191,"v_add_f32_e32 v0, v0, v2","",191
312935282900482,4294967295,191,"v_add_f32_e32 v0, v0, v2","",191
312935282900522,4294967295,191,"v_add_f32_e32 v0, v0, v2","",191
312935282905282,4294967295,191,"v_add_f32_e32 v0, v0, v2","",191
312935282905322,4294967295,191,"v_add_f32_e32 v0, v0, v2","",191
312935282905322,4294967295,191,"v_add_f32_e32 v0, v0, v2","",191
312935282905362,4294967295,191,"v_add_f32_e32 v0, v0, v2","",191
312935282906962,4294967295,191,"v_add_f32_e32 v0, v0, v2","",191
312935282906962,4294967295,191,"v_add_f32_e32 v0, v0, v2","",191
312935282907002,4294967295,191,"v_add_f32_e32 v0, v0, v2","",191
312935282907002,4294967295,191,"v_add_f32_e32 v0, v0, v2","",191
312935282906962,4294967295,191,"v_add_f32_e32 v0, v0, v2","",191
312935282907002,4294967295,191,"v_add_f32_e32 v0, v0, v2","",191
312935282907002,4294967295,191,"v_add_f32_e32 v0, v0, v2","",191
312935282907042,4294967295,191,"v_add_f32_e32 v0, v0, v2","",191
312935282907562,4294967295,191,"v_add_f32_e32 v0, v0, v2","",191
312935282907562,4294967295,191,"v_add_f32_e32 v0, v0, v2","",191
312935282907602,4294967295,191,"v_add_f32_e32 v0, v0, v2","",191
312935282907602,4294967295,191,"v_add_f32_e32 v0, v0, v2","",191
312935282914762,4294967295,191,"v_add_f32_e32 v0, v0, v2","",191
312935282914802,4294967295,191,"v_add_f32_e32 v0, v0, v2","",191
312935282914802,4294967295,191,"v_add_f32_e32 v0, v0, v2","",191
312935282914842,4294967295,191,"v_add_f32_e32 v0, v0, v2","",191
312935292845614,4294967295,197,"v_add_f32_e32 v0, v0, v2","",197
312935292845614,4294967295,197,"v_add_f32_e32 v0, v0, v2","",197
312935292845654,4294967295,197,"v_add_f32_e32 v0, v0, v2","",197
312935292845654,4294967295,197,"v_add_f32_e32 v0, v0, v2","",197
312935292856974,4294967295,197,"v_add_f32_e32 v0, v0, v2","",197
312935292855814,4294967295,197,"v_add_f32_e32 v0, v0, v2","",197
312935292855854,4294967295,197,"v_add_f32_e32 v0, v0, v2","",197
312935292855854,4294967295,197,"v_add_f32_e32 v0, v0, v2","",197
312935292862814,4294967295,197,"v_add_f32_e32 v0, v0, v2","",197
312935292862814,4294967295,197,"v_add_f32_e32 v0, v0, v2","",197
312935292862774,4294967295,197,"v_add_f32_e32 v0, v0, v2","",197
312935292862814,4294967295,197,"v_add_f32_e32 v0, v0, v2","",197
312935292862814,4294967295,197,"v_add_f32_e32 v0, v0, v2","",197
312935292862854,4294967295,197,"v_add_f32_e32 v0, v0, v2","",197
312935292875014,4294967295,197,"v_add_f32_e32 v0, v0, v2","",197
312935292875014,4294967295,197,"v_add_f32_e32 v0, v0, v2","",197
312935292875054,4294967295,197,"v_add_f32_e32 v0, v0, v2","",197
312935292875054,4294967295,197,"v_add_f32_e32 v0, v0, v2","",197
312935292862814,4294967295,197,"v_add_f32_e32 v0, v0, v2","",197
312935292862854,4294967295,197,"v_add_f32_e32 v0, v0, v2","",197
312935292877334,4294967295,197,"v_add_f32_e32 v0, v0, v2","",197
312935292878134,4294967295,197,"v_add_f32_e32 v0, v0, v2","",197
312935292877334,4294967295,197,"v_add_f32_e32 v0, v0, v2","",197
312935292877294,4294967295,197,"v_add_f32_e32 v0, v0, v2","",197
312935292877294,4294967295,197,"v_add_f32_e32 v0, v0, v2","",197
312935292878134,4294967295,197,"v_add_f32_e32 v0, v0, v2","",197
312935292878174,4294967295,197,"v_add_f32_e32 v0, v0, v2","",197
312935292878134,4294967295,197,"v_add_f32_e32 v0, v0, v2","",197
312935292878174,4294967295,197,"v_add_f32_e32 v0, v0, v2","",197
312935292878174,4294967295,197,"v_add_f32_e32 v0, v0, v2","",197
312935292878214,4294967295,197,"v_add_f32_e32 v0, v0, v2","",197
312935292879214,4294967295,197,"v_add_f32_e32 v0, v0, v2","",197
312935292879214,4294967295,197,"v_add_f32_e32 v0, v0, v2","",197
312935292879254,4294967295,197,"v_add_f32_e32 v0, v0, v2","",197
312935292879254,4294967295,197,"v_add_f32_e32 v0, v0, v2","",197
312935292878174,4294967295,197,"v_add_f32_e32 v0, v0, v2","",197
312935292878134,4294967295,197,"v_add_f32_e32 v0, v0, v2","",197
312935292878134,4294967295,197,"v_add_f32_e32 v0, v0, v2","",197
312935292878174,4294967295,197,"v_add_f32_e32 v0, v0, v2","",197
312935292878174,4294967295,197,"v_add_f32_e32 v0, v0, v2","",197
312935292880374,4294967295,197,"v_add_f32_e32 v0, v0, v2","",197
312935292880374,4294967295,197,"s_load_b64 s[2:3], s[0:1], 0x0","",197
312935292880414,4294967295,197,"v_add_f32_e32 v0, v0, v2","",197
312935292880414,4294967295,197,"v_add_f32_e32 v0, v0, v2","",197
312935292880374,4294967295,197,"v_add_f32_e32 v0, v0, v2","",197
312935292880374,4294967295,197,"v_add_f32_e32 v0, v0, v2","",197
312935292880374,4294967295,197,"v_add_f32_e32 v0, v0, v2","",197
312935292880414,4294967295,197,"v_add_f32_e32 v0, v0, v2","",197
312935292880374,4294967295,197,"v_add_f32_e32 v0, v0, v2","",197
312935292880374,4294967295,197,"v_add_f32_e32 v0, v0, v2","",197
312935292880374,4294967295,197,"v_add_f32_e32 v0, v0, v2","",197
312935292880414,4294967295,197,"v_add_f32_e32 v0, v0, v2","",197
312935292880414,4294967295,197,"v_add_f32_e32 v0, v0, v2","",197
312935292880414,4294967295,197,"v_add_f32_e32 v0, v0, v2","",197
312935292880414,4294967295,197,"v_add_f32_e32 v0, v0, v2","",197
312935292885174,4294967295,197,"v_add_f32_e32 v0, v0, v2","",197
312935292885174,4294967295,197,"v_add_f32_e32 v0, v0, v2","",197
312935292885214,4294967295,197,"v_add_f32_e32 v0, v0, v2","",197
312935292885214,4294967295,197,"v_add_f32_e32 v0, v0, v2","",197
312935292885174,4294967295,197,"v_add_f32_e32 v0, v0, v2","",197
312935292885174,4294967295,197,"v_add_f32_e32 v0, v0, v2","",197
312935292885214,4294967295,197,"v_add_f32_e32 v0, v0, v2","",197
312935292885214,4294967295,197,"v_add_f32_e32 v0, v0, v2","",197
312935292886814,4294967295,197,"v_add_f32_e32 v0, v0, v2","",197
312935292886814,4294967295,197,"v_add_f32_e32 v0, v0, v2","",197
312935292886854,4294967295,197,"v_add_f32_e32 v0, v0, v2","",197
312935292886854,4294967295,197,"v_add_f32_e32 v0, v0, v2","",197
312935292906055,4294967295,197,"v_add_f32_e32 v0, v0, v2","",197
312935292906055,4294967295,197,"v_add_f32_e32 v0, v0, v2","",197
312935292906095,4294967295,197,"v_add_f32_e32 v0, v0, v2","",197
312935292906095,4294967295,197,"v_add_f32_e32 v0, v0, v2","",197
312935292907815,4294967295,197,"v_add_f32_e32 v0, v0, v2","",197
312935292907815,4294967295,197,"v_add_f32_e32 v0, v0, v2","",197
312935292907855,4294967295,197,"v_add_f32_e32 v0, v0, v2","",197
312935292907855,4294967295,197,"v_add_f32_e32 v0, v0, v2","",197
312935292907815,4294967295,197,"v_add_f32_e32 v0, v0, v2","",197
312935292907815,4294967295,197,"v_add_f32_e32 v0, v0, v2","",197
312935292907855,4294967295,197,"v_add_f32_e32 v0, v0, v2","",197
312935292907815,4294967295,197,"v_add_f32_e32 v0, v0, v2","",197
312935292907815,4294967295,197,"v_add_f32_e32 v0, v0, v2","",197
312935292907855,4294967295,197,"v_add_f32_e32 v0, v0, v2","",197
312935292907855,4294967295,197,"v_add_f32_e32 v0, v0, v2","",197
312935292909415,4294967295,197,"v_add_f32_e32 v0, v0, v2","",197
312935292909415,4294967295,197,"v_add_f32_e32 v0, v0, v2","",197
312935292909455,4294967295,197,"v_add_f32_e32 v0, v0, v2","",197
312935292909455,4294967295,197,"v_add_f32_e32 v0, v0, v2","",197
312935292909375,4294967295,197,"v_add_f32_e32 v0, v0, v2","",197
312935292909415,4294967295,197,"v_add_f32_e32 v0, v0, v2","",197
312935292909415,4294967295,197,"v_add_f32_e32 v0, v0, v2","",197
312935292909455,4294967295,197,"v_add_f32_e32 v0, v0, v2","",197
312935292909455,4294967295,197,"v_add_f32_e32 v0, v0, v2","",197
312935292909415,4294967295,197,"v_add_f32_e32 v0, v0, v2","",197
312935292909415,4294967295,197,"v_add_f32_e32 v0, v0, v2","",197
312935292909375,4294967295,197,"v_add_f32_e32 v0, v0, v2","",197
312935292909415,4294967295,197,"v_add_f32_e32 v0, v0, v2","",197
312935292907775,4294967295,197,"v_add_f32_e32 v0, v0, v2","",197
312935292907815,4294967295,197,"v_add_f32_e32 v0, v0, v2","",197
312935292907815,4294967295,197,"v_add_f32_e32 v0, v0, v2","",197
312935292911215,4294967295,197,"v_add_f32_e32 v0, v0, v2","",197
312935292911215,4294967295,197,"v_add_f32_e32 v0, v0, v2","",197
312935292911255,4294967295,197,"v_add_f32_e32 v0, v0, v2","",197
312935292911255,4294967295,197,"v_add_f32_e32 v0, v0, v2","",197
312935292909455,4294967295,197,"v_add_f32_e32 v0, v0, v2","",197
312935292910335,4294967295,197,"v_add_f32_e32 v0, v0, v2","",197
312935292910335,4294967295,197,"v_add_f32_e32 v0, v0, v2","",197
312935292910375,4294967295,197,"v_add_f32_e32 v0, v0, v2","",197
312935292910375,4294967295,197,"v_add_f32_e32 v0, v0, v2","",197
312935292915335,4294967295,197,"v_add_f32_e32 v0, v0, v2","",197
312935292915375,4294967295,197,"v_add_f32_e32 v0, v0, v2","",197
312935292915375,4294967295,197,"v_add_f32_e32 v0, v0, v2","",197
312935292915415,4294967295,197,"v_add_f32_e32 v0, v0, v2","",197
312935292930455,4294967295,197,"v_add_f32_e32 v0, v0, v2","",197
312935292929615,4294967295,197,"v_add_f32_e32 v0, v0, v2","",197
312935292929615,4294967295,197,"v_add_f32_e32 v0, v0, v2","",197
312935292929655,4294967295,197,"v_add_f32_e32 v0, v0, v2","",197
312935292929655,4294967295,197,"v_add_f32_e32 v0, v0, v2","",197
312935292930495,4294967295,197,"v_add_f32_e32 v0, v0, v2","",197
312935292930495,4294967295,197,"v_add_f32_e32 v0, v0, v2","",197
312935292930495,4294967295,197,"v_add_f32_e32 v0, v0, v2","",197
312935292930535,4294967295,197,"v_add_f32_e32 v0, v0, v2","",197
312935302853947,4294967295,203,"v_add_f32_e32 v0, v0, v2","",203
312935302853987,4294967295,203,"v_add_f32_e32 v0, v0, v2","",203
312935302853987,4294967295,203,"v_add_f32_e32 v0, v0, v2","",203
312935302864747,4294967295,203,"v_add_f32_e32 v0, v0, v2","",203
312935302864787,4294967295,203,"v_add_f32_e32 v0, v0, v2","",203
312935302864787,4294967295,203,"v_add_f32_e32 v0, v0, v2","",203
312935302870667,4294967295,203,"v_add_f32_e32 v0, v0, v2","",203
312935302870667,4294967295,203,"v_add_f32_e32 v0, v0, v2","",203
312935302870707,4294967295,203,"v_add_f32_e32 v0, v0, v2","",203
312935302870707,4294967295,203,"v_add_f32_e32 v0, v0, v2","",203
312935302876387,4294967295,203,"v_add_f32_e32 v0, v0, v2","",203
312935302876427,4294967295,203,"v_add_f32_e32 v0, v0, v2","",203
312935302876387,4294967295,203,"v_add_f32_e32 v0, v0, v2","",203
312935302876507,4294967295,203,"v_add_f32_e32 v0, v0, v2","",203
312935302876507,4294967295,203,"v_add_f32_e32 v0, v0, v2","",203
312935302876547,4294967295,203,"v_add_f32_e32 v0, v0, v2","",203
312935302876427,4294967295,203,"v_add_f32_e32 v0, v0, v2","",203
312935302876427,4294967295,203,"v_add_f32_e32 v0, v0, v2","",203
312935302876467,4294967295,203,"v_add_f32_e32 v0, v0, v2","",203
312935302876467,4294967295,203,"v_add_f32_e32 v0, v0, v2","",203
312935302876387,4294967295,203,"v_add_f32_e32 v0, v0, v2","",203
312935302876427,4294967295,203,"v_add_f32_e32 v0, v0, v2","",203
312935302876427,4294967295,203,"v_add_f32_e32 v0, v0, v2","",203
312935302876467,4294967295,203,"v_add_f32_e32 v0, v0, v2","",203
312935302876387,4294967295,203,"v_add_f32_e32 v0, v0, v2","",203
312935302876427,4294967295,203,"v_add_f32_e32 v0, v0, v2","",203
312935302876427,4294967295,203,"v_add_f32_e32 v0, v0, v2","",203
312935302876427,4294967295,203,"v_add_f32_e32 v0, v0, v2","",203
312935302876427,4294967295,203,"v_add_f32_e32 v0, v0, v2","",203
312935302877707,4294967295,203,"v_add_f32_e32 v0, v0, v2","",203
312935302877747,4294967295,203,"v_add_f32_e32 v0, v0, v2","",203
312935302877747,4294967295,203,"v_add_f32_e32 v0, v0, v2","",203
312935302877787,4294967295,203,"v_add_f32_e32 v0, v0, v2","",203
312935302876427,4294967295,203,"v_add_f32_e32 v0, v0, v2","",203
312935302880387,4294967295,203,"v_add_f32_e32 v0, v0, v2","",203
312935302880387,4294967295,203,"v_add_f32_e32 v0, v0, v2","",203
312935302880387,4294967295,203,"v_add_f32_e32 v0, v0, v2","",203
312935302880427,4294967295,203,"v_add_f32_e32 v0, v0, v2","",203
312935302880427,4294967295,203,"v_add_f32_e32 v0, v0, v2","",203
312935302880387,4294967295,203,"v_add_f32_e32 v0, v0, v2","",203
312935302880427,4294967295,203,"v_add_f32_e32 v0, v0, v2","",203
312935302880427,4294967295,203,"v_add_f32_e32 v0, v0, v2","",203
312935302880387,4294967295,203,"v_add_f32_e32 v0, v0, v2","",203
312935302880387,4294967295,203,"v_add_f32_e32 v0, v0, v2","",203
312935302880427,4294967295,203,"v_add_f32_e32 v0, v0, v2","",203
312935302880427,4294967295,203,"v_add_f32_e32 v0, v0, v2","",203
312935302885347,4294967295,203,"v_add_f32_e32 v0, v0, v2","",203
312935302885387,4294967295,203,"v_add_f32_e32 v0, v0, v2","",203
312935302885387,4294967295,203,"v_add_f32_e32 v0, v0, v2","",203
312935302885427,4294967295,203,"v_add_f32_e32 v0, v0, v2","",203
312935302888627,4294967295,203,"v_add_f32_e32 v0, v0, v2","",203
312935302888667,4294967295,203,"v_add_f32_e32 v0, v0, v2","",203
312935302888667,4294967295,203,"v_add_f32_e32 v0, v0, v2","",203
312935302888707,4294967295,203,"v_add_f32_e32 v0, v0, v2","",203
312935302897307,4294967295,203,"v_add_f32_e32 v0, v0, v2","",203
312935302897307,4294967295,203,"v_add_f32_e32 v0, v0, v2","",203
312935302897347,4294967295,203,"v_add_f32_e32 v0, v0, v2","",203
312935302897347,4294967295,203,"v_add_f32_e32 v0, v0, v2","",203
312935302901307,4294967295,203,"v_add_f32_e32 v0, v0, v2","",203
312935302901347,4294967295,203,"v_add_f32_e32 v0, v0, v2","",203
312935302901347,4294967295,203,"v_add_f32_e32 v0, v0, v2","",203
312935302901347,4294967295,203,"s_and_b32 exec_lo, exec_lo, vcc_lo","",203
312935302901347,4294967295,203,"v_add_f32_e32 v0, v0, v2","",203
312935302901387,4294967295,203,"v_add_f32_e32 v0, v0, v2","",203
312935302902307,4294967295,203,"v_add_f32_e32 v0, v0, v2","",203
312935302902307,4294967295,203,"v_add_f32_e32 v0, v0, v2","",203
312935302902347,4294967295,203,"v_add_f32_e32 v0, v0, v2","",203
312935302902347,4294967295,203,"v_add_f32_e32 v0, v0, v2","",203
312935302906107,4294967295,203,"v_add_f32_e32 v0, v0, v2","",203
312935302906147,4294967295,203,"v_add_f32_e32 v0, v0, v2","",203
312935302906147,4294967295,203,"v_add_f32_e32 v0, v0, v2","",203
312935302906187,4294967295,203,"v_add_f32_e32 v0, v0, v2","",203
312935302906107,4294967295,203,"v_add_f32_e32 v0, v0, v2","",203
312935302906107,4294967295,203,"v_add_f32_e32 v0, v0, v2","",203
312935302906147,4294967295,203,"v_add_f32_e32 v0, v0, v2","",203
312935302909627,4294967295,203,"v_add_f32_e32 v0, v0, v2","",203
312935302909667,4294967295,203,"v_add_f32_e32 v0, v0, v2","",203
312935302909667,4294967295,203,"v_add_f32_e32 v0, v0, v2","",203
312935302909707,4294967295,203,"v_add_f32_e32 v0, v0, v2","",203
312935302906147,4294967295,203,"v_add_f32_e32 v0, v0, v2","",203
312935302913827,4294967295,203,"v_add_f32_e32 v0, v0, v2","",203
312935302913867,4294967295,203,"v_add_f32_e32 v0, v0, v2","",203
312935302913867,4294967295,203,"v_add_f32_e32 v0, v0, v2","",203
312935302913907,4294967295,203,"v_add_f32_e32 v0, v0, v2","",203
312935302912427,4294967295,203,"v_add_f32_e32 v0, v0, v2","",203
312935302912467,4294967295,203,"v_add_f32_e32 v0, v0, v2","",203
312935302912467,4294967295,203,"v_add_f32_e32 v0, v0, v2","",203
312935302912507,4294967295,203,"v_add_f32_e32 v0, v0, v2","",203
312935302916787,4294967295,203,"v_add_f32_e32 v0, v0, v2","",203
312935302916827,4294967295,203,"v_add_f32_e32 v0, v0, v2","",203
312935302916827,4294967295,203,"v_add_f32_e32 v0, v0, v2","",203
312935302916867,4294967295,203,"v_add_f32_e32 v0, v0, v2","",203
312935302913347,4294967295,203,"v_add_f32_e32 v0, v0, v2","",203
312935302913347,4294967295,203,"v_add_f32_e32 v0, v0, v2","",203
312935302913387,4294967295,203,"v_add_f32_e32 v0, v0, v2","",203
312935302913387,4294967295,203,"v_add_f32_e32 v0, v0, v2","",203
312935302916787,4294967295,203,"v_add_f32_e32 v0, v0, v2","",203
312935302916827,4294967295,203,"v_add_f32_e32 v0, v0, v2","",203
312935302916827,4294967295,203,"v_add_f32_e32 v0, v0, v2","",203
312935302917387,4294967295,203,"v_add_f32_e32 v0, v0, v2","",203
312935302917387,4294967295,203,"v_add_f32_e32 v0, v0, v2","",203
312935302917427,4294967295,203,"v_add_f32_e32 v0, v0, v2","",203
312935302917427,4294967295,203,"v_add_f32_e32 v0, v0, v2","",203
312935302916867,4294967295,203,"v_add_f32_e32 v0, v0, v2","",203
312935302921707,4294967295,203,"v_add_f32_e32 v0, v0, v2","",203
312935302921707,4294967295,203,"v_add_f32_e32 v0, v0, v2","",203
312935302921747,4294967295,203,"v_add_f32_e32 v0, v0, v2","",203
312935302921747,4294967295,203,"v_add_f32_e32 v0, v0, v2","",203
312935302927707,4294967295,203,"v_add_f32_e32 v0, v0, v2","",203
312935302927787,4294967295,203,"v_add_f32_e32 v0, v0, v2","",203
312935302927747,4294967295,203,"v_add_f32_e32 v0, v0, v2","",203
312935302927747,4294967295,203,"v_add_f32_e32 v0, v0, v2","",203
312935302933427,4294967295,203,"v_add_f32_e32 v0, v0, v2","",203
312935302933467,4294967295,203,"v_add_f32_e32 v0, v0, v2","",203
312935302933467,4294967295,203,"v_add_f32_e32 v0, v0, v2","",203
312935302933467,4294967295,203,"v_add_f32_e32 v0, v0, v2","",203
312935302933467,4294967295,203,"v_add_f32_e32 v0, v0, v2","",203
312935302933507,4294967295,203,"v_add_f32_e32 v0, v0, v2","",203
312935302933507,4294967295,203,"v_add_f32_e32 v0, v0, v2","",203
312935302936828,4294967295,203,"v_add_f32_e32 v0, v0, v2","",203
312935302936868,4294967295,203,"v_add_f32_e32 v0, v0, v2","",203
312935302936868,4294967295,203,"v_add_f32_e32 v0, v0, v2","",203
312935302936908,4294967295,203,"v_add_f32_e32 v0, v0, v2","",203
312935312839799,4294967295,210,"v_add_f32_e32 v0, v0, v2","",210
312935312838759,4294967295,210,"v_add_f32_e32 v0, v0, v2","",210
312935312840079,4294967295,210,"v_add_f32_e32 v0, v0, v2","",210
312935312851239,4294967295,210,"v_add_f32_e32 v0, v0, v2","",210
312935312844119,4294967295,210,"v_add_f32_e32 v0, v0, v2","",210
312935312844079,4294967295,210,"v_add_f32_e32 v0, v0, v2","",210
312935312844119,4294967295,210,"v_add_f32_e32 v0, v0, v2","",210
312935312844159,4294967295,210,"v_add_f32_e32 v0, v0, v2","",210
312935312847679,4294967295,210,"v_add_f32_e32 v0, v0, v2","",210
312935312853999,4294967295,210,"v_add_f32_e32 v0, v0, v2","",210
312935312850439,4294967295,210,"v_add_f32_e32 v0, v0, v2","",210
312935312847679,4294967295,210,"v_add_f32_e32 v0, v0, v2","",210
312935312850439,4294967295,210,"v_add_f32_e32 v0, v0, v2","",210
312935312850479,4294967295,210,"v_add_f32_e32 v0, v0, v2","",210
312935312853999,4294967295,210,"v_add_f32_e32 v0, v0, v2","",210
312935312855879,4294967295,210,"v_add_f32_e32 v0, v0, v2","",210
312935312855919,4294967295,210,"v_add_f32_e32 v0, v0, v2","",210
312935312855839,4294967295,210,"v_add_f32_e32 v0, v0, v2","",210
312935312855879,4294967295,210,"v_add_f32_e32 v0, v0, v2","",210
312935312844359,4294967295,210,"v_add_f32_e32 v0, v0, v2","",210
312935312847719,4294967295,210,"v_add_f32_e32 v0, v0, v2","",210
312935312847719,4294967295,210,"v_add_f32_e32 v0, v0, v2","",210
312935312859119,4294967295,210,"v_add_f32_e32 v0, v0, v2","",210
312935312862560,4294967295,210,"v_add_f32_e32 v0, v0, v2","",210
312935312863080,4294967295,210,"v_add_f32_e32 v0, v0, v2","",210
312935312858079,4294967295,210,"v_add_f32_e32 v0, v0, v2","",210
312935312847399,4294967295,210,"v_add_f32_e32 v0, v0, v2","",210
312935312864760,4294967295,210,"v_add_f32_e32 v0, v0, v2","",210
312935312848279,4294967295,210,"v_add_f32_e32 v0, v0, v2","",210
312935312848679,4294967295,210,"v_add_f32_e32 v0, v0, v2","",210
312935312853999,4294967295,210,"v_add_f32_e32 v0, v0, v2","",210
312935312858439,4294967295,210,"v_add_f32_e32 v0, v0, v2","",210
312935312853999,4294967295,210,"v_add_f32_e32 v0, v0, v2","",210
312935312869440,4294967295,210,"v_add_f32_e32 v0, v0, v2","",210
312935312869440,4294967295,210,"v_add_f32_e32 v0, v0, v2","",210
312935312864760,4294967295,210,"v_add_f32_e32 v0, v0, v2","",210
312935312864800,4294967295,210,"v_add_f32_e32 v0, v0, v2","",210
312935312864800,4294967295,210,"v_add_f32_e32 v0, v0, v2","",210
312935312895560,4294967295,210,"v_add_f32_e32 v0, v0, v2","",210
312935312855399,4294967295,210,"v_add_f32_e32 v0, v0, v2","",210
312935312854039,4294967295,210,"v_add_f32_e32 v0, v0, v2","",210
312935312863080,4294967295,210,"v_add_f32_e32 v0, v0, v2","",210
312935312869480,4294967295,210,"v_add_f32_e32 v0, v0, v2","",210
312935312869480,4294967295,210,"v_add_f32_e32 v0, v0, v2","",210
312935312862560,4294967295,210,"v_add_f32_e32 v0, v0, v2","",210
312935312862560,4294967295,210,"v_add_f32_e32 v0, v0, v2","",210
312935312862600,4294967295,210,"v_add_f32_e32 v0, v0, v2","",210
312935312895560,4294967295,210,"v_add_f32_e32 v0, v0, v2","",210
312935312895600,4294967295,210,"v_add_f32_e32 v0, v0, v2","",210
312935312884800,4294967295,210,"v_add_f32_e32 v0, v0, v2","",210
312935312884840,4294967295,210,"v_add_f32_e32 v0, v0, v2","",210
312935312884840,4294967295,210,"v_add_f32_e32 v0, v0, v2","",210
312935312884880,4294967295,210,"v_add_f32_e32 v0, v0, v2","",210
312935312863120,4294967295,210,"v_add_f32_e32 v0, v0, v2","",210
312935312863120,4294967295,210,"v_add_f32_e32 v0, v0, v2","",210
312935312899000,4294967295,210,"v_add_f32_e32 v0, v0, v2","",210
312935312899040,4294967295,210,"v_add_f32_e32 v0, v0, v2","",210
312935312899040,4294967295,210,"v_add_f32_e32 v0, v0, v2","",210
312935312899080,4294967295,210,"v_add_f32_e32 v0, v0, v2","",210
312935312895600,4294967295,210,"v_add_f32_e32 v0, v0, v2","",210
312935312901240,4294967295,210,"v_add_f32_e32 v0, v0, v2","",210
312935312901280,4294967295,210,"v_add_f32_e32 v0, v0, v2","",210
312935312901280,4294967295,210,"v_add_f32_e32 v0, v0, v2","",210
312935312901280,4294967295,210,"v_add_f32_e32 v0, v0, v2","",210
312935312901760,4294967295,210,"v_add_f32_e32 v0, v0, v2","",210
312935312901760,4294967295,210,"v_add_f32_e32 v0, v0, v2","",210
312935312901800,4294967295,210,"v_add_f32_e32 v0, v0, v2","",210
312935312901800,4294967295,210,"v_add_f32_e32 v0, v0, v2","",210
312935312901840,4294967295,210,"v_add_f32_e32 v0, v0, v2","",210
312935312902960,4294967295,210,"v_add_f32_e32 v0, v0, v2","",210
312935312902960,4294967295,210,"v_add_f32_e32 v0, v0, v2","",210
312935312903000,4294967295,210,"v_add_f32_e32 v0, v0, v2","",210
312935312903000,4294967295,210,"v_add_f32_e32 v0, v0, v2","",210
312935312907760,4294967295,210,"v_add_f32_e32 v0, v0, v2","",210
312935312907760,4294967295,210,"v_add_f32_e32 v0, v0, v2","",210
312935312905920,4294967295,210,"v_add_f32_e32 v0, v0, v2","",210
312935312905920,4294967295,210,"v_add_f32_e32 v0, v0, v2","",210
312935312905960,4294967295,210,"v_add_f32_e32 v0, v0, v2","",210
312935312907800,4294967295,210,"v_add_f32_e32 v0, v0, v2","",210
312935312907800,4294967295,210,"v_add_f32_e32 v0, v0, v2","",210
312935312905960,4294967295,210,"v_add_f32_e32 v0, v0, v2","",210
312935312909640,4294967295,210,"v_add_f32_e32 v0, v0, v2","",210
312935312909600,4294967295,210,"v_add_f32_e32 v0, v0, v2","",210
312935312907760,4294967295,210,"v_add_f32_e32 v0, v0, v2","",210
312935312909640,4294967295,210,"v_add_f32_e32 v0, v0, v2","",210
312935312901800,4294967295,210,"v_add_f32_e32 v0, v0, v2","",210
312935312901800,4294967295,210,"v_add_f32_e32 v0, v0, v2","",210
312935312907760,4294967295,210,"v_add_f32_e32 v0, v0, v2","",210
312935312901840,4294967295,210,"v_add_f32_e32 v0, v0, v2","",210
312935312909640,4294967295,210,"v_add_f32_e32 v0, v0, v2","",210
312935312909640,4294967295,210,"v_add_f32_e32 v0, v0, v2","",210
312935312909640,4294967295,210,"v_add_f32_e32 v0, v0, v2","",210
312935312909680,4294967295,210,"v_add_f32_e32 v0, v0, v2","",210
312935312909680,4294967295,210,"v_add_f32_e32 v0, v0, v2","",210
312935312909640,4294967295,210,"v_add_f32_e32 v0, v0, v2","",210
312935312909640,4294967295,210,"v_add_f32_e32 v0, v0, v2","",210
312935312909680,4294967295,210,"v_add_f32_e32 v0, v0, v2","",210
312935312909680,4294967295,210,"v_add_f32_e32 v0, v0, v2","",210
312935312909680,4294967295,210,"v_add_f32_e32 v0, v0, v2","",210
312935312911600,4294967295,210,"v_add_f32_e32 v0, v0, v2","",210
312935312911600,4294967295,210,"v_add_f32_e32 v0, v0, v2","",210
312935312911640,4294967295,210,"v_add_f32_e32 v0, v0, v2","",210
312935312911640,4294967295,210,"v_add_f32_e32 v0, v0, v2","",210
312935312911560,4294967295,210,"v_add_f32_e32 v0, v0, v2","",210
312935312909640,4294967295,210,"v_add_f32_e32 v0, v0, v2","",210
312935312907800,4294967295,210,"v_add_f32_e32 v0, v0, v2","",210
312935312907800,4294967295,210,"v_add_f32_e32 v0, v0, v2","",210
312935312911600,4294967295,210,"v_add_f32_e32 v0, v0, v2","",210
312935312911600,4294967295,210,"v_add_f32_e32 v0, v0, v2","",210
312935312911640,4294967295,210,"v_add_f32_e32 v0, v0, v2","",210
312935312911640,4294967295,210,"v_add_f32_e32 v0, v0, v2","",210
312935312909680,4294967295,210,"v_add_f32_e32 v0, v0, v2","",210
312935312909680,4294967295,210,"v_add_f32_e32 v0, v0, v2","",210
312935312913600,4294967295,210,"v_add_f32_e32 v0, v0, v2","",210
312935312913640,4294967295,210,"v_add_f32_e32 v0, v0, v2","",210
312935312913640,4294967295,210,"v_add_f32_e32 v0, v0, v2","",210
312935312913680,4294967295,210,"v_add_f32_e32 v0, v0, v2","",210
312935312911600,4294967295,210,"v_add_f32_e32 v0, v0, v2","",210
312935312911600,4294967295,210,"v_add_f32_e32 v0, v0, v2","",210
312935312911640,4294967295,210,"v_add_f32_e32 v0, v0, v2","",210
312935312913600,4294967295,210,"v_add_f32_e32 v0, v0, v2","",210
312935312913640,4294967295,210,"v_add_f32_e32 v0, v0, v2","",210
312935312913600,4294967295,210,"v_add_f32_e32 v0, v0, v2","",210
312935312913640,4294967295,210,"v_add_f32_e32 v0, v0, v2","",210
312935312913680,4294967295,210,"v_add_f32_e32 v0, v0, v2","",210
312935312913680,4294967295,210,"v_add_f32_e32 v0, v0, v2","",210
312935312913720,4294967295,210,"v_add_f32_e32 v0, v0, v2","",210
312935312913720,4294967295,210,"v_add_f32_e32 v0, v0, v2","",210
312935322871812,4294967295,216,"v_add_f32_e32 v0, v0, v2","",216
312935322868492,4294967295,216,"v_add_f32_e32 v0, v0, v2","",216
312935322868532,4294967295,216,"v_add_f32_e32 v0, v0, v2","",216
312935322868532,4294967295,216,"v_add_f32_e32 v0, v0, v2","",216
312935322875492,4294967295,216,"v_add_f32_e32 v0, v0, v2","",216
312935322875532,4294967295,216,"v_add_f32_e32 v0, v0, v2","",216
312935322875532,4294967295,216,"v_add_f32_e32 v0, v0, v2","",216
312935322875572,4294967295,216,"v_add_f32_e32 v0, v0, v2","",216
312935322881492,4294967295,216,"v_add_f32_e32 v0, v0, v2","",216
312935322881492,4294967295,216,"v_add_f32_e32 v0, v0, v2","",216
312935322881532,4294967295,216,"v_add_f32_e32 v0, v0, v2","",216
312935322881532,4294967295,216,"v_add_f32_e32 v0, v0, v2","",216
312935322889612,4294967295,216,"v_add_f32_e32 v0, v0, v2","",216
312935322889732,4294967295,216,"s_and_b32 exec_lo, exec_lo, vcc_lo","",216
312935322889692,4294967295,216,"v_add_f32_e32 v0, v0, v2","",216
312935322889732,4294967295,216,"v_add_f32_e32 v0, v0, v2","",216
312935322889692,4294967295,216,"v_add_f32_e32 v0, v0, v2","",216
312935322889732,4294967295,216,"v_add_f32_e32 v0, v0, v2","",216
312935322889732,4294967295,216,"v_add_f32_e32 v0, v0, v2","",216
312935322889772,4294967295,216,"v_add_f32_e32 v0, v0, v2","",216
312935322889612,4294967295,216,"v_add_f32_e32 v0, v0, v2","",216
312935322889652,4294967295,216,"v_add_f32_e32 v0, v0, v2","",216
312935322889652,4294967295,216,"v_add_f32_e32 v0, v0, v2","",216
312935322889692,4294967295,216,"v_add_f32_e32 v0, v0, v2","",216
312935322889612,4294967295,216,"v_add_f32_e32 v0, v0, v2","",216
312935322889652,4294967295,216,"s_and_b32 exec_lo, exec_lo, vcc_lo","",216
312935322889652,4294967295,216,"v_add_f32_e32 v0, v0, v2","",216
312935322889612,4294967295,216,"v_add_f32_e32 v0, v0, v2","",216
312935322889652,4294967295,216,"v_mad_co_u64_u32 v[0:1], null, s4, ttmp9, v[0:1]","",216
312935322889692,4294967295,216,"v_cmp_gt_u64_e32 vcc_lo, s[2:3], v[0:1]","",216
312935322889652,4294967295,216,"v_cmp_gt_u64_e32 vcc_lo, s[2:3], v[0:1]","",216
312935322889692,4294967295,216,"v_add_f32_e32 v0, v0, v2","",216
312935322895053,4294967295,216,"v_add_f32_e32 v0, v0, v2","",216
312935322895093,4294967295,216,"v_add_f32_e32 v0, v0, v2","",216
312935322895093,4294967295,216,"v_add_f32_e32 v0, v0, v2","",216
312935322895133,4294967295,216,"v_add_f32_e32 v0, v0, v2","",216
312935322889612,4294967295,216,"v_add_f32_e32 v0, v0, v2","",216
312935322889652,4294967295,216,"v_add_f32_e32 v0, v0, v2","",216
312935322889652,4294967295,216,"v_add_f32_e32 v0, v0, v2","",216
312935322889692,4294967295,216,"v_add_f32_e32 v0, v0, v2","",216
312935322895053,4294967295,216,"v_add_f32_e32 v0, v0, v2","",216
312935322895053,4294967295,216,"v_add_f32_e32 v0, v0, v2","",216
312935322895053,4294967295,216,"v_add_f32_e32 v0, v0, v2","",216
312935322895053,4294967295,216,"v_add_f32_e32 v0, v0, v2","",216
312935322895093,4294967295,216,"v_add_f32_e32 v0, v0, v2","",216
312935322895093,4294967295,216,"v_add_f32_e32 v0, v0, v2","",216
312935322895053,4294967295,216,"v_add_f32_e32 v0, v0, v2","",216
312935322895093,4294967295,216,"v_add_f32_e32 v0, v0, v2","",216
312935322895093,4294967295,216,"v_add_f32_e32 v0, v0, v2","",216
312935322895133,4294967295,216,"v_add_f32_e32 v0, v0, v2","",216
312935322895573,4294967295,216,"v_add_f32_e32 v0, v0, v2","",216
312935322895613,4294967295,216,"v_add_f32_e32 v0, v0, v2","",216
312935322895613,4294967295,216,"v_add_f32_e32 v0, v0, v2","",216
312935322895613,4294967295,216,"v_add_f32_e32 v0, v0, v2","",216
312935322895573,4294967295,216,"v_add_f32_e32 v0, v0, v2","",216
312935322902373,4294967295,216,"v_add_co_u32 v0, vcc_lo, s2, v0","",216
312935322902373,4294967295,216,"v_add_f32_e32 v0, v0, v2","",216
312935322902413,4294967295,216,"v_add_f32_e32 v0, v0, v2","",216
312935322902413,4294967295,216,"v_add_f32_e32 v0, v0, v2","",216
312935322895093,4294967295,216,"v_add_f32_e32 v0, v0, v2","",216
312935322895093,4294967295,216,"v_add_f32_e32 v0, v0, v2","",216
312935322895573,4294967295,216,"v_add_f32_e32 v0, v0, v2","",216
312935322895613,4294967295,216,"v_add_f32_e32 v0, v0, v2","",216
312935322895613,4294967295,216,"v_add_f32_e32 v0, v0, v2","",216
312935322920133,4294967295,216,"v_add_f32_e32 v0, v0, v2","",216
312935322920133,4294967295,216,"v_add_f32_e32 v0, v0, v2","",216
312935322920173,4294967295,216,"v_add_f32_e32 v0, v0, v2","",216
312935322920173,4294967295,216,"v_add_f32_e32 v0, v0, v2","",216
312935322921773,4294967295,216,"v_add_f32_e32 v0, v0, v2","",216
312935322921813,4294967295,216,"v_add_f32_e32 v0, v0, v2","",216
312935322921813,4294967295,216,"v_add_f32_e32 v0, v0, v2","",216
312935322921813,4294967295,216,"v_add_f32_e32 v0, v0, v2","",216
312935322921773,4294967295,216,"v_add_f32_e32 v0, v0, v2","",216
312935322921813,4294967295,216,"v_add_f32_e32 v0, v0, v2","",216
312935322921813,4294967295,216,"v_add_f32_e32 v0, v0, v2","",216
312935322921853,4294967295,216,"v_add_f32_e32 v0, v0, v2","",216
312935322922653,4294967295,216,"v_add_f32_e32 v0, v0, v2","",216
312935322922693,4294967295,216,"v_add_f32_e32 v0, v0, v2","",216
312935322922693,4294967295,216,"v_add_f32_e32 v0, v0, v2","",216
312935322922733,4294967295,216,"v_add_f32_e32 v0, v0, v2","",216
312935322922653,4294967295,216,"v_add_f32_e32 v0, v0, v2","",216
312935322922693,4294967295,216,"v_add_f32_e32 v0, v0, v2","",216
312935322922693,4294967295,216,"v_add_f32_e32 v0, v0, v2","",216
312935322922733,4294967295,216,"v_add_f32_e32 v0, v0, v2","",216
312935322923213,4294967295,216,"v_add_f32_e32 v0, v0, v2","",216
312935322924493,4294967295,216,"v_add_f32_e32 v0, v0, v2","",216
312935322924493,4294967295,216,"v_add_f32_e32 v0, v0, v2","",216
312935322924533,4294967295,216,"v_add_f32_e32 v0, v0, v2","",216
312935322924533,4294967295,216,"v_add_f32_e32 v0, v0, v2","",216
312935322923213,4294967295,216,"v_add_f32_e32 v0, v0, v2","",216
312935322923253,4294967295,216,"v_add_f32_e32 v0, v0, v2","",216
312935322923253,4294967295,216,"v_add_f32_e32 v0, v0, v2","",216
312935322926533,4294967295,216,"v_add_f32_e32 v0, v0, v2","",216
312935322922653,4294967295,216,"v_add_f32_e32 v0, v0, v2","",216
312935322922693,4294967295,216,"v_add_f32_e32 v0, v0, v2","",216
312935322922693,4294967295,216,"v_add_f32_e32 v0, v0, v2","",216
312935322922733,4294967295,216,"v_add_f32_e32 v0, v0, v2","",216
312935322926533,4294967295,216,"v_add_f32_e32 v0, v0, v2","",216
312935322926533,4294967295,216,"v_add_f32_e32 v0, v0, v2","",216
312935322926533,4294967295,216,"v_add_f32_e32 v0, v0, v2","",216
312935322926533,4294967295,216,"v_add_f32_e32 v0, v0, v2","",216
312935322926573,4294967295,216,"v_add_f32_e32 v0, v0, v2","",216
312935322927373,4294967295,216,"v_add_f32_e32 v0, v0, v2","",216
312935322927413,4294967295,216,"v_add_f32_e32 v0, v0, v2","",216
312935322927413,4294967295,216,"v_add_f32_e32 v0, v0, v2","",216
312935322927453,4294967295,216,"v_add_f32_e32 v0, v0, v2","",216
312935322932213,4294967295,216,"v_add_f32_e32 v0, v0, v2","",216
312935322932213,4294967295,216,"v_add_f32_e32 v0, v0, v2","",216
312935322932253,4294967295,216,"v_add_f32_e32 v0, v0, v2","",216
312935322934613,4294967295,216,"v_add_f32_e32 v0, v0, v2","",216
312935322934653,4294967295,216,"v_add_f32_e32 v0, v0, v2","",216
312935322934653,4294967295,216,"v_add_f32_e32 v0, v0, v2","",216
312935322934693,4294967295,216,"v_add_f32_e32 v0, v0, v2","",216
312935322945573,4294967295,216,"v_add_f32_e32 v0, v0, v2","",216
312935322945573,4294967295,216,"v_add_f32_e32 v0, v0, v2","",216
312935322945613,4294967295,216,"v_add_f32_e32 v0, v0, v2","",216
312935322945613,4294967295,216,"v_add_f32_e32 v0, v0, v2","",216
312935322946533,4294967295,216,"v_add_f32_e32 v0, v0, v2","",216
312935322946533,4294967295,216,"v_add_f32_e32 v0, v0, v2","",216
312935322946573,4294967295,216,"v_add_f32_e32 v0, v0, v2","",216
312935322926573,4294967295,216,"v_add_f32_e32 v0, v0, v2","",216
312935322926573,4294967295,216,"v_add_f32_e32 v0, v0, v2","",216
312935322946533,4294967295,216,"v_add_f32_e32 v0, v0, v2","",216
312935322946533,4294967295,216,"v_add_f32_e32 v0, v0, v2","",216
312935322946573,4294967295,216,"v_add_f32_e32 v0, v0, v2","",216
312935322946573,4294967295,216,"v_add_f32_e32 v0, v0, v2","",216
312935332844105,4294967295,222,"v_add_f32_e32 v0, v0, v2","",222
312935332843225,4294967295,222,"v_add_f32_e32 v0, v0, v2","",222
312935332843265,4294967295,222,"v_add_f32_e32 v0, v0, v2","",222
312935332843265,4294967295,222,"v_add_f32_e32 v0, v0, v2","",222
312935332843505,4294967295,222,"v_add_f32_e32 v0, v0, v2","",222
312935332856225,4294967295,222,"v_add_f32_e32 v0, v0, v2","",222
312935332850265,4294967295,222,"v_add_f32_e32 v0, v0, v2","",222
312935332850785,4294967295,222,"v_add_f32_e32 v0, v0, v2","",222
312935332850265,4294967295,222,"v_add_f32_e32 v0, v0, v2","",222
312935332850305,4294967295,222,"v_add_f32_e32 v0, v0, v2","",222
312935332853665,4294967295,222,"v_add_f32_e32 v0, v0, v2","",222
312935332853705,4294967295,222,"v_add_f32_e32 v0, v0, v2","",222
312935332850785,4294967295,222,"v_add_f32_e32 v0, v0, v2","",222
312935332855665,4294967295,222,"v_add_f32_e32 v0, v0, v2","",222
312935332855705,4294967295,222,"v_add_f32_e32 v0, v0, v2","",222
312935332849185,4294967295,222,"v_add_f32_e32 v0, v0, v2","",222
312935332850905,4294967295,222,"v_add_f32_e32 v0, v0, v2","",222
312935332866145,4294967295,222,"v_add_f32_e32 v0, v0, v2","",222
312935332866665,4294967295,222,"v_add_f32_e32 v0, v0, v2","",222
312935332866665,4294967295,222,"v_add_f32_e32 v0, v0, v2","",222
312935332866185,4294967295,222,"v_add_f32_e32 v0, v0, v2","",222
312935332866185,4294967295,222,"v_add_f32_e32 v0, v0, v2","",222
312935332853705,4294967295,222,"v_add_f32_e32 v0, v0, v2","",222
312935332853705,4294967295,222,"v_add_f32_e32 v0, v0, v2","",222
312935332873545,4294967295,222,"v_add_f32_e32 v0, v0, v2","",222
312935332873585,4294967295,222,"v_add_f32_e32 v0, v0, v2","",222
312935332878065,4294967295,222,"v_add_f32_e32 v0, v0, v2","",222
312935332873585,4294967295,222,"v_add_f32_e32 v0, v0, v2","",222
312935332873585,4294967295,222,"v_add_f32_e32 v0, v0, v2","",222
312935332881865,4294967295,222,"v_add_f32_e32 v0, v0, v2","",222
312935332875305,4294967295,222,"v_add_f32_e32 v0, v0, v2","",222
312935332895065,4294967295,222,"v_add_f32_e32 v0, v0, v2","",222
312935332875265,4294967295,222,"v_add_f32_e32 v0, v0, v2","",222
312935332898985,4294967295,222,"v_add_f32_e32 v0, v0, v2","",222
312935332898985,4294967295,222,"v_add_f32_e32 v0, v0, v2","",222
312935332898985,4294967295,222,"v_add_f32_e32 v0, v0, v2","",222
312935332899025,4294967295,222,"v_add_f32_e32 v0, v0, v2","",222
312935332898945,4294967295,222,"v_add_f32_e32 v0, v0, v2","",222
312935332898985,4294967295,222,"v_add_f32_e32 v0, v0, v2","",222
312935332860025,4294967295,222,"v_add_f32_e32 v0, v0, v2","",222
312935332860425,4294967295,222,"v_add_f32_e32 v0, v0, v2","",222
312935332895105,4294967295,222,"v_add_f32_e32 v0, v0, v2","",222
312935332895105,4294967295,222,"v_add_f32_e32 v0, v0, v2","",222
312935332895145,4294967295,222,"v_add_f32_e32 v0, v0, v2","",222
312935332902105,4294967295,222,"v_add_f32_e32 v0, v0, v2","",222
312935332902105,4294967295,222,"v_add_f32_e32 v0, v0, v2","",222
312935332902145,4294967295,222,"v_add_f32_e32 v0, v0, v2","",222
312935332902145,4294967295,222,"v_add_f32_e32 v0, v0, v2","",222
312935332866705,4294967295,222,"v_add_f32_e32 v0, v0, v2","",222
312935332866705,4294967295,222,"v_add_f32_e32 v0, v0, v2","",222
312935332898985,4294967295,222,"v_add_f32_e32 v0, v0, v2","",222
312935332899025,4294967295,222,"v_add_f32_e32 v0, v0, v2","",222
312935332903945,4294967295,222,"v_add_f32_e32 v0, v0, v2","",222
312935332903985,4294967295,222,"v_add_f32_e32 v0, v0, v2","",222
312935332904025,4294967295,222,"v_add_f32_e32 v0, v0, v2","",222
312935332903905,4294967295,222,"v_add_f32_e32 v0, v0, v2","",222
312935332903905,4294967295,222,"v_add_f32_e32 v0, v0, v2","",222
312935332878105,4294967295,222,"v_add_f32_e32 v0, v0, v2","",222
312935332903945,4294967295,222,"v_add_co_u32 v0, vcc_lo, s2, v0","",222
312935332903945,4294967295,222,"v_add_co_u32 v0, vcc_lo, s2, v0","",222
312935332903985,4294967295,222,"v_add_f32_e32 v0, v0, v2","",222
312935332903945,4294967295,222,"v_add_f32_e32 v0, v0, v2","",222
312935332903985,4294967295,222,"v_add_f32_e32 v0, v0, v2","",222
312935332903985,4294967295,222,"v_add_f32_e32 v0, v0, v2","",222
312935332906185,4294967295,222,"v_add_f32_e32 v0, v0, v2","",222
312935332906185,4294967295,222,"v_add_f32_e32 v0, v0, v2","",222
312935332878105,4294967295,222,"v_add_f32_e32 v0, v0, v2","",222
312935332873905,4294967295,222,"v_add_f32_e32 v0, v0, v2","",222
312935332878145,4294967295,222,"s_wait_loadcnt 0x0","",222
312935332875305,4294967295,222,"v_add_f32_e32 v0, v0, v2","",222
312935332875345,4294967295,222,"v_add_f32_e32 v0, v0, v2","",222
312935332907425,4294967295,222,"v_add_f32_e32 v0, v0, v2","",222
312935332875905,4294967295,222,"v_add_f32_e32 v0, v0, v2","",222
312935332903945,4294967295,222,"v_add_f32_e32 v0, v0, v2","",222
312935332881865,4294967295,222,"v_add_f32_e32 v0, v0, v2","",222
312935332877065,4294967295,222,"v_add_f32_e32 v0, v0, v2","",222
312935332907465,4294967295,222,"v_add_f32_e32 v0, v0, v2","",222
312935332907465,4294967295,222,"v_add_co_u32 v0, vcc_lo, s2, v0","",222
312935332904025,4294967295,222,"v_add_f32_e32 v0, v0, v2","",222
312935332904065,4294967295,222,"v_add_f32_e32 v0, v0, v2","",222
312935332881905,4294967295,222,"v_add_f32_e32 v0, v0, v2","",222
312935332881905,4294967295,222,"v_add_f32_e32 v0, v0, v2","",222
312935332907505,4294967295,222,"v_add_f32_e32 v0, v0, v2","",222
312935332907945,4294967295,222,"v_add_f32_e32 v0, v0, v2","",222
312935332907945,4294967295,222,"v_add_f32_e32 v0, v0, v2","",222
312935332907985,4294967295,222,"v_add_f32_e32 v0, v0, v2","",222
312935332907985,4294967295,222,"v_add_f32_e32 v0, v0, v2","",222
312935332903945,4294967295,222,"v_add_f32_e32 v0, v0, v2","",222
312935332909025,4294967295,222,"v_add_f32_e32 v0, v0, v2","",222
312935332903985,4294967295,222,"v_add_f32_e32 v0, v0, v2","",222
312935332909025,4294967295,222,"v_add_f32_e32 v0, v0, v2","",222
312935332909065,4294967295,222,"v_add_f32_e32 v0, v0, v2","",222
312935332909065,4294967295,222,"v_add_f32_e32 v0, v0, v2","",222
312935332909105,4294967295,222,"v_add_f32_e32 v0, v0, v2","",222
312935332885505,4294967295,222,"v_add_f32_e32 v0, v0, v2","",222
312935332885905,4294967295,222,"v_add_f32_e32 v0, v0, v2","",222
312935332910265,4294967295,222,"v_add_f32_e32 v0, v0, v2","",222
312935332910305,4294967295,222,"v_add_f32_e32 v0, v0, v2","",222
312935332910305,4294967295,222,"v_add_f32_e32 v0, v0, v2","",222
312935332910345,4294967295,222,"v_add_f32_e32 v0, v0, v2","",222
312935332913825,4294967295,222,"v_add_f32_e32 v0, v0, v2","",222
312935332913865,4294967295,222,"v_add_f32_e32 v0, v0, v2","",222
312935332913865,4294967295,222,"v_add_f32_e32 v0, v0, v2","",222
312935332909065,4294967295,222,"v_add_f32_e32 v0, v0, v2","",222
312935332909065,4294967295,222,"v_add_f32_e32 v0, v0, v2","",222
312935332915625,4294967295,222,"v_add_f32_e32 v0, v0, v2","",222
312935332919265,4294967295,222,"v_add_f32_e32 v0, v0, v2","",222
312935332919265,4294967295,222,"v_add_f32_e32 v0, v0, v2","",222
312935332919305,4294967295,222,"v_add_f32_e32 v0, v0, v2","",222
312935332919305,4294967295,222,"v_add_f32_e32 v0, v0, v2","",222
312935332909105,4294967295,222,"v_add_f32_e32 v0, v0, v2","",222
312935332915665,4294967295,222,"v_add_f32_e32 v0, v0, v2","",222
312935332915665,4294967295,222,"v_add_f32_e32 v0, v0, v2","",222
312935332915705,4294967295,222,"v_add_f32_e32 v0, v0, v2","",222
312935332924985,4294967295,222,"v_add_f32_e32 v0, v0, v2","",222
312935332924065,4294967295,222,"v_add_f32_e32 v0, v0, v2","",222
312935332924985,4294967295,222,"v_add_f32_e32 v0, v0, v2","",222
312935332925025,4294967295,222,"v_add_f32_e32 v0, v0, v2","",222
312935332925025,4294967295,222,"v_add_f32_e32 v0, v0, v2","",222
312935332924105,4294967295,222,"v_add_f32_e32 v0, v0, v2","",222
312935332924105,4294967295,222,"v_add_f32_e32 v0, v0, v2","",222
312935332924145,4294967295,222,"v_add_f32_e32 v0, v0, v2","",222
312935342873838,4294967295,228,"v_add_f32_e32 v0, v0, v2","",228
312935342873878,4294967295,228,"v_add_f32_e32 v0, v0, v2","",228
312935342873878,4294967295,228,"v_add_f32_e32 v0, v0, v2","",228
312935342873838,4294967295,228,"v_add_f32_e32 v0, v0, v2","",228
312935342885398,4294967295,228,"v_add_f32_e32 v0, v0, v2","",228
312935342885478,4294967295,228,"v_cmp_gt_u64_e32 vcc_lo, s[2:3], v[0:1]","",228
312935342885438,4294967295,228,"v_add_f32_e32 v0, v0, v2","",228
312935342885438,4294967295,228,"v_add_f32_e32 v0, v0, v2","",228
312935342891918,4294967295,228,"v_add_f32_e32 v0, v0, v2","",228
312935342891958,4294967295,228,"v_add_f32_e32 v0, v0, v2","",228
312935342891958,4294967295,228,"v_add_f32_e32 v0, v0, v2","",228
312935342891958,4294967295,228,"v_add_f32_e32 v0, v0, v2","",228
312935342897198,4294967295,228,"v_add_f32_e32 v0, v0, v2","",228
312935342897238,4294967295,228,"v_add_f32_e32 v0, v0, v2","",228
312935342897238,4294967295,228,"v_add_f32_e32 v0, v0, v2","",228
312935342897278,4294967295,228,"v_add_f32_e32 v0, v0, v2","",228
312935342897198,4294967295,228,"v_add_f32_e32 v0, v0, v2","",228
312935342897238,4294967295,228,"v_add_f32_e32 v0, v0, v2","",228
312935342897238,4294967295,228,"v_add_f32_e32 v0, v0, v2","",228
312935342897278,4294967295,228,"v_add_f32_e32 v0, v0, v2","",228
312935342899678,4294967295,228,"v_add_f32_e32 v0, v0, v2","",228
312935342899638,4294967295,228,"v_add_f32_e32 v0, v0, v2","",228
312935342899638,4294967295,228,"v_add_f32_e32 v0, v0, v2","",228
312935342899678,4294967295,228,"v_add_f32_e32 v0, v0, v2","",228
312935342899678,4294967295,228,"v_add_f32_e32 v0, v0, v2","",228
312935342899678,4294967295,228,"v_add_f32_e32 v0, v0, v2","",228
312935342900158,4294967295,228,"v_add_f32_e32 v0, v0, v2","",228
312935342900198,4294967295,228,"v_add_f32_e32 v0, v0, v2","",228
312935342899638,4294967295,228,"v_add_f32_e32 v0, v0, v2","",228
312935342899678,4294967295,228,"v_add_f32_e32 v0, v0, v2","",228
312935342899718,4294967295,228,"v_add_f32_e32 v0, v0, v2","",228
312935342899678,4294967295,228,"v_add_f32_e32 v0, v0, v2","",228
312935342900198,4294967295,228,"v_add_f32_e32 v0, v0, v2","",228
312935342900238,4294967295,228,"v_add_f32_e32 v0, v0, v2","",228
312935342900158,4294967295,228,"s_load_b64 s[2:3], s[0:1], 0x0","",228
312935342900158,4294967295,228,"v_add_f32_e32 v0, v0, v2","",228
312935342900198,4294967295,228,"v_add_f32_e32 v0, v0, v2","",228
312935342900198,4294967295,228,"v_add_f32_e32 v0, v0, v2","",228
312935342905118,4294967295,228,"v_add_f32_e32 v0, v0, v2","",228
312935342905158,4294967295,228,"v_add_f32_e32 v0, v0, v2","",228
312935342905158,4294967295,228,"v_add_f32_e32 v0, v0, v2","",228
312935342905198,4294967295,228,"v_add_f32_e32 v0, v0, v2","",228
312935342909838,4294967295,228,"v_add_f32_e32 v0, v0, v2","",228
312935342909878,4294967295,228,"v_add_f32_e32 v0, v0, v2","",228
312935342909878,4294967295,228,"v_add_f32_e32 v0, v0, v2","",228
312935342909918,4294967295,228,"v_add_f32_e32 v0, v0, v2","",228
312935342902518,4294967295,228,"v_add_f32_e32 v0, v0, v2","",228
312935342902558,4294967295,228,"v_add_f32_e32 v0, v0, v2","",228
312935342902558,4294967295,228,"v_add_f32_e32 v0, v0, v2","",228
312935342902598,4294967295,228,"v_add_f32_e32 v0, v0, v2","",228
312935342904158,4294967295,228,"v_add_f32_e32 v0, v0, v2","",228
312935342904198,4294967295,228,"v_add_f32_e32 v0, v0, v2","",228
312935342904198,4294967295,228,"v_add_f32_e32 v0, v0, v2","",228
312935342904238,4294967295,228,"v_add_f32_e32 v0, v0, v2","",228
312935342899678,4294967295,228,"v_add_f32_e32 v0, v0, v2","",228
312935342899718,4294967295,228,"v_add_f32_e32 v0, v0, v2","",228
312935342913678,4294967295,228,"v_add_f32_e32 v0, v0, v2","",228
312935342913678,4294967295,228,"v_add_f32_e32 v0, v0, v2","",228
312935342913718,4294967295,228,"v_add_f32_e32 v0, v0, v2","",228
312935342913718,4294967295,228,"v_add_f32_e32 v0, v0, v2","",228
312935342925638,4294967295,228,"v_add_f32_e32 v0, v0, v2","",228
312935342925678,4294967295,228,"v_add_f32_e32 v0, v0, v2","",228
312935342925678,4294967295,228,"v_add_f32_e32 v0, v0, v2","",228
312935342925718,4294967295,228,"v_add_f32_e32 v0, v0, v2","",228
312935342910358,4294967295,228,"v_add_f32_e32 v0, v0, v2","",228
312935342910358,4294967295,228,"v_add_f32_e32 v0, v0, v2","",228
312935342910398,4294967295,228,"v_add_f32_e32 v0, v0, v2","",228
312935342912038,4294967295,228,"v_add_f32_e32 v0, v0, v2","",228
312935342912038,4294967295,228,"v_add_f32_e32 v0, v0, v2","",228
312935342912078,4294967295,228,"v_add_f32_e32 v0, v0, v2","",228
312935342912078,4294967295,228,"v_add_f32_e32 v0, v0, v2","",228
312935342917958,4294967295,228,"v_add_f32_e32 v0, v0, v2","",228
312935342917958,4294967295,228,"v_add_f32_e32 v0, v0, v2","",228
312935342917998,4294967295,228,"v_add_f32_e32 v0, v0, v2","",228
312935342917998,4294967295,228,"v_add_f32_e32 v0, v0, v2","",228
312935342933878,4294967295,228,"v_add_f32_e32 v0, v0, v2","",228
312935342933878,4294967295,228,"v_add_f32_e32 v0, v0, v2","",228
312935342921078,4294967295,228,"v_add_f32_e32 v0, v0, v2","",228
312935342921078,4294967295,228,"v_add_f32_e32 v0, v0, v2","",228
312935342921118,4294967295,228,"v_add_f32_e32 v0, v0, v2","",228
312935342921118,4294967295,228,"v_add_f32_e32 v0, v0, v2","",228
312935342929118,4294967295,228,"v_add_f32_e32 v0, v0, v2","",228
312935342929158,4294967295,228,"v_add_f32_e32 v0, v0, v2","",228
312935342929158,4294967295,228,"v_add_f32_e32 v0, v0, v2","",228
312935342929198,4294967295,228,"v_add_f32_e32 v0, v0, v2","",228
312935342933918,4294967295,228,"v_add_f32_e32 v0, v0, v2","",228
312935342933918,4294967295,228,"v_add_f32_e32 v0, v0, v2","",228
312935342930758,4294967295,228,"v_add_f32_e32 v0, v0, v2","",228
312935342930758,4294967295,228,"v_add_f32_e32 v0, v0, v2","",228
312935342930798,4294967295,228,"v_add_f32_e32 v0, v0, v2","",228
312935342930798,4294967295,228,"v_add_f32_e32 v0, v0, v2","",228
312935342930838,4294967295,228,"v_add_f32_e32 v0, v0, v2","",228
312935342930838,4294967295,228,"v_add_f32_e32 v0, v0, v2","",228
312935342930878,4294967295,228,"v_add_f32_e32 v0, v0, v2","",228
312935342930878,4294967295,228,"v_add_f32_e32 v0, v0, v2","",228
312935342933878,4294967295,228,"v_add_f32_e32 v0, v0, v2","",228
312935342933878,4294967295,228,"v_add_f32_e32 v0, v0, v2","",228
312935342933918,4294967295,228,"v_add_f32_e32 v0, v0, v2","",228
312935342933918,4294967295,228,"v_add_f32_e32 v0, v0, v2","",228
312935342933878,4294967295,228,"v_add_f32_e32 v0, v0, v2","",228
312935342933878,4294967295,228,"v_add_f32_e32 v0, v0, v2","",228
312935342933918,4294967295,228,"v_add_f32_e32 v0, v0, v2","",228
312935342933918,4294967295,228,"v_add_f32_e32 v0, v0, v2","",228
312935342935518,4294967295,228,"v_add_f32_e32 v0, v0, v2","",228
312935342935518,4294967295,228,"v_add_f32_e32 v0, v0, v2","",228
312935342935518,4294967295,228,"v_add_f32_e32 v0, v0, v2","",228
312935342935558,4294967295,228,"v_add_f32_e32 v0, v0, v2","",228
312935342940518,4294967295,228,"v_add_f32_e32 v0, v0, v2","",228
312935342940518,4294967295,228,"v_add_f32_e32 v0, v0, v2","",228
312935342940558,4294967295,228,"v_add_f32_e32 v0, v0, v2","",228
312935342940558,4294967295,228,"v_add_f32_e32 v0, v0, v2","",228
312935342943638,4294967295,228,"v_add_f32_e32 v0, v0, v2","",228
312935342943678,4294967295,228,"v_add_f32_e32 v0, v0, v2","",228
312935342943678,4294967295,228,"v_add_f32_e32 v0, v0, v2","",228
312935342943718,4294967295,228,"v_add_f32_e32 v0, v0, v2","",228
312935342951638,4294967295,228,"v_add_f32_e32 v0, v0, v2","",228
312935342951638,4294967295,228,"v_add_f32_e32 v0, v0, v2","",228
312935342951678,4294967295,228,"v_add_f32_e32 v0, v0, v2","",228
312935342951678,4294967295,228,"v_add_f32_e32 v0, v0, v2","",228
312935342962199,4294967295,228,"v_add_f32_e32 v0, v0, v2","",228
312935342962199,4294967295,228,"v_add_f32_e32 v0, v0, v2","",228
312935342962239,4294967295,228,"v_add_f32_e32 v0, v0, v2","",228
312935342962239,4294967295,228,"v_add_f32_e32 v0, v0, v2","",228
312935342964159,4294967295,228,"v_add_f32_e32 v0, v0, v2","",228
312935342964199,4294967295,228,"v_add_f32_e32 v0, v0, v2","",228
312935342964199,4294967295,228,"v_add_f32_e32 v0, v0, v2","",228
312935342964239,4294967295,228,"v_add_f32_e32 v0, v0, v2","",228
312935352864810,4294967295,235,"v_add_f32_e32 v0, v0, v2","",235
312935352864810,4294967295,235,"v_add_f32_e32 v0, v0, v2","",235
312935352864850,4294967295,235,"v_add_f32_e32 v0, v0, v2","",235
312935352870450,4294967295,235,"v_add_f32_e32 v0, v0, v2","",235
312935352868810,4294967295,235,"v_add_f32_e32 v0, v0, v2","",235
312935352868810,4294967295,235,"v_add_f32_e32 v0, v0, v2","",235
312935352872930,4294967295,235,"v_add_f32_e32 v0, v0, v2","",235
312935352868850,4294967295,235,"v_add_f32_e32 v0, v0, v2","",235
312935352871410,4294967295,235,"v_add_f32_e32 v0, v0, v2","",235
312935352871410,4294967295,235,"v_add_f32_e32 v0, v0, v2","",235
312935352876290,4294967295,235,"v_add_f32_e32 v0, v0, v2","",235
312935352876290,4294967295,235,"v_add_f32_e32 v0, v0, v2","",235
312935352878250,4294967295,235,"v_add_f32_e32 v0, v0, v2","",235
312935352876330,4294967295,235,"v_add_f32_e32 v0, v0, v2","",235
312935352883330,4294967295,235,"v_add_f32_e32 v0, v0, v2","",235
312935352883250,4294967295,235,"v_add_f32_e32 v0, v0, v2","",235
312935352883290,4294967295,235,"v_add_f32_e32 v0, v0, v2","",235
312935352883290,4294967295,235,"v_add_f32_e32 v0, v0, v2","",235
312935352886410,4294967295,235,"v_add_f32_e32 v0, v0, v2","",235
312935352886410,4294967295,235,"v_add_f32_e32 v0, v0, v2","",235
312935352886450,4294967295,235,"v_add_f32_e32 v0, v0, v2","",235
312935352886450,4294967295,235,"v_add_f32_e32 v0, v0, v2","",235
312935352871410,4294967295,235,"v_add_f32_e32 v0, v0, v2","",235
312935352871450,4294967295,235,"v_add_f32_e32 v0, v0, v2","",235
312935352890651,4294967295,235,"v_add_f32_e32 v0, v0, v2","",235
312935352890691,4294967295,235,"v_add_f32_e32 v0, v0, v2","",235
312935352890651,4294967295,235,"v_add_f32_e32 v0, v0, v2","",235
312935352892771,4294967295,235,"v_add_f32_e32 v0, v0, v2","",235
312935352892771,4294967295,235,"v_add_f32_e32 v0, v0, v2","",235
312935352893971,4294967295,235,"v_add_f32_e32 v0, v0, v2","",235
312935352893931,4294967295,235,"v_add_f32_e32 v0, v0, v2","",235
312935352893971,4294967295,235,"v_add_f32_e32 v0, v0, v2","",235
312935352897851,4294967295,235,"v_add_f32_e32 v0, v0, v2","",235
312935352897851,4294967295,235,"v_add_f32_e32 v0, v0, v2","",235
312935352897891,4294967295,235,"v_add_f32_e32 v0, v0, v2","",235
312935352897891,4294967295,235,"v_add_f32_e32 v0, v0, v2","",235
312935352896011,4294967295,235,"v_add_f32_e32 v0, v0, v2","",235
312935352896051,4294967295,235,"v_add_f32_e32 v0, v0, v2","",235
312935352898331,4294967295,235,"v_add_f32_e32 v0, v0, v2","",235
312935352898411,4294967295,235,"v_add_f32_e32 v0, v0, v2","",235
312935352898371,4294967295,235,"v_add_f32_e32 v0, v0, v2","",235
312935352898371,4294967295,235,"v_add_f32_e32 v0, v0, v2","",235
312935352898411,4294967295,235,"v_add_f32_e32 v0, v0, v2","",235
312935352898371,4294967295,235,"v_add_f32_e32 v0, v0, v2","",235
312935352906891,4294967295,235,"v_add_f32_e32 v0, v0, v2","",235
312935352906931,4294967295,235,"v_add_f32_e32 v0, v0, v2","",235
312935352906931,4294967295,235,"v_add_f32_e32 v0, v0, v2","",235
312935352906971,4294967295,235,"v_add_f32_e32 v0, v0, v2","",235
312935352911851,4294967295,235,"v_add_f32_e32 v0, v0, v2","",235
312935352911891,4294967295,235,"v_add_f32_e32 v0, v0, v2","",235
312935352911891,4294967295,235,"v_add_f32_e32 v0, v0, v2","",235
312935352908531,4294967295,235,"v_add_f32_e32 v0, v0, v2","",235
312935352908571,4294967295,235,"v_add_f32_e32 v0, v0, v2","",235
312935352908571,4294967295,235,"v_add_f32_e32 v0, v0, v2","",235
312935352913931,4294967295,235,"v_add_f32_e32 v0, v0, v2","",235
312935352913931,4294967295,235,"v_add_f32_e32 v0, v0, v2","",235
312935352913971,4294967295,235,"v_add_f32_e32 v0, v0, v2","",235
312935352913971,4294967295,235,"v_add_f32_e32 v0, v0, v2","",235
312935352896051,4294967295,235,"v_add_f32_e32 v0, v0, v2","",235
312935352896091,4294967295,235,"v_add_f32_e32 v0, v0, v2","",235
312935352898371,4294967295,235,"v_add_f32_e32 v0, v0, v2","",235
312935352898411,4294967295,235,"v_add_f32_e32 v0, v0, v2","",235
312935352916411,4294967295,235,"v_add_f32_e32 v0, v0, v2","",235
312935352916411,4294967295,235,"v_add_f32_e32 v0, v0, v2","",235
312935352916451,4294967295,235,"v_add_f32_e32 v0, v0, v2","",235
312935352916451,4294967295,235,"v_add_f32_e32 v0, v0, v2","",235
312935352928531,4294967295,235,"v_add_f32_e32 v0, v0, v2","",235
312935352928531,4294967295,235,"v_add_f32_e32 v0, v0, v2","",235
312935352928571,4294967295,235,"v_add_f32_e32 v0, v0, v2","",235
312935352927971,4294967295,235,"v_add_f32_e32 v0, v0, v2","",235
312935352927971,4294967295,235,"v_add_f32_e32 v0, v0, v2","",235
312935352928011,4294967295,235,"v_add_f32_e32 v0, v0, v2","",235
312935352928011,4294967295,235,"v_add_f32_e32 v0, v0, v2","",235
312935352931411,4294967295,235,"v_add_f32_e32 v0, v0, v2","",235
312935352931451,4294967295,235,"v_add_f32_e32 v0, v0, v2","",235
312935352931451,4294967295,235,"v_add_f32_e32 v0, v0, v2","",235
312935352931491,4294967295,235,"v_add_f32_e32 v0, v0, v2","",235
312935352931411,4294967295,235,"v_add_f32_e32 v0, v0, v2","",235
312935352931451,4294967295,235,"v_add_f32_e32 v0, v0, v2","",235
312935352931451,4294967295,235,"v_add_f32_e32 v0, v0, v2","",235
312935352931491,4294967295,235,"v_add_f32_e32 v0, v0, v2","",235
312935352931411,4294967295,235,"v_add_f32_e32 v0, v0, v2","",235
312935352931451,4294967295,235,"v_add_f32_e32 v0, v0, v2","",235
312935352931451,4294967295,235,"v_add_f32_e32 v0, v0, v2","",235
312935352931491,4294967295,235,"v_add_f32_e32 v0, v0, v2","",235
312935352933131,4294967295,235,"v_add_f32_e32 v0, v0, v2","",235
312935352933131,4294967295,235,"v_add_f32_e32 v0, v0, v2","",235
312935352935451,4294967295,235,"v_add_f32_e32 v0, v0, v2","",235
312935352935451,4294967295,235,"v_add_f32_e32 v0, v0, v2","",235
312935352935451,4294967295,235,"v_add_f32_e32 v0, v0, v2","",235
312935352935491,4294967295,235,"v_add_f32_e32 v0, v0, v2","",235
312935352933651,4294967295,235,"v_add_f32_e32 v0, v0, v2","",235
312935352933651,4294967295,235,"v_add_f32_e32 v0, v0, v2","",235
312935352933691,4294967295,235,"v_add_f32_e32 v0, v0, v2","",235
312935352937731,4294967295,235,"v_add_f32_e32 v0, v0, v2","",235
312935352937771,4294967295,235,"v_add_f32_e32 v0, v0, v2","",235
312935352937771,4294967295,235,"v_add_f32_e32 v0, v0, v2","",235
312935352937811,4294967295,235,"v_add_f32_e32 v0, v0, v2","",235
312935352936371,4294967295,235,"v_add_f32_e32 v0, v0, v2","",235
312935352936371,4294967295,235,"v_add_f32_e32 v0, v0, v2","",235
312935352936411,4294967295,235,"v_add_f32_e32 v0, v0, v2","",235
312935352936411,4294967295,235,"v_add_f32_e32 v0, v0, v2","",235
312935352943931,4294967295,235,"v_add_f32_e32 v0, v0, v2","",235
312935352943971,4294967295,235,"v_add_f32_e32 v0, v0, v2","",235
312935352943971,4294967295,235,"v_add_f32_e32 v0, v0, v2","",235
312935352944011,4294967295,235,"v_add_f32_e32 v0, v0, v2","",235
312935352941211,4294967295,235,"v_add_f32_e32 v0, v0, v2","",235
312935352941211,4294967295,235,"v_add_f32_e32 v0, v0, v2","",235
312935352941251,4294967295,235,"v_add_f32_e32 v0, v0, v2","",235
312935352941251,4294967295,235,"v_add_f32_e32 v0, v0, v2","",235
312935352944811,4294967295,235,"v_add_f32_e32 v0, v0, v2","",235
312935352944811,4294967295,235,"v_add_f32_e32 v0, v0, v2","",235
312935352944851,4294967295,235,"v_add_f32_e32 v0, v0, v2","",235
312935352944851,4294967295,235,"v_add_f32_e32 v0, v0, v2","",235
312935352947131,4294967295,235,"v_add_f32_e32 v0, v0, v2","",235
312935352947171,4294967295,235,"v_add_f32_e32 v0, v0, v2","",235
312935352947171,4294967295,235,"v_add_f32_e32 v0, v0, v2","",235
312935352947211,4294967295,235,"v_add_f32_e32 v0, v0, v2","",235
312935362853383,4294967295,241,"v_add_f32_e32 v0, v0, v2","",241
312935362851903,4294967295,241,"v_add_f32_e32 v0, v0, v2","",241
312935362859183,4294967295,241,"v_add_f32_e32 v0, v0, v2","",241
312935362860103,4294967295,241,"v_add_f32_e32 v0, v0, v2","",241
312935362869663,4294967295,241,"v_add_f32_e32 v0, v0, v2","",241
312935362872983,4294967295,241,"v_add_f32_e32 v0, v0, v2","",241
312935362872143,4294967295,241,"v_add_f32_e32 v0, v0, v2","",241
312935362873023,4294967295,241,"v_add_f32_e32 v0, v0, v2","",241
312935362872183,4294967295,241,"v_add_f32_e32 v0, v0, v2","",241
312935362876983,4294967295,241,"v_add_f32_e32 v0, v0, v2","",241
312935362873943,4294967295,241,"v_add_f32_e32 v0, v0, v2","",241
312935362881583,4294967295,241,"v_add_f32_e32 v0, v0, v2","",241
312935362872183,4294967295,241,"v_add_f32_e32 v0, v0, v2","",241
312935362872183,4294967295,241,"v_add_f32_e32 v0, v0, v2","",241
312935362879503,4294967295,241,"v_add_f32_e32 v0, v0, v2","",241
312935362877503,4294967295,241,"v_add_f32_e32 v0, v0, v2","",241
312935362873943,4294967295,241,"v_add_f32_e32 v0, v0, v2","",241
312935362879543,4294967295,241,"v_add_f32_e32 v0, v0, v2","",241
312935362879543,4294967295,241,"v_add_f32_e32 v0, v0, v2","",241
312935362877023,4294967295,241,"v_add_f32_e32 v0, v0, v2","",241
312935362877023,4294967295,241,"v_add_f32_e32 v0, v0, v2","",241
312935362873983,4294967295,241,"v_add_f32_e32 v0, v0, v2","",241
312935362873983,4294967295,241,"v_add_f32_e32 v0, v0, v2","",241
312935362885623,4294967295,241,"v_add_f32_e32 v0, v0, v2","",241
312935362898303,4294967295,241,"v_add_f32_e32 v0, v0, v2","",241
312935362881623,4294967295,241,"v_add_f32_e32 v0, v0, v2","",241
312935362898303,4294967295,241,"v_add_f32_e32 v0, v0, v2","",241
312935362897783,4294967295,241,"v_add_f32_e32 v0, v0, v2","",241
312935362891103,4294967295,241,"v_add_f32_e32 v0, v0, v2","",241
312935362897823,4294967295,241,"v_add_f32_e32 v0, v0, v2","",241
312935362891143,4294967295,241,"v_add_f32_e32 v0, v0, v2","",241
312935362877503,4294967295,241,"v_add_f32_e32 v0, v0, v2","",241
312935362897823,4294967295,241,"v_add_f32_e32 v0, v0, v2","",241
312935362877543,4294967295,241,"v_add_f32_e32 v0, v0, v2","",241
312935362877543,4294967295,241,"v_add_f32_e32 v0, v0, v2","",241
312935362898343,4294967295,241,"v_add_f32_e32 v0, v0, v2","",241
312935362901863,4294967295,241,"v_add_f32_e32 v0, v0, v2","",241
312935362898343,4294967295,241,"v_add_f32_e32 v0, v0, v2","",241
312935362912863,4294967295,241,"v_add_f32_e32 v0, v0, v2","",241
312935362901863,4294967295,241,"v_add_f32_e32 v0, v0, v2","",241
312935362885623,4294967295,241,"v_add_f32_e32 v0, v0, v2","",241
312935362917343,4294967295,241,"v_add_f32_e32 v0, v0, v2","",241
312935362878863,4294967295,241,"v_add_f32_e32 v0, v0, v2","",241
312935362912863,4294967295,241,"v_add_f32_e32 v0, v0, v2","",241
312935362919543,4294967295,241,"v_add_f32_e32 v0, v0, v2","",241
312935362915783,4294967295,241,"v_add_f32_e32 v0, v0, v2","",241
312935362912863,4294967295,241,"v_add_f32_e32 v0, v0, v2","",241
312935362917343,4294967295,241,"v_add_f32_e32 v0, v0, v2","",241
312935362918783,4294967295,241,"v_add_f32_e32 v0, v0, v2","",241
312935362912903,4294967295,241,"v_add_f32_e32 v0, v0, v2","",241
312935362912903,4294967295,241,"v_add_f32_e32 v0, v0, v2","",241
312935362901903,4294967295,241,"v_add_f32_e32 v0, v0, v2","",241
312935362901903,4294967295,241,"v_add_f32_e32 v0, v0, v2","",241
312935362884183,4294967295,241,"v_add_f32_e32 v0, v0, v2","",241
312935362884583,4294967295,241,"v_add_f32_e32 v0, v0, v2","",241
312935362922064,4294967295,241,"v_add_f32_e32 v0, v0, v2","",241
312935362921344,4294967295,241,"v_add_f32_e32 v0, v0, v2","",241
312935362915783,4294967295,241,"v_add_f32_e32 v0, v0, v2","",241
312935362886303,4294967295,241,"v_add_f32_e32 v0, v0, v2","",241
312935362886703,4294967295,241,"v_add_f32_e32 v0, v0, v2","",241
312935362922104,4294967295,241,"v_add_f32_e32 v0, v0, v2","",241
312935362921344,4294967295,241,"v_add_f32_e32 v0, v0, v2","",241
312935362921344,4294967295,241,"v_add_f32_e32 v0, v0, v2","",241
312935362921384,4294967295,241,"v_add_f32_e32 v0, v0, v2","",241
312935362922104,4294967295,241,"v_add_f32_e32 v0, v0, v2","",241
312935362912903,4294967295,241,"v_add_f32_e32 v0, v0, v2","",241
312935362889343,4294967295,241,"v_add_f32_e32 v0, v0, v2","",241
312935362889703,4294967295,241,"v_add_f32_e32 v0, v0, v2","",241
312935362923384,4294967295,241,"v_add_f32_e32 v0, v0, v2","",241
312935362918823,4294967295,241,"v_add_f32_e32 v0, v0, v2","",241
312935362923384,4294967295,241,"v_add_f32_e32 v0, v0, v2","",241
312935362912903,4294967295,241,"v_add_f32_e32 v0, v0, v2","",241
312935362923424,4294967295,241,"v_add_f32_e32 v0, v0, v2","",241
312935362919543,4294967295,241,"v_add_f32_e32 v0, v0, v2","",241
312935362923384,4294967295,241,"v_add_f32_e32 v0, v0, v2","",241
312935362912943,4294967295,241,"v_add_f32_e32 v0, v0, v2","",241
312935362917383,4294967295,241,"v_add_f32_e32 v0, v0, v2","",241
312935362917383,4294967295,241,"v_add_f32_e32 v0, v0, v2","",241
312935362915823,4294967295,241,"v_add_f32_e32 v0, v0, v2","",241
312935362915823,4294967295,241,"v_add_f32_e32 v0, v0, v2","",241
312935362921344,4294967295,241,"v_add_f32_e32 v0, v0, v2","",241
312935362895223,4294967295,241,"v_add_f32_e32 v0, v0, v2","",241
312935362895583,4294967295,241,"v_add_f32_e32 v0, v0, v2","",241
312935362918823,4294967295,241,"v_add_f32_e32 v0, v0, v2","",241
312935362918863,4294967295,241,"v_add_f32_e32 v0, v0, v2","",241
312935362896743,4294967295,241,"v_add_f32_e32 v0, v0, v2","",241
312935362897103,4294967295,241,"v_add_f32_e32 v0, v0, v2","",241
312935362923424,4294967295,241,"v_add_f32_e32 v0, v0, v2","",241
312935362923464,4294967295,241,"v_add_f32_e32 v0, v0, v2","",241
312935362923424,4294967295,241,"v_add_f32_e32 v0, v0, v2","",241
312935362923424,4294967295,241,"v_add_f32_e32 v0, v0, v2","",241
312935362926384,4294967295,241,"v_add_f32_e32 v0, v0, v2","",241
312935362926384,4294967295,241,"v_add_f32_e32 v0, v0, v2","",241
312935362922104,4294967295,241,"v_add_f32_e32 v0, v0, v2","",241
312935362922144,4294967295,241,"v_add_f32_e32 v0, v0, v2","",241
312935362921384,4294967295,241,"v_add_f32_e32 v0, v0, v2","",241
312935362922104,4294967295,241,"v_add_f32_e32 v0, v0, v2","",241
312935362921384,4294967295,241,"v_add_f32_e32 v0, v0, v2","",241
312935362926424,4294967295,241,"v_add_f32_e32 v0, v0, v2","",241
312935362927664,4294967295,241,"v_add_f32_e32 v0, v0, v2","",241
312935362922144,4294967295,241,"v_add_f32_e32 v0, v0, v2","",241
312935362922144,4294967295,241,"v_add_f32_e32 v0, v0, v2","",241
312935362927704,4294967295,241,"v_add_f32_e32 v0, v0, v2","",241
312935362927704,4294967295,241,"v_add_f32_e32 v0, v0, v2","",241
312935362926424,4294967295,241,"v_add_f32_e32 v0, v0, v2","",241
312935362926464,4294967295,241,"v_add_f32_e32 v0, v0, v2","",241
312935362926424,4294967295,241,"v_add_f32_e32 v0, v0, v2","",241
312935362927664,4294967295,241,"v_add_f32_e32 v0, v0, v2","",241
312935362927744,4294967295,241,"v_add_f32_e32 v0, v0, v2","",241
312935362926424,4294967295,241,"v_add_f32_e32 v0, v0, v2","",241
312935362926464,4294967295,241,"v_add_f32_e32 v0, v0, v2","",241
312935362919583,4294967295,241,"v_add_f32_e32 v0, v0, v2","",241
312935362919583,4294967295,241,"v_add_f32_e32 v0, v0, v2","",241
312935362935944,4294967295,241,"v_add_f32_e32 v0, v0, v2","",241
312935362935984,4294967295,241,"v_add_f32_e32 v0, v0, v2","",241
312935362935984,4294967295,241,"v_add_f32_e32 v0, v0, v2","",241
312935362936024,4294967295,241,"v_add_f32_e32 v0, v0, v2","",241
312935362927664,4294967295,241,"v_add_f32_e32 v0, v0, v2","",241
312935362927704,4294967295,241,"v_add_f32_e32 v0, v0, v2","",241
312935362927704,4294967295,241,"v_add_f32_e32 v0, v0, v2","",241
312935372888036,4294967295,247,"v_add_f32_e32 v0, v0, v2","",247
312935372888076,4294967295,247,"v_add_f32_e32 v0, v0, v2","",247
312935372892036,4294967295,247,"v_add_f32_e32 v0, v0, v2","",247
312935372888076,4294967295,247,"v_add_f32_e32 v0, v0, v2","",247
312935372910156,4294967295,247,"v_add_f32_e32 v0, v0, v2","",247
312935372910156,4294967295,247,"v_add_f32_e32 v0, v0, v2","",247
312935372910116,4294967295,247,"v_add_f32_e32 v0, v0, v2","",247
312935372910116,4294967295,247,"v_add_f32_e32 v0, v0, v2","",247
312935372914916,4294967295,247,"v_add_f32_e32 v0, v0, v2","",247
312935372914876,4294967295,247,"v_add_f32_e32 v0, v0, v2","",247
312935372914836,4294967295,247,"v_add_f32_e32 v0, v0, v2","",247
312935372914876,4294967295,247,"v_add_f32_e32 v0, v0, v2","",247
312935372914836,4294967295,247,"v_add_f32_e32 v0, v0, v2","",247
312935372914876,4294967295,247,"v_add_f32_e32 v0, v0, v2","",247
312935372914876,4294967295,247,"v_add_f32_e32 v0, v0, v2","",247
312935372914916,4294967295,247,"v_add_f32_e32 v0, v0, v2","",247
312935372916796,4294967295,247,"v_add_f32_e32 v0, v0, v2","",247
312935372916796,4294967295,247,"v_add_f32_e32 v0, v0, v2","",247
312935372916836,4294967295,247,"v_add_f32_e32 v0, v0, v2","",247
312935372916836,4294967295,247,"v_add_f32_e32 v0, v0, v2","",247
312935372916716,4294967295,247,"v_add_f32_e32 v0, v0, v2","",247
312935372916716,4294967295,247,"v_add_f32_e32 v0, v0, v2","",247
312935372916756,4294967295,247,"v_add_f32_e32 v0, v0, v1","",247
312935372916756,4294967295,247,"s_wait_loadcnt 0x0","",247
312935372916756,4294967295,247,"v_add_f32_e32 v0, v0, v2","",247
312935372916716,4294967295,247,"v_add_f32_e32 v0, v0, v2","",247
312935372916716,4294967295,247,"v_add_f32_e32 v0, v0, v2","",247
312935372916756,4294967295,247,"v_add_f32_e32 v0, v0, v2","",247
312935372916716,4294967295,247,"v_mad_co_u64_u32 v[0:1], null, s4, ttmp9, v[0:1]","",247
312935372916716,4294967295,247,"v_add_f32_e32 v0, v0, v2","",247
312935372916716,4294967295,247,"v_cmp_eq_f32_e32 vcc_lo, 0x449a522b, v0","",247
312935372916716,4294967295,247,"s_cbranch_execz 31","",247
312935372916756,4294967295,247,"v_add_f32_e32 v0, v0, v2","",247
312935372916756,4294967295,247,"v_add_f32_e32 v0, v0, v2","",247
312935372917596,4294967295,247,"v_add_f32_e32 v0, v0, v2","",247
312935372917596,4294967295,247,"v_add_f32_e32 v0, v0, v2","",247
312935372917636,4294967295,247,"v_add_f32_e32 v0, v0, v2","",247
312935372917636,4294967295,247,"v_add_f32_e32 v0, v0, v2","",247
312935372920236,4294967295,247,"v_add_f32_e32 v0, v0, v2","",247
312935372920276,4294967295,247,"v_add_f32_e32 v0, v0, v2","",247
312935372920276,4294967295,247,"v_add_f32_e32 v0, v0, v2","",247
312935372920316,4294967295,247,"v_add_f32_e32 v0, v0, v2","",247
312935372917596,4294967295,247,"v_add_f32_e32 v0, v0, v2","",247
312935372917636,4294967295,247,"v_add_f32_e32 v0, v0, v2","",247
312935372917636,4294967295,247,"v_add_f32_e32 v0, v0, v2","",247
312935372920316,4294967295,247,"v_add_f32_e32 v0, v0, v2","",247
312935372920356,4294967295,247,"v_add_f32_e32 v0, v0, v2","",247
312935372920356,4294967295,247,"v_add_f32_e32 v0, v0, v2","",247
312935372920236,4294967295,247,"v_add_f32_e32 v0, v0, v2","",247
312935372920276,4294967295,247,"v_add_f32_e32 v0, v0, v2","",247
312935372920276,4294967295,247,"v_add_f32_e32 v0, v0, v2","",247
312935372920316,4294967295,247,"v_add_f32_e32 v0, v0, v2","",247
312935372920276,4294967295,247,"v_add_f32_e32 v0, v0, v2","",247
312935372920276,4294967295,247,"v_add_f32_e32 v0, v0, v2","",247
312935372920316,4294967295,247,"v_add_f32_e32 v0, v0, v2","",247
312935372920316,4294967295,247,"v_add_f32_e32 v0, v0, v2","",247
312935372922236,4294967295,247,"v_mad_co_u64_u32 v[0:1], null, s4, ttmp9, v[0:1]","",247
312935372916756,4294967295,247,"v_mad_co_u64_u32 v[0:1], null, s4, ttmp9, v[0:1]","",247
312935372922276,4294967295,247,"v_add_f32_e32 v0, v0, v2","",247
312935372922276,4294967295,247,"v_add_f32_e32 v0, v0, v2","",247
312935372922316,4294967295,247,"v_add_f32_e32 v0, v0, v2","",247
312935372916756,4294967295,247,"v_add_f32_e32 v0, v0, v2","",247
312935372941196,4294967295,247,"v_add_f32_e32 v0, v0, v2","",247
312935372941236,4294967295,247,"v_add_f32_e32 v0, v0, v2","",247
312935372941236,4294967295,247,"v_add_f32_e32 v0, v0, v2","",247
312935372941276,4294967295,247,"v_add_f32_e32 v0, v0, v2","",247
312935372941236,4294967295,247,"v_add_f32_e32 v0, v0, v2","",247
312935372941236,4294967295,247,"s_cbranch_execz 31","",247
312935372941276,4294967295,247,"v_add_f32_e32 v0, v0, v2","",247
312935372941276,4294967295,247,"v_add_f32_e32 v0, v0, v2","",247
312935372944116,4294967295,247,"v_add_f32_e32 v0, v0, v2","",247
312935372944116,4294967295,247,"v_add_f32_e32 v0, v0, v2","",247
312935372944156,4294967295,247,"v_add_f32_e32 v0, v0, v2","",247
312935372944156,4294967295,247,"v_add_f32_e32 v0, v0, v2","",247
312935372944076,4294967295,247,"v_add_f32_e32 v0, v0, v2","",247
312935372944116,4294967295,247,"v_add_f32_e32 v0, v0, v2","",247
312935372944116,4294967295,247,"v_add_f32_e32 v0, v0, v2","",247
312935372944156,4294967295,247,"v_add_f32_e32 v0, v0, v2","",247
312935372946596,4294967295,247,"v_add_f32_e32 v0, v0, v2","",247
312935372946596,4294967295,247,"v_add_f32_e32 v0, v0, v2","",247
312935372946596,4294967295,247,"v_add_f32_e32 v0, v0, v2","",247
312935372946636,4294967295,247,"v_add_f32_e32 v0, v0, v2","",247
312935372950356,4294967295,247,"v_add_f32_e32 v0, v0, v2","",247
312935372950396,4294967295,247,"v_add_f32_e32 v0, v0, v2","",247
312935372950396,4294967295,247,"v_add_f32_e32 v0, v0, v2","",247
312935372950396,4294967295,247,"v_add_f32_e32 v0, v0, v2","",247
312935372948956,4294967295,247,"v_add_f32_e32 v0, v0, v2","",247
312935372948996,4294967295,247,"v_add_f32_e32 v0, v0, v2","",247
312935372948996,4294967295,247,"v_add_f32_e32 v0, v0, v2","",247
312935372948996,4294967295,247,"v_add_f32_e32 v0, v0, v2","",247
312935372949476,4294967295,247,"v_add_f32_e32 v0, v0, v2","",247
312935372949476,4294967295,247,"v_add_f32_e32 v0, v0, v2","",247
312935372949516,4294967295,247,"v_add_f32_e32 v0, v0, v2","",247
312935372949516,4294967295,247,"v_add_f32_e32 v0, v0, v2","",247
312935372951236,4294967295,247,"v_add_f32_e32 v0, v0, v2","",247
312935372949476,4294967295,247,"v_add_f32_e32 v0, v0, v2","",247
312935372949476,4294967295,247,"v_add_f32_e32 v0, v0, v2","",247
312935372949516,4294967295,247,"v_add_f32_e32 v0, v0, v2","",247
312935372949516,4294967295,247,"v_add_f32_e32 v0, v0, v2","",247
312935372953676,4294967295,247,"v_add_f32_e32 v0, v0, v2","",247
312935372953676,4294967295,247,"v_add_f32_e32 v0, v0, v2","",247
312935372953716,4294967295,247,"v_add_f32_e32 v0, v0, v2","",247
312935372953716,4294967295,247,"v_add_f32_e32 v0, v0, v2","",247
312935372950356,4294967295,247,"v_add_f32_e32 v0, v0, v2","",247
312935372950356,4294967295,247,"v_add_f32_e32 v0, v0, v2","",247
312935372950396,4294967295,247,"v_add_f32_e32 v0, v0, v2","",247
312935372950396,4294967295,247,"v_add_f32_e32 v0, v0, v2","",247
312935372951276,4294967295,247,"v_add_f32_e32 v0, v0, v2","",247
312935372951276,4294967295,247,"v_add_f32_e32 v0, v0, v2","",247
312935372951316,4294967295,247,"v_add_f32_e32 v0, v0, v2","",247
312935372968117,4294967295,247,"v_add_f32_e32 v0, v0, v2","",247
312935372968157,4294967295,247,"v_add_f32_e32 v0, v0, v2","",247
312935372968157,4294967295,247,"v_add_f32_e32 v0, v0, v2","",247
312935372968157,4294967295,247,"v_add_f32_e32 v0, v0, v2","",247
312935372970437,4294967295,247,"v_add_f32_e32 v0, v0, v2","",247
312935372970437,4294967295,247,"v_add_f32_e32 v0, v0, v2","",247
312935372970477,4294967295,247,"v_add_f32_e32 v0, v0, v2","",247
312935372970477,4294967295,247,"v_add_f32_e32 v0, v0, v2","",247
312935372970437,4294967295,247,"v_add_f32_e32 v0, v0, v2","",247
312935372970437,4294967295,247,"v_add_f32_e32 v0, v0, v2","",247
312935372970477,4294967295,247,"v_add_f32_e32 v0, v0, v2","",247
312935372970477,4294967295,247,"v_add_f32_e32 v0, v0, v2","",247
312935372971237,4294967295,247,"v_add_f32_e32 v0, v0, v2","",247
312935372971277,4294967295,247,"v_add_f32_e32 v0, v0, v2","",247
312935372971277,4294967295,247,"v_add_f32_e32 v0, v0, v2","",247
312935372971317,4294967295,247,"v_add_f32_e32 v0, v0, v2","",247
312935382872048,0,254,"s_cbranch_execz 9","",254
312935382867728,4294967295,254,"s_cbranch_execz 31","",254
312935382882769,4294967295,254,"s_cbranch_execz 31","",254
312935382872848,4294967295,254,"v_add_f32_e32 v0, v0, v2","",254
312935382867728,4294967295,254,"s_cbranch_execz 31","",254
312935382867768,4294967295,254,"s_cbranch_execz 31","",254
312935382872048,0,254,"s_endpgm","",254
312935382872048,4294967295,254,"v_add_f32_e32 v0, v0, v2","",254
312935382884169,4294967295,254,"v_add_f32_e32 v0, v0, v2","",254
312935382875288,4294967295,254,"v_add_f32_e32 v0, v0, v2","",254
312935382877608,4294967295,254,"v_add_f32_e32 v0, v0, v2","",254
312935382877648,4294967295,254,"v_add_f32_e32 v0, v0, v2","",254
312935382877648,4294967295,254,"v_add_f32_e32 v0, v0, v2","",254
312935382875288,4294967295,254,"v_add_f32_e32 v0, v0, v2","",254
312935382880609,4294967295,254,"v_add_f32_e32 v0, v0, v2","",254
312935382887969,4294967295,254,"v_add_f32_e32 v0, v0, v2","",254
312935382881129,4294967295,254,"v_add_f32_e32 v0, v0, v2","",254
312935382881129,4294967295,254,"v_add_f32_e32 v0, v0, v2","",254
312935382883569,4294967295,254,"v_add_f32_e32 v0, v0, v2","",254
312935382883609,4294967295,254,"v_add_f32_e32 v0, v0, v2","",254
312935382880649,4294967295,254,"v_add_f32_e32 v0, v0, v2","",254
312935382884809,4294967295,254,"v_add_f32_e32 v0, v0, v2","",254
312935382884489,4294967295,254,"v_add_f32_e32 v0, v0, v2","",254
312935382887929,4294967295,254,"v_add_f32_e32 v0, v0, v2","",254
312935382880649,4294967295,254,"v_add_f32_e32 v0, v0, v2","",254
312935382880649,4294967295,254,"v_add_f32_e32 v0, v0, v2","",254
312935382889929,4294967295,254,"v_add_f32_e32 v0, v0, v2","",254
312935382883609,4294967295,254,"v_add_f32_e32 v0, v0, v2","",254
312935382883649,4294967295,254,"v_add_f32_e32 v0, v0, v2","",254
312935382887969,4294967295,254,"v_add_f32_e32 v0, v0, v2","",254
312935382888009,4294967295,254,"v_add_f32_e32 v0, v0, v2","",254
312935382889929,4294967295,254,"v_add_f32_e32 v0, v0, v2","",254
312935382886809,4294967295,254,"v_add_f32_e32 v0, v0, v2","",254
312935382889969,4294967295,254,"v_add_f32_e32 v0, v0, v2","",254
312935382881169,4294967295,254,"v_add_f32_e32 v0, v0, v2","",254
312935382880849,4294967295,254,"v_add_f32_e32 v0, v0, v2","",254
312935382898409,4294967295,254,"v_add_f32_e32 v0, v0, v2","",254
312935382898449,4294967295,254,"v_add_f32_e32 v0, v0, v2","",254
312935382898449,4294967295,254,"v_add_f32_e32 v0, v0, v2","",254
312935382898449,4294967295,254,"v_add_f32_e32 v0, v0, v2","",254
312935382882929,0,254,"s_endpgm","",254
312935382883289,4294967295,254,"v_add_f32_e32 v0, v0, v2","",254
312935382902089,4294967295,254,"v_add_f32_e32 v0, v0, v2","",254
312935382902089,4294967295,254,"v_add_f32_e32 v0, v0, v2","",254
312935382902129,4294967295,254,"v_add_f32_e32 v0, v0, v2","",254
312935382902129,4294967295,254,"v_add_f32_e32 v0, v0, v2","",254
312935382918809,4294967295,254,"v_add_f32_e32 v0, v0, v2","",254
312935382918809,4294967295,254,"v_add_f32_e32 v0, v0, v2","",254
312935382918849,4294967295,254,"v_add_f32_e32 v0, v0, v2","",254
312935382918849,4294967295,254,"v_add_f32_e32 v0, v0, v2","",254
312935382913329,4294967295,254,"v_add_f32_e32 v0, v0, v2","",254
312935382913369,4294967295,254,"v_add_f32_e32 v0, v0, v2","",254
312935382925689,4294967295,254,"v_add_f32_e32 v0, v0, v2","",254
312935382925689,4294967295,254,"v_add_f32_e32 v0, v0, v2","",254
312935382925729,4294967295,254,"v_add_f32_e32 v0, v0, v2","",254
312935382925729,4294967295,254,"v_add_f32_e32 v0, v0, v2","",254
312935382926169,4294967295,254,"v_add_f32_e32 v0, v0, v2","",254
312935382926209,4294967295,254,"v_add_f32_e32 v0, v0, v2","",254
312935382926209,4294967295,254,"v_add_f32_e32 v0, v0, v2","",254
312935382926249,4294967295,254,"v_add_f32_e32 v0, v0, v2","",254
312935382926689,4294967295,254,"v_add_f32_e32 v0, v0, v2","",254
312935382927569,4294967295,254,"v_add_f32_e32 v0, v0, v2","",254
312935382926689,4294967295,254,"v_add_f32_e32 v0, v0, v2","",254
312935382926689,4294967295,254,"v_add_f32_e32 v0, v0, v2","",254
312935382928169,4294967295,254,"v_add_f32_e32 v0, v0, v2","",254
312935382926729,4294967295,254,"v_add_f32_e32 v0, v0, v2","",254
312935382926729,4294967295,254,"v_add_f32_e32 v0, v0, v2","",254
312935382927569,4294967295,254,"v_add_f32_e32 v0, v0, v2","",254
312935382926729,4294967295,254,"v_add_f32_e32 v0, v0, v2","",254
312935382928169,4294967295,254,"v_add_f32_e32 v0, v0, v2","",254
312935382927609,4294967295,254,"v_add_f32_e32 v0, v0, v2","",254
312935382928169,4294967295,254,"v_add_f32_e32 v0, v0, v2","",254
312935382928169,4294967295,254,"v_add_f32_e32 v0, v0, v2","",254
312935382928209,4294967295,254,"v_add_f32_e32 v0, v0, v2","",254
312935382928209,4294967295,254,"v_add_f32_e32 v0, v0, v2","",254
312935382927609,4294967295,254,"v_add_f32_e32 v0, v0, v2","",254
312935382926729,4294967295,254,"v_add_co_u32 v0, vcc_lo, s2, v0","",254
312935382926769,4294967295,254,"v_add_f32_e32 v0, v0, v2","",254
312935382930489,4294967295,254,"v_add_f32_e32 v0, v0, v2","",254
312935382930489,4294967295,254,"v_add_f32_e32 v0, v0, v2","",254
312935382930489,4294967295,254,"v_add_f32_e32 v0, v0, v2","",254
312935382930489,4294967295,254,"v_add_f32_e32 v0, v0, v2","",254
312935382930529,4294967295,254,"v_add_f32_e32 v0, v0, v2","",254
312935382930489,4294967295,254,"v_add_f32_e32 v0, v0, v2","",254
312935382931249,4294967295,254,"v_add_f32_e32 v0, v0, v2","",254
312935382931289,4294967295,254,"v_add_f32_e32 v0, v0, v2","",254
312935382931289,4294967295,254,"v_add_f32_e32 v0, v0, v2","",254
312935382931329,4294967295,254,"v_add_f32_e32 v0, v0, v2","",254
312935382930529,4294967295,254,"v_add_f32_e32 v0, v0, v2","",254
312935382930529,4294967295,254,"v_add_f32_e32 v0, v0, v2","",254
312935382928209,4294967295,254,"v_add_f32_e32 v0, v0, v2","",254
312935382928209,4294967295,254,"v_add_f32_e32 v0, v0, v2","",254
312935382934729,4294967295,254,"v_add_f32_e32 v0, v0, v2","",254
312935382934769,4294967295,254,"v_add_f32_e32 v0, v0, v2","",254
312935382934769,4294967295,254,"v_add_f32_e32 v0, v0, v2","",254
312935382934809,4294967295,254,"v_add_f32_e32 v0, v0, v2","",254
312935382936009,4294967295,254,"v_add_f32_e32 v0, v0, v2","",254
312935382936049,4294967295,254,"v_add_f32_e32 v0, v0, v2","",254
312935382936049,4294967295,254,"v_add_f32_e32 v0, v0, v2","",254
312935382936049,4294967295,254,"v_add_f32_e32 v0, v0, v2","",254
312935382936089,4294967295,254,"v_add_f32_e32 v0, v0, v2","",254
312935382936129,4294967295,254,"v_add_f32_e32 v0, v0, v2","",254
312935382936089,4294967295,254,"v_add_f32_e32 v0, v0, v2","",254
312935382936129,4294967295,254,"v_add_f32_e32 v0, v0, v2","",254
312935382936969,4294967295,254,"v_add_f32_e32 v0, v0, v2","",254
312935382936969,4294967295,254,"v_add_f32_e32 v0, v0, v2","",254
312935382937009,4294967295,254,"v_add_f32_e32 v0, v0, v2","",254
312935382937009,4294967295,254,"v_add_f32_e32 v0, v0, v2","",254
312935382939009,4294967295,254,"v_add_f32_e32 v0, v0, v2","",254
312935382939049,4294967295,254,"v_add_f32_e32 v0, v0, v2","",254
312935382939049,4294967295,254,"v_add_f32_e32 v0, v0, v2","",254
312935382939049,4294967295,254,"v_add_f32_e32 v0, v0, v2","",254
312935382939009,4294967295,254,"v_add_f32_e32 v0, v0, v2","",254
312935382939009,4294967295,254,"v_add_f32_e32 v0, v0, v2","",254
312935382939049,4294967295,254,"v_add_f32_e32 v0, v0, v2","",254
312935382939049,4294967295,254,"v_add_f32_e32 v0, v0, v2","",254
312935382949249,4294967295,254,"v_add_f32_e32 v0, v0, v2","",254
312935382949249,4294967295,254,"v_add_f32_e32 v0, v0, v2","",254
312935382949289,4294967295,254,"v_add_f32_e32 v0, v0, v2","",254
312935382949289,4294967295,254,"v_add_f32_e32 v0, v0, v2","",254
312935392895221,4294967295,260,"v_add_f32_e32 v0, v0, v2","",260
312935392895261,4294967295,260,"v_add_f32_e32 v0, v0, v2","",260
312935392895901,4294967295,260,"v_add_f32_e32 v0, v0, v2","",260
312935392898341,4294967295,260,"v_add_f32_e32 v0, v0, v2","",260
312935392913221,4294967295,260,"v_add_f32_e32 v0, v0, v2","",260
312935392913261,4294967295,260,"v_add_f32_e32 v0, v0, v2","",260
312935392913301,4294967295,260,"v_add_f32_e32 v0, v0, v2","",260
312935392913261,4294967295,260,"v_add_f32_e32 v0, v0, v2","",260
312935392923782,4294967295,260,"v_add_f32_e32 v0, v0, v2","",260
312935392923822,4294967295,260,"v_add_f32_e32 v0, v0, v2","",260
312935392923822,4294967295,260,"s_wait_loadcnt 0x0","",260
312935392923862,4294967295,260,"v_add_f32_e32 v0, v0, v2","",260
312935392923782,4294967295,260,"v_add_f32_e32 v0, v0, v2","",260
312935392923782,4294967295,260,"v_add_f32_e32 v0, v0, v2","",260
312935392923822,4294967295,260,"v_add_f32_e32 v0, v0, v2","",260
312935392923822,4294967295,260,"v_add_f32_e32 v0, v0, v2","",260
312935392923782,4294967295,260,"v_add_f32_e32 v0, v0, v2","",260
312935392923862,4294967295,260,"v_add_f32_e32 v0, v0, v2","",260
312935392923902,4294967295,260,"v_add_f32_e32 v0, v0, v2","",260
312935392923902,4294967295,260,"v_add_f32_e32 v0, v0, v2","",260
312935392923822,4294967295,260,"v_add_f32_e32 v0, v0, v2","",260
312935392923862,4294967295,260,"v_add_f32_e32 v0, v0, v2","",260
312935392923822,4294967295,260,"v_add_f32_e32 v0, v0, v2","",260
312935392923822,4294967295,260,"v_add_f32_e32 v0, v0, v2","",260
312935392923782,4294967295,260,"v_add_f32_e32 v0, v0, v2","",260
312935392923782,0,260,"s_endpgm","",260
312935392923822,4294967295,260,"v_add_f32_e32 v0, v0, v2","",260
312935392923822,4294967295,260,"v_add_f32_e32 v0, v0, v2","",260
312935392926622,4294967295,260,"v_add_f32_e32 v0, v0, v2","",260
312935392926622,4294967295,260,"v_add_f32_e32 v0, v0, v2","",260
312935392926662,4294967295,260,"v_add_f32_e32 v0, v0, v2","",260
312935392926662,4294967295,260,"v_add_f32_e32 v0, v0, v2","",260
312935392923782,4294967295,260,"v_add_f32_e32 v0, v0, v2","",260
312935392923782,4294967295,260,"v_add_f32_e32 v0, v0, v2","",260
312935392923822,4294967295,260,"v_add_f32_e32 v0, v0, v2","",260
312935392923822,4294967295,260,"v_add_f32_e32 v0, v0, v2","",260
312935392923782,4294967295,260,"v_add_f32_e32 v0, v0, v2","",260
312935392923782,4294967295,260,"v_add_f32_e32 v0, v0, v2","",260
312935392923822,4294967295,260,"v_add_f32_e32 v0, v0, v2","",260
312935392923822,4294967295,260,"v_add_f32_e32 v0, v0, v2","",260
312935392926542,4294967295,260,"v_add_f32_e32 v0, v0, v2","",260
312935392926582,4294967295,260,"v_add_f32_e32 v0, v0, v2","",260
312935392926582,4294967295,260,"v_add_f32_e32 v0, v0, v2","",260
312935392926582,4294967295,260,"v_add_f32_e32 v0, v0, v2","",260
312935392926542,4294967295,260,"v_add_f32_e32 v0, v0, v2","",260
312935392926582,4294967295,260,"v_add_f32_e32 v0, v0, v2","",260
312935392926582,4294967295,260,"v_add_f32_e32 v0, v0, v2","",260
312935392926622,4294967295,260,"v_add_f32_e32 v0, v0, v2","",260
312935392930102,4294967295,260,"v_add_f32_e32 v0, v0, v2","",260
312935392930102,4294967295,260,"v_add_f32_e32 v0, v0, v2","",260
312935392930102,4294967295,260,"v_add_f32_e32 v0, v0, v2","",260
312935392930102,4294967295,260,"v_add_f32_e32 v0, v0, v2","",260
312935392930142,4294967295,260,"v_add_f32_e32 v0, v0, v2","",260
312935392930142,4294967295,260,"v_add_f32_e32 v0, v0, v2","",260
312935392930102,4294967295,260,"v_add_f32_e32 v0, v0, v2","",260
312935392930142,4294967295,260,"v_add_f32_e32 v0, v0, v2","",260
312935392930142,4294967295,260,"v_add_f32_e32 v0, v0, v2","",260
312935392930142,4294967295,260,"v_add_f32_e32 v0, v0, v2","",260
312935392947262,4294967295,260,"v_add_f32_e32 v0, v0, v2","",260
312935392947262,4294967295,260,"v_add_f32_e32 v0, v0, v2","",260
312935392947302,4294967295,260,"v_add_f32_e32 v0, v0, v2","",260
312935392947302,4294967295,260,"v_add_f32_e32 v0, v0, v2","",260
312935392930142,4294967295,260,"v_add_f32_e32 v0, v0, v2","",260
312935392951062,4294967295,260,"v_add_f32_e32 v0, v0, v2","",260
312935392951102,4294967295,260,"v_add_f32_e32 v0, v0, v2","",260
312935392951102,4294967295,260,"v_add_f32_e32 v0, v0, v2","",260
312935392951142,4294967295,260,"v_add_f32_e32 v0, v0, v2","",260
312935392930182,4294967295,260,"v_add_f32_e32 v0, v0, v2","",260
312935392954902,4294967295,260,"v_add_f32_e32 v0, v0, v2","",260
312935392954902,4294967295,260,"v_add_f32_e32 v0, v0, v2","",260
312935392954942,4294967295,260,"v_add_f32_e32 v0, v0, v2","",260
312935392954942,4294967295,260,"v_add_f32_e32 v0, v0, v2","",260
312935392954902,4294967295,260,"v_add_f32_e32 v0, v0, v2","",260
312935392954942,4294967295,260,"v_add_f32_e32 v0, v0, v2","",260
312935392954942,4294967295,260,"v_add_f32_e32 v0, v0, v2","",260
312935392954942,4294967295,260,"v_add_f32_e32 v0, v0, v2","",260
312935392954942,4294967295,260,"v_add_f32_e32 v0, v0, v2","",260
312935392954982,4294967295,260,"v_add_f32_e32 v0, v0, v2","",260
312935392954982,4294967295,260,"v_add_f32_e32 v0, v0, v2","",260
312935392955022,4294967295,260,"v_add_f32_e32 v0, v0, v2","",260
312935392954902,4294967295,260,"v_add_f32_e32 v0, v0, v2","",260
312935392954942,4294967295,260,"v_add_f32_e32 v0, v0, v2","",260
312935392954942,4294967295,260,"v_add_f32_e32 v0, v0, v2","",260
312935392954982,4294967295,260,"v_add_f32_e32 v0, v0, v2","",260
312935392955262,4294967295,260,"v_add_f32_e32 v0, v0, v2","",260
312935392955262,4294967295,260,"v_add_f32_e32 v0, v0, v2","",260
312935392955262,4294967295,260,"v_add_f32_e32 v0, v0, v2","",260
312935392955302,4294967295,260,"v_add_f32_e32 v0, v0, v2","",260
312935392956142,4294967295,260,"v_add_f32_e32 v0, v0, v2","",260
312935392956182,4294967295,260,"v_add_f32_e32 v0, v0, v2","",260
312935392956182,4294967295,260,"v_add_f32_e32 v0, v0, v2","",260
312935392956182,4294967295,260,"v_add_f32_e32 v0, v0, v2","",260
312935392957022,4294967295,260,"v_add_f32_e32 v0, v0, v2","",260
312935392957022,4294967295,260,"v_add_f32_e32 v0, v0, v2","",260
312935392957062,4294967295,260,"v_add_f32_e32 v0, v0, v2","",260
312935392957062,4294967295,260,"v_add_f32_e32 v0, v0, v2","",260
312935392956902,4294967295,260,"v_add_f32_e32 v0, v0, v2","",260
312935392956942,4294967295,260,"v_add_f32_e32 v0, v0, v2","",260
312935392956942,4294967295,260,"v_add_f32_e32 v0, v0, v2","",260
312935392956982,4294967295,260,"v_add_f32_e32 v0, v0, v2","",260
312935392960342,4294967295,260,"v_add_f32_e32 v0, v0, v2","",260
312935392960382,4294967295,260,"v_add_f32_e32 v0, v0, v2","",260
312935392960382,4294967295,260,"v_add_f32_e32 v0, v0, v2","",260
312935392960422,4294967295,260,"v_add_f32_e32 v0, v0, v2","",260
312935392959822,4294967295,260,"v_add_f32_e32 v0, v0, v2","",260
312935392959862,4294967295,260,"v_add_f32_e32 v0, v0, v2","",260
312935392959862,4294967295,260,"v_add_f32_e32 v0, v0, v2","",260
312935392959902,4294967295,260,"v_add_f32_e32 v0, v0, v2","",260
312935392964262,4294967295,260,"v_add_f32_e32 v0, v0, v2","",260
312935392964262,4294967295,260,"v_add_f32_e32 v0, v0, v2","",260
312935392964302,4294967295,260,"v_add_f32_e32 v0, v0, v2","",260
312935392964302,4294967295,260,"v_add_f32_e32 v0, v0, v2","",260
312935392971662,4294967295,260,"v_add_f32_e32 v0, v0, v2","",260
312935392971702,4294967295,260,"v_add_f32_e32 v0, v0, v2","",260
312935392971702,4294967295,260,"v_add_f32_e32 v0, v0, v2","",260
312935392971742,4294967295,260,"v_add_f32_e32 v0, v0, v2","",260
312935392974542,4294967295,260,"v_add_f32_e32 v0, v0, v2","",260
312935392974542,4294967295,260,"v_add_f32_e32 v0, v0, v2","",260
312935392974582,4294967295,260,"v_add_f32_e32 v0, v0, v2","",260
312935392974582,4294967295,260,"v_add_f32_e32 v0, v0, v2","",260
312935392979422,4294967295,260,"v_add_f32_e32 v0, v0, v2","",260
312935392979462,4294967295,260,"v_add_f32_e32 v0, v0, v2","",260
312935392979462,4294967295,260,"v_add_f32_e32 v0, v0, v2","",260
312935392979462,4294967295,260,"v_add_f32_e32 v0, v0, v2","",260
312935392980342,4294967295,260,"v_add_f32_e32 v0, v0, v2","",260
312935392980382,4294967295,260,"v_add_f32_e32 v0, v0, v2","",260
312935392980382,4294967295,260,"v_add_f32_e32 v0, v0, v2","",260
312935392980422,4294967295,260,"v_add_f32_e32 v0, v0, v2","",260
312935402890794,4294967295,266,"v_add_f32_e32 v0, v0, v2","",266
312935402890194,4294967295,266,"v_add_f32_e32 v0, v0, v2","",266
312935402892554,4294967295,266,"v_add_f32_e32 v0, v0, v2","",266
312935402899314,4294967295,266,"v_add_f32_e32 v0, v0, v2","",266
312935402897434,4294967295,266,"v_add_f32_e32 v0, v0, v2","",266
312935402897394,4294967295,266,"v_add_f32_e32 v0, v0, v2","",266
312935402897394,4294967295,266,"v_add_f32_e32 v0, v0, v2","",266
312935402897434,4294967295,266,"v_add_f32_e32 v0, v0, v2","",266
312935402891594,4294967295,266,"v_add_f32_e32 v0, v0, v2","",266
312935402898474,4294967295,266,"v_add_f32_e32 v0, v0, v2","",266
312935402898474,4294967295,266,"v_add_f32_e32 v0, v0, v2","",266
312935402898514,4294967295,266,"v_add_f32_e32 v0, v0, v2","",266
312935402898514,4294967295,266,"v_add_f32_e32 v0, v0, v2","",266
312935402903714,4294967295,266,"v_add_f32_e32 v0, v0, v2","",266
312935402903754,4294967295,266,"s_and_saveexec_b32 s2, vcc_lo","",266
312935402903754,4294967295,266,"v_add_f32_e32 v0, v0, v2","",266
312935402903794,4294967295,266,"s_and_saveexec_b32 s2, vcc_lo","",266
312935402895714,4294967295,266,"v_add_f32_e32 v0, v0, v2","",266
312935402896314,4294967295,266,"v_add_f32_e32 v0, v0, v2","",266
312935402901474,4294967295,266,"v_add_f32_e32 v0, v0, v2","",266
312935402897154,4294967295,266,"v_add_f32_e32 v0, v0, v2","",266
312935402897674,4294967295,266,"s_clause 0x1","",266
312935402898194,4294967295,266,"v_add_f32_e32 v0, v0, v2","",266
312935402913034,4294967295,266,"v_add_f32_e32 v0, v0, v2","",266
312935402913074,4294967295,266,"v_add_f32_e32 v0, v0, v2","",266
312935402913074,4294967295,266,"v_add_f32_e32 v0, v0, v2","",266
312935402901474,4294967295,266,"v_add_f32_e32 v0, v0, v2","",266
312935402901834,4294967295,266,"v_add_f32_e32 v0, v0, v2","",266
312935402915474,4294967295,266,"v_add_f32_e32 v0, v0, v2","",266
312935402915474,4294967295,266,"v_add_f32_e32 v0, v0, v2","",266
312935402915514,4294967295,266,"v_add_f32_e32 v0, v0, v2","",266
312935402920994,4294967295,266,"v_add_f32_e32 v0, v0, v2","",266
312935402920994,4294967295,266,"v_add_f32_e32 v0, v0, v2","",266
312935402921034,4294967295,266,"v_add_f32_e32 v0, v0, v2","",266
312935402921034,4294967295,266,"v_add_f32_e32 v0, v0, v2","",266
312935402931354,4294967295,266,"v_add_f32_e32 v0, v0, v2","",266
312935402931354,4294967295,266,"v_add_f32_e32 v0, v0, v2","",266
312935402931394,4294967295,266,"v_add_f32_e32 v0, v0, v2","",266
312935402909674,4294967295,266,"v_add_f32_e32 v0, v0, v2","",266
312935402910514,4294967295,266,"v_add_f32_e32 v0, v0, v2","",266
312935402910914,4294967295,266,"v_add_f32_e32 v0, v0, v2","",266
312935402941074,4294967295,266,"v_add_f32_e32 v0, v0, v2","",266
312935402941074,4294967295,266,"v_add_f32_e32 v0, v0, v2","",266
312935402941114,4294967295,266,"v_add_f32_e32 v0, v0, v2","",266
312935402941114,4294967295,266,"v_add_f32_e32 v0, v0, v2","",266
312935402939394,4294967295,266,"v_add_f32_e32 v0, v0, v2","",266
312935402939394,4294967295,266,"v_add_f32_e32 v0, v0, v2","",266
312935402939434,4294967295,266,"v_add_f32_e32 v0, v0, v2","",266
312935402939434,4294967295,266,"v_add_f32_e32 v0, v0, v2","",266
312935402954755,4294967295,266,"v_add_f32_e32 v0, v0, v2","",266
312935402954755,4294967295,266,"v_add_f32_e32 v0, v0, v2","",266
312935402954795,4294967295,266,"v_add_f32_e32 v0, v0, v2","",266
312935402954795,4294967295,266,"v_add_f32_e32 v0, v0, v2","",266
312935402955875,4294967295,266,"v_add_f32_e32 v0, v0, v2","",266
312935402955875,4294967295,266,"v_add_f32_e32 v0, v0, v2","",266
312935402955915,4294967295,266,"v_add_f32_e32 v0, v0, v2","",266
312935402955915,4294967295,266,"v_add_f32_e32 v0, v0, v2","",266
312935402955835,4294967295,266,"v_add_f32_e32 v0, v0, v2","",266
312935402955875,4294967295,266,"v_add_f32_e32 v0, v0, v2","",266
312935402955875,4294967295,266,"v_add_f32_e32 v0, v0, v2","",266
312935402955915,4294967295,266,"v_add_f32_e32 v0, v0, v2","",266
312935402956555,4294967295,266,"v_add_f32_e32 v0, v0, v2","",266
312935402956555,4294967295,266,"v_add_f32_e32 v0, v0, v2","",266
312935402956595,4294967295,266,"v_add_f32_e32 v0, v0, v2","",266
312935402956595,4294967295,266,"v_add_f32_e32 v0, v0, v2","",266
312935402956635,4294967295,266,"v_add_f32_e32 v0, v0, v2","",266
312935402956635,4294967295,266,"v_add_f32_e32 v0, v0, v2","",266
312935402956675,4294967295,266,"v_add_f32_e32 v0, v0, v2","",266
312935402956595,4294967295,266,"v_add_f32_e32 v0, v0, v2","",266
312935402956595,4294967295,266,"v_add_f32_e32 v0, v0, v2","",266
312935402956635,4294967295,266,"v_add_f32_e32 v0, v0, v2","",266
312935402956635,4294967295,266,"v_add_f32_e32 v0, v0, v2","",266
312935402956595,4294967295,266,"v_add_f32_e32 v0, v0, v2","",266
312935402956595,4294967295,266,"v_add_f32_e32 v0, v0, v2","",266
312935402956635,4294967295,266,"v_add_f32_e32 v0, v0, v2","",266
312935402958435,4294967295,266,"v_add_f32_e32 v0, v0, v2","",266
312935402958475,4294967295,266,"v_add_f32_e32 v0, v0, v2","",266
312935402958475,4294967295,266,"v_add_f32_e32 v0, v0, v2","",266
312935402958515,4294967295,266,"v_add_f32_e32 v0, v0, v2","",266
312935402959635,4294967295,266,"v_add_f32_e32 v0, v0, v2","",266
312935402959675,4294967295,266,"v_add_f32_e32 v0, v0, v2","",266
312935402959675,4294967295,266,"v_add_f32_e32 v0, v0, v2","",266
312935402959635,4294967295,266,"v_add_f32_e32 v0, v0, v2","",266
312935402959675,4294967295,266,"v_add_f32_e32 v0, v0, v2","",266
312935402959675,4294967295,266,"v_add_f32_e32 v0, v0, v2","",266
312935402959675,4294967295,266,"v_add_f32_e32 v0, v0, v2","",266
312935402960155,4294967295,266,"v_add_f32_e32 v0, v0, v2","",266
312935402960155,4294967295,266,"v_add_f32_e32 v0, v0, v2","",266
312935402960195,4294967295,266,"v_add_f32_e32 v0, v0, v2","",266
312935402960195,4294967295,266,"v_add_f32_e32 v0, v0, v2","",266
312935402960155,4294967295,266,"v_add_f32_e32 v0, v0, v2","",266
312935402960155,4294967295,266,"v_add_f32_e32 v0, v0, v2","",266
312935402960195,4294967295,266,"v_add_f32_e32 v0, v0, v2","",266
312935402960195,4294967295,266,"v_add_f32_e32 v0, v0, v2","",266
312935402961715,4294967295,266,"v_add_f32_e32 v0, v0, v2","",266
312935402961755,4294967295,266,"v_add_f32_e32 v0, v0, v2","",266
312935402961755,4294967295,266,"v_add_f32_e32 v0, v0, v2","",266
312935402961795,4294967295,266,"v_add_f32_e32 v0, v0, v2","",266
312935402961755,4294967295,266,"v_add_f32_e32 v0, v0, v2","",266
312935402961755,4294967295,266,"v_add_f32_e32 v0, v0, v2","",266
312935402961755,4294967295,266,"v_add_f32_e32 v0, v0, v2","",266
312935402961795,4294967295,266,"v_add_f32_e32 v0, v0, v2","",266
312935402962715,4294967295,266,"v_add_f32_e32 v0, v0, v2","",266
312935402962715,4294967295,266,"v_add_f32_e32 v0, v0, v2","",266
312935402962715,4294967295,266,"v_add_f32_e32 v0, v0, v2","",266
312935402962755,4294967295,266,"v_add_f32_e32 v0, v0, v2","",266
312935402962755,4294967295,266,"v_add_f32_e32 v0, v0, v2","",266
312935402962715,4294967295,266,"v_add_f32_e32 v0, v0, v2","",266
312935402962755,4294967295,266,"v_add_f32_e32 v0, v0, v2","",266
312935402962755,4294967295,266,"v_add_f32_e32 v0, v0, v2","",266
312935402962715,4294967295,266,"v_add_f32_e32 v0, v0, v2","",266
312935402962755,4294967295,266,"v_add_f32_e32 v0, v0, v2","",266
312935402962755,4294967295,266,"v_add_f32_e32 v0, v0, v2","",266
312935402962755,4294967295,266,"v_add_f32_e32 v0, v0, v2","",266
312935402965875,4294967295,266,"v_add_f32_e32 v0, v0, v2","",266
312935402965915,4294967295,266,"v_add_f32_e32 v0, v0, v2","",266
312935402965915,4294967295,266,"v_add_f32_e32 v0, v0, v2","",266
312935402972595,4294967295,266,"v_add_f32_e32 v0, v0, v2","",266
312935402972635,4294967295,266,"v_add_f32_e32 v0, v0, v2","",266
312935402972635,4294967295,266,"v_add_f32_e32 v0, v0, v2","",266
312935402972675,4294967295,266,"v_add_f32_e32 v0, v0, v2","",266
312935412884847,4294967295,273,"s_load_b64 s[2:3], s[0:1], 0x0","",273
312935412885887,4294967295,273,"s_load_b64 s[2:3], s[0:1], 0x0","",273
312935412887167,4294967295,273,"s_load_b64 s[2:3], s[0:1], 0x0","",273
312935412886927,4294967295,273,"v_add_co_u32 v0, vcc_lo, s2, v0","",273
312935412890327,0,273,"s_endpgm","",273
312935412891327,4294967295,273,"v_add_f32_e32 v0, v0, v2","",273
312935412891807,4294967295,273,"s_wait_kmcnt 0x0","",273
312935412903927,4294967295,273,"v_add_f32_e32 v0, v0, v2","",273
312935412891847,4294967295,273,"v_lshlrev_b64_e32 v[0:1], 4, v[0:1]","",273
312935412895887,4294967295,273,"v_add_f32_e32 v0, v0, v2","",273
312935412895887,4294967295,273,"v_add_f32_e32 v0, v0, v2","",273
312935412899487,4294967295,273,"v_add_f32_e32 v0, v0, v2","",273
312935412899487,4294967295,273,"v_add_f32_e32 v0, v0, v2","",273
312935412891327,4294967295,273,"v_add_f32_e32 v0, v0, v2","",273
312935412899527,4294967295,273,"v_add_f32_e32 v0, v0, v2","",273
312935412899527,0,273,"s_endpgm","",273
312935412899527,4294967295,273,"v_add_f32_e32 v0, v0, v2","",273
312935412905527,4294967295,273,"v_add_f32_e32 v0, v0, v2","",273
312935412894087,4294967295,273,"v_add_f32_e32 v0, v0, v2","",273
312935412894447,4294967295,273,"v_add_f32_e32 v0, v0, v2","",273
312935412899527,4294967295,273,"v_add_f32_e32 v0, v0, v2","",273
312935412899567,4294967295,273,"v_add_f32_e32 v0, v0, v2","",273
312935412914367,4294967295,273,"v_add_f32_e32 v0, v0, v2","",273
312935412908727,4294967295,273,"s_and_saveexec_b32 s2, vcc_lo","",273
312935412896527,4294967295,273,"s_load_b64 s[2:3], s[0:1], 0x0","",273
312935412907047,4294967295,273,"v_add_co_u32 v0, vcc_lo, s2, v0","",273
312935412908767,4294967295,273,"s_and_saveexec_b32 s2, vcc_lo","",273
312935412914327,4294967295,273,"v_add_f32_e32 v0, v0, v2","",273
312935412915567,4294967295,273,"v_add_f32_e32 v0, v0, v2","",273
312935412914327,4294967295,273,"v_add_f32_e32 v0, v0, v2","",273
312935412914327,4294967295,273,"v_add_f32_e32 v0, v0, v2","",273
312935412914367,4294967295,273,"v_add_f32_e32 v0, v0, v2","",273
312935412915607,4294967295,273,"v_add_f32_e32 v0, v0, v2","",273
312935412908767,4294967295,273,"s_and_saveexec_b32 s2, vcc_lo","",273
312935412908807,4294967295,273,"s_and_saveexec_b32 s2, vcc_lo","",273
312935412914327,4294967295,273,"v_add_f32_e32 v0, v0, v2","",273
312935412914367,4294967295,273,"v_add_f32_e32 v0, v0, v2","",273
312935412914367,4294967295,273,"v_add_f32_e32 v0, v0, v2","",273
312935412928727,4294967295,273,"v_add_f32_e32 v0, v0, v2","",273
312935412932087,4294967295,273,"v_add_f32_e32 v0, v0, v2","",273
312935412932127,4294967295,273,"v_add_f32_e32 v0, v0, v2","",273
312935412932127,4294967295,273,"v_add_f32_e32 v0, v0, v2","",273
312935412932167,4294967295,273,"v_add_f32_e32 v0, v0, v2","",273
312935412905567,4294967295,273,"v_add_f32_e32 v0, v0, v2","",273
312935412905847,4294967295,273,"v_add_f32_e32 v0, v0, v2","",273
312935412906207,4294967295,273,"v_add_f32_e32 v0, v0, v2","",273
312935412928767,4294967295,273,"v_add_f32_e32 v0, v0, v2","",273
312935412915607,4294967295,273,"v_add_f32_e32 v0, v0, v2","",273
312935412915647,4294967295,273,"v_add_f32_e32 v0, v0, v2","",273
312935412939327,4294967295,273,"v_add_f32_e32 v0, v0, v2","",273
312935412928767,4294967295,273,"v_add_f32_e32 v0, v0, v2","",273
312935412928807,4294967295,273,"v_add_f32_e32 v0, v0, v2","",273
312935412939327,4294967295,273,"v_add_f32_e32 v0, v0, v2","",273
312935412939407,4294967295,273,"v_add_f32_e32 v0, v0, v2","",273
312935412939367,4294967295,273,"v_add_f32_e32 v0, v0, v2","",273
312935412939367,4294967295,273,"v_add_f32_e32 v0, v0, v2","",273
312935412939367,4294967295,273,"v_add_f32_e32 v0, v0, v2","",273
312935412942047,4294967295,273,"v_add_f32_e32 v0, v0, v2","",273
312935412942047,4294967295,273,"v_add_f32_e32 v0, v0, v2","",273
312935412942047,4294967295,273,"v_add_f32_e32 v0, v0, v2","",273
312935412942087,4294967295,273,"v_add_f32_e32 v0, v0, v2","",273
312935412942087,4294967295,273,"v_add_f32_e32 v0, v0, v2","",273
312935412942047,4294967295,273,"v_add_f32_e32 v0, v0, v2","",273
312935412942087,4294967295,273,"v_add_f32_e32 v0, v0, v2","",273
312935412942087,4294967295,273,"v_add_f32_e32 v0, v0, v2","",273
312935412944727,4294967295,273,"v_add_f32_e32 v0, v0, v2","",273
312935412939367,4294967295,273,"v_add_f32_e32 v0, v0, v2","",273
312935412939367,4294967295,273,"v_add_f32_e32 v0, v0, v2","",273
312935412944727,4294967295,273,"v_add_f32_e32 v0, v0, v2","",273
312935412944767,4294967295,273,"v_add_f32_e32 v0, v0, v2","",273
312935412944767,4294967295,273,"v_add_f32_e32 v0, v0, v2","",273
312935412944807,4294967295,273,"v_add_f32_e32 v0, v0, v2","",273
312935412945967,4294967295,273,"v_add_f32_e32 v0, v0, v2","",273
312935412946767,4294967295,273,"v_add_f32_e32 v0, v0, v2","",273
312935412946807,4294967295,273,"v_add_f32_e32 v0, v0, v2","",273
312935412946807,4294967295,273,"v_add_f32_e32 v0, v0, v2","",273
312935412946847,4294967295,273,"v_add_f32_e32 v0, v0, v2","",273
312935412948927,4294967295,273,"v_add_f32_e32 v0, v0, v2","",273
312935412948967,4294967295,273,"v_add_f32_e32 v0, v0, v2","",273
312935412948967,4294967295,273,"v_add_f32_e32 v0, v0, v2","",273
312935412949007,4294967295,273,"v_add_f32_e32 v0, v0, v2","",273
312935412944727,4294967295,273,"v_add_f32_e32 v0, v0, v2","",273
312935412944767,4294967295,273,"v_add_f32_e32 v0, v0, v2","",273
312935412944767,4294967295,273,"v_add_f32_e32 v0, v0, v2","",273
312935412946007,4294967295,273,"v_add_f32_e32 v0, v0, v2","",273
312935412956847,4294967295,273,"v_add_f32_e32 v0, v0, v2","",273
312935412956847,4294967295,273,"v_add_f32_e32 v0, v0, v2","",273
312935412956887,4294967295,273,"v_add_f32_e32 v0, v0, v2","",273
312935412956887,4294967295,273,"v_add_f32_e32 v0, v0, v2","",273
312935412946007,4294967295,273,"v_add_f32_e32 v0, v0, v2","",273
312935412946047,4294967295,273,"v_add_f32_e32 v0, v0, v2","",273
312935412956847,4294967295,273,"v_add_f32_e32 v0, v0, v2","",273
312935412956887,4294967295,273,"v_add_f32_e32 v0, v0, v2","",273
312935412956887,4294967295,273,"v_add_f32_e32 v0, v0, v2","",273
312935412956887,4294967295,273,"v_add_f32_e32 v0, v0, v2","",273
312935412962007,4294967295,273,"v_add_f32_e32 v0, v0, v2","",273
312935412962007,4294967295,273,"v_add_f32_e32 v0, v0, v2","",273
312935412962047,4294967295,273,"v_add_f32_e32 v0, v0, v2","",273
312935412962047,4294967295,273,"v_add_f32_e32 v0, v0, v2","",273
312935412962007,4294967295,273,"v_add_f32_e32 v0, v0, v2","",273
312935412962007,4294967295,273,"v_add_f32_e32 v0, v0, v2","",273
312935412962047,4294967295,273,"v_add_f32_e32 v0, v0, v2","",273
312935412962047,4294967295,273,"v_add_f32_e32 v0, v0, v2","",273
312935412968327,4294967295,273,"v_add_f32_e32 v0, v0, v2","",273
312935412968327,4294967295,273,"v_add_f32_e32 v0, v0, v2","",273
312935412968367,4294967295,273,"v_add_f32_e32 v0, v0, v2","",273
312935412968367,4294967295,273,"v_add_f32_e32 v0, v0, v2","",273
312935412980407,4294967295,273,"v_add_f32_e32 v0, v0, v2","",273
312935412980407,4294967295,273,"v_add_f32_e32 v0, v0, v2","",273
312935412980447,4294967295,273,"v_add_f32_e32 v0, v0, v2","",273
312935412980447,4294967295,273,"v_add_f32_e32 v0, v0, v2","",273
312935422912140,4294967295,279,"v_add_f32_e32 v0, v0, v2","",279
312935422924620,4294967295,279,"v_add_f32_e32 v0, v0, v2","",279
312935422921300,4294967295,279,"v_add_f32_e32 v0, v0, v2","",279
312935422912140,4294967295,279,"v_add_f32_e32 v0, v0, v2","",279
312935422928660,4294967295,279,"v_add_f32_e32 v0, v0, v2","",279
312935422928660,4294967295,279,"v_add_f32_e32 v0, v0, v2","",279
312935422928620,4294967295,279,"v_add_f32_e32 v0, v0, v2","",279
312935422928620,4294967295,279,"v_add_f32_e32 v0, v0, v2","",279
312935422933940,4294967295,279,"v_add_f32_e32 v0, v0, v2","",279
312935422933980,4294967295,279,"v_add_f32_e32 v0, v0, v2","",279
312935422933980,4294967295,279,"v_add_f32_e32 v0, v0, v2","",279
312935422933980,4294967295,279,"v_add_f32_e32 v0, v0, v2","",279
312935422933980,0,279,"s_endpgm","",279
312935422933940,4294967295,279,"v_add_f32_e32 v0, v0, v2","",279
312935422935620,4294967295,279,"s_load_b64 s[2:3], s[0:1], 0x0","",279
312935422935620,4294967295,279,"s_load_b64 s[2:3], s[0:1], 0x0","",279
312935422935660,4294967295,279,"s_load_b64 s[2:3], s[0:1], 0x0","",279
312935422935660,4294967295,279,"v_add_f32_e32 v0, v0, v2","",279
312935422935620,4294967295,279,"v_add_f32_e32 v0, v0, v2","",279
312935422935660,4294967295,279,"v_add_f32_e32 v0, v0, v2","",279
312935422935660,4294967295,279,"v_add_f32_e32 v0, v0, v2","",279
312935422935620,4294967295,279,"v_add_f32_e32 v0, v0, v2","",279
312935422937620,4294967295,279,"v_add_f32_e32 v0, v0, v2","",279
312935422937660,4294967295,279,"v_add_f32_e32 v0, v0, v2","",279
312935422937700,4294967295,279,"v_add_f32_e32 v0, v0, v2","",279
312935422937660,4294967295,279,"v_add_f32_e32 v0, v0, v2","",279
312935422937660,4294967295,279,"v_add_f32_e32 v0, v0, v2","",279
312935422937660,4294967295,279,"v_add_f32_e32 v0, v0, v2","",279
312935422942900,4294967295,279,"v_add_f32_e32 v0, v0, v2","",279
312935422942900,4294967295,279,"v_add_f32_e32 v0, v0, v2","",279
312935422942940,4294967295,279,"v_add_f32_e32 v0, v0, v2","",279
312935422942940,4294967295,279,"v_add_f32_e32 v0, v0, v2","",279
312935422937700,4294967295,279,"v_add_f32_e32 v0, v0, v2","",279
312935422937660,4294967295,279,"v_add_f32_e32 v0, v0, v2","",279
312935422942900,4294967295,279,"v_add_f32_e32 v0, v0, v2","",279
312935422942900,4294967295,279,"v_add_f32_e32 v0, v0, v2","",279
312935422942940,4294967295,279,"v_add_f32_e32 v0, v0, v2","",279
312935422942940,4294967295,279,"v_add_f32_e32 v0, v0, v2","",279
312935422942900,4294967295,279,"v_add_f32_e32 v0, v0, v2","",279
312935422942900,4294967295,279,"v_add_f32_e32 v0, v0, v2","",279
312935422942940,4294967295,279,"v_add_f32_e32 v0, v0, v2","",279
312935422942940,4294967295,279,"v_add_f32_e32 v0, v0, v2","",279
312935422944500,4294967295,279,"v_add_f32_e32 v0, v0, v2","",279
312935422944540,4294967295,279,"v_add_f32_e32 v0, v0, v2","",279
312935422944540,4294967295,279,"v_add_f32_e32 v0, v0, v2","",279
312935422944580,4294967295,279,"v_add_f32_e32 v0, v0, v2","",279
312935422944540,4294967295,279,"v_add_f32_e32 v0, v0, v2","",279
312935422944540,4294967295,279,"v_add_f32_e32 v0, v0, v2","",279
312935422944540,4294967295,279,"v_add_f32_e32 v0, v0, v2","",279
312935422944580,4294967295,279,"v_add_f32_e32 v0, v0, v2","",279
312935422958860,4294967295,279,"v_add_f32_e32 v0, v0, v2","",279
312935422958860,4294967295,279,"v_add_f32_e32 v0, v0, v2","",279
312935422958900,4294967295,279,"v_add_f32_e32 v0, v0, v2","",279
312935422958900,4294967295,279,"v_add_f32_e32 v0, v0, v2","",279
312935422958940,4294967295,279,"v_add_f32_e32 v0, v0, v2","",279
312935422958900,4294967295,279,"v_add_f32_e32 v0, v0, v2","",279
312935422958900,4294967295,279,"v_add_f32_e32 v0, v0, v2","",279
312935422958940,4294967295,279,"v_add_f32_e32 v0, v0, v2","",279
312935422960980,4294967295,279,"v_add_f32_e32 v0, v0, v2","",279
312935422961020,4294967295,279,"v_add_f32_e32 v0, v0, v2","",279
312935422961020,4294967295,279,"v_add_f32_e32 v0, v0, v2","",279
312935422961020,4294967295,279,"v_add_f32_e32 v0, v0, v2","",279
312935422966580,4294967295,279,"v_add_f32_e32 v0, v0, v2","",279
312935422966580,4294967295,279,"v_add_f32_e32 v0, v0, v2","",279
312935422966620,4294967295,279,"v_add_f32_e32 v0, v0, v2","",279
312935422966620,4294967295,279,"v_add_f32_e32 v0, v0, v2","",279
312935422971460,4294967295,279,"v_add_f32_e32 v0, v0, v2","",279
312935422971460,4294967295,279,"v_add_f32_e32 v0, v0, v2","",279
312935422971500,4294967295,279,"v_add_f32_e32 v0, v0, v2","",279
312935422971500,4294967295,279,"v_add_f32_e32 v0, v0, v2","",279
312935422970380,4294967295,279,"v_add_f32_e32 v0, v0, v2","",279
312935422970420,4294967295,279,"v_add_f32_e32 v0, v0, v2","",279
312935422970420,4294967295,279,"v_add_f32_e32 v0, v0, v2","",279
312935422970460,4294967295,279,"v_add_f32_e32 v0, v0, v2","",279
312935422972380,4294967295,279,"v_add_f32_e32 v0, v0, v2","",279
312935422972380,4294967295,279,"v_add_f32_e32 v0, v0, v2","",279
312935422972420,4294967295,279,"v_add_f32_e32 v0, v0, v2","",279
312935422972420,4294967295,279,"v_add_f32_e32 v0, v0, v2","",279
312935422970900,4294967295,279,"v_add_f32_e32 v0, v0, v2","",279
312935422970940,4294967295,279,"v_add_f32_e32 v0, v0, v2","",279
312935422970940,4294967295,279,"v_add_f32_e32 v0, v0, v2","",279
312935422970980,4294967295,279,"v_add_f32_e32 v0, v0, v2","",279
312935422974620,4294967295,279,"v_add_f32_e32 v0, v0, v2","",279
312935422974620,4294967295,279,"v_add_f32_e32 v0, v0, v2","",279
312935422974660,4294967295,279,"v_add_f32_e32 v0, v0, v2","",279
312935422974660,4294967295,279,"v_add_f32_e32 v0, v0, v2","",279
312935422973260,4294967295,279,"v_add_f32_e32 v0, v0, v2","",279
312935422973260,4294967295,279,"v_add_f32_e32 v0, v0, v2","",279
312935422973300,4294967295,279,"v_add_f32_e32 v0, v0, v2","",279
312935422973300,4294967295,279,"v_add_f32_e32 v0, v0, v2","",279
312935422974580,4294967295,279,"v_add_f32_e32 v0, v0, v2","",279
312935422974620,4294967295,279,"v_add_f32_e32 v0, v0, v2","",279
312935422977020,4294967295,279,"v_add_f32_e32 v0, v0, v2","",279
312935422977020,4294967295,279,"v_add_f32_e32 v0, v0, v2","",279
312935422977020,4294967295,279,"v_add_f32_e32 v0, v0, v2","",279
312935422977060,4294967295,279,"v_add_f32_e32 v0, v0, v2","",279
312935422974620,4294967295,279,"v_add_f32_e32 v0, v0, v2","",279
312935422974660,4294967295,279,"v_add_f32_e32 v0, v0, v2","",279
312935422980140,4294967295,279,"v_add_f32_e32 v0, v0, v2","",279
312935422980140,4294967295,279,"v_add_f32_e32 v0, v0, v2","",279
312935422980180,4294967295,279,"v_add_f32_e32 v0, v0, v2","",279
312935422984660,4294967295,279,"v_add_f32_e32 v0, v0, v2","",279
312935422984700,4294967295,279,"v_add_f32_e32 v0, v0, v2","",279
312935422984700,4294967295,279,"v_add_f32_e32 v0, v0, v2","",279
312935422984740,4294967295,279,"v_add_f32_e32 v0, v0, v2","",279
312935422980180,4294967295,279,"v_add_f32_e32 v0, v0, v2","",279
312935422987180,4294967295,279,"v_add_f32_e32 v0, v0, v2","",279
312935422987180,4294967295,279,"v_add_f32_e32 v0, v0, v2","",279
312935422989220,4294967295,279,"v_add_f32_e32 v0, v0, v2","",279
312935422989220,4294967295,279,"v_add_f32_e32 v0, v0, v2","",279
312935422989260,4294967295,279,"v_add_f32_e32 v0, v0, v2","",279
312935422989260,4294967295,279,"v_add_f32_e32 v0, v0, v2","",279
312935422987180,4294967295,279,"v_add_f32_e32 v0, v0, v2","",279
312935422987180,4294967295,279,"v_add_f32_e32 v0, v0, v2","",279
312935422987220,4294967295,279,"v_add_f32_e32 v0, v0, v2","",279
312935422987220,4294967295,279,"v_add_f32_e32 v0, v0, v2","",279
312935422991420,4294967295,279,"v_add_f32_e32 v0, v0, v2","",279
312935422991460,4294967295,279,"v_add_f32_e32 v0, v0, v2","",279
312935422991460,4294967295,279,"v_add_f32_e32 v0, v0, v2","",279
312935422991500,4294967295,279,"v_add_f32_e32 v0, v0, v2","",279
312935422994220,4294967295,279,"v_add_f32_e32 v0, v0, v2","",279
312935422994260,4294967295,279,"v_add_f32_e32 v0, v0, v2","",279
312935422994260,4294967295,279,"v_add_f32_e32 v0, v0, v2","",279
312935422994300,4294967295,279,"v_add_f32_e32 v0, v0, v2","",279
312935432902752,4294967295,285,"s_load_b64 s[2:3], s[0:1], 0x0","",285
312935432902752,4294967295,285,"v_lshlrev_b64_e32 v[0:1], 4, v[0:1]","",285
312935432908512,4294967295,285,"v_add_f32_e32 v0, v0, v2","",285
312935432915512,4294967295,285,"v_add_f32_e32 v0, v0, v2","",285
312935432906992,4294967295,285,"v_add_f32_e32 v0, v0, v2","",285
312935432909592,4294967295,285,"v_add_f32_e32 v0, v0, v2","",285
312935432908672,4294967295,285,"v_add_f32_e32 v0, v0, v2","",285
312935432909552,4294967295,285,"v_add_f32_e32 v0, v0, v2","",285
312935432907032,4294967295,285,"v_add_f32_e32 v0, v0, v2","",285
312935432912352,4294967295,285,"v_add_f32_e32 v0, v0, v2","",285
312935432905592,4294967295,285,"v_add_f32_e32 v0, v0, v2","",285
312935432912352,4294967295,285,"v_add_f32_e32 v0, v0, v2","",285
312935432909952,4294967295,285,"s_load_b64 s[2:3], s[0:1], 0x0","",285
312935432906752,4294967295,285,"v_add_f32_e32 v0, v0, v2","",285
312935432916672,4294967295,285,"v_add_f32_e32 v0, v0, v2","",285
312935432920232,4294967295,285,"v_add_f32_e32 v0, v0, v2","",285
312935432923072,4294967295,285,"v_add_f32_e32 v0, v0, v2","",285
312935432923072,4294967295,285,"v_add_f32_e32 v0, v0, v2","",285
312935432924752,4294967295,285,"v_add_f32_e32 v0, v0, v2","",285
312935432912392,4294967295,285,"v_add_f32_e32 v0, v0, v2","",285
312935432912392,4294967295,285,"v_add_f32_e32 v0, v0, v2","",285
312935432920272,4294967295,285,"v_add_f32_e32 v0, v0, v2","",285
312935432911352,4294967295,285,"global_load_b128 v[0:3], v[0:1], off","",285
312935432911712,4294967295,285,"v_add_f32_e32 v0, v0, v2","",285
312935432920712,4294967295,285,"v_add_f32_e32 v0, v0, v2","",285
312935432935512,4294967295,285,"v_add_f32_e32 v0, v0, v2","",285
312935432935512,4294967295,285,"v_add_f32_e32 v0, v0, v2","",285
312935432913352,4294967295,285,"v_add_f32_e32 v0, v0, v2","",285
312935432917832,4294967295,285,"v_add_f32_e32 v0, v0, v2","",285
312935432935552,4294967295,285,"v_add_f32_e32 v0, v0, v2","",285
312935432942793,4294967295,285,"v_add_f32_e32 v0, v0, v2","",285
312935432945393,4294967295,285,"v_add_f32_e32 v0, v0, v2","",285
312935432915272,4294967295,285,"v_add_f32_e32 v0, v0, v2","",285
312935432915672,4294967295,285,"v_add_f32_e32 v0, v0, v2","",285
312935432924752,4294967295,285,"v_add_f32_e32 v0, v0, v2","",285
312935432916392,4294967295,285,"v_add_f32_e32 v0, v0, v2","",285
312935432943713,4294967295,285,"v_add_f32_e32 v0, v0, v2","",285
312935432945393,4294967295,285,"v_add_f32_e32 v0, v0, v2","",285
312935432957353,4294967295,285,"v_add_f32_e32 v0, v0, v2","",285
312935432954673,4294967295,285,"v_add_f32_e32 v0, v0, v2","",285
312935432924792,4294967295,285,"v_add_f32_e32 v0, v0, v2","",285
312935432924792,4294967295,285,"v_add_f32_e32 v0, v0, v2","",285
312935432959833,4294967295,285,"v_add_f32_e32 v0, v0, v2","",285
312935432920872,4294967295,285,"v_add_f32_e32 v0, v0, v2","",285
312935432921272,4294967295,285,"v_add_f32_e32 v0, v0, v2","",285
312935432942833,4294967295,285,"v_add_f32_e32 v0, v0, v2","",285
312935432943713,4294967295,285,"v_add_f32_e32 v0, v0, v2","",285
312935432954713,4294967295,285,"v_add_f32_e32 v0, v0, v2","",285
312935432935552,4294967295,285,"v_add_f32_e32 v0, v0, v2","",285
312935432924112,4294967295,285,"v_add_f32_e32 v0, v0, v2","",285
312935432924472,4294967295,285,"v_add_f32_e32 v0, v0, v2","",285
312935432957393,4294967295,285,"v_add_f32_e32 v0, v0, v2","",285
312935432957393,4294967295,285,"v_add_f32_e32 v0, v0, v2","",285
312935432962273,4294967295,285,"v_add_f32_e32 v0, v0, v2","",285
312935432962313,4294967295,285,"v_add_f32_e32 v0, v0, v2","",285
312935432962313,4294967295,285,"v_add_f32_e32 v0, v0, v2","",285
312935432962353,4294967295,285,"v_add_f32_e32 v0, v0, v2","",285
312935432963913,4294967295,285,"v_add_f32_e32 v0, v0, v2","",285
312935432959833,4294967295,285,"v_add_f32_e32 v0, v0, v2","",285
312935432929152,4294967295,285,"v_add_f32_e32 v0, v0, v2","",285
312935432929552,4294967295,285,"v_add_f32_e32 v0, v0, v2","",285
312935432963953,4294967295,285,"v_add_f32_e32 v0, v0, v2","",285
312935432963953,4294967295,285,"v_add_f32_e32 v0, v0, v2","",285
312935432967113,4294967295,285,"v_add_f32_e32 v0, v0, v2","",285
312935432959873,4294967295,285,"v_mad_co_u64_u32 v[0:1], null, s4, ttmp9, v[0:1]","",285
312935432959873,4294967295,285,"v_add_f32_e32 v0, v0, v2","",285
312935432931832,4294967295,285,"v_add_f32_e32 v0, v0, v2","",285
312935432935552,4294967295,285,"v_add_f32_e32 v0, v0, v2","",285
312935432967673,4294967295,285,"v_add_f32_e32 v0, v0, v2","",285
312935432935592,4294967295,285,"v_add_f32_e32 v0, v0, v2","",285
312935432963953,4294967295,285,"v_add_f32_e32 v0, v0, v2","",285
312935432963953,4294967295,285,"v_add_f32_e32 v0, v0, v2","",285
312935432942833,4294967295,285,"v_add_f32_e32 v0, v0, v2","",285
312935432942873,4294967295,285,"v_add_f32_e32 v0, v0, v2","",285
312935432967673,4294967295,285,"v_add_f32_e32 v0, v0, v2","",285
312935432967673,4294967295,285,"v_add_f32_e32 v0, v0, v2","",285
312935432967673,4294967295,285,"v_add_f32_e32 v0, v0, v2","",285
312935432937312,4294967295,285,"v_add_f32_e32 v0, v0, v2","",285
312935432937672,4294967295,285,"v_add_f32_e32 v0, v0, v2","",285
312935432969233,4294967295,285,"v_add_f32_e32 v0, v0, v2","",285
312935432967153,4294967295,285,"v_add_f32_e32 v0, v0, v2","",285
312935432967153,4294967295,285,"v_add_f32_e32 v0, v0, v2","",285
312935432939192,4294967295,285,"v_add_f32_e32 v0, v0, v2","",285
312935432939552,4294967295,285,"v_add_f32_e32 v0, v0, v2","",285
312935432967193,4294967295,285,"v_add_f32_e32 v0, v0, v2","",285
312935432967673,4294967295,285,"v_add_f32_e32 v0, v0, v2","",285
312935432941433,4294967295,285,"v_add_f32_e32 v0, v0, v2","",285
312935432941793,4294967295,285,"v_add_f32_e32 v0, v0, v2","",285
312935432967713,4294967295,285,"v_add_f32_e32 v0, v0, v2","",285
312935432967713,4294967295,285,"v_add_f32_e32 v0, v0, v2","",285
312935432969233,4294967295,285,"v_add_f32_e32 v0, v0, v2","",285
312935432969233,4294967295,285,"v_add_f32_e32 v0, v0, v2","",285
312935432967713,4294967295,285,"v_add_f32_e32 v0, v0, v2","",285
312935432967713,4294967295,285,"v_add_f32_e32 v0, v0, v2","",285
312935432969273,4294967295,285,"v_add_f32_e32 v0, v0, v2","",285
312935432969273,4294967295,285,"v_add_f32_e32 v0, v0, v2","",285
312935432969233,4294967295,285,"v_add_f32_e32 v0, v0, v2","",285
312935432969273,4294967295,285,"v_add_f32_e32 v0, v0, v2","",285
312935432969273,4294967295,285,"v_add_f32_e32 v0, v0, v2","",285
312935432967673,4294967295,285,"v_add_f32_e32 v0, v0, v2","",285
312935432967673,4294967295,285,"v_add_f32_e32 v0, v0, v2","",285
312935432967713,4294967295,285,"v_add_f32_e32 v0, v0, v2","",285
312935432950233,4294967295,285,"v_add_f32_e32 v0, v0, v2","",285
312935432950633,4294967295,285,"v_add_f32_e32 v0, v0, v2","",285
312935432963993,4294967295,285,"v_add_co_u32 v0, vcc_lo, s2, v0","",285
312935432963993,4294967295,285,"v_add_f32_e32 v0, v0, v2","",285
312935432975473,4294967295,285,"v_add_f32_e32 v0, v0, v2","",285
312935432975513,4294967295,285,"v_add_f32_e32 v0, v0, v2","",285
312935432975513,4294967295,285,"v_add_f32_e32 v0, v0, v2","",285
312935432975553,4294967295,285,"v_add_f32_e32 v0, v0, v2","",285
312935432953233,4294967295,285,"v_add_f32_e32 v0, v0, v2","",285
312935432953633,4294967295,285,"v_add_f32_e32 v0, v0, v2","",285
312935432963953,4294967295,285,"v_add_f32_e32 v0, v0, v2","",285
312935432963953,4294967295,285,"v_add_f32_e32 v0, v0, v2","",285
312935432963993,4294967295,285,"v_add_f32_e32 v0, v0, v2","",285
312935432963993,4294967295,285,"v_add_f32_e32 v0, v0, v2","",285
312935432963993,4294967295,285,"v_add_f32_e32 v0, v0, v2","",285
312935432981473,4294967295,285,"v_add_f32_e32 v0, v0, v2","",285
312935432981513,4294967295,285,"v_add_f32_e32 v0, v0, v2","",285
312935432958793,4294967295,285,"v_add_f32_e32 v0, v0, v2","",285
312935432959193,4294967295,285,"v_add_f32_e32 v0, v0, v2","",285
312935432986753,4294967295,285,"v_add_f32_e32 v0, v0, v2","",285
312935432986753,4294967295,285,"v_add_f32_e32 v0, v0, v2","",285
312935432986793,4294967295,285,"v_add_f32_e32 v0, v0, v2","",285
312935432986793,4294967295,285,"v_add_f32_e32 v0, v0, v2","",285
312935442933005,4294967295,291,"v_add_f32_e32 v0, v0, v2","",291
312935442933005,4294967295,291,"v_add_f32_e32 v0, v0, v2","",291
312935442933045,4294967295,291,"v_add_f32_e32 v0, v0, v2","",291
312935442933045,4294967295,291,"v_add_f32_e32 v0, v0, v2","",291
312935442938365,4294967295,291,"v_add_f32_e32 v0, v0, v2","",291
312935442938365,4294967295,291,"v_add_f32_e32 v0, v0, v2","",291
312935442938405,4294967295,291,"v_add_f32_e32 v0, v0, v2","",291
312935442941845,0,291,"s_cbranch_execz 9","",291
312935442941885,4294967295,291,"v_add_f32_e32 v0, v0, v2","",291
312935442941845,4294967295,291,"v_add_f32_e32 v0, v0, v2","",291
312935442941885,4294967295,291,"v_add_f32_e32 v0, v0, v2","",291
312935442941885,4294967295,291,"v_add_f32_e32 v0, v0, v2","",291
312935442941925,4294967295,291,"v_add_f32_e32 v0, v0, v2","",291
312935442943485,4294967295,291,"v_add_f32_e32 v0, v0, v2","",291
312935442943525,4294967295,291,"v_add_f32_e32 v0, v0, v2","",291
312935442943525,4294967295,291,"v_add_f32_e32 v0, v0, v2","",291
312935442943565,4294967295,291,"v_add_f32_e32 v0, v0, v2","",291
312935442945125,4294967295,291,"v_add_f32_e32 v0, v0, v2","",291
312935442945125,4294967295,291,"v_add_f32_e32 v0, v0, v2","",291
312935442945165,4294967295,291,"v_add_f32_e32 v0, v0, v2","",291
312935442945125,4294967295,291,"v_add_f32_e32 v0, v0, v2","",291
312935442945285,4294967295,291,"v_add_f32_e32 v0, v0, v2","",291
312935442945285,4294967295,291,"v_add_f32_e32 v0, v0, v2","",291
312935442945325,4294967295,291,"v_add_f32_e32 v0, v0, v2","",291
312935442945205,4294967295,291,"v_add_f32_e32 v0, v0, v2","",291
312935442945205,4294967295,291,"v_add_f32_e32 v0, v0, v2","",291
312935442945245,4294967295,291,"v_add_f32_e32 v0, v0, v2","",291
312935442945245,4294967295,291,"v_add_f32_e32 v0, v0, v2","",291
312935442945125,4294967295,291,"v_add_f32_e32 v0, v0, v2","",291
312935442945125,4294967295,291,"v_add_f32_e32 v0, v0, v2","",291
312935442945165,4294967295,291,"v_add_f32_e32 v0, v0, v2","",291
312935442945165,4294967295,291,"v_add_f32_e32 v0, v0, v2","",291
312935442945125,4294967295,291,"v_add_f32_e32 v0, v0, v2","",291
312935442945165,4294967295,291,"v_add_f32_e32 v0, v0, v2","",291
312935442945165,4294967295,291,"v_add_f32_e32 v0, v0, v2","",291
312935442945165,4294967295,291,"v_add_f32_e32 v0, v0, v2","",291
312935442946765,4294967295,291,"v_add_f32_e32 v0, v0, v2","",291
312935442946765,4294967295,291,"v_add_f32_e32 v0, v0, v2","",291
312935442946805,4294967295,291,"v_add_f32_e32 v0, v0, v2","",291
312935442948405,4294967295,291,"v_add_f32_e32 v0, v0, v2","",291
312935442948405,4294967295,291,"v_add_f32_e32 v0, v0, v2","",291
312935442948445,4294967295,291,"v_add_f32_e32 v0, v0, v2","",291
312935442948445,4294967295,291,"v_add_f32_e32 v0, v0, v2","",291
312935442948405,4294967295,291,"v_add_f32_e32 v0, v0, v2","",291
312935442948405,4294967295,291,"v_add_f32_e32 v0, v0, v2","",291
312935442950045,4294967295,291,"v_add_f32_e32 v0, v0, v2","",291
312935442950045,4294967295,291,"v_add_f32_e32 v0, v0, v2","",291
312935442950085,4294967295,291,"v_add_f32_e32 v0, v0, v2","",291
312935442950085,4294967295,291,"v_add_f32_e32 v0, v0, v2","",291
312935442948405,4294967295,291,"v_add_f32_e32 v0, v0, v2","",291
312935442948445,4294967295,291,"v_add_f32_e32 v0, v0, v2","",291
312935442948445,4294967295,291,"v_add_f32_e32 v0, v0, v2","",291
312935442948485,4294967295,291,"v_add_f32_e32 v0, v0, v2","",291
312935442948445,4294967295,291,"v_add_f32_e32 v0, v0, v2","",291
312935442948445,4294967295,291,"v_add_f32_e32 v0, v0, v2","",291
312935442959285,4294967295,291,"v_add_f32_e32 v0, v0, v2","",291
312935442959285,4294967295,291,"v_add_f32_e32 v0, v0, v2","",291
312935442959325,4294967295,291,"v_add_f32_e32 v0, v0, v2","",291
312935442959325,4294967295,291,"v_add_f32_e32 v0, v0, v2","",291
312935442969605,4294967295,291,"v_add_f32_e32 v0, v0, v2","",291
312935442969605,4294967295,291,"v_add_f32_e32 v0, v0, v2","",291
312935442969645,4294967295,291,"v_add_f32_e32 v0, v0, v2","",291
312935442969645,4294967295,291,"v_add_f32_e32 v0, v0, v2","",291
312935442969605,4294967295,291,"v_add_f32_e32 v0, v0, v2","",291
312935442969605,4294967295,291,"v_add_f32_e32 v0, v0, v2","",291
312935442969645,4294967295,291,"v_add_f32_e32 v0, v0, v2","",291
312935442969645,4294967295,291,"v_add_f32_e32 v0, v0, v2","",291
312935442971925,4294967295,291,"v_add_f32_e32 v0, v0, v2","",291
312935442971965,4294967295,291,"v_add_f32_e32 v0, v0, v2","",291
312935442971965,4294967295,291,"v_add_f32_e32 v0, v0, v2","",291
312935442972005,4294967295,291,"v_add_f32_e32 v0, v0, v2","",291
312935442973565,4294967295,291,"v_add_f32_e32 v0, v0, v2","",291
312935442973565,4294967295,291,"v_add_f32_e32 v0, v0, v2","",291
312935442973605,4294967295,291,"v_add_f32_e32 v0, v0, v2","",291
312935442973605,4294967295,291,"v_add_f32_e32 v0, v0, v2","",291
312935442981926,4294967295,291,"v_add_f32_e32 v0, v0, v2","",291
312935442981926,4294967295,291,"v_add_f32_e32 v0, v0, v2","",291
312935442981966,4294967295,291,"v_add_f32_e32 v0, v0, v2","",291
312935442981966,4294967295,291,"v_add_f32_e32 v0, v0, v2","",291
312935442986566,4294967295,291,"v_add_f32_e32 v0, v0, v2","",291
312935442986566,4294967295,291,"v_add_f32_e32 v0, v0, v2","",291
312935442986566,4294967295,291,"v_add_f32_e32 v0, v0, v2","",291
312935442986606,4294967295,291,"v_add_f32_e32 v0, v0, v2","",291
312935442988206,4294967295,291,"v_add_f32_e32 v0, v0, v2","",291
312935442988206,4294967295,291,"v_add_f32_e32 v0, v0, v2","",291
312935442988246,4294967295,291,"v_add_f32_e32 v0, v0, v2","",291
312935442988246,4294967295,291,"v_add_f32_e32 v0, v0, v2","",291
312935442988366,4294967295,291,"v_add_f32_e32 v0, v0, v2","",291
312935442988366,4294967295,291,"v_add_f32_e32 v0, v0, v2","",291
312935442988406,4294967295,291,"v_add_f32_e32 v0, v0, v2","",291
312935442988406,4294967295,291,"v_add_f32_e32 v0, v0, v2","",291
312935442988206,4294967295,291,"v_add_f32_e32 v0, v0, v2","",291
312935442988206,4294967295,291,"v_add_f32_e32 v0, v0, v2","",291
312935442988206,4294967295,291,"v_add_f32_e32 v0, v0, v2","",291
312935442988246,4294967295,291,"v_add_f32_e32 v0, v0, v2","",291
312935442988286,4294967295,291,"v_add_f32_e32 v0, v0, v2","",291
312935442988286,4294967295,291,"v_add_f32_e32 v0, v0, v2","",291
312935442988326,4294967295,291,"v_add_f32_e32 v0, v0, v2","",291
312935442988326,4294967295,291,"v_add_f32_e32 v0, v0, v2","",291
312935442988206,4294967295,291,"v_add_f32_e32 v0, v0, v2","",291
312935442988206,4294967295,291,"v_add_f32_e32 v0, v0, v2","",291
312935442988246,4294967295,291,"v_add_f32_e32 v0, v0, v2","",291
312935442988246,4294967295,291,"v_add_f32_e32 v0, v0, v2","",291
312935442988206,4294967295,291,"v_add_f32_e32 v0, v0, v2","",291
312935442988206,4294967295,291,"v_add_f32_e32 v0, v0, v2","",291
312935442988246,4294967295,291,"v_add_f32_e32 v0, v0, v2","",291
312935442988246,4294967295,291,"v_add_f32_e32 v0, v0, v2","",291
312935442989926,4294967295,291,"v_add_f32_e32 v0, v0, v2","",291
312935442989926,4294967295,291,"v_add_f32_e32 v0, v0, v2","",291
312935442989966,4294967295,291,"v_add_f32_e32 v0, v0, v2","",291
312935442989966,4294967295,291,"v_add_f32_e32 v0, v0, v2","",291
312935442989846,4294967295,291,"v_add_f32_e32 v0, v0, v2","",291
312935442989846,4294967295,291,"v_add_f32_e32 v0, v0, v2","",291
312935442989886,4294967295,291,"v_add_f32_e32 v0, v0, v2","",291
312935442989886,4294967295,291,"v_add_f32_e32 v0, v0, v2","",291
312935442989846,4294967295,291,"v_add_f32_e32 v0, v0, v2","",291
312935442989846,4294967295,291,"v_add_f32_e32 v0, v0, v2","",291
312935442989886,4294967295,291,"v_add_f32_e32 v0, v0, v2","",291
312935442989886,4294967295,291,"v_add_f32_e32 v0, v0, v2","",291
312935442989846,4294967295,291,"v_add_f32_e32 v0, v0, v2","",291
312935442989846,4294967295,291,"v_add_f32_e32 v0, v0, v2","",291
312935442989886,4294967295,291,"v_add_f32_e32 v0, v0, v2","",291
312935442989886,4294967295,291,"v_add_f32_e32 v0, v0, v2","",291
312935452925138,4294967295,298,"v_add_f32_e32 v0, v0, v2","",298
312935452925138,4294967295,298,"v_add_f32_e32 v0, v0, v2","",298
312935452932578,4294967295,298,"v_add_f32_e32 v0, v0, v2","",298
312935452925138,4294967295,298,"v_add_f32_e32 v0, v0, v2","",298
312935452925178,4294967295,298,"v_add_f32_e32 v0, v0, v2","",298
312935452925138,4294967295,298,"v_add_f32_e32 v0, v0, v2","",298
312935452928658,4294967295,298,"v_add_f32_e32 v0, v0, v2","",298
312935452928658,4294967295,298,"v_add_f32_e32 v0, v0, v2","",298
312935452928698,4294967295,298,"v_add_f32_e32 v0, v0, v2","",298
312935452939218,4294967295,298,"v_add_f32_e32 v0, v0, v2","",298
312935452932538,4294967295,298,"v_add_f32_e32 v0, v0, v2","",298
312935452932578,4294967295,298,"v_add_f32_e32 v0, v0, v2","",298
312935452936058,4294967295,298,"v_add_f32_e32 v0, v0, v2","",298
312935452940018,4294967295,298,"v_add_f32_e32 v0, v0, v2","",298
312935452943378,4294967295,298,"v_add_f32_e32 v0, v0, v2","",298
312935452943338,4294967295,298,"v_add_f32_e32 v0, v0, v2","",298
312935452943338,4294967295,298,"v_add_f32_e32 v0, v0, v2","",298
312935452943378,4294967295,298,"v_add_f32_e32 v0, v0, v2","",298
312935452943338,4294967295,298,"v_add_f32_e32 v0, v0, v2","",298
312935452943378,4294967295,298,"v_add_f32_e32 v0, v0, v2","",298
312935452943378,4294967295,298,"v_add_f32_e32 v0, v0, v2","",298
312935452943418,4294967295,298,"v_add_f32_e32 v0, v0, v2","",298
312935452943338,4294967295,298,"v_add_f32_e32 v0, v0, v2","",298
312935452943378,4294967295,298,"v_add_f32_e32 v0, v0, v2","",298
312935452943378,4294967295,298,"v_add_f32_e32 v0, v0, v2","",298
312935452946858,4294967295,298,"v_add_f32_e32 v0, v0, v2","",298
312935452946898,4294967295,298,"v_add_f32_e32 v0, v0, v2","",298
312935452946898,4294967295,298,"v_add_f32_e32 v0, v0, v2","",298
312935452946938,4294967295,298,"v_add_f32_e32 v0, v0, v2","",298
312935452931538,4294967295,298,"v_add_f32_e32 v0, v0, v2","",298
312935452931898,4294967295,298,"v_add_f32_e32 v0, v0, v2","",298
312935452949338,4294967295,298,"v_add_f32_e32 v0, v0, v2","",298
312935452940058,4294967295,298,"s_cbranch_execz 31","",298
312935452940058,4294967295,298,"s_cbranch_execz 31","",298
312935452940098,4294967295,298,"v_add_f32_e32 v0, v0, v2","",298
312935452949338,4294967295,298,"v_add_f32_e32 v0, v0, v2","",298
312935452949378,4294967295,298,"v_add_f32_e32 v0, v0, v2","",298
312935452949378,4294967295,298,"v_add_f32_e32 v0, v0, v2","",298
312935452949378,4294967295,298,"v_add_f32_e32 v0, v0, v2","",298
312935452949338,4294967295,298,"v_add_f32_e32 v0, v0, v2","",298
312935452949378,4294967295,298,"v_add_f32_e32 v0, v0, v2","",298
312935452949378,4294967295,298,"v_add_f32_e32 v0, v0, v2","",298
312935452964818,4294967295,298,"v_add_f32_e32 v0, v0, v2","",298
312935452964818,4294967295,298,"v_add_f32_e32 v0, v0, v2","",298
312935452964858,4294967295,298,"v_add_f32_e32 v0, v0, v2","",298
312935452964858,4294967295,298,"v_add_f32_e32 v0, v0, v2","",298
312935452956458,4294967295,298,"v_add_f32_e32 v0, v0, v2","",298
312935452956498,4294967295,298,"v_add_f32_e32 v0, v0, v2","",298
312935452956498,4294967295,298,"v_add_f32_e32 v0, v0, v2","",298
312935452956538,4294967295,298,"v_add_f32_e32 v0, v0, v2","",298
312935452964818,4294967295,298,"v_add_f32_e32 v0, v0, v2","",298
312935452964818,4294967295,298,"v_add_f32_e32 v0, v0, v2","",298
312935452964858,4294967295,298,"v_add_f32_e32 v0, v0, v2","",298
312935452964858,4294967295,298,"v_add_f32_e32 v0, v0, v2","",298
312935452969178,4294967295,298,"v_add_f32_e32 v0, v0, v2","",298
312935452969178,4294967295,298,"v_add_f32_e32 v0, v0, v2","",298
312935452969178,4294967295,298,"v_add_f32_e32 v0, v0, v2","",298
312935452969218,4294967295,298,"v_add_f32_e32 v0, v0, v2","",298
312935452977658,4294967295,298,"v_add_f32_e32 v0, v0, v2","",298
312935452977658,4294967295,298,"v_add_f32_e32 v0, v0, v2","",298
312935452977698,4294967295,298,"v_add_f32_e32 v0, v0, v2","",298
312935452977698,4294967295,298,"v_add_f32_e32 v0, v0, v2","",298
312935452977618,4294967295,298,"v_add_f32_e32 v0, v0, v2","",298
312935452977658,4294967295,298,"v_add_f32_e32 v0, v0, v2","",298
312935452977658,4294967295,298,"v_add_f32_e32 v0, v0, v2","",298
312935452977698,4294967295,298,"v_add_f32_e32 v0, v0, v2","",298
312935452985418,4294967295,298,"v_add_f32_e32 v0, v0, v2","",298
312935452985458,4294967295,298,"v_add_f32_e32 v0, v0, v2","",298
312935452985458,4294967295,298,"v_add_f32_e32 v0, v0, v2","",298
312935452985498,4294967295,298,"v_add_f32_e32 v0, v0, v2","",298
312935452983938,4294967295,298,"v_add_f32_e32 v0, v0, v2","",298
312935452983978,4294967295,298,"v_add_f32_e32 v0, v0, v2","",298
312935452983978,4294967295,298,"v_add_f32_e32 v0, v0, v2","",298
312935452984018,4294967295,298,"v_add_f32_e32 v0, v0, v2","",298
312935452985418,4294967295,298,"v_add_f32_e32 v0, v0, v2","",298
312935452985458,4294967295,298,"v_add_f32_e32 v0, v0, v2","",298
312935452985458,4294967295,298,"v_add_f32_e32 v0, v0, v2","",298
312935452985498,4294967295,298,"v_add_f32_e32 v0, v0, v2","",298
312935452987338,4294967295,298,"v_add_f32_e32 v0, v0, v2","",298
312935452987378,4294967295,298,"v_add_f32_e32 v0, v0, v2","",298
312935452987378,4294967295,298,"v_add_f32_e32 v0, v0, v2","",298
312935452987418,4294967295,298,"v_add_f32_e32 v0, v0, v2","",298
312935452991218,4294967295,298,"v_add_f32_e32 v0, v0, v2","",298
312935452991218,4294967295,298,"v_add_f32_e32 v0, v0, v2","",298
312935452991258,4294967295,298,"v_add_f32_e32 v0, v0, v2","",298
312935452991258,4294967295,298,"v_add_f32_e32 v0, v0, v2","",298
312935452991938,4294967295,298,"v_add_f32_e32 v0, v0, v2","",298
312935452991938,4294967295,298,"v_add_f32_e32 v0, v0, v2","",298
312935452991978,4294967295,298,"v_add_f32_e32 v0, v0, v2","",298
312935452991978,4294967295,298,"v_add_f32_e32 v0, v0, v2","",298
312935452993578,4294967295,298,"v_add_f32_e32 v0, v0, v2","",298
312935452993578,4294967295,298,"v_add_f32_e32 v0, v0, v2","",298
312935452993618,4294967295,298,"v_add_f32_e32 v0, v0, v2","",298
312935452993618,4294967295,298,"v_add_f32_e32 v0, v0, v2","",298
312935452993578,4294967295,298,"v_add_f32_e32 v0, v0, v2","",298
312935452993618,4294967295,298,"v_add_f32_e32 v0, v0, v2","",298
312935452993618,4294967295,298,"v_add_f32_e32 v0, v0, v2","",298
312935452993658,4294967295,298,"v_add_f32_e32 v0, v0, v2","",298
312935452993578,4294967295,298,"v_add_f32_e32 v0, v0, v2","",298
312935452993618,4294967295,298,"v_add_f32_e32 v0, v0, v2","",298
312935452993618,4294967295,298,"v_add_f32_e32 v0, v0, v2","",298
312935452993658,4294967295,298,"v_add_f32_e32 v0, v0, v2","",298
312935452994178,4294967295,298,"v_add_f32_e32 v0, v0, v2","",298
312935452994178,4294967295,298,"v_add_f32_e32 v0, v0, v2","",298
312935452994218,4294967295,298,"v_add_f32_e32 v0, v0, v2","",298
312935452994218,4294967295,298,"v_add_f32_e32 v0, v0, v2","",298
312935452995818,4294967295,298,"v_add_f32_e32 v0, v0, v2","",298
312935452995818,4294967295,298,"v_add_f32_e32 v0, v0, v2","",298
312935452995858,4294967295,298,"v_add_f32_e32 v0, v0, v2","",298
312935452995858,4294967295,298,"v_add_f32_e32 v0, v0, v2","",298
312935452996738,4294967295,298,"v_add_f32_e32 v0, v0, v2","",298
312935452996738,4294967295,298,"v_add_f32_e32 v0, v0, v2","",298
312935452996738,4294967295,298,"v_add_f32_e32 v0, v0, v2","",298
312935452996778,4294967295,298,"v_add_f32_e32 v0, v0, v2","",298
312935453003618,4294967295,298,"v_add_f32_e32 v0, v0, v2","",298
312935453003618,4294967295,298,"v_add_f32_e32 v0, v0, v2","",298
312935453003658,4294967295,298,"v_add_f32_e32 v0, v0, v2","",298
312935453003658,4294967295,298,"v_add_f32_e32 v0, v0, v2","",298
312935453010019,4294967295,298,"v_add_f32_e32 v0, v0, v2","",298
312935453010019,4294967295,298,"v_add_f32_e32 v0, v0, v2","",298
312935453010019,4294967295,298,"v_add_f32_e32 v0, v0, v2","",298
312935453010059,4294967295,298,"v_add_f32_e32 v0, v0, v2","",298
312935453014899,4294967295,298,"v_add_f32_e32 v0, v0, v2","",298
312935453014899,4294967295,298,"v_add_f32_e32 v0, v0, v2","",298
312935453014939,4294967295,298,"v_add_f32_e32 v0, v0, v2","",298
312935453014939,4294967295,298,"v_add_f32_e32 v0, v0, v2","",298
312935462923790,0,304,"s_cbranch_execz 9","",304
312935462919630,4294967295,304,"s_wait_kmcnt 0x0","",304
312935462920030,4294967295,304,"v_add_f32_e32 v0, v0, v2","",304
312935462919630,4294967295,304,"v_mad_co_u64_u32 v[0:1], null, s4, ttmp9, v[0:1]","",304
312935462919950,4294967295,304,"v_add_f32_e32 v0, v0, v2","",304
312935462919950,4294967295,304,"v_add_f32_e32 v0, v0, v2","",304
312935462922190,4294967295,304,"v_add_f32_e32 v0, v0, v2","",304
312935462922710,4294967295,304,"v_add_f32_e32 v0, v0, v2","",304
312935462922710,4294967295,304,"v_add_f32_e32 v0, v0, v2","",304
312935462922710,4294967295,304,"v_add_f32_e32 v0, v0, v2","",304
312935462925910,4294967295,304,"v_add_f32_e32 v0, v0, v2","",304
312935462926910,4294967295,304,"v_add_f32_e32 v0, v0, v2","",304
312935462926950,4294967295,304,"v_add_f32_e32 v0, v0, v2","",304
312935462922230,4294967295,304,"v_add_f32_e32 v0, v0, v2","",304
312935462929350,4294967295,304,"v_add_f32_e32 v0, v0, v2","",304
312935462919670,4294967295,304,"v_add_f32_e32 v0, v0, v2","",304
312935462922750,4294967295,304,"v_add_co_u32 v0, vcc_lo, s2, v0","",304
312935462922750,4294967295,304,"v_add_f32_e32 v0, v0, v2","",304
312935462936351,4294967295,304,"v_add_f32_e32 v0, v0, v2","",304
312935462936351,4294967295,304,"v_add_f32_e32 v0, v0, v2","",304
312935462936391,4294967295,304,"v_add_f32_e32 v0, v0, v2","",304
312935462929390,4294967295,304,"v_add_f32_e32 v0, v0, v2","",304
312935462929390,4294967295,304,"v_add_f32_e32 v0, v0, v2","",304
312935462929430,4294967295,304,"v_add_f32_e32 v0, v0, v2","",304
312935462947671,4294967295,304,"v_add_f32_e32 v0, v0, v2","",304
312935462950751,4294967295,304,"v_add_f32_e32 v0, v0, v2","",304
312935462925270,4294967295,304,"v_add_f32_e32 v0, v0, v2","",304
312935462925670,4294967295,304,"v_add_f32_e32 v0, v0, v2","",304
312935462949431,4294967295,304,"v_add_f32_e32 v0, v0, v2","",304
312935462948911,4294967295,304,"v_add_f32_e32 v0, v0, v2","",304
312935462952791,4294967295,304,"v_add_f32_e32 v0, v0, v2","",304
312935462958511,4294967295,304,"v_add_f32_e32 v0, v0, v2","",304
312935462927950,4294967295,304,"v_add_f32_e32 v0, v0, v2","",304
312935462932750,4294967295,304,"v_add_f32_e32 v0, v0, v2","",304
312935462948951,4294967295,304,"v_add_f32_e32 v0, v0, v2","",304
312935462952791,4294967295,304,"v_add_f32_e32 v0, v0, v2","",304
312935462958551,4294967295,304,"v_add_f32_e32 v0, v0, v2","",304
312935462958551,4294967295,304,"v_add_f32_e32 v0, v0, v2","",304
312935462958591,4294967295,304,"v_add_f32_e32 v0, v0, v2","",304
312935462930710,4294967295,304,"v_mad_co_u64_u32 v[0:1], null, s4, ttmp9, v[0:1]","",304
312935462931110,4294967295,304,"v_add_f32_e32 v0, v0, v2","",304
312935462967471,4294967295,304,"v_add_f32_e32 v0, v0, v2","",304
312935462967511,4294967295,304,"v_add_f32_e32 v0, v0, v2","",304
312935462967511,4294967295,304,"v_add_f32_e32 v0, v0, v2","",304
312935462967551,4294967295,304,"v_add_f32_e32 v0, v0, v2","",304
312935462933030,4294967295,304,"v_add_f32_e32 v0, v0, v2","",304
312935462933390,4294967295,304,"v_add_f32_e32 v0, v0, v2","",304
312935462970271,4294967295,304,"v_add_f32_e32 v0, v0, v2","",304
312935462934551,4294967295,304,"v_add_f32_e32 v0, v0, v2","",304
312935462934951,4294967295,304,"v_add_f32_e32 v0, v0, v2","",304
312935462970751,4294967295,304,"v_add_f32_e32 v0, v0, v2","",304
312935462970271,4294967295,304,"v_add_f32_e32 v0, v0, v2","",304
312935462970271,4294967295,304,"v_add_f32_e32 v0, v0, v2","",304
312935462970791,4294967295,304,"v_add_f32_e32 v0, v0, v2","",304
312935462937751,4294967295,304,"v_add_f32_e32 v0, v0, v2","",304
312935462970311,4294967295,304,"v_add_f32_e32 v0, v0, v2","",304
312935462973751,4294967295,304,"v_add_f32_e32 v0, v0, v2","",304
312935462970791,4294967295,304,"v_add_f32_e32 v0, v0, v2","",304
312935462948951,4294967295,304,"v_add_f32_e32 v0, v0, v2","",304
312935462948991,4294967295,304,"v_add_f32_e32 v0, v0, v2","",304
312935462941311,4294967295,304,"v_add_f32_e32 v0, v0, v2","",304
312935462941711,4294967295,304,"v_add_f32_e32 v0, v0, v2","",304
312935462942111,4294967295,304,"v_add_f32_e32 v0, v0, v2","",304
312935462973751,4294967295,304,"v_add_f32_e32 v0, v0, v2","",304
312935462975631,4294967295,304,"v_add_f32_e32 v0, v0, v2","",304
312935462943591,4294967295,304,"v_add_f32_e32 v0, v0, v2","",304
312935462977751,4294967295,304,"v_add_f32_e32 v0, v0, v2","",304
312935462973791,4294967295,304,"v_add_f32_e32 v0, v0, v2","",304
312935462973791,4294967295,304,"v_add_f32_e32 v0, v0, v2","",304
312935462952831,4294967295,304,"v_add_f32_e32 v0, v0, v2","",304
312935462952831,4294967295,304,"v_add_f32_e32 v0, v0, v2","",304
312935462978391,4294967295,304,"v_add_f32_e32 v0, v0, v2","",304
312935462947671,4294967295,304,"v_add_f32_e32 v0, v0, v2","",304
312935462947711,4294967295,304,"v_add_f32_e32 v0, v0, v2","",304
312935462947711,4294967295,304,"v_add_f32_e32 v0, v0, v2","",304
312935462970791,4294967295,304,"v_add_f32_e32 v0, v0, v2","",304
312935462948271,0,304,"s_cbranch_execz 9","",304
312935462948671,4294967295,304,"v_add_f32_e32 v0, v0, v2","",304
312935462970831,4294967295,304,"v_add_f32_e32 v0, v0, v2","",304
312935462980671,4294967295,304,"v_add_f32_e32 v0, v0, v2","",304
312935462978391,4294967295,304,"v_add_f32_e32 v0, v0, v2","",304
312935462978431,4294967295,304,"v_add_f32_e32 v0, v0, v2","",304
312935462978431,4294967295,304,"v_add_f32_e32 v0, v0, v2","",304
312935462981991,4294967295,304,"v_add_f32_e32 v0, v0, v2","",304
312935462970791,4294967295,304,"v_add_f32_e32 v0, v0, v2","",304
312935462970831,4294967295,304,"v_add_f32_e32 v0, v0, v2","",304
312935462970831,4294967295,304,"v_add_f32_e32 v0, v0, v2","",304
312935462977751,4294967295,304,"v_add_f32_e32 v0, v0, v2","",304
312935462980711,4294967295,304,"v_add_f32_e32 v0, v0, v2","",304
312935462980711,4294967295,304,"v_add_f32_e32 v0, v0, v2","",304
312935462980751,4294967295,304,"v_add_f32_e32 v0, v0, v2","",304
312935462986711,4294967295,304,"v_add_f32_e32 v0, v0, v2","",304
312935462986711,4294967295,304,"v_add_f32_e32 v0, v0, v2","",304
312935462986751,4294967295,304,"v_add_f32_e32 v0, v0, v2","",304
312935462986671,4294967295,304,"v_add_f32_e32 v0, v0, v2","",304
312935462975671,4294967295,304,"v_add_f32_e32 v0, v0, v2","",304
312935462986751,4294967295,304,"v_add_f32_e32 v0, v0, v2","",304
312935462981991,4294967295,304,"v_add_f32_e32 v0, v0, v2","",304
312935462982031,4294967295,304,"v_add_f32_e32 v0, v0, v2","",304
312935462977791,4294967295,304,"v_add_f32_e32 v0, v0, v2","",304
312935462977791,4294967295,304,"v_add_f32_e32 v0, v0, v2","",304
312935462982031,4294967295,304,"v_add_f32_e32 v0, v0, v2","",304
312935462975671,4294967295,304,"v_add_f32_e32 v0, v0, v2","",304
312935462975711,4294967295,304,"v_add_f32_e32 v0, v0, v2","",304
312935462986711,4294967295,304,"v_add_f32_e32 v0, v0, v2","",304
312935462986711,4294967295,304,"v_add_f32_e32 v0, v0, v2","",304
312935462986751,4294967295,304,"v_add_f32_e32 v0, v0, v2","",304
312935462993071,4294967295,304,"v_add_f32_e32 v0, v0, v2","",304
312935462993071,4294967295,304,"v_add_f32_e32 v0, v0, v2","",304
312935462993111,4294967295,304,"v_add_f32_e32 v0, v0, v2","",304
312935462993111,4294967295,304,"v_add_f32_e32 v0, v0, v2","",304
312935462994631,4294967295,304,"v_add_f32_e32 v0, v0, v2","",304
312935462994671,4294967295,304,"v_add_f32_e32 v0, v0, v2","",304
312935462996871,4294967295,304,"v_add_f32_e32 v0, v0, v2","",304
312935462996911,4294967295,304,"v_add_f32_e32 v0, v0, v2","",304
312935462996911,4294967295,304,"v_add_f32_e32 v0, v0, v2","",304
312935462996951,4294967295,304,"v_add_f32_e32 v0, v0, v2","",304
312935462994671,4294967295,304,"v_add_f32_e32 v0, v0, v2","",304
312935472964443,4294967295,310,"v_mad_co_u64_u32 v[0:1], null, s4, ttmp9, v[0:1]","",310
312935472961283,4294967295,310,"v_add_f32_e32 v0, v0, v2","",310
312935472961243,4294967295,310,"v_mad_co_u64_u32 v[0:1], null, s4, ttmp9, v[0:1]","",310
312935472961243,4294967295,310,"v_add_f32_e32 v0, v0, v2","",310
312935472970884,4294967295,310,"v_add_f32_e32 v0, v0, v2","",310
312935472970844,4294967295,310,"v_add_f32_e32 v0, v0, v2","",310
312935472970884,4294967295,310,"v_add_f32_e32 v0, v0, v2","",310
312935472973004,4294967295,310,"v_add_f32_e32 v0, v0, v2","",310
312935472973004,4294967295,310,"v_add_f32_e32 v0, v0, v2","",310
312935472973004,4294967295,310,"v_add_f32_e32 v0, v0, v2","",310
312935472973044,4294967295,310,"v_add_f32_e32 v0, v0, v2","",310
312935472979524,4294967295,310,"v_add_f32_e32 v0, v0, v2","",310
312935472979484,4294967295,310,"v_add_f32_e32 v0, v0, v2","",310
312935472979484,4294967295,310,"v_add_f32_e32 v0, v0, v2","",310
312935472979524,4294967295,310,"v_add_f32_e32 v0, v0, v2","",310
312935472982804,4294967295,310,"v_add_f32_e32 v0, v0, v2","",310
312935472982844,4294967295,310,"v_add_f32_e32 v0, v0, v2","",310
312935472982844,4294967295,310,"v_add_f32_e32 v0, v0, v2","",310
312935472982844,4294967295,310,"v_add_f32_e32 v0, v0, v2","",310
312935472982804,4294967295,310,"v_add_f32_e32 v0, v0, v2","",310
312935472986084,4294967295,310,"v_add_f32_e32 v0, v0, v2","",310
312935472986044,4294967295,310,"v_add_f32_e32 v0, v0, v2","",310
312935472986044,4294967295,310,"v_add_f32_e32 v0, v0, v2","",310
312935472986084,4294967295,310,"v_add_f32_e32 v0, v0, v2","",310
312935472986044,4294967295,310,"v_add_f32_e32 v0, v0, v2","",310
312935472986044,4294967295,310,"v_add_f32_e32 v0, v0, v2","",310
312935472986084,4294967295,310,"v_add_f32_e32 v0, v0, v2","",310
312935472986084,4294967295,310,"v_add_f32_e32 v0, v0, v2","",310
312935472986044,4294967295,310,"v_add_f32_e32 v0, v0, v2","",310
312935472986044,4294967295,310,"v_add_f32_e32 v0, v0, v2","",310
312935472986084,4294967295,310,"global_load_b128 v[0:3], v[0:1], off","",310
312935472986044,4294967295,310,"v_add_f32_e32 v0, v0, v2","",310
312935472986084,4294967295,310,"v_add_f32_e32 v0, v0, v2","",310
312935472986084,4294967295,310,"v_add_f32_e32 v0, v0, v2","",310
312935472986084,4294967295,310,"v_add_f32_e32 v0, v0, v2","",310
312935472986044,4294967295,310,"v_add_f32_e32 v0, v0, v2","",310
312935472986044,4294967295,310,"v_add_f32_e32 v0, v0, v2","",310
312935472986084,4294967295,310,"v_add_f32_e32 v0, v0, v2","",310
312935472986084,4294967295,310,"v_add_f32_e32 v0, v0, v2","",310
312935472986124,4294967295,310,"v_add_f32_e32 v0, v0, v2","",310
312935472986044,4294967295,310,"v_mad_co_u64_u32 v[0:1], null, s4, ttmp9, v[0:1]","",310
312935472986044,4294967295,310,"v_mad_co_u64_u32 v[0:1], null, s4, ttmp9, v[0:1]","",310
312935472986084,4294967295,310,"v_add_f32_e32 v0, v0, v2","",310
312935472986084,4294967295,310,"v_add_f32_e32 v0, v0, v2","",310
312935472982844,4294967295,310,"v_add_f32_e32 v0, v0, v2","",310
312935472982844,4294967295,310,"v_add_f32_e32 v0, v0, v2","",310
312935472982884,4294967295,310,"v_add_f32_e32 v0, v0, v2","",310
312935472988444,4294967295,310,"v_add_f32_e32 v0, v0, v2","",310
312935472988444,4294967295,310,"v_add_f32_e32 v0, v0, v2","",310
312935472988484,4294967295,310,"v_add_f32_e32 v0, v0, v2","",310
312935472988484,4294967295,310,"v_add_f32_e32 v0, v0, v2","",310
312935472988444,4294967295,310,"v_add_f32_e32 v0, v0, v2","",310
312935472988444,4294967295,310,"v_add_f32_e32 v0, v0, v2","",310
312935472988484,4294967295,310,"v_add_f32_e32 v0, v0, v2","",310
312935472988484,4294967295,310,"v_add_f32_e32 v0, v0, v2","",310
312935472994444,4294967295,310,"v_add_f32_e32 v0, v0, v2","",310
312935472995284,4294967295,310,"v_add_f32_e32 v0, v0, v2","",310
312935472995324,4294967295,310,"v_add_f32_e32 v0, v0, v2","",310
312935472995324,4294967295,310,"v_add_f32_e32 v0, v0, v2","",310
312935472995364,4294967295,310,"v_add_f32_e32 v0, v0, v2","",310
312935472994444,4294967295,310,"v_add_f32_e32 v0, v0, v2","",310
312935472996564,4294967295,310,"v_add_f32_e32 v0, v0, v2","",310
312935472996564,4294967295,310,"v_add_f32_e32 v0, v0, v2","",310
312935472996604,4294967295,310,"v_add_f32_e32 v0, v0, v2","",310
312935472996604,4294967295,310,"v_add_f32_e32 v0, v0, v2","",310
312935472994444,4294967295,310,"v_add_f32_e32 v0, v0, v2","",310
312935472994484,4294967295,310,"v_add_f32_e32 v0, v0, v2","",310
312935473009924,4294967295,310,"v_add_f32_e32 v0, v0, v2","",310
312935473009924,4294967295,310,"v_add_f32_e32 v0, v0, v2","",310
312935473009964,4294967295,310,"v_add_f32_e32 v0, v0, v2","",310
312935473009964,4294967295,310,"v_add_f32_e32 v0, v0, v2","",310
312935473012844,4294967295,310,"v_add_f32_e32 v0, v0, v2","",310
312935473012884,4294967295,310,"v_add_f32_e32 v0, v0, v2","",310
312935473012884,4294967295,310,"v_add_f32_e32 v0, v0, v2","",310
312935473012924,4294967295,310,"v_add_f32_e32 v0, v0, v2","",310
312935473012844,4294967295,310,"v_add_f32_e32 v0, v0, v2","",310
312935473012844,4294967295,310,"v_add_f32_e32 v0, v0, v2","",310
312935473012884,4294967295,310,"v_add_f32_e32 v0, v0, v2","",310
312935473012884,4294967295,310,"v_add_f32_e32 v0, v0, v2","",310
312935473013364,4294967295,310,"v_add_f32_e32 v0, v0, v2","",310
312935473013404,4294967295,310,"v_add_f32_e32 v0, v0, v2","",310
312935473015764,4294967295,310,"v_add_f32_e32 v0, v0, v2","",310
312935473015804,4294967295,310,"v_add_f32_e32 v0, v0, v2","",310
312935473015804,4294967295,310,"v_add_f32_e32 v0, v0, v2","",310
312935473015844,4294967295,310,"v_add_f32_e32 v0, v0, v2","",310
312935473018164,4294967295,310,"v_add_f32_e32 v0, v0, v2","",310
312935473018204,4294967295,310,"v_add_f32_e32 v0, v0, v2","",310
312935473018204,4294967295,310,"v_add_f32_e32 v0, v0, v2","",310
312935473018244,4294967295,310,"v_add_f32_e32 v0, v0, v2","",310
312935473018724,4294967295,310,"v_add_f32_e32 v0, v0, v2","",310
312935473018724,4294967295,310,"v_add_f32_e32 v0, v0, v2","",310
312935473018764,4294967295,310,"v_add_f32_e32 v0, v0, v2","",310
312935473018764,4294967295,310,"v_add_f32_e32 v0, v0, v2","",310
312935473022204,4294967295,310,"v_add_f32_e32 v0, v0, v2","",310
312935473022244,4294967295,310,"v_add_f32_e32 v0, v0, v2","",310
312935473022244,4294967295,310,"v_add_f32_e32 v0, v0, v2","",310
312935473022284,4294967295,310,"v_add_f32_e32 v0, v0, v2","",310
312935473024924,4294967295,310,"v_add_f32_e32 v0, v0, v2","",310
312935473024924,4294967295,310,"v_add_f32_e32 v0, v0, v2","",310
312935473024924,4294967295,310,"v_add_f32_e32 v0, v0, v2","",310
312935473024964,4294967295,310,"v_add_f32_e32 v0, v0, v2","",310
312935473029564,4294967295,310,"v_add_f32_e32 v0, v0, v2","",310
312935473029564,4294967295,310,"v_add_f32_e32 v0, v0, v2","",310
312935473029604,4294967295,310,"v_add_f32_e32 v0, v0, v2","",310
312935473029604,4294967295,310,"v_add_f32_e32 v0, v0, v2","",310
312935473029524,4294967295,310,"v_add_f32_e32 v0, v0, v2","",310
312935473029564,4294967295,310,"v_add_f32_e32 v0, v0, v2","",310
312935473029564,4294967295,310,"v_add_f32_e32 v0, v0, v2","",310
312935473029604,4294967295,310,"v_add_f32_e32 v0, v0, v2","",310
312935473029564,4294967295,310,"v_add_f32_e32 v0, v0, v2","",310
312935473029564,4294967295,310,"v_add_f32_e32 v0, v0, v2","",310
312935473029604,4294967295,310,"v_add_f32_e32 v0, v0, v2","",310
312935473029604,4294967295,310,"v_add_f32_e32 v0, v0, v2","",310
312935473037804,4294967295,310,"v_add_f32_e32 v0, v0, v2","",310
312935473037804,4294967295,310,"v_add_f32_e32 v0, v0, v2","",310
312935473037844,4294967295,310,"v_add_f32_e32 v0, v0, v2","",310
312935473037844,4294967295,310,"v_add_f32_e32 v0, v0, v2","",310
312935473036284,4294967295,310,"v_add_f32_e32 v0, v0, v2","",310
312935473036284,4294967295,310,"v_add_f32_e32 v0, v0, v2","",310
312935473036324,4294967295,310,"v_add_f32_e32 v0, v0, v2","",310
312935473036324,4294967295,310,"v_add_f32_e32 v0, v0, v2","",310
312935473040164,4294967295,310,"v_add_f32_e32 v0, v0, v2","",310
312935473040204,4294967295,310,"v_add_f32_e32 v0, v0, v2","",310
312935473040204,4294967295,310,"v_add_f32_e32 v0, v0, v2","",310
312935473040244,4294967295,310,"v_add_f32_e32 v0, v0, v2","",310
312935482935816,4294967295,317,"v_add_f32_e32 v0, v0, v2","",317
312935482935816,4294967295,317,"v_add_f32_e32 v0, v0, v2","",317
312935482939576,4294967295,317,"v_add_f32_e32 v0, v0, v2","",317
312935482939296,4294967295,317,"v_add_f32_e32 v0, v0, v2","",317
312935482939576,4294967295,317,"v_add_f32_e32 v0, v0, v2","",317
312935482941976,4294967295,317,"v_add_f32_e32 v0, v0, v2","",317
312935482939296,4294967295,317,"v_add_f32_e32 v0, v0, v2","",317
312935482941976,4294967295,317,"v_add_f32_e32 v0, v0, v2","",317
312935482939336,4294967295,317,"v_add_f32_e32 v0, v0, v3","",317
312935482939336,4294967295,317,"v_add_f32_e32 v0, v0, v2","",317
312935482948536,4294967295,317,"v_add_f32_e32 v0, v0, v2","",317
312935482948536,4294967295,317,"v_add_f32_e32 v0, v0, v2","",317
312935482948576,4294967295,317,"v_add_f32_e32 v0, v0, v2","",317
312935482948576,4294967295,317,"v_add_f32_e32 v0, v0, v2","",317
312935482942016,4294967295,317,"v_add_f32_e32 v0, v0, v2","",317
312935482942016,4294967295,317,"v_add_f32_e32 v0, v0, v2","",317
312935482955616,4294967295,317,"v_add_f32_e32 v0, v0, v2","",317
312935482957456,4294967295,317,"v_add_f32_e32 v0, v0, v2","",317
312935482957496,4294967295,317,"v_add_f32_e32 v0, v0, v2","",317
312935482963256,4294967295,317,"v_add_f32_e32 v0, v0, v2","",317
312935482957496,4294967295,317,"v_add_f32_e32 v0, v0, v2","",317
312935482957536,4294967295,317,"v_add_f32_e32 v0, v0, v2","",317
312935482961616,4294967295,317,"v_add_f32_e32 v0, v0, v2","",317
312935482961576,4294967295,317,"v_add_f32_e32 v0, v0, v2","",317
312935482963216,4294967295,317,"v_add_f32_e32 v0, v0, v2","",317
312935482965696,4294967295,317,"v_add_f32_e32 v0, v0, v2","",317
312935482961536,4294967295,317,"v_add_f32_e32 v0, v0, v2","",317
312935482963256,4294967295,317,"v_add_f32_e32 v0, v0, v2","",317
312935482963256,4294967295,317,"v_add_f32_e32 v0, v0, v2","",317
312935482961576,4294967295,317,"v_add_f32_e32 v0, v0, v2","",317
312935482947536,0,317,"s_endpgm","",317
312935482947896,4294967295,317,"v_add_f32_e32 v0, v0, v2","",317
312935482961576,4294967295,317,"v_add_f32_e32 v0, v0, v2","",317
312935482961616,4294967295,317,"v_add_f32_e32 v0, v0, v2","",317
312935482965656,4294967295,317,"v_add_f32_e32 v0, v0, v2","",317
312935482963256,4294967295,317,"v_add_f32_e32 v0, v0, v2","",317
312935482963296,4294967295,317,"v_add_f32_e32 v0, v0, v2","",317
312935482963296,4294967295,317,"v_add_f32_e32 v0, v0, v2","",317
312935482963296,4294967295,317,"v_add_f32_e32 v0, v0, v2","",317
312935482961576,4294967295,317,"v_add_f32_e32 v0, v0, v2","",317
312935482961576,4294967295,317,"v_add_f32_e32 v0, v0, v2","",317
312935482965696,4294967295,317,"v_add_f32_e32 v0, v0, v2","",317
312935482965736,4294967295,317,"v_add_f32_e32 v0, v0, v2","",317
312935482989456,4294967295,317,"v_add_f32_e32 v0, v0, v2","",317
312935482989496,4294967295,317,"v_add_f32_e32 v0, v0, v2","",317
312935482989496,4294967295,317,"v_add_f32_e32 v0, v0, v2","",317
312935482989536,4294967295,317,"v_add_f32_e32 v0, v0, v2","",317
312935482982496,4294967295,317,"v_add_f32_e32 v0, v0, v2","",317
312935482982536,4294967295,317,"v_add_f32_e32 v0, v0, v2","",317
312935482982536,4294967295,317,"v_add_f32_e32 v0, v0, v2","",317
312935482982576,4294967295,317,"v_add_f32_e32 v0, v0, v2","",317
312935482996536,4294967295,317,"v_add_f32_e32 v0, v0, v2","",317
312935482996576,4294967295,317,"v_add_f32_e32 v0, v0, v2","",317
312935482996576,4294967295,317,"v_add_f32_e32 v0, v0, v2","",317
312935482996616,4294967295,317,"v_add_f32_e32 v0, v0, v2","",317
312935482962176,4294967295,317,"v_add_f32_e32 v0, v0, v2","",317
312935482962616,4294967295,317,"v_add_f32_e32 v0, v0, v2","",317
312935482962976,4294967295,317,"v_add_f32_e32 v0, v0, v2","",317
312935482998416,4294967295,317,"v_add_f32_e32 v0, v0, v2","",317
312935482998456,4294967295,317,"v_add_f32_e32 v0, v0, v2","",317
312935482998456,4294967295,317,"v_add_f32_e32 v0, v0, v2","",317
312935482998496,4294967295,317,"v_add_f32_e32 v0, v0, v2","",317
312935483003657,4294967295,317,"v_add_f32_e32 v0, v0, v2","",317
312935483003657,4294967295,317,"v_add_f32_e32 v0, v0, v2","",317
312935483003697,4294967295,317,"v_add_f32_e32 v0, v0, v2","",317
312935483003697,4294967295,317,"v_add_f32_e32 v0, v0, v2","",317
312935483002377,4294967295,317,"v_add_f32_e32 v0, v0, v2","",317
312935483002417,4294967295,317,"v_add_f32_e32 v0, v0, v2","",317
312935483002417,4294967295,317,"v_add_f32_e32 v0, v0, v2","",317
312935483002457,4294967295,317,"v_add_f32_e32 v0, v0, v2","",317
312935483006097,4294967295,317,"v_add_f32_e32 v0, v0, v2","",317
312935483006137,4294967295,317,"v_add_f32_e32 v0, v0, v2","",317
312935483006137,4294967295,317,"v_add_f32_e32 v0, v0, v2","",317
312935483006137,4294967295,317,"v_add_f32_e32 v0, v0, v2","",317
312935483006097,4294967295,317,"v_add_f32_e32 v0, v0, v2","",317
312935483006097,4294967295,317,"v_add_f32_e32 v0, v0, v2","",317
312935483006137,4294967295,317,"v_add_f32_e32 v0, v0, v2","",317
312935483006137,4294967295,317,"v_add_f32_e32 v0, v0, v2","",317
312935483006177,4294967295,317,"v_add_f32_e32 v0, v0, v2","",317
312935483007297,4294967295,317,"v_add_f32_e32 v0, v0, v2","",317
312935483007297,4294967295,317,"v_add_f32_e32 v0, v0, v2","",317
312935483007337,4294967295,317,"v_add_f32_e32 v0, v0, v2","",317
312935483007337,4294967295,317,"v_add_f32_e32 v0, v0, v2","",317
312935483009417,4294967295,317,"v_add_f32_e32 v0, v0, v2","",317
312935483006097,4294967295,317,"v_add_f32_e32 v0, v0, v2","",317
312935483010497,4294967295,317,"v_add_f32_e32 v0, v0, v2","",317
312935483006137,4294967295,317,"v_add_f32_e32 v0, v0, v2","",317
312935483006137,4294967295,317,"v_add_f32_e32 v0, v0, v2","",317
312935483010497,4294967295,317,"v_add_f32_e32 v0, v0, v2","",317
312935483009417,4294967295,317,"v_add_f32_e32 v0, v0, v2","",317
312935483010537,4294967295,317,"v_add_f32_e32 v0, v0, v2","",317
312935483009417,4294967295,317,"v_add_f32_e32 v0, v0, v2","",317
312935483009457,4294967295,317,"v_add_f32_e32 v0, v0, v2","",317
312935483009457,4294967295,317,"v_add_f32_e32 v0, v0, v2","",317
312935483009497,4294967295,317,"v_add_f32_e32 v0, v0, v2","",317
312935483010537,4294967295,317,"v_add_f32_e32 v0, v0, v2","",317
312935483010457,4294967295,317,"v_add_f32_e32 v0, v0, v2","",317
312935483010497,4294967295,317,"v_add_f32_e32 v0, v0, v2","",317
312935483010497,4294967295,317,"v_add_f32_e32 v0, v0, v2","",317
312935483010537,4294967295,317,"v_add_f32_e32 v0, v0, v2","",317
312935483009457,4294967295,317,"v_add_f32_e32 v0, v0, v2","",317
312935483009457,4294967295,317,"v_add_f32_e32 v0, v0, v2","",317
312935483010497,4294967295,317,"v_add_f32_e32 v0, v0, v2","",317
312935483010497,4294967295,317,"v_add_f32_e32 v0, v0, v2","",317
312935483010537,4294967295,317,"v_add_f32_e32 v0, v0, v2","",317
312935483010537,4294967295,317,"v_add_f32_e32 v0, v0, v2","",317
312935483011297,4294967295,317,"v_add_f32_e32 v0, v0, v2","",317
312935483011297,4294967295,317,"v_add_f32_e32 v0, v0, v2","",317
312935483011337,4294967295,317,"v_add_f32_e32 v0, v0, v2","",317
312935483011297,4294967295,317,"v_add_f32_e32 v0, v0, v2","",317
312935483011297,4294967295,317,"v_add_f32_e32 v0, v0, v2","",317
312935483011337,4294967295,317,"v_add_f32_e32 v0, v0, v2","",317
312935483011337,4294967295,317,"v_add_f32_e32 v0, v0, v2","",317
312935483014457,4294967295,317,"v_add_f32_e32 v0, v0, v2","",317
312935483014457,4294967295,317,"v_add_f32_e32 v0, v0, v2","",317
312935483014497,4294967295,317,"v_add_f32_e32 v0, v0, v2","",317
312935483014417,4294967295,317,"v_add_f32_e32 v0, v0, v2","",317
312935483014457,4294967295,317,"v_add_f32_e32 v0, v0, v2","",317
312935483014457,4294967295,317,"v_add_f32_e32 v0, v0, v2","",317
312935483014497,4294967295,317,"v_add_f32_e32 v0, v0, v2","",317
312935483014457,4294967295,317,"s_wait_loadcnt 0x0","",317
312935483014457,4294967295,317,"v_add_f32_e32 v0, v0, v2","",317
312935483014497,4294967295,317,"v_add_f32_e32 v0, v0, v2","",317
312935483014497,4294967295,317,"v_add_f32_e32 v0, v0, v2","",317
312935492963629,0,323,"s_endpgm","",323
312935492963669,4294967295,323,"v_add_f32_e32 v0, v0, v2","",323
312935492972989,4294967295,323,"s_cbranch_execz 31","",323
312935492972989,4294967295,323,"s_cbranch_execz 31","",323
312935492972989,4294967295,323,"v_add_f32_e32 v0, v0, v2","",323
312935492973029,4294967295,323,"v_add_f32_e32 v0, v0, v2","",323
312935492972989,4294967295,323,"v_add_f32_e32 v0, v0, v2","",323
312935492980589,4294967295,323,"v_add_f32_e32 v0, v0, v2","",323
312935492980509,4294967295,323,"v_add_f32_e32 v0, v0, v2","",323
312935492980549,4294967295,323,"v_add_f32_e32 v0, v0, v2","",323
312935492980549,4294967295,323,"v_add_f32_e32 v0, v0, v2","",323
312935492983829,4294967295,323,"s_load_b64 s[2:3], s[0:1], 0x0","",323
312935492983829,4294967295,323,"v_add_f32_e32 v0, v0, v2","",323
312935492983869,4294967295,323,"v_add_f32_e32 v0, v0, v2","",323
312935492983869,4294967295,323,"v_add_f32_e32 v0, v0, v2","",323
312935492981429,4294967295,323,"v_add_f32_e32 v0, v0, v2","",323
312935492981429,4294967295,323,"v_add_f32_e32 v0, v0, v2","",323
312935492981429,4294967295,323,"v_add_f32_e32 v0, v0, v2","",323
312935492981469,4294967295,323,"v_add_f32_e32 v0, v0, v2","",323
312935492985549,4294967295,323,"v_add_f32_e32 v0, v0, v2","",323
312935492985589,4294967295,323,"v_add_f32_e32 v0, v0, v2","",323
312935492985589,4294967295,323,"v_add_f32_e32 v0, v0, v2","",323
312935492985629,4294967295,323,"v_add_f32_e32 v0, v0, v2","",323
312935492985549,4294967295,323,"v_add_f32_e32 v0, v0, v2","",323
312935492985629,4294967295,323,"v_add_f32_e32 v0, v0, v2","",323
312935492985589,4294967295,323,"v_add_f32_e32 v0, v0, v2","",323
312935492985589,4294967295,323,"v_add_f32_e32 v0, v0, v2","",323
312935492985549,4294967295,323,"v_add_f32_e32 v0, v0, v2","",323
312935492985589,4294967295,323,"v_add_f32_e32 v0, v0, v2","",323
312935492985589,4294967295,323,"v_add_f32_e32 v0, v0, v2","",323
312935492985629,4294967295,323,"v_add_f32_e32 v0, v0, v2","",323
312935492988429,4294967295,323,"v_add_f32_e32 v0, v0, v2","",323
312935492988469,4294967295,323,"v_add_f32_e32 v0, v0, v2","",323
312935492988469,4294967295,323,"v_add_f32_e32 v0, v0, v2","",323
312935492988509,4294967295,323,"v_add_f32_e32 v0, v0, v2","",323
312935492993309,4294967295,323,"v_add_f32_e32 v0, v0, v2","",323
312935492993349,4294967295,323,"v_add_f32_e32 v0, v0, v2","",323
312935492993349,4294967295,323,"v_add_f32_e32 v0, v0, v2","",323
312935492993389,4294967295,323,"v_add_f32_e32 v0, v0, v2","",323
312935492998149,4294967295,323,"v_add_f32_e32 v0, v0, v2","",323
312935492998149,4294967295,323,"v_add_f32_e32 v0, v0, v2","",323
312935492998189,4294967295,323,"v_add_f32_e32 v0, v0, v2","",323
312935492998109,4294967295,323,"v_add_f32_e32 v0, v0, v2","",323
312935492998149,4294967295,323,"v_add_f32_e32 v0, v0, v2","",323
312935493004069,4294967295,323,"v_add_f32_e32 v0, v0, v2","",323
312935493004109,4294967295,323,"v_add_f32_e32 v0, v0, v2","",323
312935493004109,4294967295,323,"v_add_f32_e32 v0, v0, v2","",323
312935493004149,4294967295,323,"v_add_f32_e32 v0, v0, v2","",323
312935493002029,4294967295,323,"v_add_f32_e32 v0, v0, v2","",323
312935493002069,4294967295,323,"v_add_f32_e32 v0, v0, v2","",323
312935493002069,4294967295,323,"v_add_f32_e32 v0, v0, v2","",323
312935493002109,4294967295,323,"v_add_f32_e32 v0, v0, v2","",323
312935492998149,4294967295,323,"v_add_f32_e32 v0, v0, v2","",323
312935492998189,4294967295,323,"v_add_f32_e32 v0, v0, v2","",323
312935493012149,4294967295,323,"v_add_f32_e32 v0, v0, v2","",323
312935493012149,4294967295,323,"v_add_f32_e32 v0, v0, v2","",323
312935493012189,4294967295,323,"v_add_f32_e32 v0, v0, v2","",323
312935493012189,4294967295,323,"v_add_f32_e32 v0, v0, v2","",323
312935493013789,4294967295,323,"v_add_f32_e32 v0, v0, v2","",323
312935493013829,4294967295,323,"v_add_f32_e32 v0, v0, v2","",323
312935493013829,4294967295,323,"v_add_f32_e32 v0, v0, v2","",323
312935493013789,4294967295,323,"v_add_f32_e32 v0, v0, v2","",323
312935493013789,4294967295,323,"v_add_f32_e32 v0, v0, v2","",323
312935493013829,4294967295,323,"v_add_f32_e32 v0, v0, v2","",323
312935493013829,4294967295,323,"v_add_f32_e32 v0, v0, v2","",323
312935493013789,4294967295,323,"v_add_f32_e32 v0, v0, v2","",323
312935493013829,4294967295,323,"v_add_f32_e32 v0, v0, v2","",323
312935493013829,4294967295,323,"v_add_f32_e32 v0, v0, v2","",323
312935493013869,4294967295,323,"v_add_f32_e32 v0, v0, v2","",323
312935493021309,4294967295,323,"v_add_f32_e32 v0, v0, v2","",323
312935493021309,4294967295,323,"v_add_f32_e32 v0, v0, v2","",323
312935493021349,4294967295,323,"v_add_f32_e32 v0, v0, v2","",323
312935493021349,4294967295,323,"v_add_f32_e32 v0, v0, v2","",323
312935493021309,4294967295,323,"v_add_f32_e32 v0, v0, v2","",323
312935493021309,4294967295,323,"v_add_f32_e32 v0, v0, v2","",323
312935493021349,4294967295,323,"v_add_f32_e32 v0, v0, v2","",323
312935493021349,4294967295,323,"v_add_f32_e32 v0, v0, v2","",323
312935493022509,4294967295,323,"v_add_f32_e32 v0, v0, v2","",323
312935493022509,4294967295,323,"v_add_f32_e32 v0, v0, v2","",323
312935493022549,4294967295,323,"v_add_f32_e32 v0, v0, v2","",323
312935493022549,4294967295,323,"v_add_f32_e32 v0, v0, v2","",323
312935493021309,4294967295,323,"v_add_f32_e32 v0, v0, v2","",323
312935493021309,4294967295,323,"v_add_f32_e32 v0, v0, v2","",323
312935493021349,4294967295,323,"v_add_f32_e32 v0, v0, v2","",323
312935493027309,4294967295,323,"v_add_f32_e32 v0, v0, v2","",323
312935493027349,4294967295,323,"v_add_f32_e32 v0, v0, v2","",323
312935493027349,4294967295,323,"v_add_f32_e32 v0, v0, v2","",323
312935493027389,4294967295,323,"v_add_f32_e32 v0, v0, v2","",323
312935493027309,4294967295,323,"v_add_f32_e32 v0, v0, v2","",323
312935493027309,4294967295,323,"v_add_f32_e32 v0, v0, v2","",323
312935493027349,4294967295,323,"v_add_f32_e32 v0, v0, v2","",323
312935493027349,4294967295,323,"v_add_f32_e32 v0, v0, v2","",323
312935493027829,4294967295,323,"v_add_f32_e32 v0, v0, v2","",323
312935493027829,4294967295,323,"v_add_f32_e32 v0, v0, v2","",323
312935493027869,4294967295,323,"v_add_f32_e32 v0, v0, v2","",323
312935493027869,4294967295,323,"v_add_f32_e32 v0, v0, v2","",323
312935493030629,4294967295,323,"v_add_f32_e32 v0, v0, v2","",323
312935493030629,4294967295,323,"v_add_f32_e32 v0, v0, v2","",323
312935493030669,4294967295,323,"v_add_f32_e32 v0, v0, v2","",323
312935493030669,4294967295,323,"v_add_f32_e32 v0, v0, v2","",323
312935493033069,4294967295,323,"v_add_f32_e32 v0, v0, v2","",323
312935493033109,4294967295,323,"v_add_f32_e32 v0, v0, v2","",323
312935493033109,4294967295,323,"v_add_f32_e32 v0, v0, v2","",323
312935493033149,4294967295,323,"v_add_f32_e32 v0, v0, v2","",323
312935493037590,4294967295,323,"v_add_f32_e32 v0, v0, v2","",323
312935493037590,4294967295,323,"v_add_f32_e32 v0, v0, v2","",323
312935493037630,4294967295,323,"v_add_f32_e32 v0, v0, v2","",323
312935493037630,4294967295,323,"v_add_f32_e32 v0, v0, v2","",323
312935493037590,4294967295,323,"v_add_f32_e32 v0, v0, v2","",323
312935493037590,4294967295,323,"v_add_f32_e32 v0, v0, v2","",323
312935493037630,4294967295,323,"v_add_f32_e32 v0, v0, v2","",323
312935493037630,4294967295,323,"v_add_f32_e32 v0, v0, v2","",323
312935493038510,4294967295,323,"v_add_f32_e32 v0, v0, v2","",323
312935493038550,4294967295,323,"v_add_f32_e32 v0, v0, v2","",323
312935493038550,4294967295,323,"v_add_f32_e32 v0, v0, v2","",323
312935493038550,4294967295,323,"v_add_f32_e32 v0, v0, v2","",323
312935493040430,4294967295,323,"v_add_f32_e32 v0, v0, v2","",323
312935493040430,4294967295,323,"v_add_f32_e32 v0, v0, v2","",323
312935493040470,4294967295,323,"v_add_f32_e32 v0, v0, v2","",323
312935493040470,4294967295,323,"v_add_f32_e32 v0, v0, v2","",323
312935502971882,4294967295,329,"v_add_f32_e32 v0, v0, v2","",329
312935502971882,4294967295,329,"v_add_f32_e32 v0, v0, v2","",329
312935502971922,4294967295,329,"v_add_f32_e32 v0, v0, v2","",329
312935502982322,4294967295,329,"v_add_f32_e32 v0, v0, v2","",329
312935502983842,4294967295,329,"v_add_f32_e32 v0, v0, v2","",329
312935502983882,4294967295,329,"v_add_f32_e32 v0, v0, v2","",329
312935502983882,4294967295,329,"v_add_f32_e32 v0, v0, v2","",329
312935502983882,4294967295,329,"v_add_f32_e32 v0, v0, v2","",329
312935502985962,4294967295,329,"s_cbranch_execz 31","",329
312935502986002,4294967295,329,"v_add_f32_e32 v0, v0, v2","",329
312935502986002,4294967295,329,"v_add_f32_e32 v0, v0, v2","",329
312935502986002,4294967295,329,"v_add_f32_e32 v0, v0, v2","",329
312935502990162,4294967295,329,"v_add_f32_e32 v0, v0, v2","",329
312935502990202,4294967295,329,"v_add_f32_e32 v0, v0, v2","",329
312935502990202,4294967295,329,"v_add_f32_e32 v0, v0, v2","",329
312935502990202,4294967295,329,"v_add_f32_e32 v0, v0, v2","",329
312935502994882,4294967295,329,"v_add_f32_e32 v0, v0, v2","",329
312935502994882,4294967295,329,"v_add_f32_e32 v0, v0, v2","",329
312935502994922,4294967295,329,"v_add_f32_e32 v0, v0, v2","",329
312935502994922,4294967295,329,"v_add_f32_e32 v0, v0, v2","",329
312935502993242,4294967295,329,"v_add_f32_e32 v0, v0, v2","",329
312935502993282,4294967295,329,"v_add_f32_e32 v0, v0, v2","",329
312935502993282,4294967295,329,"v_add_f32_e32 v0, v0, v2","",329
312935502993322,4294967295,329,"v_add_f32_e32 v0, v0, v2","",329
312935503000682,4294967295,329,"v_add_f32_e32 v0, v0, v2","",329
312935503000722,4294967295,329,"v_add_f32_e32 v0, v0, v2","",329
312935503000722,4294967295,329,"v_add_f32_e32 v0, v0, v2","",329
312935503000762,4294967295,329,"v_add_f32_e32 v0, v0, v2","",329
312935503000682,4294967295,329,"v_add_f32_e32 v0, v0, v2","",329
312935503000762,4294967295,329,"v_add_f32_e32 v0, v0, v2","",329
312935503000722,4294967295,329,"v_add_f32_e32 v0, v0, v2","",329
312935503000722,4294967295,329,"v_add_f32_e32 v0, v0, v2","",329
312935503000762,4294967295,329,"v_add_f32_e32 v0, v0, v2","",329
312935503000722,4294967295,329,"v_add_f32_e32 v0, v0, v2","",329
312935503000722,4294967295,329,"v_add_f32_e32 v0, v0, v2","",329
312935503000722,4294967295,329,"v_add_f32_e32 v0, v0, v2","",329
312935503000682,4294967295,329,"v_add_f32_e32 v0, v0, v2","",329
312935503000722,4294967295,329,"v_add_f32_e32 v0, v0, v2","",329
312935503000722,4294967295,329,"v_add_f32_e32 v0, v0, v2","",329
312935503000722,4294967295,329,"v_add_f32_e32 v0, v0, v2","",329
312935503007562,0,329,"s_cbranch_execz 9","",329
312935503007602,4294967295,329,"s_wait_kmcnt 0x0","",329
312935503007602,4294967295,329,"v_add_f32_e32 v0, v0, v2","",329
312935503005042,4294967295,329,"v_add_f32_e32 v0, v0, v2","",329
312935503005082,4294967295,329,"v_add_f32_e32 v0, v0, v2","",329
312935503005082,4294967295,329,"v_add_f32_e32 v0, v0, v2","",329
312935503005082,4294967295,329,"v_add_f32_e32 v0, v0, v2","",329
312935503010522,4294967295,329,"v_add_f32_e32 v0, v0, v2","",329
312935503010562,4294967295,329,"v_add_f32_e32 v0, v0, v2","",329
312935503010562,4294967295,329,"v_add_f32_e32 v0, v0, v2","",329
312935503010602,4294967295,329,"v_add_f32_e32 v0, v0, v2","",329
312935503010522,4294967295,329,"v_add_f32_e32 v0, v0, v2","",329
312935503011602,4294967295,329,"v_add_f32_e32 v0, v0, v2","",329
312935503011602,4294967295,329,"v_add_f32_e32 v0, v0, v2","",329
312935503011642,4294967295,329,"v_add_f32_e32 v0, v0, v2","",329
312935503011642,4294967295,329,"v_add_f32_e32 v0, v0, v2","",329
312935503013682,4294967295,329,"v_add_f32_e32 v0, v0, v2","",329
312935503013682,4294967295,329,"v_add_f32_e32 v0, v0, v2","",329
312935503013722,4294967295,329,"v_add_f32_e32 v0, v0, v2","",329
312935503013722,4294967295,329,"v_add_f32_e32 v0, v0, v2","",329
312935503014562,4294967295,329,"v_add_f32_e32 v0, v0, v2","",329
312935503014562,4294967295,329,"v_add_f32_e32 v0, v0, v2","",329
312935503014562,4294967295,329,"v_add_f32_e32 v0, v0, v2","",329
312935503014602,4294967295,329,"v_mad_co_u64_u32 v[0:1], null, s4, ttmp9, v[0:1]","",329
312935503014602,4294967295,329,"v_add_f32_e32 v0, v0, v2","",329
312935503014562,4294967295,329,"v_add_f32_e32 v0, v0, v2","",329
312935503014602,4294967295,329,"v_add_f32_e32 v0, v0, v2","",329
312935503016162,4294967295,329,"v_add_f32_e32 v0, v0, v2","",329
312935503016202,4294967295,329,"v_add_f32_e32 v0, v0, v2","",329
312935503016202,4294967295,329,"v_add_f32_e32 v0, v0, v2","",329
312935503016242,4294967295,329,"v_add_f32_e32 v0, v0, v2","",329
312935503010562,4294967295,329,"v_add_f32_e32 v0, v0, v2","",329
312935503023642,4294967295,329,"v_add_f32_e32 v0, v0, v2","",329
312935503023682,4294967295,329,"v_add_f32_e32 v0, v0, v2","",329
312935503023682,4294967295,329,"v_add_f32_e32 v0, v0, v2","",329
312935503023722,4294967295,329,"v_add_f32_e32 v0, v0, v2","",329
312935503010562,4294967295,329,"v_add_f32_e32 v0, v0, v2","",329
312935503010602,4294967295,329,"v_add_f32_e32 v0, v0, v2","",329
312935503025682,4294967295,329,"v_add_f32_e32 v0, v0, v2","",329
312935503025722,4294967295,329,"v_add_f32_e32 v0, v0, v2","",329
312935503025722,4294967295,329,"v_add_f32_e32 v0, v0, v2","",329
312935503025762,4294967295,329,"v_add_f32_e32 v0, v0, v2","",329
312935503028122,4294967295,329,"v_add_f32_e32 v0, v0, v2","",329
312935503028162,4294967295,329,"v_add_f32_e32 v0, v0, v2","",329
312935503028162,4294967295,329,"v_add_f32_e32 v0, v0, v2","",329
312935503028162,4294967295,329,"v_add_f32_e32 v0, v0, v2","",329
312935503030202,4294967295,329,"v_add_f32_e32 v0, v0, v2","",329
312935503030242,4294967295,329,"v_add_f32_e32 v0, v0, v2","",329
312935503030242,4294967295,329,"v_add_f32_e32 v0, v0, v2","",329
312935503030282,4294967295,329,"v_add_f32_e32 v0, v0, v2","",329
312935503029042,4294967295,329,"v_add_f32_e32 v0, v0, v2","",329
312935503029042,4294967295,329,"v_add_f32_e32 v0, v0, v2","",329
312935503029042,4294967295,329,"v_add_f32_e32 v0, v0, v2","",329
312935503029082,4294967295,329,"v_add_f32_e32 v0, v0, v2","",329
312935503033842,4294967295,329,"v_add_f32_e32 v0, v0, v2","",329
312935503033842,4294967295,329,"v_add_f32_e32 v0, v0, v2","",329
312935503033882,4294967295,329,"v_add_f32_e32 v0, v0, v2","",329
312935503033882,4294967295,329,"v_add_f32_e32 v0, v0, v2","",329
312935503038482,4294967295,329,"v_add_f32_e32 v0, v0, v2","",329
312935503038482,4294967295,329,"v_add_f32_e32 v0, v0, v2","",329
312935503038522,4294967295,329,"v_add_f32_e32 v0, v0, v2","",329
312935503038522,4294967295,329,"v_add_f32_e32 v0, v0, v2","",329
312935503038482,4294967295,329,"v_add_f32_e32 v0, v0, v2","",329
312935503038482,4294967295,329,"v_add_f32_e32 v0, v0, v2","",329
312935503038522,4294967295,329,"v_add_f32_e32 v0, v0, v2","",329
312935503038522,4294967295,329,"v_add_f32_e32 v0, v0, v2","",329
312935503041802,4294967295,329,"v_add_f32_e32 v0, v0, v2","",329
312935503041802,4294967295,329,"v_add_f32_e32 v0, v0, v2","",329
312935503041842,4294967295,329,"v_add_f32_e32 v0, v0, v2","",329
312935503041842,4294967295,329,"v_add_f32_e32 v0, v0, v2","",329
312935503042282,4294967295,329,"v_add_f32_e32 v0, v0, v2","",329
312935503042322,4294967295,329,"v_add_f32_e32 v0, v0, v2","",329
312935503042322,4294967295,329,"v_add_f32_e32 v0, v0, v2","",329
312935503042362,4294967295,329,"v_add_f32_e32 v0, v0, v2","",329
312935503046762,4294967295,329,"v_add_f32_e32 v0, v0, v2","",329
312935503046762,4294967295,329,"v_add_f32_e32 v0, v0, v2","",329
312935503050722,4294967295,329,"v_add_f32_e32 v0, v0, v2","",329
312935503046802,4294967295,329,"v_add_f32_e32 v0, v0, v2","",329
312935503050762,4294967295,329,"v_add_f32_e32 v0, v0, v2","",329
312935503046802,4294967295,329,"v_add_f32_e32 v0, v0, v2","",329
312935503050762,4294967295,329,"v_add_f32_e32 v0, v0, v2","",329
312935503050762,4294967295,329,"v_add_f32_e32 v0, v0, v2","",329
312935503053722,4294967295,329,"v_add_f32_e32 v0, v0, v2","",329
312935503053722,4294967295,329,"v_add_f32_e32 v0, v0, v2","",329
312935503053722,4294967295,329,"v_add_f32_e32 v0, v0, v2","",329
312935512952134,4294967295,336,"v_add_f32_e32 v0, v0, v2","",336
312935512970094,4294967295,336,"v_add_f32_e32 v0, v0, v2","",336
312935512952134,4294967295,336,"v_add_f32_e32 v0, v0, v2","",336
312935512952174,4294967295,336,"v_add_f32_e32 v0, v0, v2","",336
312935512954014,4294967295,336,"v_add_f32_e32 v0, v0, v2","",336
312935512967414,4294967295,336,"v_add_f32_e32 v0, v0, v2","",336
312935512954694,4294967295,336,"v_add_f32_e32 v0, v0, v2","",336
312935512973174,4294967295,336,"v_add_f32_e32 v0, v0, v2","",336
312935512972774,4294967295,336,"v_add_f32_e32 v0, v0, v2","",336
312935512959134,4294967295,336,"v_add_f32_e32 v0, v0, v2","",336
312935512962454,4294967295,336,"v_add_f32_e32 v0, v0, v2","",336
312935512967214,4294967295,336,"v_add_f32_e32 v0, v0, v2","",336
312935512971174,4294967295,336,"v_add_f32_e32 v0, v0, v2","",336
312935512956054,4294967295,336,"v_add_f32_e32 v0, v0, v2","",336
312935512967214,4294967295,336,"v_add_f32_e32 v0, v0, v2","",336
312935512972774,4294967295,336,"v_add_f32_e32 v0, v0, v2","",336
312935512971534,4294967295,336,"v_add_f32_e32 v0, v0, v2","",336
312935512973574,4294967295,336,"v_add_f32_e32 v0, v0, v2","",336
312935512959134,4294967295,336,"v_add_f32_e32 v0, v0, v2","",336
312935512971014,4294967295,336,"v_add_f32_e32 v0, v0, v2","",336
312935512971534,4294967295,336,"v_add_f32_e32 v0, v0, v2","",336
312935512971534,4294967295,336,"v_add_f32_e32 v0, v0, v2","",336
312935512971574,4294967295,336,"v_add_f32_e32 v0, v0, v2","",336
312935512978014,4294967295,336,"v_add_f32_e32 v0, v0, v2","",336
312935512967254,4294967295,336,"v_add_f32_e32 v0, v0, v2","",336
312935512967254,4294967295,336,"v_add_f32_e32 v0, v0, v2","",336
312935512971014,4294967295,336,"v_add_f32_e32 v0, v0, v2","",336
312935512971534,4294967295,336,"v_add_f32_e32 v0, v0, v2","",336
312935512965454,4294967295,336,"v_add_f32_e32 v0, v0, v2","",336
312935512963694,4294967295,336,"v_add_f32_e32 v0, v0, v2","",336
312935512971054,4294967295,336,"v_add_f32_e32 v0, v0, v2","",336
312935512971054,4294967295,336,"v_add_f32_e32 v0, v0, v2","",336
312935512986254,4294967295,336,"v_add_f32_e32 v0, v0, v2","",336
312935512986294,4294967295,336,"v_add_f32_e32 v0, v0, v2","",336
312935512986294,4294967295,336,"v_add_f32_e32 v0, v0, v2","",336
312935512986294,4294967295,336,"v_add_f32_e32 v0, v0, v2","",336
312935512971574,4294967295,336,"v_add_f32_e32 v0, v0, v2","",336
312935512971574,4294967295,336,"v_add_f32_e32 v0, v0, v2","",336
312935512978054,4294967295,336,"v_add_f32_e32 v0, v0, v2","",336
312935512996975,4294967295,336,"v_add_f32_e32 v0, v0, v2","",336
312935512997015,4294967295,336,"v_add_f32_e32 v0, v0, v2","",336
312935512997015,4294967295,336,"v_add_f32_e32 v0, v0, v2","",336
312935512997015,4294967295,336,"v_add_f32_e32 v0, v0, v2","",336
312935512986254,4294967295,336,"v_add_f32_e32 v0, v0, v2","",336
312935512978054,4294967295,336,"global_load_b128 v[0:3], v[0:1], off","",336
312935512978094,4294967295,336,"v_add_f32_e32 v0, v0, v2","",336
312935512986254,4294967295,336,"v_add_f32_e32 v0, v0, v2","",336
312935513002895,4294967295,336,"v_add_f32_e32 v0, v0, v2","",336
312935513002895,4294967295,336,"v_add_f32_e32 v0, v0, v2","",336
312935513002935,4294967295,336,"v_add_f32_e32 v0, v0, v2","",336
312935513002935,4294967295,336,"v_add_f32_e32 v0, v0, v2","",336
312935512986294,4294967295,336,"v_add_f32_e32 v0, v0, v2","",336
312935512986294,4294967295,336,"v_add_f32_e32 v0, v0, v2","",336
312935513002975,4294967295,336,"v_add_f32_e32 v0, v0, v2","",336
312935513001895,4294967295,336,"v_add_f32_e32 v0, v0, v2","",336
312935513001895,4294967295,336,"v_add_f32_e32 v0, v0, v2","",336
312935513001935,4294967295,336,"v_add_f32_e32 v0, v0, v2","",336
312935513001935,4294967295,336,"v_add_f32_e32 v0, v0, v2","",336
312935513002975,4294967295,336,"v_add_f32_e32 v0, v0, v2","",336
312935513004175,4294967295,336,"v_add_f32_e32 v0, v0, v2","",336
312935513004895,4294967295,336,"v_add_f32_e32 v0, v0, v2","",336
312935513004895,4294967295,336,"v_add_f32_e32 v0, v0, v2","",336
312935513004895,4294967295,336,"v_add_f32_e32 v0, v0, v2","",336
312935513004935,4294967295,336,"v_add_f32_e32 v0, v0, v2","",336
312935513009655,4294967295,336,"v_add_f32_e32 v0, v0, v2","",336
312935513009695,4294967295,336,"v_add_f32_e32 v0, v0, v2","",336
312935513009695,4294967295,336,"v_add_f32_e32 v0, v0, v2","",336
312935513010295,4294967295,336,"v_add_f32_e32 v0, v0, v2","",336
312935513010295,4294967295,336,"v_add_f32_e32 v0, v0, v2","",336
312935513010295,4294967295,336,"v_add_f32_e32 v0, v0, v2","",336
312935513010335,4294967295,336,"v_add_f32_e32 v0, v0, v2","",336
312935513009735,4294967295,336,"v_add_f32_e32 v0, v0, v2","",336
312935513003015,4294967295,336,"s_and_b32 s4, s4, 0xffff","",336
312935513003015,4294967295,336,"v_add_f32_e32 v0, v0, v2","",336
312935513013255,4294967295,336,"v_add_f32_e32 v0, v0, v2","",336
312935513013295,4294967295,336,"v_add_f32_e32 v0, v0, v2","",336
312935513013295,4294967295,336,"v_add_f32_e32 v0, v0, v2","",336
312935513013335,4294967295,336,"v_add_f32_e32 v0, v0, v2","",336
312935513013295,4294967295,336,"v_add_f32_e32 v0, v0, v2","",336
312935513013295,4294967295,336,"v_add_f32_e32 v0, v0, v2","",336
312935513013295,4294967295,336,"v_add_f32_e32 v0, v0, v2","",336
312935513013335,4294967295,336,"v_add_f32_e32 v0, v0, v2","",336
312935513004175,4294967295,336,"v_add_f32_e32 v0, v0, v2","",336
312935513004215,4294967295,336,"v_add_f32_e32 v0, v0, v2","",336
312935513004215,4294967295,336,"v_add_f32_e32 v0, v0, v2","",336
312935512989894,4294967295,336,"v_add_f32_e32 v0, v0, v2","",336
312935512990254,4294967295,336,"v_add_f32_e32 v0, v0, v2","",336
312935513017535,4294967295,336,"v_add_f32_e32 v0, v0, v2","",336
312935512991414,4294967295,336,"v_add_f32_e32 v0, v0, v2","",336
312935512991774,4294967295,336,"v_add_f32_e32 v0, v0, v2","",336
312935513017535,4294967295,336,"v_add_f32_e32 v0, v0, v2","",336
312935513017575,4294967295,336,"v_add_f32_e32 v0, v0, v2","",336
312935513017575,4294967295,336,"v_add_f32_e32 v0, v0, v2","",336
312935513019415,4294967295,336,"v_add_f32_e32 v0, v0, v2","",336
312935513025335,4294967295,336,"v_add_f32_e32 v0, v0, v2","",336
312935513025335,4294967295,336,"v_add_f32_e32 v0, v0, v2","",336
312935513025375,4294967295,336,"v_add_f32_e32 v0, v0, v2","",336
312935513025375,4294967295,336,"v_add_f32_e32 v0, v0, v2","",336
312935513019415,4294967295,336,"v_add_f32_e32 v0, v0, v2","",336
312935513019455,4294967295,336,"v_add_f32_e32 v0, v0, v2","",336
312935513019455,4294967295,336,"v_add_f32_e32 v0, v0, v2","",336
312935513026255,4294967295,336,"v_add_f32_e32 v0, v0, v2","",336
312935513026255,4294967295,336,"v_add_f32_e32 v0, v0, v2","",336
312935513026295,4294967295,336,"v_add_f32_e32 v0, v0, v2","",336
312935513026295,4294967295,336,"v_add_f32_e32 v0, v0, v2","",336
312935513003895,4294967295,336,"v_add_f32_e32 v0, v0, v2","",336
312935513004615,4294967295,336,"v_add_f32_e32 v0, v0, v2","",336
312935513030815,4294967295,336,"v_add_f32_e32 v0, v0, v2","",336
312935513030815,4294967295,336,"v_add_f32_e32 v0, v0, v2","",336
312935513030855,4294967295,336,"v_add_f32_e32 v0, v0, v2","",336
312935513030855,4294967295,336,"v_add_f32_e32 v0, v0, v2","",336
312935513034855,4294967295,336,"v_add_f32_e32 v0, v0, v2","",336
312935513034855,4294967295,336,"v_add_f32_e32 v0, v0, v2","",336
312935513034855,4294967295,336,"v_add_f32_e32 v0, v0, v2","",336
312935513034895,4294967295,336,"v_add_f32_e32 v0, v0, v2","",336
312935513038495,4294967295,336,"v_add_f32_e32 v0, v0, v2","",336
312935513038535,4294967295,336,"v_add_f32_e32 v0, v0, v2","",336
312935513038535,4294967295,336,"v_add_f32_e32 v0, v0, v2","",336
312935513038575,4294967295,336,"v_add_f32_e32 v0, v0, v2","",336
312935513045175,4294967295,336,"v_add_f32_e32 v0, v0, v2","",336
312935513045175,4294967295,336,"v_add_f32_e32 v0, v0, v2","",336
312935513048455,4294967295,336,"v_add_f32_e32 v0, v0, v2","",336
312935513048495,4294967295,336,"v_add_f32_e32 v0, v0, v2","",336
312935513045215,4294967295,336,"v_add_f32_e32 v0, v0, v2","",336
312935513045215,4294967295,336,"v_add_f32_e32 v0, v0, v2","",336
312935513048495,4294967295,336,"v_add_f32_e32 v0, v0, v2","",336
312935513048535,4294967295,336,"v_add_f32_e32 v0, v0, v2","",336
312935522984187,4294967295,342,"v_add_f32_e32 v0, v0, v2","",342
312935522984227,4294967295,342,"v_add_f32_e32 v0, v0, v2","",342
312935522985867,4294967295,342,"v_add_f32_e32 v0, v0, v2","",342
312935522985667,4294967295,342,"v_add_f32_e32 v0, v0, v2","",342
312935522991347,4294967295,342,"v_add_f32_e32 v0, v0, v2","",342
312935522991347,4294967295,342,"v_add_f32_e32 v0, v0, v2","",342
312935522991387,4294967295,342,"v_add_f32_e32 v0, v0, v2","",342
312935522991387,4294967295,342,"v_add_f32_e32 v0, v0, v2","",342
312935522991347,4294967295,342,"v_add_f32_e32 v0, v0, v2","",342
312935522991387,4294967295,342,"v_add_f32_e32 v0, v0, v2","",342
312935522991387,4294967295,342,"v_add_f32_e32 v0, v0, v2","",342
312935522995347,4294967295,342,"v_add_f32_e32 v0, v0, v2","",342
312935522995387,4294967295,342,"v_add_f32_e32 v0, v0, v2","",342
312935522995347,4294967295,342,"v_add_f32_e32 v0, v0, v2","",342
312935522995347,4294967295,342,"v_add_f32_e32 v0, v0, v2","",342
312935522995307,4294967295,342,"v_add_f32_e32 v0, v0, v2","",342
312935522995347,4294967295,342,"v_add_f32_e32 v0, v0, v2","",342
312935522995387,4294967295,342,"v_add_f32_e32 v0, v0, v2","",342
312935522995347,4294967295,342,"v_add_f32_e32 v0, v0, v2","",342
312935522995387,0,342,"s_cbranch_execz 9","",342
312935522995427,4294967295,342,"v_add_f32_e32 v0, v0, v2","",342
312935522995427,4294967295,342,"v_add_f32_e32 v0, v0, v2","",342
312935522995347,4294967295,342,"v_add_f32_e32 v0, v0, v2","",342
312935522995387,4294967295,342,"v_add_f32_e32 v0, v0, v2","",342
312935522995347,4294967295,342,"v_add_f32_e32 v0, v0, v2","",342
312935522995347,4294967295,342,"v_add_f32_e32 v0, v0, v2","",342
312935523000187,4294967295,342,"v_add_f32_e32 v0, v0, v2","",342
312935523000187,4294967295,342,"v_add_f32_e32 v0, v0, v2","",342
312935523000187,4294967295,342,"v_add_f32_e32 v0, v0, v2","",342
312935523000227,4294967295,342,"v_add_f32_e32 v0, v0, v2","",342
312935523003307,4294967295,342,"v_add_f32_e32 v0, v0, v2","",342
312935523003307,4294967295,342,"v_add_f32_e32 v0, v0, v2","",342
312935523003307,4294967295,342,"v_add_f32_e32 v0, v0, v2","",342
312935523003347,4294967295,342,"v_add_f32_e32 v0, v0, v2","",342
312935523003307,4294967295,342,"v_add_f32_e32 v0, v0, v2","",342
312935523003307,4294967295,342,"v_add_f32_e32 v0, v0, v2","",342
312935523010147,4294967295,342,"v_add_f32_e32 v0, v0, v2","",342
312935523010147,4294967295,342,"v_add_f32_e32 v0, v0, v2","",342
312935523003307,4294967295,342,"v_add_f32_e32 v0, v0, v2","",342
312935523003347,4294967295,342,"v_add_f32_e32 v0, v0, v2","",342
312935523010187,4294967295,342,"v_add_f32_e32 v0, v0, v2","",342
312935523010187,4294967295,342,"v_add_f32_e32 v0, v0, v2","",342
312935523010147,4294967295,342,"v_add_f32_e32 v0, v0, v2","",342
312935523010147,4294967295,342,"v_add_f32_e32 v0, v0, v2","",342
312935523010187,4294967295,342,"v_add_f32_e32 v0, v0, v2","",342
312935523010187,4294967295,342,"v_add_f32_e32 v0, v0, v2","",342
312935523021347,4294967295,342,"v_add_f32_e32 v0, v0, v2","",342
312935523021387,4294967295,342,"v_add_f32_e32 v0, v0, v2","",342
312935523021387,4294967295,342,"v_add_f32_e32 v0, v0, v2","",342
312935523021427,4294967295,342,"v_add_f32_e32 v0, v0, v2","",342
312935523020467,4294967295,342,"v_add_f32_e32 v0, v0, v2","",342
312935523020507,4294967295,342,"v_add_f32_e32 v0, v0, v2","",342
312935523020507,4294967295,342,"v_add_f32_e32 v0, v0, v2","",342
312935523020547,4294967295,342,"v_add_f32_e32 v0, v0, v2","",342
312935523021347,4294967295,342,"v_add_f32_e32 v0, v0, v2","",342
312935523021387,4294967295,342,"v_add_f32_e32 v0, v0, v2","",342
312935523021387,4294967295,342,"v_add_f32_e32 v0, v0, v2","",342
312935523021427,4294967295,342,"v_add_f32_e32 v0, v0, v2","",342
312935523024747,4294967295,342,"v_add_f32_e32 v0, v0, v2","",342
312935523024747,4294967295,342,"v_add_f32_e32 v0, v0, v2","",342
312935523024787,4294967295,342,"v_add_f32_e32 v0, v0, v2","",342
312935523024747,4294967295,342,"v_add_f32_e32 v0, v0, v2","",342
312935523022627,4294967295,342,"v_add_f32_e32 v0, v0, v2","",342
312935523022627,4294967295,342,"v_add_f32_e32 v0, v0, v2","",342
312935523022667,4294967295,342,"v_add_f32_e32 v0, v0, v2","",342
312935523022667,4294967295,342,"v_add_f32_e32 v0, v0, v2","",342
312935523028588,4294967295,342,"v_add_f32_e32 v0, v0, v2","",342
312935523028628,4294967295,342,"v_add_f32_e32 v0, v0, v2","",342
312935523028628,4294967295,342,"v_add_f32_e32 v0, v0, v2","",342
312935523028668,4294967295,342,"v_add_f32_e32 v0, v0, v2","",342
312935523029668,4294967295,342,"v_add_f32_e32 v0, v0, v2","",342
312935523029668,4294967295,342,"v_add_f32_e32 v0, v0, v2","",342
312935523029708,4294967295,342,"v_add_f32_e32 v0, v0, v2","",342
312935523029708,4294967295,342,"v_add_f32_e32 v0, v0, v2","",342
312935523029668,4294967295,342,"v_add_f32_e32 v0, v0, v2","",342
312935523029668,4294967295,342,"v_add_f32_e32 v0, v0, v2","",342
312935523029708,4294967295,342,"v_add_f32_e32 v0, v0, v2","",342
312935523029708,4294967295,342,"v_add_f32_e32 v0, v0, v2","",342
312935523030188,4294967295,342,"v_add_f32_e32 v0, v0, v2","",342
312935523030188,4294967295,342,"v_add_f32_e32 v0, v0, v2","",342
312935523030228,4294967295,342,"v_add_f32_e32 v0, v0, v2","",342
312935523030228,4294967295,342,"v_add_f32_e32 v0, v0, v2","",342
312935523033868,4294967295,342,"v_add_f32_e32 v0, v0, v2","",342
312935523033868,4294967295,342,"v_add_f32_e32 v0, v0, v2","",342
312935523033908,4294967295,342,"v_add_f32_e32 v0, v0, v2","",342
312935523033908,4294967295,342,"v_add_f32_e32 v0, v0, v2","",342
312935523034788,4294967295,342,"v_add_f32_e32 v0, v0, v2","",342
312935523034788,4294967295,342,"v_add_f32_e32 v0, v0, v2","",342
312935523034828,4294967295,342,"v_add_f32_e32 v0, v0, v2","",342
312935523034828,4294967295,342,"v_add_f32_e32 v0, v0, v2","",342
312935523035428,4294967295,342,"v_add_f32_e32 v0, v0, v2","",342
312935523035428,4294967295,342,"v_add_f32_e32 v0, v0, v2","",342
312935523035468,4294967295,342,"v_add_f32_e32 v0, v0, v2","",342
312935523035468,4294967295,342,"v_add_f32_e32 v0, v0, v2","",342
312935523037188,4294967295,342,"v_add_f32_e32 v0, v0, v2","",342
312935523037188,4294967295,342,"v_add_f32_e32 v0, v0, v2","",342
312935523037228,4294967295,342,"v_add_f32_e32 v0, v0, v2","",342
312935523037228,4294967295,342,"v_add_f32_e32 v0, v0, v2","",342
312935523036668,4294967295,342,"v_add_f32_e32 v0, v0, v2","",342
312935523036708,4294967295,342,"v_add_f32_e32 v0, v0, v2","",342
312935523036708,4294967295,342,"v_add_f32_e32 v0, v0, v2","",342
312935523036748,4294967295,342,"v_add_f32_e32 v0, v0, v2","",342
312935523040468,4294967295,342,"v_add_f32_e32 v0, v0, v2","",342
312935523040468,4294967295,342,"v_add_f32_e32 v0, v0, v2","",342
312935523040508,4294967295,342,"v_add_f32_e32 v0, v0, v2","",342
312935523040508,4294967295,342,"v_add_f32_e32 v0, v0, v2","",342
312935523045348,4294967295,342,"v_add_f32_e32 v0, v0, v2","",342
312935523045388,4294967295,342,"v_add_f32_e32 v0, v0, v2","",342
312935523045388,4294967295,342,"v_add_f32_e32 v0, v0, v2","",342
312935523045428,4294967295,342,"v_add_f32_e32 v0, v0, v2","",342
312935523045348,4294967295,342,"v_add_f32_e32 v0, v0, v2","",342
312935523045348,4294967295,342,"v_add_f32_e32 v0, v0, v2","",342
312935523045388,4294967295,342,"v_add_f32_e32 v0, v0, v2","",342
312935523045388,4294967295,342,"v_add_f32_e32 v0, v0, v2","",342
312935523046068,4294967295,342,"v_add_f32_e32 v0, v0, v2","",342
312935523046108,4294967295,342,"v_add_f32_e32 v0, v0, v2","",342
312935523046108,4294967295,342,"v_add_f32_e32 v0, v0, v2","",342
312935523046148,4294967295,342,"v_add_f32_e32 v0, v0, v2","",342
312935523046068,4294967295,342,"v_add_f32_e32 v0, v0, v2","",342
312935523046108,4294967295,342,"v_add_f32_e32 v0, v0, v2","",342
312935523046108,4294967295,342,"v_add_f32_e32 v0, v0, v2","",342
312935523046788,4294967295,342,"v_add_f32_e32 v0, v0, v2","",342
312935523046788,4294967295,342,"v_add_f32_e32 v0, v0, v2","",342
312935523046148,4294967295,342,"v_add_f32_e32 v0, v0, v2","",342
312935523046828,4294967295,342,"v_add_f32_e32 v0, v0, v2","",342
312935532974000,4294967295,348,"v_add_f32_e32 v0, v0, v2","",348
312935532963920,4294967295,348,"v_add_f32_e32 v0, v0, v2","",348
312935532971080,4294967295,348,"v_add_f32_e32 v0, v0, v2","",348
312935532963040,4294967295,348,"v_add_f32_e32 v0, v0, v2","",348
312935532980800,4294967295,348,"v_add_f32_e32 v0, v0, v2","",348
312935532968720,4294967295,348,"v_add_f32_e32 v0, v0, v2","",348
312935532980040,4294967295,348,"v_add_f32_e32 v0, v0, v2","",348
312935532967800,4294967295,348,"v_add_f32_e32 v0, v0, v2","",348
312935532965440,4294967295,348,"v_add_f32_e32 v0, v0, v2","",348
312935532976840,4294967295,348,"v_add_f32_e32 v0, v0, v2","",348
312935532968720,4294967295,348,"v_add_f32_e32 v0, v0, v2","",348
312935532971680,4294967295,348,"v_add_f32_e32 v0, v0, v2","",348
312935532968760,4294967295,348,"v_add_f32_e32 v0, v0, v2","",348
312935532968760,4294967295,348,"v_add_f32_e32 v0, v0, v2","",348
312935532967840,4294967295,348,"v_add_f32_e32 v0, v0, v2","",348
312935532980680,4294967295,348,"v_add_f32_e32 v0, v0, v2","",348
312935532966440,4294967295,348,"v_add_f32_e32 v0, v0, v2","",348
312935532978200,4294967295,348,"v_add_f32_e32 v0, v0, v2","",348
312935532979200,4294967295,348,"v_add_f32_e32 v0, v0, v2","",348
312935532980640,4294967295,348,"v_add_f32_e32 v0, v0, v2","",348
312935532968080,4294967295,348,"v_add_f32_e32 v0, v0, v2","",348
312935532978200,4294967295,348,"v_add_f32_e32 v0, v0, v2","",348
312935532971680,4294967295,348,"v_add_f32_e32 v0, v0, v2","",348
312935532985720,4294967295,348,"v_add_f32_e32 v0, v0, v2","",348
312935533010960,4294967295,348,"v_add_f32_e32 v0, v0, v2","",348
312935532970240,4294967295,348,"v_add_f32_e32 v0, v0, v2","",348
312935532970600,4294967295,348,"v_add_f32_e32 v0, v0, v2","",348
312935532987680,4294967295,348,"v_add_f32_e32 v0, v0, v2","",348
312935532993080,4294967295,348,"v_add_f32_e32 v0, v0, v2","",348
312935533002680,4294967295,348,"v_add_f32_e32 v0, v0, v2","",348
312935532993120,4294967295,348,"v_add_f32_e32 v0, v0, v2","",348
312935533002720,4294967295,348,"v_add_f32_e32 v0, v0, v2","",348
312935533002720,4294967295,348,"v_add_f32_e32 v0, v0, v2","",348
312935533002760,4294967295,348,"v_add_f32_e32 v0, v0, v2","",348
312935533000320,4294967295,348,"v_add_f32_e32 v0, v0, v2","",348
312935532974800,4294967295,348,"v_add_f32_e32 v0, v0, v2","",348
312935532975160,4294967295,348,"v_add_f32_e32 v0, v0, v2","",348
312935532975520,4294967295,348,"v_add_f32_e32 v0, v0, v2","",348
312935532980680,4294967295,348,"v_add_f32_e32 v0, v0, v2","",348
312935532978240,4294967295,348,"v_add_f32_e32 v0, v0, v2","",348
312935532978240,4294967295,348,"v_add_f32_e32 v0, v0, v2","",348
312935533019920,4294967295,348,"v_add_f32_e32 v0, v0, v2","",348
312935532980080,4294967295,348,"v_add_f32_e32 v0, v0, v2","",348
312935533010960,4294967295,348,"v_add_f32_e32 v0, v0, v2","",348
312935533019440,4294967295,348,"v_add_f32_e32 v0, v0, v2","",348
312935533021760,4294967295,348,"v_add_f32_e32 v0, v0, v2","",348
312935533020440,4294967295,348,"v_add_f32_e32 v0, v0, v2","",348
312935533021760,4294967295,348,"v_add_f32_e32 v0, v0, v2","",348
312935533021760,4294967295,348,"v_add_f32_e32 v0, v0, v2","",348
312935533021800,4294967295,348,"v_add_f32_e32 v0, v0, v2","",348
312935532982440,4294967295,348,"v_add_f32_e32 v0, v0, v2","",348
312935532982800,4294967295,348,"v_add_f32_e32 v0, v0, v2","",348
312935532983200,4294967295,348,"v_add_f32_e32 v0, v0, v2","",348
312935533019440,4294967295,348,"v_add_f32_e32 v0, v0, v2","",348
312935533023000,4294967295,348,"v_add_f32_e32 v0, v0, v2","",348
312935533020480,4294967295,348,"v_add_f32_e32 v0, v0, v2","",348
312935533025160,4294967295,348,"v_add_f32_e32 v0, v0, v2","",348
312935533025680,4294967295,348,"v_add_f32_e32 v0, v0, v2","",348
312935532989080,4294967295,348,"v_add_f32_e32 v0, v0, v2","",348
312935532989440,4294967295,348,"v_add_f32_e32 v0, v0, v2","",348
312935532989800,4294967295,348,"v_add_f32_e32 v0, v0, v2","",348
312935532990200,4294967295,348,"v_add_f32_e32 v0, v0, v2","",348
312935532990560,4294967295,348,"v_add_f32_e32 v0, v0, v2","",348
312935533019960,4294967295,348,"v_add_f32_e32 v0, v0, v2","",348
312935533019960,4294967295,348,"v_add_f32_e32 v0, v0, v2","",348
312935533025160,4294967295,348,"v_add_f32_e32 v0, v0, v2","",348
312935532992440,4294967295,348,"v_add_f32_e32 v0, v0, v2","",348
312935532992840,4294967295,348,"v_add_f32_e32 v0, v0, v2","",348
312935533027320,4294967295,348,"v_add_f32_e32 v0, v0, v2","",348
312935533027320,4294967295,348,"v_add_f32_e32 v0, v0, v2","",348
312935533027360,4294967295,348,"v_add_f32_e32 v0, v0, v2","",348
312935533027360,4294967295,348,"v_add_f32_e32 v0, v0, v2","",348
312935533028440,4294967295,348,"v_add_f32_e32 v0, v0, v2","",348
312935533028480,4294967295,348,"v_add_f32_e32 v0, v0, v2","",348
312935533028480,4294967295,348,"v_add_f32_e32 v0, v0, v2","",348
312935533028520,4294967295,348,"v_add_f32_e32 v0, v0, v2","",348
312935532996320,4294967295,348,"v_add_f32_e32 v0, v0, v2","",348
312935532996720,4294967295,348,"v_add_f32_e32 v0, v0, v2","",348
312935532997080,4294967295,348,"v_add_f32_e32 v0, v0, v2","",348
312935532997440,4294967295,348,"v_add_f32_e32 v0, v0, v2","",348
312935533025680,4294967295,348,"v_add_f32_e32 v0, v0, v2","",348
312935533032000,4294967295,348,"v_add_f32_e32 v0, v0, v2","",348
312935533032000,4294967295,348,"v_add_f32_e32 v0, v0, v2","",348
312935533032040,4294967295,348,"v_add_f32_e32 v0, v0, v2","",348
312935533032040,4294967295,348,"v_add_f32_e32 v0, v0, v2","",348
312935533011000,4294967295,348,"v_add_f32_e32 v0, v0, v2","",348
312935533011000,4294967295,348,"v_add_f32_e32 v0, v0, v2","",348
312935533030640,4294967295,348,"v_add_f32_e32 v0, v0, v2","",348
312935533030640,4294967295,348,"v_add_f32_e32 v0, v0, v2","",348
312935533030680,4294967295,348,"v_add_f32_e32 v0, v0, v2","",348
312935533030680,4294967295,348,"v_add_f32_e32 v0, v0, v2","",348
312935533002920,4294967295,348,"v_add_f32_e32 v0, v0, v2","",348
312935533003760,4294967295,348,"v_add_f32_e32 v0, v0, v2","",348
312935533031160,4294967295,348,"v_add_f32_e32 v0, v0, v2","",348
312935533031160,4294967295,348,"v_add_f32_e32 v0, v0, v2","",348
312935533031200,4294967295,348,"v_add_f32_e32 v0, v0, v2","",348
312935533031200,4294967295,348,"v_add_f32_e32 v0, v0, v2","",348
312935533025720,4294967295,348,"v_add_f32_e32 v0, v0, v2","",348
312935533025720,4294967295,348,"v_add_f32_e32 v0, v0, v2","",348
312935533006800,4294967295,348,"v_add_f32_e32 v0, v0, v2","",348
312935533007160,4294967295,348,"v_add_f32_e32 v0, v0, v2","",348
312935533007560,4294967295,348,"v_add_f32_e32 v0, v0, v2","",348
312935533008320,4294967295,348,"v_add_f32_e32 v0, v0, v2","",348
312935533008880,4294967295,348,"v_add_f32_e32 v0, v0, v2","",348
312935533010120,4294967295,348,"v_add_f32_e32 v0, v0, v2","",348
312935533025200,4294967295,348,"v_add_f32_e32 v0, v0, v2","",348
312935533025200,4294967295,348,"v_add_f32_e32 v0, v0, v2","",348
312935533040560,4294967295,348,"v_add_f32_e32 v0, v0, v2","",348
312935533040600,4294967295,348,"v_add_f32_e32 v0, v0, v2","",348
312935533040600,4294967295,348,"v_add_f32_e32 v0, v0, v2","",348
312935533040600,4294967295,348,"v_add_f32_e32 v0, v0, v2","",348
312935533014520,4294967295,348,"v_add_f32_e32 v0, v0, v2","",348
312935533014880,4294967295,348,"v_add_f32_e32 v0, v0, v2","",348
312935533019480,4294967295,348,"v_mad_co_u64_u32 v[0:1], null, s4, ttmp9, v[0:1]","",348
312935533019480,4294967295,348,"v_add_f32_e32 v0, v0, v2","",348
312935533020480,4294967295,348,"v_add_f32_e32 v0, v0, v2","",348
312935533020520,4294967295,348,"v_add_f32_e32 v0, v0, v2","",348
312935533023040,4294967295,348,"v_add_f32_e32 v0, v0, v2","",348
312935533023040,4294967295,348,"v_add_f32_e32 v0, v0, v2","",348
312935533023080,4294967295,348,"v_add_f32_e32 v0, v0, v2","",348
312935533047240,4294967295,348,"v_add_f32_e32 v0, v0, v2","",348
312935533047280,4294967295,348,"v_add_f32_e32 v0, v0, v2","",348
312935533047280,4294967295,348,"v_add_f32_e32 v0, v0, v2","",348
312935542988813,4294967295,354,"v_add_f32_e32 v0, v0, v2","",354
312935542988853,4294967295,354,"v_add_f32_e32 v0, v0, v2","",354
312935542988853,4294967295,354,"v_add_f32_e32 v0, v0, v2","",354
312935542988893,4294967295,354,"v_add_f32_e32 v0, v0, v2","",354
312935543001373,4294967295,354,"v_add_f32_e32 v0, v0, v2","",354
312935543001333,4294967295,354,"v_add_f32_e32 v0, v0, v2","",354
312935543001333,4294967295,354,"v_add_f32_e32 v0, v0, v2","",354
312935543001373,4294967295,354,"v_add_f32_e32 v0, v0, v2","",354
312935543003733,4294967295,354,"s_load_b64 s[2:3], s[0:1], 0x10","",354
312935543003773,4294967295,354,"v_add_f32_e32 v0, v0, v2","",354
312935543003813,4294967295,354,"v_add_f32_e32 v0, v0, v2","",354
312935543003773,4294967295,354,"v_add_f32_e32 v0, v0, v2","",354
312935543004653,4294967295,354,"v_add_f32_e32 v0, v0, v2","",354
312935543004653,4294967295,354,"v_add_f32_e32 v0, v0, v2","",354
312935543004693,4294967295,354,"v_add_f32_e32 v0, v0, v2","",354
312935543010493,4294967295,354,"v_add_f32_e32 v0, v0, v2","",354
312935543010453,4294967295,354,"v_add_f32_e32 v0, v0, v2","",354
312935543010453,0,354,"s_cbranch_execz 9","",354
312935543010493,4294967295,354,"v_add_f32_e32 v0, v0, v2","",354
312935543010493,4294967295,354,"v_add_f32_e32 v0, v0, v2","",354
312935543010453,4294967295,354,"v_add_f32_e32 v0, v0, v2","",354
312935543010493,4294967295,354,"v_add_f32_e32 v0, v0, v2","",354
312935543010493,4294967295,354,"v_add_f32_e32 v0, v0, v2","",354
312935543010533,4294967295,354,"v_add_f32_e32 v0, v0, v2","",354
312935543010453,4294967295,354,"v_add_f32_e32 v0, v0, v2","",354
312935543010493,4294967295,354,"v_add_f32_e32 v0, v0, v2","",354
312935543010493,4294967295,354,"v_add_f32_e32 v0, v0, v2","",354
312935543010533,4294967295,354,"v_add_f32_e32 v0, v0, v2","",354
312935543013573,4294967295,354,"v_add_f32_e32 v0, v0, v2","",354
312935543013773,4294967295,354,"v_add_f32_e32 v0, v0, v2","",354
312935543013773,4294967295,354,"v_add_f32_e32 v0, v0, v2","",354
312935543013773,4294967295,354,"v_add_f32_e32 v0, v0, v2","",354
312935543013693,4294967295,354,"v_add_f32_e32 v0, v0, v2","",354
312935543013693,4294967295,354,"v_add_f32_e32 v0, v0, v2","",354
312935543013733,4294967295,354,"v_add_f32_e32 v0, v0, v2","",354
312935543013733,4294967295,354,"v_add_f32_e32 v0, v0, v2","",354
312935543013613,4294967295,354,"v_add_f32_e32 v0, v0, v2","",354
312935543013613,4294967295,354,"v_add_f32_e32 v0, v0, v2","",354
312935543013653,4294967295,354,"v_add_f32_e32 v0, v0, v2","",354
312935543013653,4294967295,354,"v_add_f32_e32 v0, v0, v2","",354
312935543010493,4294967295,354,"v_add_f32_e32 v0, v0, v2","",354
312935543010533,4294967295,354,"v_add_f32_e32 v0, v0, v2","",354
312935543018213,4294967295,354,"v_add_f32_e32 v0, v0, v2","",354
312935543018213,4294967295,354,"v_add_f32_e32 v0, v0, v2","",354
312935543018253,4294967295,354,"v_add_f32_e32 v0, v0, v2","",354
312935543018253,4294967295,354,"v_add_f32_e32 v0, v0, v2","",354
312935543019053,4294967295,354,"v_add_f32_e32 v0, v0, v2","",354
312935543019093,4294967295,354,"v_add_f32_e32 v0, v0, v2","",354
312935543019093,4294967295,354,"v_add_f32_e32 v0, v0, v2","",354
312935543019133,4294967295,354,"v_add_f32_e32 v0, v0, v2","",354
312935543019093,4294967295,354,"v_add_f32_e32 v0, v0, v2","",354
312935543019093,4294967295,354,"v_add_f32_e32 v0, v0, v2","",354
312935543019093,4294967295,354,"v_add_f32_e32 v0, v0, v2","",354
312935543019093,4294967295,354,"v_add_f32_e32 v0, v0, v2","",354
312935543019133,4294967295,354,"v_add_f32_e32 v0, v0, v2","",354
312935543019133,4294967295,354,"v_add_f32_e32 v0, v0, v2","",354
312935543019133,4294967295,354,"v_add_f32_e32 v0, v0, v2","",354
312935543019133,4294967295,354,"v_add_f32_e32 v0, v0, v2","",354
312935543020693,4294967295,354,"v_add_f32_e32 v0, v0, v2","",354
312935543020693,0,354,"s_cbranch_execz 9","",354
312935543020733,4294967295,354,"v_add_f32_e32 v0, v0, v2","",354
312935543020773,4294967295,354,"v_add_f32_e32 v0, v0, v2","",354
312935543020773,4294967295,354,"v_add_f32_e32 v0, v0, v2","",354
312935543020813,4294967295,354,"v_add_f32_e32 v0, v0, v2","",354
312935543020733,4294967295,354,"v_add_f32_e32 v0, v0, v2","",354
312935543030933,4294967295,354,"v_add_f32_e32 v0, v0, v2","",354
312935543030933,4294967295,354,"v_add_f32_e32 v0, v0, v2","",354
312935543030973,4294967295,354,"v_add_f32_e32 v0, v0, v2","",354
312935543030973,4294967295,354,"v_add_f32_e32 v0, v0, v2","",354
312935543035213,4294967295,354,"v_add_f32_e32 v0, v0, v2","",354
312935543035213,4294967295,354,"v_add_f32_e32 v0, v0, v2","",354
312935543035253,4294967295,354,"v_add_f32_e32 v0, v0, v2","",354
312935543035253,4294967295,354,"v_add_f32_e32 v0, v0, v2","",354
312935543035213,4294967295,354,"v_add_f32_e32 v0, v0, v2","",354
312935543035213,4294967295,354,"v_add_f32_e32 v0, v0, v2","",354
312935543035253,4294967295,354,"v_add_f32_e32 v0, v0, v2","",354
312935543035253,4294967295,354,"v_add_f32_e32 v0, v0, v2","",354
312935543040933,4294967295,354,"v_add_f32_e32 v0, v0, v2","",354
312935543040933,4294967295,354,"v_add_f32_e32 v0, v0, v2","",354
312935543040973,4294967295,354,"v_add_f32_e32 v0, v0, v2","",354
312935543040973,4294967295,354,"v_add_f32_e32 v0, v0, v2","",354
312935543040933,4294967295,354,"v_add_f32_e32 v0, v0, v2","",354
312935543040973,4294967295,354,"v_add_f32_e32 v0, v0, v2","",354
312935543040973,4294967295,354,"v_add_f32_e32 v0, v0, v2","",354
312935543041013,4294967295,354,"v_add_f32_e32 v0, v0, v2","",354
312935543045533,4294967295,354,"v_add_f32_e32 v0, v0, v2","",354
312935543045533,4294967295,354,"v_add_f32_e32 v0, v0, v2","",354
312935543045573,4294967295,354,"v_add_f32_e32 v0, v0, v2","",354
312935543045573,4294967295,354,"v_add_f32_e32 v0, v0, v2","",354
312935543045573,4294967295,354,"v_add_f32_e32 v0, v0, v2","",354
312935543045573,4294967295,354,"v_add_f32_e32 v0, v0, v2","",354
312935543045533,4294967295,354,"v_add_f32_e32 v0, v0, v2","",354
312935543045533,4294967295,354,"v_add_f32_e32 v0, v0, v2","",354
312935543045573,4294967295,354,"v_add_f32_e32 v0, v0, v2","",354
312935543048653,4294967295,354,"v_add_f32_e32 v0, v0, v2","",354
312935543048653,4294967295,354,"v_add_f32_e32 v0, v0, v2","",354
312935543048693,4294967295,354,"v_add_f32_e32 v0, v0, v2","",354
312935543048693,4294967295,354,"v_add_f32_e32 v0, v0, v2","",354
312935543051733,4294967295,354,"v_add_f32_e32 v0, v0, v2","",354
312935543051733,4294967295,354,"v_add_f32_e32 v0, v0, v2","",354
312935543051773,4294967295,354,"v_add_f32_e32 v0, v0, v2","",354
312935543051773,4294967295,354,"v_add_f32_e32 v0, v0, v2","",354
312935543054453,4294967295,354,"v_add_f32_e32 v0, v0, v2","",354
312935543054453,4294967295,354,"v_add_f32_e32 v0, v0, v2","",354
312935543054493,4294967295,354,"v_add_f32_e32 v0, v0, v2","",354
312935543054453,4294967295,354,"v_add_f32_e32 v0, v0, v2","",354
312935543054493,4294967295,354,"v_add_f32_e32 v0, v0, v2","",354
312935543054533,4294967295,354,"v_add_f32_e32 v0, v0, v2","",354
312935543054493,4294967295,354,"v_add_f32_e32 v0, v0, v2","",354
312935543054493,4294967295,354,"v_add_f32_e32 v0, v0, v2","",354
312935543054453,4294967295,354,"v_add_f32_e32 v0, v0, v2","",354
312935543054453,4294967295,354,"v_add_f32_e32 v0, v0, v2","",354
312935543054493,4294967295,354,"v_add_f32_e32 v0, v0, v2","",354
312935543054493,4294967295,354,"v_add_f32_e32 v0, v0, v2","",354
312935543054533,4294967295,354,"v_add_f32_e32 v0, v0, v2","",354
312935543054533,4294967295,354,"v_add_f32_e32 v0, v0, v2","",354
312935543054573,4294967295,354,"v_add_f32_e32 v0, v0, v2","",354
312935543054573,4294967295,354,"v_add_f32_e32 v0, v0, v2","",354
312935543054453,4294967295,354,"v_add_f32_e32 v0, v0, v2","",354
312935543054453,4294967295,354,"v_add_f32_e32 v0, v0, v2","",354
312935543054493,4294967295,354,"v_add_f32_e32 v0, v0, v2","",354
312935543054493,4294967295,354,"v_add_f32_e32 v0, v0, v2","",354
312935552980185,4294967295,361,"v_add_f32_e32 v0, v0, v2","",361
312935552980185,4294967295,361,"v_add_f32_e32 v0, v0, v2","",361
312935552991465,4294967295,361,"v_add_f32_e32 v0, v0, v2","",361
312935552986025,4294967295,361,"v_add_f32_e32 v0, v0, v2","",361
312935552986025,4294967295,361,"v_add_f32_e32 v0, v0, v2","",361
312935552988025,4294967295,361,"v_add_f32_e32 v0, v0, v2","",361
312935552988065,4294967295,361,"v_add_f32_e32 v0, v0, v2","",361
312935552989145,4294967295,361,"v_add_f32_e32 v0, v0, v2","",361
312935552990185,4294967295,361,"v_add_f32_e32 v0, v0, v2","",361
312935552990185,4294967295,361,"v_add_f32_e32 v0, v0, v2","",361
312935552990225,4294967295,361,"v_add_f32_e32 v0, v0, v2","",361
312935552990225,4294967295,361,"v_add_f32_e32 v0, v0, v2","",361
312935552993865,4294967295,361,"v_add_f32_e32 v0, v0, v2","",361
312935552993905,4294967295,361,"v_add_f32_e32 v0, v0, v2","",361
312935552995505,4294967295,361,"v_add_f32_e32 v0, v0, v2","",361
312935552995145,4294967295,361,"v_add_f32_e32 v0, v0, v2","",361
312935552995185,4294967295,361,"v_add_f32_e32 v0, v0, v2","",361
312935552995225,4294967295,361,"v_add_f32_e32 v0, v0, v2","",361
312935552995185,4294967295,361,"v_add_f32_e32 v0, v0, v2","",361
312935553008385,4294967295,361,"v_add_f32_e32 v0, v0, v2","",361
312935553010065,4294967295,361,"v_add_f32_e32 v0, v0, v2","",361
312935553010105,4294967295,361,"v_add_f32_e32 v0, v0, v2","",361
312935553010145,4294967295,361,"v_add_f32_e32 v0, v0, v2","",361
312935553010105,4294967295,361,"v_add_f32_e32 v0, v0, v2","",361
312935553008465,4294967295,361,"v_add_f32_e32 v0, v0, v2","",361
312935553008425,4294967295,361,"v_add_f32_e32 v0, v0, v2","",361
312935553008425,4294967295,361,"v_add_f32_e32 v0, v0, v2","",361
312935553012145,4294967295,361,"v_add_f32_e32 v0, v0, v2","",361
312935553012185,4294967295,361,"v_add_f32_e32 v0, v0, v2","",361
312935553012185,4294967295,361,"v_add_f32_e32 v0, v0, v2","",361
312935553017225,4294967295,361,"v_add_f32_e32 v0, v0, v2","",361
312935553017185,4294967295,361,"v_add_f32_e32 v0, v0, v2","",361
312935553017185,4294967295,361,"v_add_f32_e32 v0, v0, v2","",361
312935553017225,4294967295,361,"v_add_f32_e32 v0, v0, v2","",361
312935553018545,4294967295,361,"v_add_f32_e32 v0, v0, v2","",361
312935553018505,4294967295,361,"v_add_f32_e32 v0, v0, v2","",361
312935553018505,4294967295,361,"v_add_f32_e32 v0, v0, v2","",361
312935553018545,4294967295,361,"v_add_f32_e32 v0, v0, v2","",361
312935553021266,4294967295,361,"v_add_f32_e32 v0, v0, v2","",361
312935553021306,4294967295,361,"v_add_f32_e32 v0, v0, v2","",361
312935553021186,4294967295,361,"v_add_f32_e32 v0, v0, v2","",361
312935553021226,4294967295,361,"v_add_f32_e32 v0, v0, v2","",361
312935553021226,4294967295,361,"v_add_f32_e32 v0, v0, v2","",361
312935553024426,4294967295,361,"v_add_f32_e32 v0, v0, v2","",361
312935553024426,4294967295,361,"v_add_f32_e32 v0, v0, v2","",361
312935553024466,4294967295,361,"v_add_f32_e32 v0, v0, v2","",361
312935553024466,4294967295,361,"v_add_f32_e32 v0, v0, v2","",361
312935553021266,4294967295,361,"v_add_f32_e32 v0, v0, v2","",361
312935553025906,4294967295,361,"v_add_f32_e32 v0, v0, v2","",361
312935553021186,4294967295,361,"v_add_f32_e32 v0, v0, v2","",361
312935553021226,4294967295,361,"v_add_f32_e32 v0, v0, v2","",361
312935553021226,4294967295,361,"v_add_f32_e32 v0, v0, v2","",361
312935553021266,4294967295,361,"v_add_f32_e32 v0, v0, v2","",361
312935553023906,4294967295,361,"v_add_f32_e32 v0, v0, v2","",361
312935553021306,4294967295,361,"v_add_f32_e32 v0, v0, v2","",361
312935553021306,4294967295,361,"v_add_f32_e32 v0, v0, v2","",361
312935553024426,4294967295,361,"v_add_f32_e32 v0, v0, v2","",361
312935553024426,4294967295,361,"v_add_f32_e32 v0, v0, v2","",361
312935553024466,4294967295,361,"v_add_f32_e32 v0, v0, v2","",361
312935553024466,4294967295,361,"v_add_f32_e32 v0, v0, v2","",361
312935553025946,4294967295,361,"v_add_f32_e32 v0, v0, v2","",361
312935553025946,4294967295,361,"v_add_f32_e32 v0, v0, v2","",361
312935553025986,4294967295,361,"v_add_f32_e32 v0, v0, v2","",361
312935553025986,4294967295,361,"v_add_f32_e32 v0, v0, v2","",361
312935553026026,4294967295,361,"v_mad_co_u64_u32 v[0:1], null, s4, ttmp9, v[0:1]","",361
312935553026026,4294967295,361,"v_add_f32_e32 v0, v0, v2","",361
312935553026026,4294967295,361,"v_add_f32_e32 v0, v0, v2","",361
312935553026066,4294967295,361,"v_add_f32_e32 v0, v0, v2","",361
312935553025946,4294967295,361,"v_add_f32_e32 v0, v0, v2","",361
312935553025946,4294967295,361,"v_add_f32_e32 v0, v0, v2","",361
312935553025986,4294967295,361,"v_add_f32_e32 v0, v0, v2","",361
312935553030226,4294967295,361,"v_add_f32_e32 v0, v0, v2","",361
312935553030226,4294967295,361,"v_add_f32_e32 v0, v0, v2","",361
312935553030266,4294967295,361,"v_add_f32_e32 v0, v0, v2","",361
312935553030266,4294967295,361,"v_add_f32_e32 v0, v0, v2","",361
312935553023946,4294967295,361,"v_add_f32_e32 v0, v0, v2","",361
312935553023946,4294967295,361,"v_add_f32_e32 v0, v0, v2","",361
312935553023946,4294967295,361,"v_add_f32_e32 v0, v0, v2","",361
312935553035506,4294967295,361,"v_add_f32_e32 v0, v0, v2","",361
312935553035506,4294967295,361,"v_add_f32_e32 v0, v0, v2","",361
312935553035546,4294967295,361,"v_add_f32_e32 v0, v0, v2","",361
312935553035546,4294967295,361,"v_add_f32_e32 v0, v0, v2","",361
312935553039666,4294967295,361,"v_add_f32_e32 v0, v0, v2","",361
312935553039706,4294967295,361,"v_add_f32_e32 v0, v0, v2","",361
312935553039706,4294967295,361,"v_add_f32_e32 v0, v0, v2","",361
312935553039746,4294967295,361,"v_add_f32_e32 v0, v0, v2","",361
312935553051546,4294967295,361,"v_add_f32_e32 v0, v0, v2","",361
312935553051546,4294967295,361,"v_add_f32_e32 v0, v0, v2","",361
312935553051546,4294967295,361,"v_add_f32_e32 v0, v0, v2","",361
312935553051586,4294967295,361,"v_add_f32_e32 v0, v0, v2","",361
312935553051586,4294967295,361,"v_add_f32_e32 v0, v0, v2","",361
312935553051546,4294967295,361,"v_add_f32_e32 v0, v0, v2","",361
312935553051586,4294967295,361,"v_add_f32_e32 v0, v0, v2","",361
312935553051586,4294967295,361,"v_add_f32_e32 v0, v0, v2","",361
312935553054866,4294967295,361,"v_add_f32_e32 v0, v0, v2","",361
312935553054866,4294967295,361,"v_add_f32_e32 v0, v0, v2","",361
312935553054906,4294967295,361,"v_add_f32_e32 v0, v0, v2","",361
312935553054906,4294967295,361,"v_add_f32_e32 v0, v0, v2","",361
312935553055386,4294967295,361,"v_add_f32_e32 v0, v0, v2","",361
312935553053946,4294967295,361,"v_add_f32_e32 v0, v0, v2","",361
312935553053946,4294967295,361,"v_add_f32_e32 v0, v0, v2","",361
312935553053986,4294967295,361,"v_add_f32_e32 v0, v0, v2","",361
312935553053986,4294967295,361,"v_add_f32_e32 v0, v0, v2","",361
312935553055386,4294967295,361,"v_add_f32_e32 v0, v0, v2","",361
312935553055426,4294967295,361,"v_add_f32_e32 v0, v0, v2","",361
312935553055426,4294967295,361,"v_add_f32_e32 v0, v0, v2","",361
312935553066146,4294967295,361,"v_add_f32_e32 v0, v0, v2","",361
312935553066146,4294967295,361,"v_add_f32_e32 v0, v0, v2","",361
312935553066186,4294967295,361,"v_add_f32_e32 v0, v0, v2","",361
312935553066186,4294967295,361,"v_add_f32_e32 v0, v0, v2","",361
312935553069306,4294967295,361,"v_add_f32_e32 v0, v0, v2","",361
312935553069306,4294967295,361,"v_add_f32_e32 v0, v0, v2","",361
312935553069346,4294967295,361,"v_add_f32_e32 v0, v0, v2","",361
312935553069346,4294967295,361,"v_add_f32_e32 v0, v0, v2","",361
312935553071666,4294967295,361,"v_add_f32_e32 v0, v0, v2","",361
312935553071706,4294967295,361,"v_add_f32_e32 v0, v0, v2","",361
312935553071666,4294967295,361,"v_add_f32_e32 v0, v0, v2","",361
312935553071706,4294967295,361,"v_add_f32_e32 v0, v0, v2","",361
312935562983678,4294967295,367,"v_add_f32_e32 v0, v0, v2","",367
312935562990718,4294967295,367,"v_add_f32_e32 v0, v0, v2","",367
312935562982598,4294967295,367,"v_add_f32_e32 v0, v0, v2","",367
312935562983638,4294967295,367,"v_add_f32_e32 v0, v0, v2","",367
312935562984598,4294967295,367,"v_add_f32_e32 v0, v0, v2","",367
312935562983958,4294967295,367,"v_add_f32_e32 v0, v0, v2","",367
312935562983678,4294967295,367,"v_add_f32_e32 v0, v0, v2","",367
312935562985438,4294967295,367,"v_add_f32_e32 v0, v0, v2","",367
312935562994398,4294967295,367,"v_add_f32_e32 v0, v0, v2","",367
312935562985998,4294967295,367,"v_add_f32_e32 v0, v0, v2","",367
312935562985998,4294967295,367,"v_add_f32_e32 v0, v0, v2","",367
312935562988758,4294967295,367,"v_add_f32_e32 v0, v0, v2","",367
312935562988758,4294967295,367,"v_add_f32_e32 v0, v0, v2","",367
312935562988798,4294967295,367,"v_add_f32_e32 v0, v0, v2","",367
312935562985478,4294967295,367,"v_add_f32_e32 v0, v0, v2","",367
312935562984558,4294967295,367,"v_add_f32_e32 v0, v0, v2","",367
312935562982558,4294967295,367,"v_add_f32_e32 v0, v0, v2","",367
312935562993478,4294967295,367,"v_add_f32_e32 v0, v0, v2","",367
312935562985478,4294967295,367,"v_add_f32_e32 v0, v0, v2","",367
312935562992278,4294967295,367,"v_add_f32_e32 v0, v0, v2","",367
312935563003238,4294967295,367,"v_add_f32_e32 v0, v0, v2","",367
312935562984598,4294967295,367,"v_add_f32_e32 v0, v0, v2","",367
312935562988598,4294967295,367,"v_add_f32_e32 v0, v0, v2","",367
312935562985998,4294967295,367,"v_add_f32_e32 v0, v0, v2","",367
312935563003238,4294967295,367,"v_add_f32_e32 v0, v0, v2","",367
312935562985998,4294967295,367,"v_add_f32_e32 v0, v0, v2","",367
312935563021878,4294967295,367,"v_add_f32_e32 v0, v0, v2","",367
312935563021918,4294967295,367,"v_add_f32_e32 v0, v0, v2","",367
312935563021918,4294967295,367,"v_add_f32_e32 v0, v0, v2","",367
312935563021958,4294967295,367,"v_add_f32_e32 v0, v0, v2","",367
312935562988118,4294967295,367,"v_add_f32_e32 v0, v0, v2","",367
312935562989358,4294967295,367,"v_add_f32_e32 v0, v0, v2","",367
312935563023558,4294967295,367,"v_add_f32_e32 v0, v0, v2","",367
312935563028758,4294967295,367,"v_add_f32_e32 v0, v0, v2","",367
312935563026198,4294967295,367,"v_add_f32_e32 v0, v0, v2","",367
312935562995438,4294967295,367,"v_add_f32_e32 v0, v0, v2","",367
312935562990518,4294967295,367,"v_add_f32_e32 v0, v0, v2","",367
312935562990918,4294967295,367,"v_add_f32_e32 v0, v0, v2","",367
312935562991318,4294967295,367,"v_add_f32_e32 v0, v0, v2","",367
312935562991678,4294967295,367,"v_add_f32_e32 v0, v0, v2","",367
312935563031278,4294967295,367,"v_add_f32_e32 v0, v0, v2","",367
312935563026238,4294967295,367,"v_add_f32_e32 v0, v0, v2","",367
312935563037118,4294967295,367,"v_add_f32_e32 v0, v0, v2","",367
312935563031318,4294967295,367,"v_add_f32_e32 v0, v0, v2","",367
312935563026238,4294967295,367,"v_add_f32_e32 v0, v0, v2","",367
312935563026278,4294967295,367,"v_add_f32_e32 v0, v0, v2","",367
312935563023558,4294967295,367,"v_add_f32_e32 v0, v0, v2","",367
312935563023598,4294967295,367,"v_add_f32_e32 v0, v0, v2","",367
312935563023598,4294967295,367,"v_add_f32_e32 v0, v0, v2","",367
312935563037118,4294967295,367,"v_add_f32_e32 v0, v0, v2","",367
312935563037158,4294967295,367,"v_add_f32_e32 v0, v0, v2","",367
312935563037158,4294967295,367,"v_add_f32_e32 v0, v0, v2","",367
312935563037198,4294967295,367,"v_add_f32_e32 v0, v0, v2","",367
312935563036078,4294967295,367,"v_add_f32_e32 v0, v0, v2","",367
312935563037118,4294967295,367,"v_add_f32_e32 v0, v0, v2","",367
312935563037118,4294967295,367,"v_add_f32_e32 v0, v0, v2","",367
312935563037158,4294967295,367,"v_add_f32_e32 v0, v0, v2","",367
312935563037158,4294967295,367,"v_add_f32_e32 v0, v0, v2","",367
312935563037198,4294967295,367,"v_add_f32_e32 v0, v0, v2","",367
312935563036118,4294967295,367,"v_add_f32_e32 v0, v0, v2","",367
312935563036118,4294967295,367,"v_add_f32_e32 v0, v0, v2","",367
312935563036158,4294967295,367,"v_add_f32_e32 v0, v0, v2","",367
312935563037118,4294967295,367,"v_add_f32_e32 v0, v0, v2","",367
312935563037158,4294967295,367,"v_add_f32_e32 v0, v0, v2","",367
312935563031318,4294967295,367,"v_add_f32_e32 v0, v0, v2","",367
312935563031358,4294967295,367,"v_add_f32_e32 v0, v0, v2","",367
312935563037118,4294967295,367,"v_add_f32_e32 v0, v0, v2","",367
312935563037158,4294967295,367,"v_add_f32_e32 v0, v0, v2","",367
312935563037158,4294967295,367,"v_add_f32_e32 v0, v0, v2","",367
312935563004238,4294967295,367,"v_add_f32_e32 v0, v0, v2","",367
312935563004598,4294967295,367,"v_add_f32_e32 v0, v0, v2","",367
312935563038958,4294967295,367,"v_add_f32_e32 v0, v0, v2","",367
312935563038958,4294967295,367,"v_add_f32_e32 v0, v0, v2","",367
312935563038998,4294967295,367,"v_add_f32_e32 v0, v0, v2","",367
312935563038998,4294967295,367,"v_add_f32_e32 v0, v0, v2","",367
312935563037158,4294967295,367,"v_add_f32_e32 v0, v0, v2","",367
312935563037158,4294967295,367,"v_add_f32_e32 v0, v0, v2","",367
312935563038958,4294967295,367,"v_add_f32_e32 v0, v0, v2","",367
312935563038958,4294967295,367,"v_add_f32_e32 v0, v0, v2","",367
312935563038998,4294967295,367,"v_add_f32_e32 v0, v0, v2","",367
312935563038998,4294967295,367,"v_add_f32_e32 v0, v0, v2","",367
312935563037198,4294967295,367,"v_add_f32_e32 v0, v0, v2","",367
312935563028758,4294967295,367,"v_add_f32_e32 v0, v0, v2","",367
312935563012118,4294967295,367,"v_add_f32_e32 v0, v0, v2","",367
312935563039798,4294967295,367,"v_add_f32_e32 v0, v0, v2","",367
312935563039838,4294967295,367,"v_add_f32_e32 v0, v0, v2","",367
312935563039838,4294967295,367,"v_add_f32_e32 v0, v0, v2","",367
312935563039878,4294967295,367,"v_add_f32_e32 v0, v0, v2","",367
312935563028798,4294967295,367,"v_add_f32_e32 v0, v0, v2","",367
312935563028798,4294967295,367,"v_add_f32_e32 v0, v0, v2","",367
312935563016278,4294967295,367,"v_add_f32_e32 v0, v0, v2","",367
312935563016638,4294967295,367,"v_add_f32_e32 v0, v0, v2","",367
312935563041958,4294967295,367,"v_add_f32_e32 v0, v0, v2","",367
312935563041998,4294967295,367,"v_add_f32_e32 v0, v0, v2","",367
312935563041998,4294967295,367,"v_add_f32_e32 v0, v0, v2","",367
312935563042038,4294967295,367,"v_add_f32_e32 v0, v0, v2","",367
312935563041958,4294967295,367,"v_add_f32_e32 v0, v0, v2","",367
312935563041998,4294967295,367,"v_add_f32_e32 v0, v0, v2","",367
312935563041998,4294967295,367,"v_add_f32_e32 v0, v0, v2","",367
312935563041998,4294967295,367,"v_add_f32_e32 v0, v0, v2","",367
312935563042038,4294967295,367,"v_add_f32_e32 v0, v0, v2","",367
312935563042038,4294967295,367,"v_add_f32_e32 v0, v0, v2","",367
312935563042838,4294967295,367,"v_add_f32_e32 v0, v0, v2","",367
312935563042918,4294967295,367,"v_add_f32_e32 v0, v0, v2","",367
312935563042918,4294967295,367,"v_add_f32_e32 v0, v0, v2","",367
312935563042958,4294967295,367,"v_add_f32_e32 v0, v0, v2","",367
312935563023798,4294967295,367,"v_add_f32_e32 v0, v0, v2","",367
312935563024558,4294967295,367,"v_add_f32_e32 v0, v0, v2","",367
312935563042878,4294967295,367,"v_add_f32_e32 v0, v0, v2","",367
312935563042878,4294967295,367,"v_add_f32_e32 v0, v0, v2","",367
312935563037158,4294967295,367,"v_add_f32_e32 v0, v0, v2","",367
312935563037158,4294967295,367,"v_add_f32_e32 v0, v0, v2","",367
312935563037198,4294967295,367,"v_add_f32_e32 v0, v0, v2","",367
312935563029478,0,367,"s_cbranch_execz 9","",367
312935563031598,4294967295,367,"v_add_f32_e32 v0, v0, v2","",367
312935563047958,4294967295,367,"v_add_f32_e32 v0, v0, v2","",367
312935563047998,4294967295,367,"v_add_f32_e32 v0, v0, v2","",367
312935563047998,4294967295,367,"v_add_f32_e32 v0, v0, v2","",367
312935563048038,4294967295,367,"v_add_f32_e32 v0, v0, v2","",367
312935573011810,4294967295,373,"v_add_co_u32 v0, vcc_lo, s2, v0","",373
312935573011850,4294967295,373,"v_add_f32_e32 v0, v0, v2","",373
312935573017530,4294967295,373,"v_add_co_u32 v0, vcc_lo, s2, v0","",373
312935573011850,4294967295,373,"v_add_f32_e32 v0, v0, v2","",373
312935573021210,4294967295,373,"v_add_f32_e32 v0, v0, v2","",373
312935573021210,4294967295,373,"v_add_f32_e32 v0, v0, v2","",373
312935573021250,4294967295,373,"v_add_f32_e32 v0, v0, v2","",373
312935573021250,4294967295,373,"v_add_f32_e32 v0, v0, v2","",373
312935573026330,4294967295,373,"v_add_f32_e32 v0, v0, v2","",373
312935573026290,4294967295,373,"v_add_f32_e32 v0, v0, v2","",373
312935573026290,4294967295,373,"v_add_f32_e32 v0, v0, v2","",373
312935573026330,4294967295,373,"v_add_f32_e32 v0, v0, v2","",373
312935573032130,4294967295,373,"v_add_f32_e32 v0, v0, v2","",373
312935573032170,4294967295,373,"v_add_f32_e32 v0, v0, v2","",373
312935573032170,4294967295,373,"v_add_f32_e32 v0, v0, v2","",373
312935573032170,4294967295,373,"v_add_f32_e32 v0, v0, v2","",373
312935573034250,4294967295,373,"v_add_f32_e32 v0, v0, v2","",373
312935573034210,4294967295,373,"v_add_f32_e32 v0, v0, v2","",373
312935573034210,4294967295,373,"v_add_f32_e32 v0, v0, v2","",373
312935573034250,4294967295,373,"v_add_f32_e32 v0, v0, v2","",373
312935573034210,4294967295,373,"v_add_f32_e32 v0, v0, v2","",373
312935573034250,4294967295,373,"v_add_f32_e32 v0, v0, v2","",373
312935573034250,4294967295,373,"v_add_f32_e32 v0, v0, v2","",373
312935573034290,4294967295,373,"v_add_f32_e32 v0, v0, v2","",373
312935573034210,4294967295,373,"v_add_f32_e32 v0, v0, v2","",373
312935573034210,4294967295,373,"v_add_f32_e32 v0, v0, v2","",373
312935573034250,4294967295,373,"v_add_f32_e32 v0, v0, v2","",373
312935573034250,4294967295,373,"v_add_f32_e32 v0, v0, v2","",373
312935573039050,4294967295,373,"v_add_f32_e32 v0, v0, v2","",373
312935573039050,4294967295,373,"v_add_f32_e32 v0, v0, v2","",373
312935573039090,4294967295,373,"v_add_f32_e32 v0, v0, v2","",373
312935573039090,4294967295,373,"v_add_f32_e32 v0, v0, v2","",373
312935573035570,4294967295,373,"v_add_f32_e32 v0, v0, v2","",373
312935573035570,4294967295,373,"v_add_f32_e32 v0, v0, v2","",373
312935573035610,4294967295,373,"v_add_f32_e32 v0, v0, v2","",373
312935573035610,4294967295,373,"v_add_f32_e32 v0, v0, v2","",373
312935573043050,4294967295,373,"v_add_f32_e32 v0, v0, v2","",373
312935573043050,4294967295,373,"v_add_f32_e32 v0, v0, v2","",373
312935573043090,4294967295,373,"v_add_f32_e32 v0, v0, v2","",373
312935573043090,4294967295,373,"v_add_f32_e32 v0, v0, v2","",373
312935573043130,4294967295,373,"v_add_f32_e32 v0, v0, v2","",373
312935573043130,4294967295,373,"v_add_f32_e32 v0, v0, v2","",373
312935573043170,4294967295,373,"v_add_f32_e32 v0, v0, v2","",373
312935573043170,4294967295,373,"v_add_f32_e32 v0, v0, v2","",373
312935573043050,4294967295,373,"v_add_f32_e32 v0, v0, v2","",373
312935573043090,4294967295,373,"v_add_f32_e32 v0, v0, v2","",373
312935573043090,4294967295,373,"v_add_f32_e32 v0, v0, v2","",373
312935573043130,4294967295,373,"v_add_f32_e32 v0, v0, v2","",373
312935573045490,4294967295,373,"v_add_f32_e32 v0, v0, v2","",373
312935573045490,4294967295,373,"v_add_f32_e32 v0, v0, v2","",373
312935573045490,4294967295,373,"v_add_f32_e32 v0, v0, v2","",373
312935573045530,4294967295,373,"v_add_f32_e32 v0, v0, v2","",373
312935573053130,4294967295,373,"v_add_f32_e32 v0, v0, v2","",373
312935573053130,4294967295,373,"v_add_f32_e32 v0, v0, v2","",373
312935573053170,4294967295,373,"v_add_f32_e32 v0, v0, v2","",373
312935573053170,4294967295,373,"v_add_f32_e32 v0, v0, v2","",373
312935573055250,4294967295,373,"v_add_f32_e32 v0, v0, v2","",373
312935573055290,4294967295,373,"v_add_f32_e32 v0, v0, v2","",373
312935573055290,4294967295,373,"v_add_f32_e32 v0, v0, v2","",373
312935573055330,4294967295,373,"v_add_f32_e32 v0, v0, v2","",373
312935573057810,4294967295,373,"v_add_f32_e32 v0, v0, v2","",373
312935573057850,4294967295,373,"v_add_f32_e32 v0, v0, v2","",373
312935573057850,4294967295,373,"v_add_f32_e32 v0, v0, v2","",373
312935573057890,4294967295,373,"v_add_f32_e32 v0, v0, v2","",373
312935573060930,4294967295,373,"v_add_f32_e32 v0, v0, v2","",373
312935573060970,4294967295,373,"v_add_f32_e32 v0, v0, v2","",373
312935573060970,4294967295,373,"v_add_f32_e32 v0, v0, v2","",373
312935573061010,4294967295,373,"v_add_f32_e32 v0, v0, v2","",373
312935573066690,4294967295,373,"v_add_f32_e32 v0, v0, v2","",373
312935573066730,4294967295,373,"v_add_f32_e32 v0, v0, v2","",373
312935573066730,4294967295,373,"v_add_f32_e32 v0, v0, v2","",373
312935573066770,4294967295,373,"v_add_f32_e32 v0, v0, v2","",373
312935573069090,4294967295,373,"v_add_f32_e32 v0, v0, v2","",373
312935573069090,4294967295,373,"v_add_f32_e32 v0, v0, v2","",373
312935573069090,4294967295,373,"v_add_f32_e32 v0, v0, v2","",373
312935573069130,4294967295,373,"v_add_f32_e32 v0, v0, v2","",373
312935573069130,4294967295,373,"v_add_f32_e32 v0, v0, v2","",373
312935573069090,4294967295,373,"v_add_f32_e32 v0, v0, v2","",373
312935573069130,4294967295,373,"v_add_f32_e32 v0, v0, v2","",373
312935573069130,4294967295,373,"v_add_f32_e32 v0, v0, v2","",373
312935573069170,4294967295,373,"v_add_f32_e32 v0, v0, v2","",373
312935573069090,4294967295,373,"v_add_f32_e32 v0, v0, v2","",373
312935573069090,4294967295,373,"v_add_f32_e32 v0, v0, v2","",373
312935573069130,4294967295,373,"v_add_f32_e32 v0, v0, v2","",373
312935573069130,4294967295,373,"v_add_f32_e32 v0, v0, v2","",373
312935573075290,4294967295,373,"v_add_f32_e32 v0, v0, v2","",373
312935573075330,4294967295,373,"v_add_f32_e32 v0, v0, v2","",373
312935573075330,4294967295,373,"v_add_f32_e32 v0, v0, v2","",373
312935573075330,4294967295,373,"v_add_f32_e32 v0, v0, v2","",373
312935573071130,4294967295,373,"v_add_f32_e32 v0, v0, v2","",373
312935573071130,4294967295,373,"v_add_f32_e32 v0, v0, v2","",373
312935573071170,4294967295,373,"v_add_f32_e32 v0, v0, v2","",373
312935573071170,4294967295,373,"v_add_f32_e32 v0, v0, v2","",373
312935573076570,4294967295,373,"v_add_f32_e32 v0, v0, v2","",373
312935573074650,4294967295,373,"v_add_f32_e32 v0, v0, v2","",373
312935573074650,4294967295,373,"v_add_f32_e32 v0, v0, v2","",373
312935573074690,4294967295,373,"v_add_f32_e32 v0, v0, v2","",373
312935573074690,4294967295,373,"v_add_f32_e32 v0, v0, v2","",373
312935573076570,4294967295,373,"v_add_f32_e32 v0, v0, v2","",373
312935573076610,4294967295,373,"v_add_f32_e32 v0, v0, v2","",373
312935573076610,4294967295,373,"v_add_f32_e32 v0, v0, v2","",373
312935573078290,4294967295,373,"v_add_f32_e32 v0, v0, v2","",373
312935573078330,4294967295,373,"v_add_f32_e32 v0, v0, v2","",373
312935573078330,4294967295,373,"v_add_f32_e32 v0, v0, v2","",373
312935573078370,4294967295,373,"v_add_f32_e32 v0, v0, v2","",373
312935573079410,4294967295,373,"v_add_f32_e32 v0, v0, v2","",373
312935573079450,4294967295,373,"v_add_f32_e32 v0, v0, v2","",373
312935573079450,4294967295,373,"v_add_f32_e32 v0, v0, v2","",373
312935573079490,4294967295,373,"v_add_f32_e32 v0, v0, v2","",373
312935573081810,4294967295,373,"v_add_f32_e32 v0, v0, v2","",373
312935573081810,4294967295,373,"v_add_f32_e32 v0, v0, v2","",373
312935573081850,4294967295,373,"v_add_f32_e32 v0, v0, v2","",373
312935573081850,4294967295,373,"v_add_f32_e32 v0, v0, v2","",373
312935573081290,4294967295,373,"v_add_f32_e32 v0, v0, v2","",373
312935573081290,4294967295,373,"v_add_f32_e32 v0, v0, v2","",373
312935573081330,4294967295,373,"v_add_f32_e32 v0, v0, v2","",373
312935573081330,4294967295,373,"v_add_f32_e32 v0, v0, v2","",373
312935573081810,4294967295,373,"s_wait_loadcnt 0x0","",373
312935573081810,4294967295,373,"v_add_f32_e32 v0, v0, v2","",373
312935573081850,4294967295,373,"s_wait_loadcnt 0x0","",373
312935573088451,4294967295,373,"v_add_f32_e32 v0, v0, v2","",373
312935573088451,4294967295,373,"v_add_f32_e32 v0, v0, v2","",373
312935573088491,4294967295,373,"v_add_f32_e32 v0, v0, v2","",373
312935573088491,4294967295,373,"v_add_f32_e32 v0, v0, v2","",373
312935582994942,4294967295,380,"v_add_f32_e32 v0, v0, v2","",380
312935582996262,4294967295,380,"v_add_f32_e32 v0, v0, v2","",380
312935582998382,4294967295,380,"v_add_f32_e32 v0, v0, v2","",380
312935582997542,4294967295,380,"v_add_f32_e32 v0, v0, v2","",380
312935582997542,4294967295,380,"v_add_f32_e32 v0, v0, v2","",380
312935582997582,4294967295,380,"v_add_f32_e32 v0, v0, v2","",380
312935582996262,4294967295,380,"v_add_f32_e32 v0, v0, v2","",380
312935583010902,4294967295,380,"v_add_f32_e32 v0, v0, v2","",380
312935582996302,4294967295,380,"v_add_f32_e32 v0, v0, v2","",380
312935582995982,4294967295,380,"v_add_f32_e32 v0, v0, v2","",380
312935583004582,4294967295,380,"v_add_f32_e32 v0, v0, v2","",380
312935583005502,4294967295,380,"v_add_f32_e32 v0, v0, v2","",380
312935583004582,4294967295,380,"v_add_f32_e32 v0, v0, v2","",380
312935583008742,4294967295,380,"v_add_f32_e32 v0, v0, v2","",380
312935583010502,4294967295,380,"v_add_f32_e32 v0, v0, v2","",380
312935583004622,4294967295,380,"v_add_f32_e32 v0, v0, v2","",380
312935583005502,4294967295,380,"v_add_f32_e32 v0, v0, v2","",380
312935582999342,4294967295,380,"v_add_f32_e32 v0, v0, v2","",380
312935583010182,4294967295,380,"v_add_f32_e32 v0, v0, v2","",380
312935583015503,4294967295,380,"v_add_f32_e32 v0, v0, v2","",380
312935583015023,4294967295,380,"v_add_f32_e32 v0, v0, v2","",380
312935583005502,4294967295,380,"v_add_f32_e32 v0, v0, v2","",380
312935583007422,4294967295,380,"v_add_f32_e32 v0, v0, v2","",380
312935583013062,4294967295,380,"v_add_f32_e32 v0, v0, v2","",380
312935583015023,4294967295,380,"v_add_f32_e32 v0, v0, v2","",380
312935583008742,4294967295,380,"v_add_f32_e32 v0, v0, v2","",380
312935583008782,4294967295,380,"v_add_f32_e32 v0, v0, v2","",380
312935583008782,4294967295,380,"v_add_f32_e32 v0, v0, v2","",380
312935583013062,4294967295,380,"v_add_f32_e32 v0, v0, v2","",380
312935583041583,4294967295,380,"v_add_f32_e32 v0, v0, v2","",380
312935583015543,4294967295,380,"v_add_f32_e32 v0, v0, v2","",380
312935583022143,4294967295,380,"v_add_f32_e32 v0, v0, v2","",380
312935583022183,4294967295,380,"v_add_f32_e32 v0, v0, v2","",380
312935583015543,4294967295,380,"v_add_f32_e32 v0, v0, v2","",380
312935583015583,4294967295,380,"v_add_f32_e32 v0, v0, v2","",380
312935583015023,4294967295,380,"v_add_f32_e32 v0, v0, v2","",380
312935583015063,4294967295,380,"v_add_f32_e32 v0, v0, v2","",380
312935583022183,4294967295,380,"v_add_f32_e32 v0, v0, v2","",380
312935583022223,4294967295,380,"v_add_f32_e32 v0, v0, v2","",380
312935583041503,4294967295,380,"v_add_f32_e32 v0, v0, v2","",380
312935583041543,4294967295,380,"v_add_f32_e32 v0, v0, v2","",380
312935583041543,4294967295,380,"v_add_f32_e32 v0, v0, v2","",380
312935583013102,4294967295,380,"v_add_f32_e32 v0, v0, v2","",380
312935583015023,4294967295,380,"v_add_f32_e32 v0, v0, v2","",380
312935583048463,4294967295,380,"v_add_f32_e32 v0, v0, v2","",380
312935583045103,4294967295,380,"v_add_f32_e32 v0, v0, v2","",380
312935583045143,4294967295,380,"v_add_f32_e32 v0, v0, v2","",380
312935583045143,4294967295,380,"v_add_f32_e32 v0, v0, v2","",380
312935583045183,4294967295,380,"v_add_f32_e32 v0, v0, v2","",380
312935583048463,4294967295,380,"v_add_f32_e32 v0, v0, v2","",380
312935583048463,4294967295,380,"v_add_f32_e32 v0, v0, v2","",380
312935583048463,4294967295,380,"v_add_f32_e32 v0, v0, v2","",380
312935583051263,4294967295,380,"v_add_f32_e32 v0, v0, v2","",380
312935583051303,4294967295,380,"v_add_f32_e32 v0, v0, v2","",380
312935583051303,4294967295,380,"v_add_f32_e32 v0, v0, v2","",380
312935583051343,4294967295,380,"v_add_f32_e32 v0, v0, v2","",380
312935583048503,4294967295,380,"v_add_f32_e32 v0, v0, v2","",380
312935583048463,4294967295,380,"v_add_f32_e32 v0, v0, v2","",380
312935583048503,4294967295,380,"v_add_f32_e32 v0, v0, v2","",380
312935583055943,4294967295,380,"v_add_f32_e32 v0, v0, v2","",380
312935583055943,4294967295,380,"v_add_f32_e32 v0, v0, v2","",380
312935583055983,4294967295,380,"v_add_f32_e32 v0, v0, v2","",380
312935583055983,4294967295,380,"v_add_f32_e32 v0, v0, v2","",380
312935583048503,4294967295,380,"v_add_f32_e32 v0, v0, v2","",380
312935583057303,4294967295,380,"v_add_f32_e32 v0, v0, v2","",380
312935583057303,4294967295,380,"v_add_f32_e32 v0, v0, v2","",380
312935583057303,4294967295,380,"v_add_f32_e32 v0, v0, v2","",380
312935583057343,4294967295,380,"v_add_f32_e32 v0, v0, v2","",380
312935583057223,4294967295,380,"v_add_f32_e32 v0, v0, v2","",380
312935583057223,4294967295,380,"v_add_f32_e32 v0, v0, v2","",380
312935583057263,4294967295,380,"v_add_f32_e32 v0, v0, v2","",380
312935583057263,4294967295,380,"v_add_f32_e32 v0, v0, v2","",380
312935583057183,4294967295,380,"v_add_f32_e32 v0, v0, v2","",380
312935583057223,4294967295,380,"v_add_f32_e32 v0, v0, v2","",380
312935583057223,4294967295,380,"v_add_f32_e32 v0, v0, v2","",380
312935583057263,4294967295,380,"v_add_f32_e32 v0, v0, v2","",380
312935583057223,4294967295,380,"v_add_f32_e32 v0, v0, v2","",380
312935583057183,4294967295,380,"v_add_f32_e32 v0, v0, v2","",380
312935583057223,4294967295,380,"v_add_f32_e32 v0, v0, v2","",380
312935583057223,4294967295,380,"v_add_f32_e32 v0, v0, v2","",380
312935583057263,4294967295,380,"v_add_f32_e32 v0, v0, v2","",380
312935583057183,4294967295,380,"v_add_f32_e32 v0, v0, v2","",380
312935583057183,4294967295,380,"v_add_f32_e32 v0, v0, v2","",380
312935583057703,4294967295,380,"v_add_f32_e32 v0, v0, v2","",380
312935583057743,4294967295,380,"v_add_f32_e32 v0, v0, v2","",380
312935583057743,4294967295,380,"v_add_f32_e32 v0, v0, v2","",380
312935583057783,4294967295,380,"v_add_f32_e32 v0, v0, v2","",380
312935583057223,4294967295,380,"v_add_f32_e32 v0, v0, v2","",380
312935583057263,4294967295,380,"v_add_f32_e32 v0, v0, v2","",380
312935583057263,4294967295,380,"v_add_f32_e32 v0, v0, v2","",380
312935583057223,4294967295,380,"v_add_f32_e32 v0, v0, v2","",380
312935583057223,4294967295,380,"v_add_f32_e32 v0, v0, v2","",380
312935583057263,4294967295,380,"v_add_f32_e32 v0, v0, v2","",380
312935583057223,4294967295,380,"v_add_f32_e32 v0, v0, v2","",380
312935583057223,4294967295,380,"v_add_f32_e32 v0, v0, v2","",380
312935583057263,4294967295,380,"v_add_f32_e32 v0, v0, v2","",380
312935583060063,4294967295,380,"v_add_f32_e32 v0, v0, v2","",380
312935583060103,4294967295,380,"v_add_f32_e32 v0, v0, v2","",380
312935583060103,4294967295,380,"v_add_f32_e32 v0, v0, v2","",380
312935583060143,4294967295,380,"v_add_f32_e32 v0, v0, v2","",380
312935583060103,4294967295,380,"v_add_f32_e32 v0, v0, v2","",380
312935583060103,4294967295,380,"v_add_f32_e32 v0, v0, v2","",380
312935583060143,4294967295,380,"v_add_f32_e32 v0, v0, v2","",380
312935583060143,4294967295,380,"v_add_f32_e32 v0, v0, v2","",380
312935583065143,4294967295,380,"v_add_f32_e32 v0, v0, v2","",380
312935583065143,4294967295,380,"v_add_f32_e32 v0, v0, v2","",380
312935583065183,4294967295,380,"v_add_f32_e32 v0, v0, v2","",380
312935583065183,4294967295,380,"v_add_f32_e32 v0, v0, v2","",380
312935583074063,4294967295,380,"v_add_f32_e32 v0, v0, v2","",380
312935583074063,4294967295,380,"v_add_f32_e32 v0, v0, v2","",380
312935583074103,4294967295,380,"v_add_f32_e32 v0, v0, v2","",380
312935583074103,4294967295,380,"v_add_f32_e32 v0, v0, v2","",380
312935583079103,4294967295,380,"v_add_f32_e32 v0, v0, v2","",380
312935583082223,4294967295,380,"v_add_f32_e32 v0, v0, v2","",380
312935583082263,4294967295,380,"v_add_f32_e32 v0, v0, v2","",380
312935583082263,4294967295,380,"v_add_f32_e32 v0, v0, v2","",380
312935583082303,4294967295,380,"v_add_f32_e32 v0, v0, v2","",380
312935583089143,4294967295,380,"v_add_f32_e32 v0, v0, v2","",380
312935583079143,4294967295,380,"v_add_f32_e32 v0, v0, v2","",380
312935583089143,4294967295,380,"v_add_f32_e32 v0, v0, v2","",380
312935583089183,4294967295,380,"v_add_f32_e32 v0, v0, v2","",380
312935583089183,4294967295,380,"v_add_f32_e32 v0, v0, v2","",380
312935583079143,4294967295,380,"v_add_f32_e32 v0, v0, v2","",380
312935583079183,4294967295,380,"v_add_f32_e32 v0, v0, v2","",380
312935583095983,4294967295,380,"v_add_f32_e32 v0, v0, v2","",380
312935583096023,4294967295,380,"v_add_f32_e32 v0, v0, v2","",380
312935583096023,4294967295,380,"v_add_f32_e32 v0, v0, v2","",380
312935583096063,4294967295,380,"v_add_f32_e32 v0, v0, v2","",380
312935593015795,4294967295,386,"v_add_f32_e32 v0, v0, v2","",386
312935593015835,4294967295,386,"v_add_f32_e32 v0, v0, v2","",386
312935593015835,4294967295,386,"v_add_f32_e32 v0, v0, v2","",386
312935593015835,4294967295,386,"v_add_f32_e32 v0, v0, v2","",386
312935593033635,4294967295,386,"v_cmp_eq_f32_e32 vcc_lo, 0x449a522b, v0","",386
312935593033635,4294967295,386,"v_add_f32_e32 v0, v0, v2","",386
312935593033555,4294967295,386,"v_add_f32_e32 v0, v0, v2","",386
312935593033555,4294967295,386,"v_add_f32_e32 v0, v0, v2","",386
312935593033595,4294967295,386,"v_add_f32_e32 v0, v0, v2","",386
312935593033595,4294967295,386,"v_add_f32_e32 v0, v0, v2","",386
312935593035355,4294967295,386,"v_add_f32_e32 v0, v0, v2","",386
312935593035275,4294967295,386,"v_add_f32_e32 v0, v0, v2","",386
312935593035315,4294967295,386,"v_add_f32_e32 v0, v0, v2","",386
312935593035315,4294967295,386,"v_add_f32_e32 v0, v0, v2","",386
312935593035275,4294967295,386,"v_add_f32_e32 v0, v0, v2","",386
312935593035315,4294967295,386,"v_add_f32_e32 v0, v0, v2","",386
312935593035315,4294967295,386,"v_add_f32_e32 v0, v0, v2","",386
312935593035355,4294967295,386,"v_add_f32_e32 v0, v0, v2","",386
312935593035315,4294967295,386,"v_add_f32_e32 v0, v0, v2","",386
312935593035315,4294967295,386,"v_add_f32_e32 v0, v0, v2","",386
312935593035355,4294967295,386,"v_add_f32_e32 v0, v0, v2","",386
312935593035355,4294967295,386,"v_add_f32_e32 v0, v0, v2","",386
312935593037675,4294967295,386,"v_add_f32_e32 v0, v0, v2","",386
312935593037675,4294967295,386,"v_add_f32_e32 v0, v0, v2","",386
312935593037715,4294967295,386,"v_add_f32_e32 v0, v0, v2","",386
312935593037715,4294967295,386,"v_add_f32_e32 v0, v0, v2","",386
312935593037675,4294967295,386,"v_add_f32_e32 v0, v0, v2","",386
312935593037715,4294967295,386,"v_add_f32_e32 v0, v0, v2","",386
312935593041195,4294967295,386,"v_add_f32_e32 v0, v0, v2","",386
312935593041195,4294967295,386,"v_add_f32_e32 v0, v0, v2","",386
312935593041195,4294967295,386,"v_add_f32_e32 v0, v0, v2","",386
312935593041235,4294967295,386,"v_add_f32_e32 v0, v0, v2","",386
312935593041155,4294967295,386,"v_add_f32_e32 v0, v0, v2","",386
312935593041235,4294967295,386,"v_add_f32_e32 v0, v0, v2","",386
312935593041195,4294967295,386,"v_add_f32_e32 v0, v0, v2","",386
312935593041195,4294967295,386,"v_add_f32_e32 v0, v0, v2","",386
312935593041195,4294967295,386,"v_add_f32_e32 v0, v0, v2","",386
312935593041195,4294967295,386,"v_add_f32_e32 v0, v0, v2","",386
312935593037715,4294967295,386,"v_add_f32_e32 v0, v0, v2","",386
312935593041195,4294967295,386,"v_add_f32_e32 v0, v0, v2","",386
312935593041235,4294967295,386,"v_add_f32_e32 v0, v0, v2","",386
312935593037715,4294967295,386,"v_add_f32_e32 v0, v0, v2","",386
312935593045795,4294967295,386,"v_add_f32_e32 v0, v0, v2","",386
312935593045795,4294967295,386,"v_add_f32_e32 v0, v0, v2","",386
312935593045835,4294967295,386,"v_add_f32_e32 v0, v0, v2","",386
312935593045835,4294967295,386,"v_add_f32_e32 v0, v0, v2","",386
312935593060996,4294967295,386,"v_add_f32_e32 v0, v0, v2","",386
312935593061036,4294967295,386,"v_add_f32_e32 v0, v0, v2","",386
312935593061036,4294967295,386,"v_add_f32_e32 v0, v0, v2","",386
312935593061036,4294967295,386,"v_add_f32_e32 v0, v0, v2","",386
312935593061036,4294967295,386,"v_add_f32_e32 v0, v0, v2","",386
312935593061036,4294967295,386,"v_add_f32_e32 v0, v0, v2","",386
312935593061036,4294967295,386,"v_mad_co_u64_u32 v[0:1], null, s4, ttmp9, v[0:1]","",386
312935593061076,4294967295,386,"v_add_f32_e32 v0, v0, v2","",386
312935593069396,4294967295,386,"v_add_f32_e32 v0, v0, v2","",386
312935593069396,4294967295,386,"v_add_f32_e32 v0, v0, v2","",386
312935593069436,4294967295,386,"v_add_f32_e32 v0, v0, v2","",386
312935593069436,4294967295,386,"v_add_f32_e32 v0, v0, v2","",386
312935593065956,4294967295,386,"v_add_f32_e32 v0, v0, v2","",386
312935593065956,4294967295,386,"v_add_f32_e32 v0, v0, v2","",386
312935593065956,4294967295,386,"v_add_f32_e32 v0, v0, v2","",386
312935593065996,4294967295,386,"v_add_f32_e32 v0, v0, v2","",386
312935593071796,4294967295,386,"v_add_f32_e32 v0, v0, v2","",386
312935593071796,4294967295,386,"v_add_f32_e32 v0, v0, v2","",386
312935593071836,4294967295,386,"v_add_f32_e32 v0, v0, v2","",386
312935593071836,4294967295,386,"v_add_f32_e32 v0, v0, v2","",386
312935593071796,4294967295,386,"v_add_f32_e32 v0, v0, v2","",386
312935593071796,4294967295,386,"v_add_f32_e32 v0, v0, v2","",386
312935593071836,4294967295,386,"v_add_f32_e32 v0, v0, v2","",386
312935593071836,4294967295,386,"v_add_f32_e32 v0, v0, v2","",386
312935593071796,4294967295,386,"v_add_f32_e32 v0, v0, v2","",386
312935593071796,4294967295,386,"v_add_f32_e32 v0, v0, v2","",386
312935593071836,4294967295,386,"v_add_f32_e32 v0, v0, v2","",386
312935593071836,4294967295,386,"v_add_f32_e32 v0, v0, v2","",386
312935593078996,4294967295,386,"v_add_f32_e32 v0, v0, v2","",386
312935593079036,4294967295,386,"v_add_f32_e32 v0, v0, v2","",386
312935593079036,4294967295,386,"v_add_f32_e32 v0, v0, v2","",386
312935593079036,4294967295,386,"v_add_f32_e32 v0, v0, v2","",386
312935593074276,4294967295,386,"v_add_f32_e32 v0, v0, v2","",386
312935593074316,4294967295,386,"v_add_f32_e32 v0, v0, v2","",386
312935593074316,4294967295,386,"v_add_f32_e32 v0, v0, v2","",386
312935593078996,4294967295,386,"v_add_f32_e32 v0, v0, v2","",386
312935593079036,4294967295,386,"v_add_f32_e32 v0, v0, v2","",386
312935593079036,4294967295,386,"v_add_f32_e32 v0, v0, v2","",386
312935593079076,4294967295,386,"v_add_f32_e32 v0, v0, v2","",386
312935593078996,4294967295,386,"v_add_f32_e32 v0, v0, v2","",386
312935593078996,4294967295,386,"v_add_f32_e32 v0, v0, v2","",386
312935593079036,4294967295,386,"v_add_f32_e32 v0, v0, v2","",386
312935593079036,4294967295,386,"v_add_f32_e32 v0, v0, v2","",386
312935593085876,4294967295,386,"v_add_f32_e32 v0, v0, v2","",386
312935593085916,4294967295,386,"v_add_f32_e32 v0, v0, v2","",386
312935593085916,4294967295,386,"v_add_f32_e32 v0, v0, v2","",386
312935593085916,4294967295,386,"v_add_f32_e32 v0, v0, v2","",386
312935593084356,4294967295,386,"v_add_f32_e32 v0, v0, v2","",386
312935593084356,4294967295,386,"v_add_f32_e32 v0, v0, v2","",386
312935593084396,4294967295,386,"v_add_f32_e32 v0, v0, v2","",386
312935593084396,4294967295,386,"v_add_f32_e32 v0, v0, v2","",386
312935593086716,4294967295,386,"v_add_f32_e32 v0, v0, v2","",386
312935593086716,4294967295,386,"v_add_f32_e32 v0, v0, v2","",386
312935593086756,4294967295,386,"v_add_f32_e32 v0, v0, v2","",386
312935593086756,4294967295,386,"v_add_f32_e32 v0, v0, v2","",386
312935593085876,4294967295,386,"v_add_f32_e32 v0, v0, v2","",386
312935593085876,4294967295,386,"v_add_f32_e32 v0, v0, v2","",386
312935593085916,4294967295,386,"v_add_f32_e32 v0, v0, v2","",386
312935593085916,4294967295,386,"v_add_f32_e32 v0, v0, v2","",386
312935593089716,4294967295,386,"v_add_f32_e32 v0, v0, v2","",386
312935593089716,4294967295,386,"v_add_f32_e32 v0, v0, v2","",386
312935593089756,4294967295,386,"v_add_f32_e32 v0, v0, v2","",386
312935593089756,4294967295,386,"v_add_f32_e32 v0, v0, v2","",386
312935593088596,4294967295,386,"v_add_f32_e32 v0, v0, v2","",386
312935593088596,4294967295,386,"v_add_f32_e32 v0, v0, v2","",386
312935593088636,4294967295,386,"v_add_f32_e32 v0, v0, v2","",386
312935593088636,4294967295,386,"v_add_f32_e32 v0, v0, v2","",386
312935593091156,4294967295,386,"v_add_f32_e32 v0, v0, v2","",386
312935593091196,4294967295,386,"v_add_f32_e32 v0, v0, v2","",386
312935593091196,4294967295,386,"v_add_f32_e32 v0, v0, v2","",386
312935593091196,4294967295,386,"v_add_f32_e32 v0, v0, v2","",386
312935593091156,4294967295,386,"v_add_f32_e32 v0, v0, v2","",386
312935593091196,4294967295,386,"v_add_f32_e32 v0, v0, v2","",386
312935593091196,4294967295,386,"v_add_f32_e32 v0, v0, v2","",386
312935593091196,4294967295,386,"v_add_f32_e32 v0, v0, v2","",386
312935593091156,4294967295,386,"v_add_f32_e32 v0, v0, v2","",386
312935593091196,4294967295,386,"v_add_f32_e32 v0, v0, v2","",386
312935593091196,4294967295,386,"v_add_f32_e32 v0, v0, v2","",386
312935593091236,4294967295,386,"v_add_f32_e32 v0, v0, v2","",386
312935603025608,4294967295,392,"v_add_f32_e32 v0, v0, v2","",392
312935603025608,4294967295,392,"v_add_f32_e32 v0, v0, v2","",392
312935603025608,4294967295,392,"v_add_f32_e32 v0, v0, v2","",392
312935603025648,4294967295,392,"v_add_f32_e32 v0, v0, v2","",392
312935603032768,4294967295,392,"v_add_f32_e32 v0, v0, v2","",392
312935603032808,4294967295,392,"v_add_f32_e32 v0, v0, v2","",392
312935603032808,4294967295,392,"v_add_f32_e32 v0, v0, v2","",392
312935603032848,4294967295,392,"v_add_f32_e32 v0, v0, v2","",392
312935603044608,4294967295,392,"v_add_f32_e32 v0, v0, v2","",392
312935603044648,4294967295,392,"v_add_f32_e32 v0, v0, v2","",392
312935603044648,4294967295,392,"v_add_f32_e32 v0, v0, v2","",392
312935603045408,4294967295,392,"v_add_f32_e32 v0, v0, v2","",392
312935603045408,4294967295,392,"v_add_f32_e32 v0, v0, v2","",392
312935603045448,4294967295,392,"v_add_f32_e32 v0, v0, v2","",392
312935603045448,4294967295,392,"v_add_f32_e32 v0, v0, v2","",392
312935603047328,4294967295,392,"v_add_f32_e32 v0, v0, v2","",392
312935603047368,4294967295,392,"v_add_f32_e32 v0, v0, v2","",392
312935603047368,4294967295,392,"v_add_f32_e32 v0, v0, v2","",392
312935603047408,4294967295,392,"v_add_f32_e32 v0, v0, v2","",392
312935603046408,4294967295,392,"v_add_f32_e32 v0, v0, v2","",392
312935603046408,4294967295,392,"v_add_f32_e32 v0, v0, v2","",392
312935603046448,4294967295,392,"v_add_f32_e32 v0, v0, v2","",392
312935603046448,4294967295,392,"v_add_f32_e32 v0, v0, v2","",392
312935603047328,4294967295,392,"v_add_f32_e32 v0, v0, v2","",392
312935603047328,4294967295,392,"v_add_f32_e32 v0, v0, v2","",392
312935603047368,4294967295,392,"v_add_f32_e32 v0, v0, v2","",392
312935603047368,4294967295,392,"v_add_f32_e32 v0, v0, v2","",392
312935603049648,4294967295,392,"v_add_f32_e32 v0, v0, v2","",392
312935603053128,4294967295,392,"v_add_f32_e32 v0, v0, v2","",392
312935603053168,4294967295,392,"s_load_b32 s4, s[0:1], 0x24","",392
312935603049648,4294967295,392,"v_add_f32_e32 v0, v0, v2","",392
312935603053168,4294967295,392,"v_add_f32_e32 v0, v0, v2","",392
312935603053208,4294967295,392,"v_add_f32_e32 v0, v0, v2","",392
312935603054768,4294967295,392,"v_add_f32_e32 v0, v0, v2","",392
312935603054808,4294967295,392,"v_add_f32_e32 v0, v0, v2","",392
312935603054808,4294967295,392,"v_add_f32_e32 v0, v0, v2","",392
312935603054808,4294967295,392,"v_add_f32_e32 v0, v0, v2","",392
312935603055288,4294967295,392,"v_add_f32_e32 v0, v0, v2","",392
312935603055288,4294967295,392,"v_add_f32_e32 v0, v0, v2","",392
312935603055328,4294967295,392,"v_add_f32_e32 v0, v0, v2","",392
312935603055328,4294967295,392,"v_add_f32_e32 v0, v0, v2","",392
312935603059808,4294967295,392,"v_add_f32_e32 v0, v0, v2","",392
312935603055288,4294967295,392,"v_add_f32_e32 v0, v0, v2","",392
312935603055328,4294967295,392,"v_add_f32_e32 v0, v0, v2","",392
312935603055328,4294967295,392,"v_add_f32_e32 v0, v0, v2","",392
312935603055368,4294967295,392,"v_add_f32_e32 v0, v0, v2","",392
312935603059808,4294967295,392,"v_add_f32_e32 v0, v0, v2","",392
312935603049688,4294967295,392,"v_add_f32_e32 v0, v0, v2","",392
312935603049688,4294967295,392,"v_add_f32_e32 v0, v0, v2","",392
312935603065648,4294967295,392,"v_add_f32_e32 v0, v0, v2","",392
312935603065648,4294967295,392,"v_add_f32_e32 v0, v0, v2","",392
312935603063608,4294967295,392,"v_add_f32_e32 v0, v0, v2","",392
312935603063608,4294967295,392,"v_add_f32_e32 v0, v0, v2","",392
312935603063648,4294967295,392,"v_add_f32_e32 v0, v0, v2","",392
312935603063648,4294967295,392,"v_add_f32_e32 v0, v0, v2","",392
312935603066248,4294967295,392,"v_add_f32_e32 v0, v0, v2","",392
312935603066248,4294967295,392,"v_mad_co_u64_u32 v[0:1], null, s4, ttmp9, v[0:1]","",392
312935603066288,4294967295,392,"v_add_f32_e32 v0, v0, v2","",392
312935603066288,4294967295,392,"v_add_f32_e32 v0, v0, v2","",392
312935603069088,4294967295,392,"v_add_f32_e32 v0, v0, v2","",392
312935603065648,4294967295,392,"v_add_f32_e32 v0, v0, v2","",392
312935603065688,4294967295,392,"v_add_f32_e32 v0, v0, v2","",392
312935603059848,4294967295,392,"v_add_f32_e32 v0, v0, v2","",392
312935603059848,4294967295,392,"v_add_f32_e32 v0, v0, v2","",392
312935603069088,4294967295,392,"v_add_f32_e32 v0, v0, v2","",392
312935603069128,4294967295,392,"v_add_f32_e32 v0, v0, v2","",392
312935603069128,4294967295,392,"v_add_f32_e32 v0, v0, v2","",392
312935603077648,4294967295,392,"v_add_f32_e32 v0, v0, v2","",392
312935603077648,4294967295,392,"v_add_f32_e32 v0, v0, v2","",392
312935603077688,4294967295,392,"v_add_f32_e32 v0, v0, v2","",392
312935603077688,4294967295,392,"v_add_f32_e32 v0, v0, v2","",392
312935603078168,4294967295,392,"v_add_f32_e32 v0, v0, v2","",392
312935603078168,4294967295,392,"v_add_f32_e32 v0, v0, v2","",392
312935603078208,4294967295,392,"v_add_f32_e32 v0, v0, v2","",392
312935603078208,4294967295,392,"v_add_f32_e32 v0, v0, v2","",392
312935603086009,4294967295,392,"v_add_f32_e32 v0, v0, v2","",392
312935603086009,4294967295,392,"v_add_f32_e32 v0, v0, v2","",392
312935603086009,4294967295,392,"v_add_f32_e32 v0, v0, v2","",392
312935603086049,4294967295,392,"v_add_f32_e32 v0, v0, v2","",392
312935603088129,4294967295,392,"v_add_f32_e32 v0, v0, v2","",392
312935603088129,4294967295,392,"v_add_f32_e32 v0, v0, v2","",392
312935603088169,4294967295,392,"v_add_f32_e32 v0, v0, v2","",392
312935603088169,4294967295,392,"v_add_f32_e32 v0, v0, v2","",392
312935603088129,4294967295,392,"v_add_f32_e32 v0, v0, v2","",392
312935603088169,4294967295,392,"v_add_f32_e32 v0, v0, v2","",392
312935603088169,4294967295,392,"v_add_f32_e32 v0, v0, v2","",392
312935603088209,4294967295,392,"v_add_f32_e32 v0, v0, v2","",392
312935603088889,4294967295,392,"v_add_f32_e32 v0, v0, v2","",392
312935603088929,4294967295,392,"v_add_f32_e32 v0, v0, v2","",392
312935603088929,4294967295,392,"v_add_f32_e32 v0, v0, v2","",392
312935603088969,4294967295,392,"v_add_f32_e32 v0, v0, v2","",392
312935603091769,4294967295,392,"v_add_f32_e32 v0, v0, v2","",392
312935603091809,4294967295,392,"v_add_f32_e32 v0, v0, v2","",392
312935603091809,4294967295,392,"v_add_f32_e32 v0, v0, v2","",392
312935603093809,4294967295,392,"v_add_f32_e32 v0, v0, v2","",392
312935603093849,4294967295,392,"v_add_f32_e32 v0, v0, v2","",392
312935603093849,4294967295,392,"v_add_f32_e32 v0, v0, v2","",392
312935603093889,4294967295,392,"v_add_f32_e32 v0, v0, v2","",392
312935603096969,4294967295,392,"v_add_f32_e32 v0, v0, v2","",392
312935603096969,4294967295,392,"v_add_f32_e32 v0, v0, v2","",392
312935603097009,4294967295,392,"v_add_f32_e32 v0, v0, v2","",392
312935603097009,4294967295,392,"v_add_f32_e32 v0, v0, v2","",392
312935603100449,4294967295,392,"v_add_f32_e32 v0, v0, v2","",392
312935603100489,4294967295,392,"v_add_f32_e32 v0, v0, v2","",392
312935603100489,4294967295,392,"v_add_f32_e32 v0, v0, v2","",392
312935603100529,4294967295,392,"v_add_f32_e32 v0, v0, v2","",392
312935603101329,4294967295,392,"v_add_f32_e32 v0, v0, v2","",392
312935603101369,4294967295,392,"v_add_f32_e32 v0, v0, v2","",392
312935603101369,4294967295,392,"v_add_f32_e32 v0, v0, v2","",392
312935603101409,4294967295,392,"v_add_f32_e32 v0, v0, v2","",392
312935603101329,4294967295,392,"v_add_f32_e32 v0, v0, v2","",392
312935603101329,4294967295,392,"v_add_f32_e32 v0, v0, v2","",392
312935603101369,4294967295,392,"v_add_f32_e32 v0, v0, v2","",392
312935603101369,4294967295,392,"v_add_f32_e32 v0, v0, v2","",392
312935603101409,4294967295,392,"v_add_f32_e32 v0, v0, v2","",392
312935603101369,4294967295,392,"v_add_f32_e32 v0, v0, v2","",392
312935603101369,4294967295,392,"v_add_f32_e32 v0, v0, v2","",392
312935603101409,4294967295,392,"v_add_f32_e32 v0, v0, v2","",392
312935603105489,4294967295,392,"v_add_f32_e32 v0, v0, v2","",392
312935603105529,4294967295,392,"v_add_f32_e32 v0, v0, v2","",392
312935603105529,4294967295,392,"v_add_f32_e32 v0, v0, v2","",392
312935603105569,4294967295,392,"v_add_f32_e32 v0, v0, v2","",392
312935603106369,4294967295,392,"v_add_f32_e32 v0, v0, v2","",392
312935613006621,4294967295,399,"v_add_f32_e32 v0, v0, v2","",399
312935613004140,4294967295,399,"v_add_f32_e32 v0, v0, v2","",399
312935613004700,4294967295,399,"v_add_f32_e32 v0, v0, v2","",399
312935613007541,4294967295,399,"v_add_f32_e32 v0, v0, v2","",399
312935613004740,4294967295,399,"v_add_f32_e32 v0, v0, v2","",399
312935613009101,4294967295,399,"v_add_f32_e32 v0, v0, v2","",399
312935613013341,4294967295,399,"v_add_f32_e32 v0, v0, v2","",399
312935613014181,4294967295,399,"v_add_f32_e32 v0, v0, v2","",399
312935613011621,4294967295,399,"v_add_f32_e32 v0, v0, v2","",399
312935613039301,4294967295,399,"v_add_f32_e32 v0, v0, v2","",399
312935613010301,4294967295,399,"v_add_f32_e32 v0, v0, v2","",399
312935613011661,4294967295,399,"v_add_f32_e32 v0, v0, v2","",399
312935613013541,4294967295,399,"v_add_f32_e32 v0, v0, v2","",399
312935613010301,4294967295,399,"v_add_f32_e32 v0, v0, v2","",399
312935613016181,4294967295,399,"v_add_f32_e32 v0, v0, v2","",399
312935613016781,4294967295,399,"v_add_f32_e32 v0, v0, v2","",399
312935613010341,4294967295,399,"v_add_f32_e32 v0, v0, v2","",399
312935613010341,4294967295,399,"v_add_f32_e32 v0, v0, v2","",399
312935613014221,4294967295,399,"v_add_f32_e32 v0, v0, v2","",399
312935613018101,4294967295,399,"v_add_f32_e32 v0, v0, v2","",399
312935613013541,4294967295,399,"v_add_f32_e32 v0, v0, v2","",399
312935613013581,4294967295,399,"v_add_f32_e32 v0, v0, v2","",399
312935613013581,4294967295,399,"v_add_f32_e32 v0, v0, v2","",399
312935613016181,4294967295,399,"v_add_f32_e32 v0, v0, v2","",399
312935613016221,4294967295,399,"v_add_f32_e32 v0, v0, v2","",399
312935613016221,4294967295,399,"v_add_f32_e32 v0, v0, v2","",399
312935613018101,4294967295,399,"v_add_f32_e32 v0, v0, v2","",399
312935613018101,4294967295,399,"v_add_f32_e32 v0, v0, v2","",399
312935613034381,4294967295,399,"v_add_f32_e32 v0, v0, v2","",399
312935613034301,4294967295,399,"v_add_f32_e32 v0, v0, v2","",399
312935613034341,4294967295,399,"v_add_f32_e32 v0, v0, v2","",399
312935613034341,4294967295,399,"v_add_f32_e32 v0, v0, v2","",399
312935613012861,4294967295,399,"v_add_f32_e32 v0, v0, v2","",399
312935613013261,4294967295,399,"v_add_f32_e32 v0, v0, v2","",399
312935613014301,4294967295,399,"v_add_f32_e32 v0, v0, v2","",399
312935613014741,4294967295,399,"v_add_f32_e32 v0, v0, v2","",399
312935613015101,4294967295,399,"v_add_f32_e32 v0, v0, v2","",399
312935613041461,4294967295,399,"v_add_f32_e32 v0, v0, v2","",399
312935613017021,4294967295,399,"v_add_f32_e32 v0, v0, v2","",399
312935613041461,4294967295,399,"v_add_f32_e32 v0, v0, v2","",399
312935613041461,4294967295,399,"v_add_f32_e32 v0, v0, v2","",399
312935613041501,4294967295,399,"v_add_f32_e32 v0, v0, v2","",399
312935613018741,4294967295,399,"v_add_f32_e32 v0, v0, v2","",399
312935613019101,4294967295,399,"v_add_f32_e32 v0, v0, v2","",399
312935613019501,4294967295,399,"v_add_f32_e32 v0, v0, v2","",399
312935613054861,4294967295,399,"v_add_f32_e32 v0, v0, v2","",399
312935613054901,4294967295,399,"v_add_f32_e32 v0, v0, v2","",399
312935613054901,4294967295,399,"v_add_f32_e32 v0, v0, v2","",399
312935613021821,4294967295,399,"v_add_f32_e32 v0, v0, v2","",399
312935613022181,4294967295,399,"v_add_f32_e32 v0, v0, v2","",399
312935613055781,4294967295,399,"v_add_f32_e32 v0, v0, v2","",399
312935613054941,4294967295,399,"v_add_f32_e32 v0, v0, v2","",399
312935613057061,4294967295,399,"v_add_f32_e32 v0, v0, v2","",399
312935613057061,4294967295,399,"v_add_f32_e32 v0, v0, v2","",399
312935613057101,4294967295,399,"v_add_f32_e32 v0, v0, v2","",399
312935613057101,4294967295,399,"v_add_f32_e32 v0, v0, v2","",399
312935613061901,4294967295,399,"v_add_f32_e32 v0, v0, v2","",399
312935613061941,4294967295,399,"v_add_f32_e32 v0, v0, v2","",399
312935613061941,4294967295,399,"v_add_f32_e32 v0, v0, v2","",399
312935613061981,4294967295,399,"v_add_f32_e32 v0, v0, v2","",399
312935613063901,4294967295,399,"v_add_f32_e32 v0, v0, v2","",399
312935613055821,4294967295,399,"v_add_f32_e32 v0, v0, v2","",399
312935613039341,4294967295,399,"v_cmp_eq_f32_e32 vcc_lo, 0x449a522b, v0","",399
312935613039341,4294967295,399,"v_add_f32_e32 v0, v0, v2","",399
312935613064621,4294967295,399,"v_add_f32_e32 v0, v0, v2","",399
312935613064661,4294967295,399,"v_add_f32_e32 v0, v0, v2","",399
312935613064661,4294967295,399,"v_add_f32_e32 v0, v0, v2","",399
312935613064701,4294967295,399,"v_add_f32_e32 v0, v0, v2","",399
312935613063941,4294967295,399,"v_add_f32_e32 v0, v0, v2","",399
312935613030181,4294967295,399,"v_add_f32_e32 v0, v0, v2","",399
312935613065381,4294967295,399,"v_add_f32_e32 v0, v0, v2","",399
312935613065421,4294967295,399,"v_add_f32_e32 v0, v0, v2","",399
312935613065421,4294967295,399,"v_add_f32_e32 v0, v0, v2","",399
312935613065461,4294967295,399,"v_add_f32_e32 v0, v0, v2","",399
312935613033261,4294967295,399,"v_add_f32_e32 v0, v0, v2","",399
312935613033661,4294967295,399,"v_add_f32_e32 v0, v0, v2","",399
312935613067021,4294967295,399,"v_add_f32_e32 v0, v0, v2","",399
312935613034581,4294967295,399,"v_add_f32_e32 v0, v0, v2","",399
312935613035221,4294967295,399,"v_add_f32_e32 v0, v0, v2","",399
312935613063941,4294967295,399,"v_add_f32_e32 v0, v0, v2","",399
312935613063941,4294967295,399,"v_add_f32_e32 v0, v0, v2","",399
312935613037861,4294967295,399,"v_add_f32_e32 v0, v0, v2","",399
312935613038301,4294967295,399,"v_add_f32_e32 v0, v0, v2","",399
312935613055821,4294967295,399,"v_add_f32_e32 v0, v0, v2","",399
312935613055861,4294967295,399,"v_add_f32_e32 v0, v0, v2","",399
312935613039621,4294967295,399,"v_add_f32_e32 v0, v0, v2","",399
312935613067021,4294967295,399,"v_add_f32_e32 v0, v0, v2","",399
312935613040381,4294967295,399,"v_add_f32_e32 v0, v0, v2","",399
312935613068661,4294967295,399,"v_add_f32_e32 v0, v0, v2","",399
312935613067541,4294967295,399,"v_add_f32_e32 v0, v0, v2","",399
312935613068661,4294967295,399,"v_add_f32_e32 v0, v0, v2","",399
312935613068701,4294967295,399,"v_add_f32_e32 v0, v0, v2","",399
312935613068701,4294967295,399,"v_add_f32_e32 v0, v0, v2","",399
312935613068741,4294967295,399,"v_add_f32_e32 v0, v0, v2","",399
312935613068701,4294967295,399,"v_add_f32_e32 v0, v0, v2","",399
312935613067021,4294967295,399,"v_add_f32_e32 v0, v0, v2","",399
312935613067061,4294967295,399,"v_add_f32_e32 v0, v0, v2","",399
312935613070541,4294967295,399,"v_add_f32_e32 v0, v0, v2","",399
312935613070541,4294967295,399,"v_add_f32_e32 v0, v0, v2","",399
312935613070581,4294967295,399,"v_add_f32_e32 v0, v0, v2","",399
312935613070541,4294967295,399,"v_add_f32_e32 v0, v0, v2","",399
312935613070541,4294967295,399,"v_add_f32_e32 v0, v0, v2","",399
312935613067541,4294967295,399,"v_add_f32_e32 v0, v0, v2","",399
312935613067541,4294967295,399,"v_add_f32_e32 v0, v0, v2","",399
312935613067581,4294967295,399,"v_add_f32_e32 v0, v0, v2","",399
312935613070581,4294967295,399,"v_add_f32_e32 v0, v0, v2","",399
312935613076221,4294967295,399,"v_add_f32_e32 v0, v0, v2","",399
312935613076261,4294967295,399,"v_add_f32_e32 v0, v0, v2","",399
312935613076261,4294967295,399,"v_add_f32_e32 v0, v0, v2","",399
312935613076301,4294967295,399,"v_add_f32_e32 v0, v0, v2","",399
312935613068701,4294967295,399,"v_add_f32_e32 v0, v0, v2","",399
312935613068741,4294967295,399,"v_add_f32_e32 v0, v0, v2","",399
312935613077661,4294967295,399,"v_add_f32_e32 v0, v0, v2","",399
312935613077701,4294967295,399,"v_add_f32_e32 v0, v0, v2","",399
312935613077701,4294967295,399,"v_add_f32_e32 v0, v0, v2","",399
312935613077741,4294967295,399,"v_add_f32_e32 v0, v0, v2","",399
312935613079581,4294967295,399,"v_add_f32_e32 v0, v0, v2","",399
312935613079621,4294967295,399,"v_add_f32_e32 v0, v0, v2","",399
312935613079621,4294967295,399,"v_add_f32_e32 v0, v0, v2","",399
312935613079661,4294967295,399,"v_add_f32_e32 v0, v0, v2","",399
312935613082301,4294967295,399,"v_add_f32_e32 v0, v0, v2","",399
312935613082301,4294967295,399,"v_add_f32_e32 v0, v0, v2","",399
312935613082341,4294967295,399,"s_wait_loadcnt 0x0","",399
312935613082341,4294967295,399,"v_add_f32_e32 v0, v0, v2","",399
